market_id,question,slug,category,end_date,closed_time,volume,outcome_first_won,n_history_points
696293,Tush Push banned for 2026 NFL Season?,tush-push-banned-for-2026-nfl-season,tush-push-banned-for-2026-nfl-season,2026-09-10T00:00:00Z,2026-09-10 05:44:55+00,416929.21,0,690
700645,Will Ashley B. Moody be the Republican nominee for Senate in Florida?,will-ashley-b-moody-be-the-republican-nominee-for-senate-in-florida,florida-republican-senate-primary-winner,2026-08-18T00:00:00Z,2026-08-28 17:30:30+00,11540.06,1,390
704169,Will Maura Sullivan be the Democratic nominee for NH-01?,will-maura-sullivan-be-the-democratic-nominee-for-nh-01,nh-01-democratic-primary-winner,2026-09-08T00:00:00Z,2026-09-09 07:42:28+00,159596.04,0,664
704170,Will Stefany Shaheen be the Democratic nominee for NH-01?,will-stefany-shaheen-be-the-democratic-nominee-for-nh-01,nh-01-democratic-primary-winner,2026-09-08T00:00:00Z,2026-09-09 07:40:25+00,118778.8,1,667
704171,Will Carleigh Beriont be the Democratic nominee for NH-01?,will-carleigh-beriont-be-the-democratic-nominee-for-nh-01,nh-01-democratic-primary-winner,2026-09-08T00:00:00Z,2026-09-09 07:40:25+00,53839.85,0,663
704423,Will Madison Cawthorn be the Republican nominee for FL-19?,will-madison-cawthorn-be-the-republican-nominee-for-fl-19,fl-19-republican-primary-winner,2026-08-18T00:00:00Z,2026-08-27 15:36:58+00,11170.62,0,364
704424,Will Catalina Lauf be the Republican nominee for FL-19?,will-catalina-lauf-be-the-republican-nominee-for-fl-19,fl-19-republican-primary-winner,2026-08-18T00:00:00Z,2026-08-19 03:06:51+00,89483.73,0,160
704425,Will Bob Rommel be the Republican nominee for FL-19?,will-bob-rommel-be-the-republican-nominee-for-fl-19,fl-19-republican-primary-winner,2026-08-18T00:00:00Z,2026-08-28 17:31:31+00,43806.74,0,388
704426,Will Spencer Roach be the Republican nominee for FL-19?,will-spencer-roach-be-the-republican-nominee-for-fl-19,fl-19-republican-primary-winner,2026-08-18T00:00:00Z,2026-08-27 15:36:58+00,42302.65,0,363
704427,Will Jim Oberweis be the Republican nominee for FL-19?,will-jim-oberweis-be-the-republican-nominee-for-fl-19,fl-19-republican-primary-winner,2026-08-18T00:00:00Z,2026-08-19 03:06:51+00,14749.85,0,160
704428,Will Jim Schwartzel be the Republican nominee for FL-19?,will-jim-schwartzel-be-the-republican-nominee-for-fl-19,fl-19-republican-primary-winner,2026-08-18T00:00:00Z,2026-08-21 23:44:42+00,38170.87,1,227
704474,Will Byron Donalds be the Republican nominee for Florida Governor?,will-byron-donalds-be-the-republican-nominee-for-florida-governor,republican-nominee-for-florida-governor,2026-08-18T00:00:00Z,2026-08-19 03:01:46+00,1495808.98,1,160
704475,Will James Fishback be the Republican nominee for Florida Governor?,will-james-fishback-be-the-republican-nominee-for-florida-governor,republican-nominee-for-florida-governor,2026-08-18T00:00:00Z,2026-08-19 03:01:46+00,6462255.49,0,160
704476,Will Wilton Simpson be the Republican nominee for Florida Governor?,will-wilton-simpson-be-the-republican-nominee-for-florida-governor,republican-nominee-for-florida-governor,2026-08-18T00:00:00Z,2026-08-19 18:44:10+00,83086.18,0,175
704477,Will Jay Collins be the Republican nominee for Florida Governor?,will-jay-collins-be-the-republican-nominee-for-florida-governor,republican-nominee-for-florida-governor,2026-08-18T00:00:00Z,2026-08-19 03:01:46+00,1419766.75,0,160
704478,Will Casey DeSantis be the Republican nominee for Florida Governor?,will-casey-desantis-be-the-republican-nominee-for-florida-governor,republican-nominee-for-florida-governor,2026-08-18T00:00:00Z,2026-08-19 18:44:15+00,227503.95,0,175
704479,Will Jimmy Patronis be the Republican nominee for Florida Governor?,will-jimmy-patronis-be-the-republican-nominee-for-florida-governor,republican-nominee-for-florida-governor,2026-08-18T00:00:00Z,2026-08-19 18:51:03+00,54194.71,0,175
704480,Will Matt Gaetz be the Republican nominee for Florida Governor?,will-matt-gaetz-be-the-republican-nominee-for-florida-governor,republican-nominee-for-florida-governor,2026-08-18T00:00:00Z,2026-08-19 18:44:19+00,52967.6,0,175
704499,Will David Jolly be the Democratic nominee for Florida Governor?,will-david-jolly-be-the-democratic-nominee-for-florida-governor,democratic-nominee-for-florida-governor,2026-08-18T00:00:00Z,2026-08-28 17:31:01+00,13073.1,1,389
704500,Will Jerry Demings be the Democratic nominee for Florida Governor?,will-jerry-demings-be-the-democratic-nominee-for-florida-governor,democratic-nominee-for-florida-governor,2026-08-18T00:00:00Z,2026-08-28 17:31:01+00,15178.95,0,388
706183,Will Karishma Manzur be the Democratic nominee for Senate in New Hampshire?,will-karishma-manzur-be-the-democratic-nominee-for-senate-in-new-hampshire,new-hampshire-democratic-senate-primary-winner,2026-09-08T00:00:00Z,2026-09-09 03:09:19+00,128808.53,0,664
706184,Will Chris Pappas be the Democratic nominee for Senate in New Hampshire?,will-chris-pappas-be-the-democratic-nominee-for-senate-in-new-hampshire,new-hampshire-democratic-senate-primary-winner,2026-09-08T00:00:00Z,2026-09-09 03:10:30+00,105492.25,1,662
788408,Will Jack Reed be the Democratic nominee for Senate in Rhode Island?,will-jack-reed-be-the-democratic-nominee-for-senate-in-rhode-island,rhode-island-democratic-senate-primary-winner,2026-09-08T00:00:00Z,2026-09-10 03:22:12+00,10884.85,1,683
799453,Will John E. Sununu be the Republican nominee for Senate in New Hampshire?,will-john-e-sununu-be-the-republican-nominee-for-senate-in-new-hampshire,new-hampshire-republican-senate-primary-winner-296,2026-09-08T00:00:00Z,2026-09-09 03:09:19+00,12886.43,1,664
799651,Will Ed Markey be the Democratic nominee for Senate in Massachusetts?,will-ed-markey-be-the-democratic-nominee-for-senate-in-massachusetts,massachusetts-democratic-senate-primary-winner,2026-09-01T00:00:00Z,2026-09-02 03:32:36+00,92725.08,1,495
799654,Will Seth Moulton be the Democratic nominee for Senate in Massachusetts?,will-seth-moulton-be-the-democratic-nominee-for-senate-in-massachusetts,massachusetts-democratic-senate-primary-winner,2026-09-01T00:00:00Z,2026-09-02 03:37:28+00,114750.87,0,492
799876,Will Jared Moskowitz be the Democratic nominee for Senate in Florida?,will-jared-moskowitz-be-the-democratic-nominee-for-senate-in-florida,florida-democratic-senate-primary-winner,2026-08-18T00:00:00Z,2026-08-28 17:30:30+00,52959.94,0,389
799879,Will Alexander Vindman be the Democratic nominee for Senate in Florida?,will-alexander-vindman-be-the-democratic-nominee-for-senate-in-florida,florida-democratic-senate-primary-winner,2026-08-18T00:00:00Z,2026-08-28 17:30:00+00,99614.48,0,390
799881,Will Jennifer Jenkins be the Democratic nominee for Senate in Florida?,will-jennifer-jenkins-be-the-democratic-nominee-for-senate-in-florida,florida-democratic-senate-primary-winner,2026-08-18T00:00:00Z,2026-08-28 17:31:10+00,36724.41,0,388
799883,Will Angie Nixon be the Democratic nominee for Senate in Florida?,will-angie-nixon-be-the-democratic-nominee-for-senate-in-florida,florida-democratic-senate-primary-winner,2026-08-18T00:00:00Z,2026-08-28 17:31:01+00,88123.22,1,389
801910,Will Allen Waters be the Republican nominee for Senate in Rhode Island?,will-allen-waters-be-the-republican-nominee-for-senate-in-rhode-island,rhode-island-republican-senate-primary-winner,2026-09-08T00:00:00Z,2026-09-10 03:08:10+00,16509.41,0,687
824198,Will Kelly Ayotte win the 2026 New Hampshire Governor Republican primary election?,will-kelly-ayotte-win-the-2026-new-hampshire-governor-republican-primary-election,new-hampshire-governor-republican-primary-winner,2026-09-08T00:00:00Z,2026-09-09 03:09:49+00,11354.08,1,663
824224,Will Cinde Warmington win the 2026 New Hampshire Governor Democratic primary election?,will-cinde-warmington-win-the-2026-new-hampshire-governor-democratic-primary-election,new-hampshire-governor-democratic-primary-winner,2026-09-08T00:00:00Z,2026-09-09 03:07:18+00,19483.89,1,663
904739,Will Aaron Rodgers retire before next season?,will-aaron-rodgers-retire-before-next-season,will-aaron-rodgers-retire-before-next-season,2026-09-10T00:00:00Z,2026-09-10 02:30:54+00,172844.38,0,682
906867,Will Helena Foulkes win the 2026 Rhode Island Governor Democratic primary election?,will-helena-foulkes-win-the-2026-rhode-island-governor-democratic-primary-election,rhode-island-governor-democratic-primary-winner,2026-09-08T00:00:00Z,2026-09-10 03:27:00+00,42498.93,1,687
906868,Will Dan McKee win the 2026 Rhode Island Governor Democratic primary election?,will-dan-mckee-win-the-2026-rhode-island-governor-democratic-primary-election,rhode-island-governor-democratic-primary-winner,2026-09-08T00:00:00Z,2026-09-10 03:27:00+00,25688.02,0,685
907436,Will Mike Kennealy win the 2026 Massachusetts Governor Republican primary election?,will-mike-kennealy-win-the-2026-massachusetts-governor-republican-primary-election,massachusetts-governor-republican-primary-winner,2026-09-01T00:00:00Z,2026-09-02 03:52:30+00,13508.04,0,495
907437,Will Michael Minogue win the 2026 Massachusetts Governor Republican primary election?,will-michael-minogue-win-the-2026-massachusetts-governor-republican-primary-election,massachusetts-governor-republican-primary-winner,2026-09-01T00:00:00Z,2026-09-02 03:48:01+00,24658.42,1,493
907599,Will Eric Barlow win the 2026 Wyoming Governor Republican primary election?,will-eric-barlow-win-the-2026-wyoming-governor-republican-primary-election,wyoming-governor-republican-primary-winner,2026-08-18T00:00:00Z,2026-08-19 05:58:31+00,214138.64,1,162
907600,Will Brent Bien win the 2026 Wyoming Governor Republican primary election?,will-brent-bien-win-the-2026-wyoming-governor-republican-primary-election,wyoming-governor-republican-primary-winner,2026-08-18T00:00:00Z,2026-08-19 05:58:31+00,39709.16,0,162
907604,Will Megan Degenfelder win the 2026 Wyoming Governor Republican primary election?,will-megan-degenfelder-win-the-2026-wyoming-governor-republican-primary-election,wyoming-governor-republican-primary-winner,2026-08-18T00:00:00Z,2026-08-19 05:58:31+00,118618.74,0,162
908034,Will Click Bishop advance from the 2026 Alaska Governor primary election?,will-click-bishop-advance-from-the-2026-alaska-governor-primary-election,who-will-advance-from-the-alaska-governor-primary,2026-08-18T00:00:00Z,2026-09-02 00:27:18+00,72623.79,0,492
908035,Will Dave Bronson advance from the 2026 Alaska Governor primary election?,will-dave-bronson-advance-from-the-2026-alaska-governor-primary-election,who-will-advance-from-the-alaska-governor-primary,2026-08-18T00:00:00Z,2026-08-29 15:52:30+00,20011.6,1,410
908036,Will Adam Crum advance from the 2026 Alaska Governor primary election?,will-adam-crum-advance-from-the-2026-alaska-governor-primary-election,who-will-advance-from-the-alaska-governor-primary,2026-08-18T00:00:00Z,2026-09-02 00:27:18+00,25066.49,0,489
908037,Will Nancy Dahlstrom advance from the 2026 Alaska Governor primary election?,will-nancy-dahlstrom-advance-from-the-2026-alaska-governor-primary-election,who-will-advance-from-the-alaska-governor-primary,2026-08-18T00:00:00Z,2026-09-01 22:04:03+00,15318.08,0,488
908038,Will Edna DeVries advance from the 2026 Alaska Governor primary election?,will-edna-devries-advance-from-the-2026-alaska-governor-primary-election,who-will-advance-from-the-alaska-governor-primary,2026-08-18T00:00:00Z,2026-09-01 22:04:03+00,13966.05,0,490
908043,Will Treg Taylor advance from the 2026 Alaska Governor primary election?,will-treg-taylor-advance-from-the-2026-alaska-governor-primary-election,who-will-advance-from-the-alaska-governor-primary,2026-08-18T00:00:00Z,2026-09-02 00:20:46+00,93231.23,0,490
908044,Will Bernadette Wilson advance from the 2026 Alaska Governor primary election?,will-bernadette-wilson-advance-from-the-2026-alaska-governor-primary-election,who-will-advance-from-the-alaska-governor-primary,2026-08-18T00:00:00Z,2026-08-26 07:08:27+00,20304.77,1,330
908045,Will Tom Begich advance from the 2026 Alaska Governor primary election?,will-tom-begich-advance-from-the-2026-alaska-governor-primary-election,who-will-advance-from-the-alaska-governor-primary,2026-08-18T00:00:00Z,2026-08-19 09:32:55+00,16852.13,1,166
908046,Will Matt Claman advance from the 2026 Alaska Governor primary election?,will-matt-claman-advance-from-the-2026-alaska-governor-primary-election,who-will-advance-from-the-alaska-governor-primary,2026-08-18T00:00:00Z,2026-09-01 22:04:03+00,39523.21,0,489
909055,Will the number of Republican House members who retire in 2026 be fewer than 24?,will-the-number-of-republican-house-members-who-retire-in-2026-be-fewer-than-24,how-many-republican-house-members-not-running-in-2026,2026-08-31T00:00:00Z,2026-09-04 09:17:28+00,12578.38,0,550
909056,Will the number of Republican House members who retire in 2026 be between 24 and 27 inclusive?,will-the-number-of-republican-house-members-who-retire-in-2026-be-between-24-and-27-inclusive,how-many-republican-house-members-not-running-in-2026,2026-08-31T00:00:00Z,2026-09-04 09:48:58+00,27211.21,0,550
909057,Will the number of Republican House members who retire in 2026 be between 28 and 31 inclusive?,will-the-number-of-republican-house-members-who-retire-in-2026-be-between-28-and-31-inclusive,how-many-republican-house-members-not-running-in-2026,2026-08-31T00:00:00Z,2026-09-04 09:53:01+00,23781.43,0,546
909059,Will the number of Republican House members who retire in 2026 be between 36 and 39 inclusive?,will-the-number-of-republican-house-members-who-retire-in-2026-be-between-36-and-39-inclusive,how-many-republican-house-members-not-running-in-2026,2026-08-31T00:00:00Z,2026-09-04 15:09:45+00,11774.15,1,553
909060,Will the number of Republican House members who retire in 2026 be between 40 and 43 inclusive?,will-the-number-of-republican-house-members-who-retire-in-2026-be-between-40-and-43-inclusive,how-many-republican-house-members-not-running-in-2026,2026-08-31T00:00:00Z,2026-09-04 14:25:28+00,11892.09,0,554
909061,Will the number of Republican House members who retire in 2026 be 44 or more?,will-the-number-of-republican-house-members-who-retire-in-2026-be-44-or-more,how-many-republican-house-members-not-running-in-2026,2026-08-31T00:00:00Z,2026-09-04 15:09:45+00,10804.57,0,556
909070,Will the number of Democratic House members who retire in 2026 be fewer than 20?,will-the-number-of-democratic-house-members-who-retire-in-2026-be-fewer-than-20,how-many-democratic-house-members-not-running-in-2026,2026-08-31T00:00:00Z,2026-09-04 07:45:30+00,20458.53,0,546
909071,Will the number of Democratic House members who retire in 2026 be between 20 and 23 inclusive?,will-the-number-of-democratic-house-members-who-retire-in-2026-be-between-20-and-23-inclusive,how-many-democratic-house-members-not-running-in-2026,2026-08-31T00:00:00Z,2026-09-04 12:21:33+00,14206.08,1,549
909072,Will the number of Democratic House members who retire in 2026 be between 24 and 27 inclusive?,will-the-number-of-democratic-house-members-who-retire-in-2026-be-between-24-and-27-inclusive,how-many-democratic-house-members-not-running-in-2026,2026-08-31T00:00:00Z,2026-09-04 10:19:58+00,11354.87,0,551
909077,Will the number of Republican Senate members who retire in 2026 be less than 5?,will-the-number-of-republican-senate-members-who-retire-in-2026-be-less-than-5,how-many-republican-senators-not-running-in-2026,2026-08-31T00:00:00Z,2026-09-04 06:29:49+00,27438.27,0,546
909078,Will the number of Republican Senate members who retire in 2026 be exactly 6?,will-the-number-of-republican-senate-members-who-retire-in-2026-be-exactly-6-462,how-many-republican-senators-not-running-in-2026,2026-08-31T00:00:00Z,2026-09-04 06:31:24+00,39434.61,0,544
909079,Will the number of Republican Senate members who retire in 2026 be exactly 7?,will-the-number-of-republican-senate-members-who-retire-in-2026-be-exactly-7-546,how-many-republican-senators-not-running-in-2026,2026-08-31T00:00:00Z,2026-09-04 04:26:18+00,21184.5,1,544
923035,Will the number of Republican Senate members who retire in 2026 be exactly 5?,will-the-number-of-republican-senate-members-who-retire-in-2026-be-exactly-5,how-many-republican-senators-not-running-in-2026,2026-08-31T00:00:00Z,2026-09-04 06:30:13+00,24747.67,0,543
943396,Will N’Kiyla “Jasmine” Thomas be the Democratic nominee for Senate in Oklahoma?,will-nkiyla-jasmine-thomas-be-the-democratic-nominee-for-senate-in-oklahoma,oklahoma-democratic-senate-primary-winner,2026-08-25T00:00:00Z,2026-08-26 10:45:24+00,88648.84,1,334
943398,Will Jim Priest be the Democratic nominee for Senate in Oklahoma?,will-jim-priest-be-the-democratic-nominee-for-senate-in-oklahoma,oklahoma-democratic-senate-primary-winner,2026-08-25T00:00:00Z,2026-08-26 03:52:52+00,29839.83,0,328
960186,Will Anthony DiLorenzo be the Republican Nominee for NH-01?,will-anthony-dilorenzo-be-the-republican-nominee-for-nh-01,nh-01-republican-primary-winner,2026-09-08T00:00:00Z,2026-09-09 02:07:48+00,75015.65,1,661
960187,Will Elizabeth Girard be the Republican Nominee for NH-01?,will-elizabeth-girard-be-the-republican-nominee-for-nh-01,nh-01-republican-primary-winner,2026-09-08T00:00:00Z,2026-09-09 02:07:48+00,19881.92,0,659
960188,Will Hollie Noveletsky be the Republican Nominee for NH-01?,will-hollie-noveletsky-be-the-republican-nominee-for-nh-01,nh-01-republican-primary-winner,2026-09-08T00:00:00Z,2026-09-09 02:07:48+00,63272.62,0,662
973114,Will Jared Moskowitz be the Democratic Nominee for FL-23?,will-jared-moskowitz-be-the-democratic-nominee-for-fl-23,fl-23-democratic-primary-winner,2026-08-18T00:00:00Z,2026-08-19 22:02:39+00,17100.45,0,179
973115,Will Oliver Adams Larkin be the Democratic Nominee for FL-23?,will-oliver-adams-larkin-be-the-democratic-nominee-for-fl-23,fl-23-democratic-primary-winner,2026-08-18T00:00:00Z,2026-08-19 22:02:43+00,24980.63,0,179
973117,Will Lois Frankel be the Democratic Nominee for FL-23?,will-lois-frankel-be-the-democratic-nominee-for-fl-23-146,fl-23-democratic-primary-winner,2026-08-18T00:00:00Z,2026-08-19 22:02:52+00,22168.86,1,179
992020,Will Travis Kelce retire before next season?,will-travis-kelce-retire-before-next-season,will-travis-kelce-retire-before-next-season,2026-09-10T00:00:00Z,2026-09-10 02:30:54+00,47157.8,0,683
1006908,Will Thomas Chalifoux be the Republican nominee for FL-09?,will-thomas-chalifoux-be-the-republican-nominee-for-fl-09,fl-09-republican-primary-winner,2026-08-18T00:00:00Z,2026-08-19 13:02:39+00,62915.11,0,170
1006910,Will Howard Steven Rance be the Republican nominee for FL-09?,will-howard-steven-rance-be-the-republican-nominee-for-fl-09,fl-09-republican-primary-winner,2026-08-18T00:00:00Z,2026-08-19 22:13:20+00,10668.07,0,179
1006911,Will Justin Story be the Republican nominee for FL-09?,will-justin-story-be-the-republican-nominee-for-fl-09,fl-09-republican-primary-winner,2026-08-18T00:00:00Z,2026-08-19 22:13:20+00,12108.96,0,179
1006912,Will Ben Butler be the Republican nominee for FL-09?,will-ben-butler-be-the-republican-nominee-for-fl-09,fl-09-republican-primary-winner,2026-08-18T00:00:00Z,2026-08-19 12:52:30+00,43845.26,0,169
1006913,Will Dan Green be the Republican nominee for FL-09?,will-dan-green-be-the-republican-nominee-for-fl-09,fl-09-republican-primary-winner,2026-08-18T00:00:00Z,2026-08-19 22:10:51+00,31519.52,1,179
1006914,Will Jorge Martinez be the Republican nominee for FL-09?,will-jorge-martinez-be-the-republican-nominee-for-fl-09,fl-09-republican-primary-winner,2026-08-18T00:00:00Z,2026-08-19 22:13:20+00,20664.72,0,179
1131737,Will Declan Rice win the 2026 PFA Player of the Year?,will-declan-rice-win-the-2026-pfa-player-of-the-year,2025-2026-pfa-players-player-of-the-year-winner,2026-08-31T23:55:00Z,2026-08-26 12:28:33+00,66058.64,0,337
1131738,Will Erling Haaland win the 2026 PFA Player of the Year?,will-erling-haaland-win-the-2026-pfa-player-of-the-year,2025-2026-pfa-players-player-of-the-year-winner,2026-08-31T23:55:00Z,2026-08-26 10:45:21+00,58260.09,0,335
1131739,Will Bukayo Saka win the 2026 PFA Player of the Year?,will-bukayo-saka-win-the-2026-pfa-player-of-the-year,2025-2026-pfa-players-player-of-the-year-winner,2026-08-31T23:55:00Z,2026-08-26 12:28:33+00,10656.42,0,337
1131742,Will Rayan Cherki win the 2026 PFA Player of the Year?,will-rayan-cherki-win-the-2026-pfa-player-of-the-year,2025-2026-pfa-players-player-of-the-year-winner,2026-08-31T23:55:00Z,2026-08-26 12:28:42+00,28670.76,0,337
1131745,Will Cole Palmer win the 2026 PFA Player of the Year?,will-cole-palmer-win-the-2026-pfa-player-of-the-year,2025-2026-pfa-players-player-of-the-year-winner,2026-08-31T23:55:00Z,2026-08-26 12:28:33+00,16016.75,0,336
1131753,Will Bruno Fernandes win the 2026 PFA Player of the Year?,will-bruno-fernandes-win-the-2026-pfa-player-of-the-year,2025-2026-pfa-players-player-of-the-year-winner,2026-08-31T23:55:00Z,2026-08-25 22:58:46+00,148907.49,1,322
1327966,Will Cristiano Ronaldo play for Atlanta United FC next?,will-cristiano-ronaldo-play-for-atlanta-united-fc-next,which-club-will-cristiano-ronaldo-play-for-next,2026-08-31T02:00:00Z,2026-08-31 23:31:31+00,17386.79,0,468
1327991,Will Cristiano Ronaldo play for Seattle Sounders FC next?,will-cristiano-ronaldo-play-for-seattle-sounders-fc-next,which-club-will-cristiano-ronaldo-play-for-next,2026-08-31T02:00:00Z,2026-08-31 23:32:49+00,33090.0,0,466
1361010,Will Maxx Crosby play for Arizona Cardinals next?,will-maxx-crosby-play-for-arizona-cardinals-next,where-will-maxx-crosby-play-in-2026,2026-09-01T00:00:00Z,2026-09-01 08:31:28+00,73432.43,0,474
1361012,Will Maxx Crosby play for Baltimore Ravens next?,will-maxx-crosby-play-for-baltimore-ravens-next,where-will-maxx-crosby-play-in-2026,2026-09-01T00:00:00Z,2026-09-01 08:32:00+00,11902.23,0,477
1361014,Will Maxx Crosby play for Carolina Panthers next?,will-maxx-crosby-play-for-carolina-panthers-next,where-will-maxx-crosby-play-in-2026,2026-09-01T00:00:00Z,2026-09-01 08:32:00+00,846268.4,0,475
1361015,Will Maxx Crosby play for Chicago Bears next?,will-maxx-crosby-play-for-chicago-bears-next,where-will-maxx-crosby-play-in-2026,2026-09-01T00:00:00Z,2026-09-01 08:32:00+00,300736.23,0,476
1361018,Will Maxx Crosby play for Dallas Cowboys next?,will-maxx-crosby-play-for-dallas-cowboys-next,where-will-maxx-crosby-play-in-2026,2026-09-01T00:00:00Z,2026-09-01 08:32:00+00,87855.17,0,477
1361020,Will Maxx Crosby play for Detroit Lions next?,will-maxx-crosby-play-for-detroit-lions-next,where-will-maxx-crosby-play-in-2026,2026-09-01T00:00:00Z,2026-09-01 08:32:30+00,15794.28,0,477
1361021,Will Maxx Crosby play for Green Bay Packers next?,will-maxx-crosby-play-for-green-bay-packers-next,where-will-maxx-crosby-play-in-2026,2026-09-01T00:00:00Z,2026-09-01 08:32:30+00,30487.89,0,477
1361023,Will Maxx Crosby play for Indianapolis Colts next?,will-maxx-crosby-play-for-indianapolis-colts-next,where-will-maxx-crosby-play-in-2026,2026-09-01T00:00:00Z,2026-09-01 08:33:58+00,1150890.21,0,477
1361024,Will Maxx Crosby play for Jacksonville Jaguars next?,will-maxx-crosby-play-for-jacksonville-jaguars-next,where-will-maxx-crosby-play-in-2026,2026-09-01T00:00:00Z,2026-09-01 08:32:30+00,437163.28,0,474
1361025,Will Maxx Crosby play for Kansas City Chiefs next?,will-maxx-crosby-play-for-kansas-city-chiefs-next,where-will-maxx-crosby-play-in-2026,2026-09-01T00:00:00Z,2026-09-01 08:32:30+00,34622.7,0,477
1361026,Will Maxx Crosby play for Las Vegas Raiders next?,will-maxx-crosby-play-for-las-vegas-raiders-next,where-will-maxx-crosby-play-in-2026,2026-09-01T00:00:00Z,2026-09-01 08:32:30+00,23298.63,1,477
1361028,Will Maxx Crosby play for Los Angeles Rams next?,will-maxx-crosby-play-for-los-angeles-rams-next,where-will-maxx-crosby-play-in-2026,2026-09-01T00:00:00Z,2026-09-01 07:30:28+00,406043.84,0,476
1361030,Will Maxx Crosby play for Minnesota Vikings next?,will-maxx-crosby-play-for-minnesota-vikings-next,where-will-maxx-crosby-play-in-2026,2026-09-01T00:00:00Z,2026-09-01 08:27:30+00,61340.52,0,477
1361034,Will Maxx Crosby play for New York Jets next?,will-maxx-crosby-play-for-new-york-jets-next,where-will-maxx-crosby-play-in-2026,2026-09-01T00:00:00Z,2026-09-01 08:28:00+00,1204878.24,0,477
1361035,Will Maxx Crosby play for Philadelphia Eagles next?,will-maxx-crosby-play-for-philadelphia-eagles-next,where-will-maxx-crosby-play-in-2026,2026-09-01T00:00:00Z,2026-09-01 08:28:00+00,13674.27,0,477
1361037,Will Maxx Crosby play for San Francisco 49ers next?,will-maxx-crosby-play-for-san-francisco-49ers-next,where-will-maxx-crosby-play-in-2026,2026-09-01T00:00:00Z,2026-09-01 08:33:30+00,620379.45,0,477
1361039,Will Maxx Crosby play for Tampa Bay Buccaneers next?,will-maxx-crosby-play-for-tampa-bay-buccaneers-next,where-will-maxx-crosby-play-in-2026,2026-09-01T00:00:00Z,2026-09-01 08:29:00+00,69658.27,0,477
1361040,Will Maxx Crosby play for Tennessee Titans next?,will-maxx-crosby-play-for-tennessee-titans-next,where-will-maxx-crosby-play-in-2026,2026-09-01T00:00:00Z,2026-09-01 08:29:31+00,888964.31,0,477
1363963,Will CDU win the most seats in the 2026 Sachsen-Anhalt parliamentary elections?,will-cdu-win-the-most-seats-in-the-2026-sachsen-anhalt-parliamentary-elections,sachsen-anhalt-parliamentary-election-winner,2026-09-06T00:00:00Z,2026-09-07 09:15:06+00,527082.65,0,622
1363964,Will AfD win the most seats in the 2026 Sachsen-Anhalt parliamentary elections?,will-afd-win-the-most-seats-in-the-2026-sachsen-anhalt-parliamentary-elections,sachsen-anhalt-parliamentary-election-winner,2026-09-06T00:00:00Z,2026-09-07 09:15:06+00,141735.42,1,621
1363965,Will SPD win the most seats in the 2026 Sachsen-Anhalt parliamentary elections?,will-spd-win-the-most-seats-in-the-2026-sachsen-anhalt-parliamentary-elections,sachsen-anhalt-parliamentary-election-winner,2026-09-06T00:00:00Z,2026-09-07 09:15:06+00,124095.31,0,621
1363966,Will The Greens win the most seats in the 2026 Sachsen-Anhalt parliamentary elections?,will-the-greens-win-the-most-seats-in-the-2026-sachsen-anhalt-parliamentary-elections,sachsen-anhalt-parliamentary-election-winner,2026-09-06T00:00:00Z,2026-09-07 09:15:06+00,56850.54,0,622
1363967,Will The Left win the most seats in the 2026 Sachsen-Anhalt parliamentary elections?,will-the-left-win-the-most-seats-in-the-2026-sachsen-anhalt-parliamentary-elections,sachsen-anhalt-parliamentary-election-winner,2026-09-06T00:00:00Z,2026-09-07 09:15:06+00,47106.48,0,619
1363968,Will FDP win the most seats in the 2026 Sachsen-Anhalt parliamentary elections?,will-fdp-win-the-most-seats-in-the-2026-sachsen-anhalt-parliamentary-elections,sachsen-anhalt-parliamentary-election-winner,2026-09-06T00:00:00Z,2026-09-07 09:15:06+00,27385.38,0,621
1363969,Will BSW win the most seats in the 2026 Sachsen-Anhalt parliamentary elections?,will-bsw-win-the-most-seats-in-the-2026-sachsen-anhalt-parliamentary-elections,sachsen-anhalt-parliamentary-election-winner,2026-09-06T00:00:00Z,2026-09-07 09:15:06+00,36802.61,0,620
1387114,Will Tyreek Hill play for the Kansas City Chiefs next?,will-tyreek-hill-play-for-the-kansas-city-chiefs-next,where-will-tyreek-hill-play-in-2026,2026-08-31T23:55:00Z,2026-09-01 08:29:31+00,20841.89,0,477
1387118,Will Tyreek Hill play for the New England Patriots next?,will-tyreek-hill-play-for-the-new-england-patriots-next,where-will-tyreek-hill-play-in-2026,2026-08-31T23:55:00Z,2026-09-01 08:30:01+00,504693.58,0,477
1387120,Will Tyreek Hill play for the Baltimore Ravens next?,will-tyreek-hill-play-for-baltimore-ravens-next,where-will-tyreek-hill-play-in-2026,2026-08-31T23:55:00Z,2026-09-01 08:31:00+00,131624.68,0,477
1387121,Will Tyreek Hill play for the Minnesota Vikings next?,will-tyreek-hill-play-for-minnesota-vikings-next,where-will-tyreek-hill-play-in-2026,2026-08-31T23:55:00Z,2026-09-01 08:30:30+00,222557.44,0,474
1387123,Will Tyreek Hill play for the Chicago Bears next?,will-tyreek-hill-play-for-chicago-bears-next,where-will-tyreek-hill-play-in-2026,2026-08-31T23:55:00Z,2026-09-01 08:30:30+00,2195683.91,0,475
1387124,Will Tyreek Hill play for the Los Angeles Rams next?,will-tyreek-hill-play-for-los-angeles-rams-next,where-will-tyreek-hill-play-in-2026,2026-08-31T23:55:00Z,2026-09-01 08:31:28+00,42128.1,0,475
1387126,Will Tyreek Hill play for the Dallas Cowboys next?,will-tyreek-hill-play-for-dallas-cowboys-next,where-will-tyreek-hill-play-in-2026,2026-08-31T23:55:00Z,2026-09-01 08:31:28+00,1781737.9,0,477
1387127,Will Tyreek Hill play for the Philadelphia Eagles next?,will-tyreek-hill-play-for-philadelphia-eagles-next,where-will-tyreek-hill-play-in-2026,2026-08-31T23:55:00Z,2026-09-01 08:31:00+00,221352.81,0,477
1459608,Will George Pickens play for Atlanta Falcons in 2026-27?,will-george-pickens-play-for-atlanta-falcons-in-2026-27,where-will-george-pickens-play-in-2026-27,2026-09-01T00:00:00Z,2026-09-01 06:07:01+00,190390.18,0,475
1459610,Will George Pickens play for Buffalo Bills in 2026-27?,will-george-pickens-play-for-buffalo-bills-in-2026-27,where-will-george-pickens-play-in-2026-27,2026-09-01T00:00:00Z,2026-09-01 06:06:31+00,124436.81,0,475
1459614,Will George Pickens play for Cleveland Browns in 2026-27?,will-george-pickens-play-for-cleveland-browns-in-2026-27,where-will-george-pickens-play-in-2026-27,2026-09-01T00:00:00Z,2026-09-01 06:07:33+00,320884.35,0,475
1459620,Will George Pickens play for Indianapolis Colts in 2026-27?,will-george-pickens-play-for-indianapolis-colts-in-2026-27,where-will-george-pickens-play-in-2026-27,2026-09-01T00:00:00Z,2026-09-01 06:07:01+00,79438.49,0,473
1459629,Will George Pickens play for New Orleans Saints in 2026-27?,will-george-pickens-play-for-new-orleans-saints-in-2026-27,where-will-george-pickens-play-in-2026-27,2026-09-01T00:00:00Z,2026-09-01 06:06:00+00,125005.26,0,475
1459630,Will George Pickens play for New York Giants in 2026-27?,will-george-pickens-play-for-new-york-giants-in-2026-27,where-will-george-pickens-play-in-2026-27,2026-09-01T00:00:00Z,2026-09-01 06:06:01+00,11925.33,0,475
1459635,Will George Pickens play for Seattle Seahawks in 2026-27?,will-george-pickens-play-for-seattle-seahawks-in-2026-27,where-will-george-pickens-play-in-2026-27,2026-09-01T00:00:00Z,2026-09-01 06:04:19+00,29629.56,0,473
1485174,Will Joey Bosa play for Carolina Panthers in 2026-27?,will-joey-bosa-play-for-carolina-panthers-in-2026-27,where-will-joey-bosa-play-in-2026-27,2026-08-31T00:00:00Z,2026-09-01 06:04:21+00,29889.96,0,475
1493235,Will Stephen Lynch be the Democratic nominee for MA-08?,will-stephen-lynch-be-the-democratic-nominee-for-ma-08,ma-08-democratic-primary-winner,2026-09-01T00:00:00Z,2026-09-02 05:42:30+00,135786.52,1,497
1493236,Will Patrick Roath be the Democratic nominee for MA-08?,will-patrick-roath-be-the-democratic-nominee-for-ma-08,ma-08-democratic-primary-winner,2026-09-01T00:00:00Z,2026-09-02 05:42:30+00,99658.84,0,497
1545032,Will CDU win the second most seats in the 2026 Sachsen-Anhalt parliamentary elections?,will-cdu-win-the-second-most-seats-in-the-2026-sachsen-anhalt-parliamentary-elections,sachsen-anhalt-parliamentary-elections-2nd-place,2026-09-06T00:00:00Z,2026-09-07 10:14:58+00,94088.82,1,623
1545037,Will SPD win the second most seats in the 2026 Sachsen-Anhalt parliamentary elections?,will-spd-win-the-second-most-seats-in-the-2026-sachsen-anhalt-parliamentary-elections,sachsen-anhalt-parliamentary-elections-2nd-place,2026-09-06T00:00:00Z,2026-09-07 09:52:30+00,25526.76,0,621
1807950,Kristi Noem divorce by August 31?,kristi-noem-divorce-by-august-31,kristi-noem-divorce-by-august-31,2026-09-01T03:59:00Z,2026-08-31 22:54:01.822184+00,38140.58,1,467
1829855,Will Jonathan Kreiss-Tomkins advance from the 2026 Alaska Governor primary election?,will-jonathan-kreiss-tomkins-advance-from-the-2026-alaska-governor-primary-election,who-will-advance-from-the-alaska-governor-primary,2026-08-18T00:00:00Z,2026-08-19 09:32:55+00,19201.44,1,166
1923635,Will Valve add Cobblestone to the map pool by August 30? ,will-valve-add-cobblestone-to-the-map-pool-by-august-30,will-valve-add-cobblestone-to-the-map-pool-by,2026-08-31T03:59:00Z,2026-09-01 09:30:46+00,63098.57,0,475
1973820,Will Alexandra Van Cleef be the Republican nominee for FL-06?,will-alexandra-van-cleef-be-the-republican-nominee-for-fl-06,fl-06-republican-primary-winner,2026-08-18T00:00:00Z,2026-08-19 01:57:42+00,41190.92,0,158
1973821,Will Joshua Vasquez be the Republican nominee for FL-06?,will-joshua-vasquez-be-the-republican-nominee-for-fl-06,fl-06-republican-primary-winner,2026-08-18T00:00:00Z,2026-08-19 01:57:42+00,13606.91,0,158
1973822,Will Aaron Baker be the Republican nominee for FL-06?,will-aaron-baker-be-the-republican-nominee-for-fl-06,fl-06-republican-primary-winner,2026-08-18T00:00:00Z,2026-08-19 01:57:42+00,28867.23,0,158
1973823,Will Dan Bilzerian be the Republican nominee for FL-06?,will-dan-bilzerian-be-the-republican-nominee-for-fl-06,fl-06-republican-primary-winner,2026-08-18T00:00:00Z,2026-08-19 01:57:42+00,204780.44,0,158
1973824,Will Randy Fine be the Republican nominee for FL-06?,will-randy-fine-be-the-republican-nominee-for-fl-06,fl-06-republican-primary-winner,2026-08-18T00:00:00Z,2026-08-19 07:07:10+00,42459.34,1,164
1973825,Will Charles Gambaro be the Republican nominee for FL-06?,will-charles-gambaro-be-the-republican-nominee-for-fl-06,fl-06-republican-primary-winner,2026-08-18T00:00:00Z,2026-08-19 01:57:42+00,17668.92,0,158
1973826,Will Ernest Audino be the Republican nominee for FL-06?,will-ernest-audino-be-the-republican-nominee-for-fl-06,fl-06-republican-primary-winner,2026-08-18T00:00:00Z,2026-08-19 01:57:42+00,20147.98,0,158
1973887,Will Scottie Scheffler win the 2026 TOUR Championship?,will-scottie-scheffler-win-the-2026-tour-championship-882,fedex-cup-playoffs-winner,2026-08-31T00:00:00Z,2026-08-31 07:27:28+00,30932.57,1,450
1973888,Will Jacob Bridgeman win the 2026 TOUR Championship?,will-jacob-bridgeman-win-the-2026-tour-championship-999,fedex-cup-playoffs-winner,2026-08-31T00:00:00Z,2026-08-30 23:41:00+00,25337.19,0,444
1973890,Will Matt Fitzpatrick win the 2026 TOUR Championship?,will-matt-fitzpatrick-win-the-2026-tour-championship-691,fedex-cup-playoffs-winner,2026-08-31T00:00:00Z,2026-08-30 22:14:21+00,12257.12,0,441
1973894,Will Min Woo Lee win the 2026 TOUR Championship?,will-min-woo-lee-win-the-2026-tour-championship-517,fedex-cup-playoffs-winner,2026-08-31T00:00:00Z,2026-08-30 23:42:28+00,101020.69,0,444
1973896,Will Jake Knapp win the 2026 TOUR Championship?,will-jake-knapp-win-the-2026-tour-championship-983,fedex-cup-playoffs-winner,2026-08-31T00:00:00Z,2026-08-24 07:48:43+00,290327.26,0,284
1973903,Will Sepp Straka win the 2026 TOUR Championship?,will-sepp-straka-win-the-2026-tour-championship-918,fedex-cup-playoffs-winner,2026-08-31T00:00:00Z,2026-08-24 07:48:43+00,18044.34,0,282
1973908,Will Nicolai Højgaard win the 2026 TOUR Championship?,will-nicolai-hjgaard-win-the-2026-tour-championship-357,fedex-cup-playoffs-winner,2026-08-31T00:00:00Z,2026-08-24 05:39:40+00,188722.41,0,282
1973911,Will Sahith Theegala win the 2026 TOUR Championship?,will-sahith-theegala-win-the-2026-tour-championship-138,fedex-cup-playoffs-winner,2026-08-31T00:00:00Z,2026-08-24 07:48:43+00,1330903.78,0,283
1973912,Will Gary Woodland win the 2026 TOUR Championship?,will-gary-woodland-win-the-2026-tour-championship-797,fedex-cup-playoffs-winner,2026-08-31T00:00:00Z,2026-08-30 21:42:30+00,318922.89,0,442
1973915,Will Sudarshan Yellamaraju win the 2026 TOUR Championship?,will-sudarshan-yellamaraju-win-the-2026-tour-championship-322,fedex-cup-playoffs-winner,2026-08-31T00:00:00Z,2026-08-24 07:48:43+00,330244.1,0,283
1993060,Will Aisha Wahab win the CA-14 special election?,will-aisha-wahab-win-the-ca-14-special-election,ca-14-special-election-winner,2026-08-18T00:00:00Z,2026-08-21 11:34:40+00,111999.89,1,215
1993061,Will Melissa Hernandez win the CA-14 special election?,will-melissa-hernandez-win-the-ca-14-special-election,ca-14-special-election-winner,2026-08-18T00:00:00Z,2026-08-21 09:33:42+00,37655.07,0,213
1999469,Will the Workers' Party nominate Lula for President of Brazil by August 15?,will-the-workers-party-nominate-lula-for-president-of-brazil-by-august-15,will-the-workers-party-nominate-lula-for-president-of-brazil-by-august-15,2026-08-15T06:00:00Z,2026-08-16 06:00:03+00,199726.27,1,91
2044833,Will Elijah Manley be the Democratic nominee for FL-20?,will-elijah-manley-be-the-democratic-nominee-for-fl-20,fl-20-democratic-primary-winner,2026-08-18T00:00:00Z,2026-08-19 01:27:42+00,40380.42,0,158
2044836,Will Debbie Wasserman Schultz be the Democratic nominee for FL-20?,will-debbie-wasserman-schultz-be-the-democratic-nominee-for-fl-20,fl-20-democratic-primary-winner,2026-08-18T00:00:00Z,2026-08-19 07:18:10+00,31657.29,1,164
2127670,Will Gabriel Magalhães be named to the 2026 PFA Premier League Team of the Year?,will-gabriel-magalhes-be-named-to-the-2026-pfa-premier-league-team-of-the-year,epl-2026-team-of-the-season,2026-08-21T00:00:00Z,2026-08-25 21:58:30+00,10257.08,1,321
2127676,Will Declan Rice be named to the 2026 PFA Premier League Team of the Year?,will-declan-rice-be-named-to-the-2026-pfa-premier-league-team-of-the-year,epl-2026-team-of-the-season,2026-08-21T00:00:00Z,2026-08-25 23:25:12+00,10667.26,1,323
2127677,Will Bruno Fernandes be named to the 2026 PFA Premier League Team of the Year?,will-bruno-fernandes-be-named-to-the-2026-pfa-premier-league-team-of-the-year,epl-2026-team-of-the-season,2026-08-21T00:00:00Z,2026-08-25 21:22:15+00,11020.3,1,321
2127683,Will Erling Haaland be named to the 2026 PFA Premier League Team of the Year?,will-erling-haaland-be-named-to-the-2026-pfa-premier-league-team-of-the-year,epl-2026-team-of-the-season,2026-08-21T00:00:00Z,2026-08-25 21:25:27+00,13080.57,1,322
2127686,Will João Pedro be named to the 2026 PFA Premier League Team of the Year?,will-joo-pedro-be-named-to-the-2026-pfa-premier-league-team-of-the-year,epl-2026-team-of-the-season,2026-08-21T00:00:00Z,2026-08-25 21:31:28+00,15327.1,0,322
2183578,Will Kylian Mbappe leave Real Madrid before August 31?,will-kylian-mbappe-leave-real-madrid-before-august-31,will-kylian-mbappe-leave-real-madrid-before-august-31,2026-09-01T03:59:00Z,2026-09-01 06:07:30+00,25080.06,0,475
2244513,Will AfD win an absolute majority of seats in Sachsen-Anhalt?,will-afd-win-an-absolute-majority-of-seats-in-sachsen-anhalt,will-afd-win-an-absolute-majority-of-seats-in-sachsen-anhalt,2026-09-06T00:00:00Z,2026-09-07 09:32:15+00,1377255.68,0,618
2292417,St. Louis Cardinals vs. Cincinnati Reds,mlb-stl-cin-2026-05-24,mlb-stl-cin-2026-05-24,2026-08-24T17:40:00Z,2026-08-17 22:44:13+00,1321610.46,1,131
2292418,Will there be a run scored in the first inning?: St. Louis Cardinals vs. Cincinnati Reds,mlb-stl-cin-2026-05-24-nrfi,mlb-stl-cin-2026-05-24,2026-08-24T17:40:00Z,2026-08-18 01:26:00+00,12121.43,1,134
2296217,"Will Elon Musk tweet ""Hyperliquid"" by August 31, 2026?",will-elon-musk-tweet-about-hyperliquid-by-august-31-2026,will-elon-musk-tweet-about-hyperliquid-by,2026-09-01T04:00:00Z,2026-09-01 08:52:46+00,12101.51,0,475
2313101,"Fnatic merger/acquisition announced by September 1, 2026?",fnatic-mergeracquisition-announced-by-september-1-2026,fnatic-mergeracquisition-announced-by,2026-09-02T03:59:00Z,2026-09-08 05:42:30+00,10269.57,0,641
2321903,Will Japan Q2 GDP growth (annualized) be between -0.8% and 0.0%?,will-japan-q2-gdp-growth-annualized-be-between-0pt8-and-0pt0,japan-gdp-growth-in-q2-2026-qoq-annualized,2026-08-17T00:00:00Z,2026-08-17 01:52:13+00,13318.07,0,110
2321904,Will Japan Q2 GDP growth (annualized) be between 0.0% and 0.8%?,will-japan-q2-gdp-growth-annualized-be-between-0pt0-and-0pt8,japan-gdp-growth-in-q2-2026-qoq-annualized,2026-08-17T00:00:00Z,2026-08-17 01:52:13+00,42137.21,0,110
2321905,Will Japan Q2 GDP growth (annualized) be between 0.8% and 1.6%?,will-japan-q2-gdp-growth-annualized-be-between-0pt8-and-1pt6,japan-gdp-growth-in-q2-2026-qoq-annualized,2026-08-17T00:00:00Z,2026-08-17 02:24:42+00,22323.5,1,111
2340756,Spread: St. Louis Cardinals (-1.5),mlb-stl-cin-2026-05-24-spread-away-1pt5,mlb-stl-cin-2026-05-24,2026-08-17T17:40:00Z,2026-08-18 01:29:57+00,169926.41,0,134
2340757,St. Louis Cardinals vs. Cincinnati Reds: O/U 9.5,mlb-stl-cin-2026-05-24-total-9pt5,mlb-stl-cin-2026-05-24,2026-08-17T17:40:00Z,2026-08-18 01:26:58+00,368542.9,0,134
2341056,St. Louis Cardinals vs. Cincinnati Reds: O/U 10.5,mlb-stl-cin-2026-05-24-total-10pt5,mlb-stl-cin-2026-05-24,2026-08-17T17:40:00Z,2026-08-18 01:31:24+00,10467.54,0,134
2341061,St. Louis Cardinals vs. Cincinnati Reds: O/U 8.5,mlb-stl-cin-2026-05-24-total-8pt5,mlb-stl-cin-2026-05-24,2026-08-17T17:40:00Z,2026-08-18 01:26:00+00,12735.16,0,134
2356726,Will the Bank of Israel cut by 50 bps or more at the August 2026 meeting?,will-the-bank-of-israel-cut-by-50-bps-or-more-at-the-august-2026-meeting,bank-of-israel-decision-in-august,2026-08-31T00:00:00Z,2026-09-01 15:04:00+00,11526.09,0,483
2356727,Will the Bank of Israel hold at the August 2026 meeting?,will-the-bank-of-israel-hold-at-the-august-2026-meeting,bank-of-israel-decision-in-august,2026-08-31T00:00:00Z,2026-09-01 15:01:58+00,75368.44,0,484
2361891,Will Matt Schultz advance from the AK-AL primary election?,will-matt-schultz-advance-from-the-ak-al-primary-election,alaska-at-large-primary-winners,2026-08-18T00:00:00Z,2026-09-02 08:43:46+00,17136.18,0,499
2361894,Will John Williams advance from the AK-AL primary election?,will-john-williams-advance-from-the-ak-al-primary-election,alaska-at-large-primary-winners,2026-08-18T00:00:00Z,2026-09-02 08:43:46+00,14307.78,0,500
2363939,Will the Bank of Israel cut by 25 bps at the August 2026 meeting?,will-the-bank-of-israel-cut-by-25-bps-at-the-august-2026-meeting,bank-of-israel-decision-in-august,2026-08-31T00:00:00Z,2026-09-01 15:04:00+00,41742.93,1,484
2378914,Will the Bank of Korea hold at the August 2026 meeting?,will-the-bank-of-korea-hold-at-the-august-2026-meeting,bank-of-korea-decision-in-august,2026-08-26T00:00:00Z,2026-08-27 03:17:58+00,29862.17,0,350
2378915,Will the Bank of Korea hike by 25 bps at the August 2026 meeting?,will-the-bank-of-korea-hike-by-25-bps-at-the-august-2026-meeting,bank-of-korea-decision-in-august,2026-08-26T00:00:00Z,2026-08-27 03:17:58+00,28022.16,1,352
2378916,Will the Bank of Korea hike by 50 bps or more at the August 2026 meeting?,will-the-bank-of-korea-hike-by-50-bps-or-more-at-the-august-2026-meeting,bank-of-korea-decision-in-august,2026-08-26T00:00:00Z,2026-08-27 03:17:58+00,66151.86,0,352
2402159,Boston Red Sox vs. New York Yankees,mlb-bos-nyy-2026-06-06,mlb-bos-nyy-2026-06-06,2026-09-05T17:05:00Z,2026-08-29 20:27:15+00,1333326.57,1,416
2402160,Will there be a run scored in the first inning?: Boston Red Sox vs. New York Yankees,mlb-bos-nyy-2026-06-06-nrfi,mlb-bos-nyy-2026-06-06,2026-09-05T17:05:00Z,2026-08-29 20:39:45+00,11090.88,1,415
2428142,Will Brazil's Q2 2026 GDP growth rate (QoQ) be between 0.3% and 0.5%?,will-brazils-q2-2026-gdp-growth-rate-qoq-be-between-0pt3-and-0pt5-20260603144449996,brazil-gdp-growth-in-q2-2026-qoq,2026-09-01T23:59:00Z,2026-09-01 14:02:00+00,31148.83,1,483
2428143,Will Brazil's Q2 2026 GDP growth rate (QoQ) be between 0.6% and 0.8%?,will-brazils-q2-2026-gdp-growth-rate-qoq-be-between-0pt6-and-0pt8-20260603144449997,brazil-gdp-growth-in-q2-2026-qoq,2026-09-01T23:59:00Z,2026-09-01 14:02:00+00,16893.78,0,481
2438747,Italy Senate approves Nuclear Power Bill by August 31?,italy-senate-approves-nuclear-power-bill-by-august-31,italy-senate-approves-nuclear-power-bill-by-august-31,2026-08-31T21:59:00Z,2026-09-01 06:29:58+00,26155.35,0,475
2443691,Atlanta Braves vs. Chicago White Sox,mlb-atl-cws-2026-06-11,mlb-atl-cws-2026-06-11,2026-08-27T18:10:00Z,2026-08-20 20:50:40+00,1218451.37,1,201
2446412,Spread: New York Yankees (-1.5),mlb-bos-nyy-2026-06-06-spread-home-1pt5,mlb-bos-nyy-2026-06-06,2026-08-29T17:05:00Z,2026-08-29 20:27:15+00,15276.99,0,415
2446413,Boston Red Sox vs. New York Yankees: O/U 8.5,mlb-bos-nyy-2026-06-06-total-8pt5,mlb-bos-nyy-2026-06-06,2026-08-29T17:05:00Z,2026-08-29 20:27:15+00,125422.07,0,417
2446611,Will Hakainde Hichilema win the 2026 Zambian presidential elections?,will-hakainde-hichilema-win-the-2026-zambian-presidential-elections-20260604205342549,zambia-presidential-election-winner-20260604205247322,2026-08-14T03:59:00Z,2026-08-18 18:04:00+00,122664.04,1,151
2446612,Will Brian Mundubile win the 2026 Zambian presidential elections?,will-brian-mundubile-win-the-2026-zambian-presidential-elections-20260604205342550,zambia-presidential-election-winner-20260604205247322,2026-08-14T03:59:00Z,2026-08-18 17:22:12+00,93002.45,0,150
2446613,Will Fred M'membe win the 2026 Zambian presidential elections?,will-fred-mmembe-win-the-2026-zambian-presidential-elections-20260604205342551,zambia-presidential-election-winner-20260604205247322,2026-08-14T03:59:00Z,2026-08-18 17:22:12+00,20498.21,0,150
2446889,Will voter turnout be between 50% and 60% in the first round of the 2026 Zambian presidential elections?,will-voter-turnout-be-between-50-and-60-in-the-first-round-of-the-2026-zambian-presidential-elections-20260605194535531,zambia-presidential-election-1st-round-turnout-20260604214258491,2026-08-14T03:59:00Z,2026-09-04 23:02:19+00,11780.21,1,563
2446890,Will voter turnout be between 60% and 70% in the first round of the 2026 Zambian presidential elections?,will-voter-turnout-be-between-60-and-70-in-the-first-round-of-the-2026-zambian-presidential-elections-20260605194535531,zambia-presidential-election-1st-round-turnout-20260604214258491,2026-08-14T03:59:00Z,2026-09-04 23:02:19+00,14468.9,0,564
2447093,Pro Football: Aaron Donald to sign with any team before 2026-27 Regular Season?,pro-football-aaron-donald-to-sign-with-any-team-before-2026-27-regular-season,pro-football-aaron-donald-to-sign-with-any-team-before-2026-27-regular-season,2026-09-11T03:59:00Z,2026-08-31 13:54:30+00,15315.25,1,455
2448882,Boston Red Sox vs. New York Yankees: O/U 7.5,mlb-bos-nyy-2026-06-06-total-7pt5,mlb-bos-nyy-2026-06-06,2026-08-29T17:05:00Z,2026-08-29 20:43:13+00,240863.08,0,417
2470058,Detroit Tigers vs. Cleveland Guardians,mlb-det-cle-2026-06-14,mlb-det-cle-2026-06-14,2026-09-11T18:10:00Z,2026-09-04 23:00:34+00,745426.5,0,561
2487205,"Next Mythos-Class Model released by August 31, 2026?",next-mythos-class-model-released-by-august-31-2026,next-mythos-class-model-released-by,2026-08-31T03:59:00Z,2026-09-01 06:04:58+00,380203.8,0,472
2496475,"Will ""hate that i made you love me - Ariana Grande"" be the song of the summer?",will-hate-that-i-made-you-love-me-ariana-grande-be-the-song-of-the-summer-20260610191836290,2026-song-of-the-summer-20260610191834334,2026-09-01T03:59:00Z,2026-09-02 11:29:46+00,45252.32,0,503
2501181,Spread: Atlanta Braves (-1.5),mlb-atl-cws-2026-06-11-spread-away-1pt5,mlb-atl-cws-2026-06-11,2026-08-20T18:10:00Z,2026-08-20 20:50:40+00,81713.52,1,200
2501182,Atlanta Braves vs. Chicago White Sox: O/U 8.5,mlb-atl-cws-2026-06-11-total-8pt5,mlb-atl-cws-2026-06-11,2026-08-20T18:10:00Z,2026-08-20 20:50:33+00,350938.21,0,201
2501750,Atlanta Braves vs. Chicago White Sox: O/U 5.5,mlb-atl-cws-2026-06-11-total-5pt5,mlb-atl-cws-2026-06-11,2026-08-20T18:10:00Z,2026-08-20 20:50:30+00,10949.77,0,201
2501920,Spread: Atlanta Braves (-2.5),mlb-atl-cws-2026-06-11-spread-away-2pt5,mlb-atl-cws-2026-06-11,2026-08-20T18:10:00Z,2026-08-20 20:50:33+00,25030.64,0,201
2507618,Kharg Island no longer under Iranian control by August 31?,kharg-island-no-longer-under-iranian-control-by-august-31,kharg-island-no-longer-under-iranian-control-by-march-31,2026-09-01T03:59:00Z,2026-09-01 06:32:30+00,5917973.91,0,473
2517174,San Francisco Giants vs. Atlanta Braves,mlb-sf-atl-2026-06-18,mlb-sf-atl-2026-06-18,2026-09-07T22:05:00Z,2026-09-01 01:24:58+00,733258.21,1,467
2534132,Spread: Cleveland Guardians (-1.5),mlb-det-cle-2026-06-14-spread-home-1pt5,mlb-det-cle-2026-06-14,2026-09-04T18:10:00Z,2026-09-04 23:00:36+00,22688.54,0,560
2534133,Detroit Tigers vs. Cleveland Guardians: O/U 7.5,mlb-det-cle-2026-06-14-total-7pt5,mlb-det-cle-2026-06-14,2026-09-04T18:10:00Z,2026-09-04 23:00:36+00,12686.26,1,560
2534739,Detroit Tigers vs. Cleveland Guardians: O/U 8.5,mlb-det-cle-2026-06-14-total-8pt5,mlb-det-cle-2026-06-14,2026-09-04T18:10:00Z,2026-09-04 23:00:36+00,29203.7,1,560
2553042,Will Emiliano Martinez join Chelsea?,will-emiliano-martinez-join-chelsea-20260612234358335,where-will-emiliano-martinez-transfer-20260612234353773,2026-09-02T03:59:00Z,2026-08-30 12:18:49+00,13065.57,1,431
2553053,Will Emiliano Martinez stay at Aston Villa?,will-emiliano-martinez-stay-at-aston-villa-20260612234358346,where-will-emiliano-martinez-transfer-20260612234353773,2026-09-02T03:59:00Z,2026-08-30 10:23:30+00,79291.96,0,431
2553062,Will Leon Goretzka join AC Milan?,will-leon-goretzka-join-ac-milan-20260612231125190,where-will-leon-goretzka-transfer-20260612231121906,2026-09-02T03:59:00Z,2026-08-27 17:28:12+00,10420.35,0,364
2553120,Will Aurelien Tchouameni stay at Real Madrid?,will-aurelien-tchouameni-stay-at-real-madrid-20260612233730270,where-will-aurelien-tchouameni-transfer-20260612233725155,2026-09-02T03:59:00Z,2026-09-02 06:38:58+00,75475.64,1,498
2554071,Will Nico Schlotterbeck join Manchester City?,will-nico-schlotterbeck-join-manchester-city-20260612234044089,where-will-nico-schlotterbeck-transfer-20260612234038080,2026-09-02T03:59:00Z,2026-09-02 08:36:00+00,17619.27,0,497
2554082,Will Nico Schlotterbeck stay at Borussia Dortmund?,will-nico-schlotterbeck-stay-at-borussia-dortmund-20260612234044100,where-will-nico-schlotterbeck-transfer-20260612234038080,2026-09-02T03:59:00Z,2026-09-02 08:36:00+00,11780.6,1,500
2554098,Will Enzo Fernandez join Real Madrid?,will-enzo-fernandez-join-real-madrid-20260612231645936,where-will-enzo-fernandez-transfer-20260612231640461,2026-09-02T03:59:00Z,2026-09-02 00:38:30+00,54598.6,0,492
2554099,Will Enzo Fernandez join Barcelona?,will-enzo-fernandez-join-barcelona-20260612231645937,where-will-enzo-fernandez-transfer-20260612231640461,2026-09-02T03:59:00Z,2026-09-02 00:38:30+00,12746.21,0,489
2554100,Will Enzo Fernandez join Bayern Munich?,will-enzo-fernandez-join-bayern-munich-20260612231645938,where-will-enzo-fernandez-transfer-20260612231640461,2026-09-02T03:59:00Z,2026-09-02 00:38:30+00,12600.68,0,491
2554101,Will Enzo Fernandez join Atletico Madrid?,will-enzo-fernandez-join-atletico-madrid-20260612231645939,where-will-enzo-fernandez-transfer-20260612231640461,2026-09-02T03:59:00Z,2026-09-02 00:38:30+00,21697.12,0,492
2554102,Will Enzo Fernandez join Paris Saint-Germain?,will-enzo-fernandez-join-paris-saint-germain-20260612231645940,where-will-enzo-fernandez-transfer-20260612231640461,2026-09-02T03:59:00Z,2026-09-02 00:38:30+00,12431.64,0,490
2554103,Will Enzo Fernandez join Manchester City?,will-enzo-fernandez-join-manchester-city,where-will-enzo-fernandez-transfer-20260612231640461,2026-09-02T03:59:00Z,2026-09-02 00:39:58+00,182081.56,1,492
2554113,Will Enzo Fernandez stay at Chelsea?,will-enzo-fernandez-stay-at-chelsea-20260612231645951,where-will-enzo-fernandez-transfer-20260612231640461,2026-09-02T03:59:00Z,2026-09-02 00:36:28+00,193129.73,0,491
2555460,Will Dusan Vlahovic join Besiktas?,will-dusan-vlahovic-join-besiktas,where-will-dusan-vlahovic-transfer-20260612230821334,2026-09-02T03:59:00Z,2026-08-15 02:41:42+00,22619.15,1,63
2555470,Will Dusan Vlahovic stay at Juventus?,will-dusan-vlahovic-stay-at-juventus-20260612230824631,where-will-dusan-vlahovic-transfer-20260612230821334,2026-09-02T03:59:00Z,2026-08-15 02:09:42+00,11738.53,0,63
2555491,Will Rodri join Real Madrid?,will-rodri-join-real-madrid-20260612230522480,where-will-rodri-transfer-20260612230519201,2026-09-02T03:59:00Z,2026-08-18 19:04:42+00,202523.02,0,152
2555492,Will Rodri join Barcelona?,will-rodri-join-barcelona-20260612230522481,where-will-rodri-transfer-20260612230519201,2026-09-02T03:59:00Z,2026-08-18 22:40:30+00,331338.63,1,155
2555493,Will Rodri join Paris Saint-Germain?,will-rodri-join-paris-saint-germain-20260612230522482,where-will-rodri-transfer-20260612230519201,2026-09-02T03:59:00Z,2026-08-18 19:04:42+00,78449.78,0,152
2555494,Will Rodri join Al-Hilal?,will-rodri-join-al-hilal-20260612230522483,where-will-rodri-transfer-20260612230519201,2026-09-02T03:59:00Z,2026-08-18 19:04:42+00,33373.39,0,152
2555505,Will Rodri stay at Manchester City?,will-rodri-stay-at-manchester-city-20260612230522494,where-will-rodri-transfer-20260612230519201,2026-09-02T03:59:00Z,2026-08-18 19:04:42+00,172877.3,0,152
2555508,Will Julian Alvarez join Real Madrid?,will-julian-alvarez-join-real-madrid-20260612230229111,where-will-julian-alvarez-transfer-20260612230221012,2026-09-02T03:59:00Z,2026-09-02 07:41:30+00,35560.78,0,499
2555509,Will Julian Alvarez join Barcelona?,will-julian-alvarez-join-barcelona-20260612230229112,where-will-julian-alvarez-transfer-20260612230221012,2026-09-02T03:59:00Z,2026-09-02 07:41:30+00,353334.75,0,499
2555510,Will Julian Alvarez join Manchester City?,will-julian-alvarez-join-manchester-city-20260612230229113,where-will-julian-alvarez-transfer-20260612230221012,2026-09-02T03:59:00Z,2026-09-02 07:41:30+00,58934.89,0,499
2555511,Will Julian Alvarez join Chelsea?,will-julian-alvarez-join-chelsea-20260612230229114,where-will-julian-alvarez-transfer-20260612230221012,2026-09-02T03:59:00Z,2026-09-02 07:41:30+00,88179.2,0,499
2555512,Will Julian Alvarez join Arsenal?,will-julian-alvarez-join-arsenal-20260612230229115,where-will-julian-alvarez-transfer-20260612230221012,2026-09-02T03:59:00Z,2026-09-02 07:41:30+00,286876.74,0,496
2555530,Will Julian Alvarez stay at Atletico Madrid?,will-julian-alvarez-stay-at-atletico-madrid-20260612230229126,where-will-julian-alvarez-transfer-20260612230221012,2026-09-02T03:59:00Z,2026-09-02 07:41:28.807504+00,411708.48,1,497
2555591,Will Joao Cancelo join Barcelona?,will-joao-cancelo-join-barcelona-20260612225521982,where-will-joao-cancelo-transfer-20260612225511908,2026-09-02T03:59:00Z,2026-08-20 15:09:40+00,20540.63,1,196
2555641,Will Eduardo Camavinga stay at Real Madrid?,will-eduardo-camavinga-stay-at-real-madrid-20260612225003395,where-will-eduardo-camavinga-transfer-20260612224955761,2026-09-02T03:59:00Z,2026-09-02 06:57:00+00,53246.74,1,495
2555679,Will Bradley Barcola join Liverpool?,will-bradley-barcola-join-liverpool-20260612224633565,where-will-bradley-barcola-transfer-20260612224628256,2026-09-02T03:59:00Z,2026-08-31 15:03:58+00,72344.6,1,459
2555684,Will Bradley Barcola join Arsenal?,will-bradley-barcola-join-arsenal,where-will-bradley-barcola-transfer-20260612224628256,2026-09-02T03:59:00Z,2026-08-31 15:07:28+00,10159.36,0,460
2555694,Will Bradley Barcola stay at Paris Saint-Germain?,will-bradley-barcola-stay-at-paris-saint-germain-20260612224633580,where-will-bradley-barcola-transfer-20260612224628256,2026-09-02T03:59:00Z,2026-08-31 15:04:46+00,31137.11,0,460
2555698,Will Jack Grealish join Everton?,will-jack-grealish-join-everton-20260612224328398,where-will-jack-grealish-transfer-20260612224322458,2026-09-02T03:59:00Z,2026-09-02 00:50:00+00,41406.79,1,490
2555717,Will Jack Grealish stay at Manchester City?,will-jack-grealish-stay-at-manchester-city-20260612224328417,where-will-jack-grealish-transfer-20260612224322458,2026-09-02T03:59:00Z,2026-09-02 00:50:00+00,21908.07,0,492
2555747,Will Marcus Rashford stay at Manchester United?,will-marcus-rashford-stay-at-manchester-united-20260612223901167,where-will-marcus-rashford-transfer-20260612223855109,2026-09-02T03:59:00Z,2026-09-02 06:51:30+00,49623.42,1,498
2555776,Will Bruno Fernandes stay at Manchester United?,will-bruno-fernandes-stay-at-manchester-united-20260612223235669,where-will-bruno-fernandes-transfer-20260612223228777,2026-09-02T03:59:00Z,2026-09-02 06:43:30+00,35438.31,1,498
2555794,Will Rafael Leao join Fenerbahce?,will-rafael-leao-join-fenerbahce,where-will-rafael-leao-transfer-20260612222809594,2026-09-02T03:59:00Z,2026-08-30 13:42:28+00,29758.63,0,434
2555804,Will Rafael Leao stay at AC Milan?,will-rafael-leao-stay-at-ac-milan-20260612222816437,where-will-rafael-leao-transfer-20260612222809594,2026-09-02T03:59:00Z,2026-08-30 13:40:58+00,75000.07,0,434
2584814,Spread: Atlanta Braves (-1.5),mlb-sf-atl-2026-06-18-spread-home-1pt5,mlb-sf-atl-2026-06-18,2026-08-31T22:05:00Z,2026-09-01 03:02:36+00,111420.97,0,470
2584815,San Francisco Giants vs. Atlanta Braves: O/U 8.5,mlb-sf-atl-2026-06-18-total-8pt5,mlb-sf-atl-2026-06-18,2026-08-31T22:05:00Z,2026-09-01 01:27:00+00,209821.1,1,470
2584822,San Francisco Giants vs. Atlanta Braves: 1st 5 Innings O/U 4.5,mlb-sf-atl-2026-06-18-f5-total-4pt5,mlb-sf-atl-2026-06-18,2026-08-31T22:05:00Z,2026-09-01 03:39:04+00,21092.58,1,469
2587794,Will the ECB announce a 50+ bps decrease at the September 2026 meeting?,will-the-ecb-announce-a-50-bps-decrease-at-the-september-2026-meeting-20260616222656563,ecb-interest-rates-september-2026-20260616222636097,2026-09-10T11:59:00Z,2026-09-10 14:17:22+00,15931.29,0,698
2587795,Will the ECB announce a 25 bps decrease at the September 2026 meeting?,will-the-ecb-announce-a-25-bps-decrease-at-the-september-2026-meeting-20260616222656564,ecb-interest-rates-september-2026-20260616222636097,2026-09-10T11:59:00Z,2026-09-10 14:17:22+00,42418.68,0,698
2587796,Will the ECB announce no change at the September 2026 meeting?,will-the-ecb-announce-no-change-at-the-september-2026-meeting-20260616222656565,ecb-interest-rates-september-2026-20260616222636097,2026-09-10T11:59:00Z,2026-09-10 14:17:22+00,246074.5,0,695
2587797,Will the ECB announce a 25 bps increase at the September 2026 meeting?,will-the-ecb-announce-a-25-bps-increase-at-the-september-2026-meeting-20260616222656566,ecb-interest-rates-september-2026-20260616222636097,2026-09-10T11:59:00Z,2026-09-10 14:17:22+00,193824.06,1,694
2587798,Will the ECB announce a 50+ bps increase at the September 2026 meeting?,will-the-ecb-announce-a-50-bps-increase-at-the-september-2026-meeting-20260616222656567,ecb-interest-rates-september-2026-20260616222636097,2026-09-10T11:59:00Z,2026-09-10 14:17:22+00,103742.09,0,699
2590184,San Francisco Giants vs. Atlanta Braves: O/U 7.5,mlb-sf-atl-2026-06-18-total-7pt5,mlb-sf-atl-2026-06-18,2026-08-31T22:05:00Z,2026-09-01 03:39:04+00,98045.04,1,472
2590185,San Francisco Giants vs. Atlanta Braves: O/U 9.5,mlb-sf-atl-2026-06-18-total-9pt5,mlb-sf-atl-2026-06-18,2026-08-31T22:05:00Z,2026-09-01 01:28:00+00,52273.3,1,470
2602052,"Russia x Ukraine ceasefire agreement by August 31, 2026?",russia-x-ukraine-ceasefire-agreement-by-august-31-2026,russia-x-ukraine-ceasefire-agreement-by,2026-09-01T03:59:00Z,2026-09-01 06:08:58+00,586175.51,0,473
2602067,"Ukraine election called by August 31, 2026?",ukraine-election-called-by-august-31-2026,ukraine-election-called-in-2025,2026-09-01T03:59:00Z,2026-09-01 06:08:15+00,210858.08,0,472
2602228,Will Zelenskyy talk to Putin by August 31?,will-zelenskyy-talk-to-putin-by-august-31,will-zelenskyy-talk-to-putin-by-november-30-821,2026-09-01T03:59:00Z,2026-09-01 06:31:15+00,68745.74,0,475
2602277,Ukraine signs peace deal with Russia by August 31?,ukraine-signs-peace-deal-with-russia-by-august-31-20260619003108240,ukraine-signs-peace-deal-with-russia-by-august-31-20260619003108240,2026-09-01T03:59:00Z,2026-09-01 06:04:49+00,321701.84,0,475
2602501,Ukraine agrees not to join NATO by August 31?,ukraine-agrees-not-to-join-nato-by-august-31-20260619004335094,ukraine-agrees-not-to-join-nato-by-august-31-20260619004335094,2026-09-01T03:59:00Z,2026-09-01 06:04:49+00,30199.07,0,473
2602509,"Will Putin meet with Zelenskyy by August 31, 2026?",will-putin-meet-with-zelenskyy-by-august-31-2026-20260619004734475,will-putin-meet-with-zelenskyy-by-august-31-2026-20260619004734475,2026-09-01T03:59:00Z,2026-09-01 06:05:18+00,98453.99,0,475
2610025,Putin and Zelenskyy shake hands by August 31?,putin-and-zelenskyy-shake-hands-by-august-31,putin-and-zelenskyy-shake-hands-by-june-30,2026-09-01T03:59:00Z,2026-09-01 06:05:30+00,84248.44,0,472
2610235,"Will Ukraine agree to cede territory to Russia by August 31, 2026?",will-ukraine-agree-to-cede-territory-to-russia-by-august-31-2026,will-ukraine-agree-to-cede-territory-to-russia-before-2027,2026-09-01T03:59:00Z,2026-09-01 06:10:46+00,67532.36,0,475
2633428,"US-Iran Final Nuclear Deal by August 13, 2026?",us-iran-final-nuclear-deal-by-august-13-2026-20260621201255152,us-iran-final-nuclear-deal-by-20260621201254412,2026-08-14T03:59:00Z,2026-08-14 08:38:27+00,1144432.78,0,45
2633429,"US-Iran Final Nuclear Deal by August 18, 2026?",us-iran-final-nuclear-deal-by-august-18-2026-20260621201255153,us-iran-final-nuclear-deal-by-20260621201254412,2026-08-19T03:59:00Z,2026-08-19 06:11:57+00,2730303.83,0,163
2633430,"US-Iran Final Nuclear Deal by August 31, 2026?",us-iran-final-nuclear-deal-by-august-31-2026-20260621201255154,us-iran-final-nuclear-deal-by-20260621201254412,2026-09-01T03:59:00Z,2026-09-01 06:32:30+00,4562610.17,0,473
2641010,"Israel withdraws from Lebanon by August 31, 2026?",israel-withdraws-from-lebanon-by-august-31-2026,israel-withdraws-from-lebanon-by,2026-09-01T03:59:00Z,2026-09-01 06:55:00+00,669321.51,0,472
2658302,Mojtaba Khamenei seen in public by August 31?,mojtaba-khamenei-seen-in-public-by-august-31-223,mojtaba-khamenei-public-appearance-by,2026-09-01T03:59:00Z,2026-09-01 06:04:49+00,532829.42,0,473
2661522,Will the Bank of Russia decrease the key rate after the September Meeting?,will-the-bank-of-russia-decrease-the-key-rate-after-the-september-meeting-20260623013926067,bank-of-russia-decision-in-september-20260623013858993,2026-09-11T23:59:00Z,2026-09-11 12:32:52+00,83848.63,0,717
2661523,Will the Bank of Russia make no change to the key rate after the September Meeting?,will-the-bank-of-russia-make-no-change-to-the-key-rate-after-the-september-meeting-20260623013926068,bank-of-russia-decision-in-september-20260623013858993,2026-09-11T23:59:00Z,2026-09-11 12:32:52+00,116484.48,1,716
2661524,Will the Bank of Russia increase the key rate after the September Meeting?,will-the-bank-of-russia-increase-the-key-rate-after-the-september-meeting-20260623013926069,bank-of-russia-decision-in-september-20260623013858993,2026-09-11T23:59:00Z,2026-09-11 12:32:52+00,362707.58,0,716
2663611,US-Iran 60 day negotiation period extended?,us-iran-60-day-negotiation-period-extended-20260624044855448,us-iran-60-day-negotiation-period-extended-20260624044855448,2026-08-20T23:59:00Z,2026-08-21 08:47:27+00,2894249.76,0,213
2672029,"Will Donald Trump attend a US x Iran diplomatic meeting by August 31, 2026?",will-donald-trump-attend-a-us-x-iran-diplomatic-meeting-by-august-31-2026-20260622201044254,who-will-attend-a-round-of-us-iran-peace-by-august-31-20260623143114130,2026-09-01T03:59:00Z,2026-09-01 06:03:19+00,14128.96,0,475
2672031,"Will J.D. Vance attend a US x Iran diplomatic meeting by August 31, 2026?",will-jptdpt-vance-attend-a-us-x-iran-diplomatic-meeting-by-august-31-2026-20260622201044256,who-will-attend-a-round-of-us-iran-peace-by-august-31-20260623143114130,2026-09-01T03:59:00Z,2026-09-01 06:03:19+00,25409.17,0,472
2672032,"Will Jared Kushner attend a US x Iran diplomatic meeting by August 31, 2026?",will-jared-kushner-attend-a-us-x-iran-diplomatic-meeting-by-august-31-2026-20260622201044257,who-will-attend-a-round-of-us-iran-peace-by-august-31-20260623143114130,2026-09-01T03:59:00Z,2026-09-01 06:03:06+00,28640.19,0,474
2672033,"Will Steve Witkoff attend a US x Iran diplomatic meeting by August 31, 2026?",will-steve-witkoff-attend-a-us-x-iran-diplomatic-meeting-by-august-31-2026-20260622201044258,who-will-attend-a-round-of-us-iran-peace-by-august-31-20260623143114130,2026-09-01T03:59:00Z,2026-09-01 06:03:16+00,27626.64,0,473
2672036,"Will Mohammad Bagher Ghalibaf attend a US x Iran diplomatic meeting by August 31, 2026?",will-mohammad-bagher-ghalibaf-attend-a-us-x-iran-diplomatic-meeting-by-august-31-2026-20260622201044261,who-will-attend-a-round-of-us-iran-peace-by-august-31-20260623143114130,2026-09-01T03:59:00Z,2026-09-01 06:03:19+00,13930.33,0,475
2676035,"Spain snap election called by August 31, 2026?",spain-snap-election-called-by-august-31-2026-20260624205647682,spain-snap-election-called-by,2026-09-01T03:59:00Z,2026-09-01 06:13:15+00,13226.56,0,475
2682695,Will CopperTech Metals not IPO before September 2026?,will-coppertech-metals-not-ipo-before-september-2026-20260625035244473,coppertech-metals-ipo-closing-market-cap-20260625160623001,2026-09-01T03:59:00Z,2026-09-01 06:07:01+00,12090.2,1,473
2686766,Iran charges Hormuz fees by August 31?,iran-charges-hormuz-fees-by-august-31-20260625175039062-177,iran-charges-hormuz-fees-byptptpt-20260625175035466,2026-09-01T03:59:00Z,2026-09-01 06:05:06+00,1261684.38,0,475
2686771,Iran full airspace closure by August 31?,iran-full-airspace-closure-by-august-31-20260625195254151-668,iran-full-airspace-closure-byptptpt-20260625195253028,2026-09-01T03:59:00Z,2026-09-01 06:54:33+00,1543856.78,0,473
2730712,Israel closes its airspace by August 31?,israel-closes-its-airspace-by-august-31-389,israel-closes-its-airspace-by,2026-09-01T03:59:00Z,2026-09-01 08:56:51+00,1561277.87,0,476
2732505,Another GTA VI trailer released by August 31?,another-gta-vi-trailer-released-by-august-31-20260629164610050,another-gta-vi-trailer-released-by,2026-09-01T03:59:00Z,2026-09-01 06:04:21+00,798671.42,0,474
2732526,"Will Russia and Ukraine hold any diplomatic meeting by August 31, 2026?",will-russia-and-ukraine-hold-any-diplomatic-meeting-by-august-31-2026-20260629155934232-846,russia-x-ukraine-any-diplomatic-meeting-byptptpt-20260629155934230,2026-08-31T23:59:00Z,2026-08-19 13:44:57+00,302859.42,1,170
2734399,Will the Serbian National Assembly be dissolved by August 31?,will-the-serbian-national-assembly-be-dissolved-by-august-31-20260629164744651,serbia-parliament-dissolved-by-20260629164744649,2026-09-01T03:59:00Z,2026-09-01 06:42:15+00,56306.95,0,473
2734706,"Will Jio Platforms IPO by August 31, 2026?",will-jio-platforms-ipo-by-august-31-2026-20260629175908107,jio-platforms-ipo-byptptpt-20260629175823569,2026-09-01T03:59:00Z,2026-09-01 06:32:30+00,13788.49,0,475
2761137,Will James Fishback win less than 10% of votes in the Florida Republican Governor primary?,will-james-fishback-win-less-than-10-of-votes-in-the-florida-republican-governor-primary-20260701154239340,james-fishback-vote-share-in-2026-florida-republican-governor-primary-20260701214154078,2026-08-18T23:59:00Z,2026-08-27 05:30:40+00,280544.05,0,353
2761138,Will James Fishback win 10–15% of votes in the Florida Republican Governor primary?,will-james-fishback-win-1015-of-votes-in-the-florida-republican-governor-primary-20260701154239341,james-fishback-vote-share-in-2026-florida-republican-governor-primary-20260701214154078,2026-08-18T23:59:00Z,2026-08-27 05:33:30+00,36005.64,1,352
2761139,Will James Fishback win 15–20% of votes in the Florida Republican Governor primary?,will-james-fishback-win-1520-of-votes-in-the-florida-republican-governor-primary-20260701154239342,james-fishback-vote-share-in-2026-florida-republican-governor-primary-20260701214154078,2026-08-18T23:59:00Z,2026-08-27 05:20:42+00,13550.6,0,354
2761140,Will James Fishback win 20–25% of votes in the Florida Republican Governor primary?,will-james-fishback-win-2025-of-votes-in-the-florida-republican-governor-primary-20260701154239343,james-fishback-vote-share-in-2026-florida-republican-governor-primary-20260701214154078,2026-08-18T23:59:00Z,2026-08-27 05:20:42+00,17596.7,0,354
2761141,Will James Fishback win 25–30% of votes in the Florida Republican Governor primary?,will-james-fishback-win-2530-of-votes-in-the-florida-republican-governor-primary-20260701154239344,james-fishback-vote-share-in-2026-florida-republican-governor-primary-20260701214154078,2026-08-18T23:59:00Z,2026-08-27 05:20:42+00,10829.37,0,352
2761142,Will James Fishback at least 30% of votes in the Florida Republican Governor primary?,will-james-fishback-win-more-than-30-of-votes-in-the-florida-republican-governor-primary-20260701154239345,james-fishback-vote-share-in-2026-florida-republican-governor-primary-20260701214154078,2026-08-18T23:59:00Z,2026-08-27 05:30:40+00,29054.47,0,354
2773241,Will the Bank of Canada increase the target for the overnight rate by 25 bps at the September interest rate announcement?,will-the-bank-of-canada-increase-the-target-for-the-overnight-rate-by-25-bps-at-the-september-interest-rate-announcement-20260701223915215,bank-of-canada-decision-in-september-20260701223913897,2026-09-02T00:00:00Z,2026-09-02 15:46:30+00,18812.76,0,507
2773242,Will the Bank of Canada make no change to the target for the overnight rate at the September interest rate announcement?,will-the-bank-of-canada-make-no-change-to-the-target-for-the-overnight-rate-at-the-september-interest-rate-announcement-20260701223915216,bank-of-canada-decision-in-september-20260701223913897,2026-09-02T00:00:00Z,2026-09-02 15:46:30+00,56653.06,1,507
2774056,Strait of Hormuz traffic returns to normal by August 31?,strait-of-hormuz-traffic-returns-to-normal-by-august-31-20260702154212320,strait-of-hormuz-traffic-returns-to-normal-by-august-31-20260702154212320,2026-09-01T03:59:00Z,2026-09-09 14:37:01+00,18063387.16,0,675
2784601,Will US withdraw from NATO by August 31?,will-us-withdraw-from-nato-by-august-31,will-us-withdraw-from-nato-before-2027,2026-09-01T03:59:00Z,2026-09-01 06:28:31+00,22750.64,0,475
2786063,Putin meets with Iranian officials by August 31?,putin-meets-with-iranian-officials-by-august-31-20260702174616624,putin-meets-with-iranian-officials-by-august-31-20260702174616624,2026-09-01T03:59:00Z,2026-09-04 00:33:12+00,263480.39,1,537
2820206,Will Iran announce withdrawal from MOU negotiations by August 15?,will-iran-announce-withdrawal-from-mou-negotiations-by-august-15-881-867,iran-announces-withdrawal-from-mou-negotiations-byptptpt-20260622191732319,2026-08-15T23:59:00Z,2026-08-19 00:30:55+00,1530015.73,0,157
2822003,"Putin out as President of Russia by August 31, 2026?",putin-out-as-president-of-russia-by-august-31-2026,putin-out-before-2027,2026-09-01T03:59:00Z,2026-09-01 06:23:30+00,1079267.56,0,472
2830896,Will Tarsier Pharma not IPO before September 2026?,will-tarsier-pharma-not-ipo-before-september-2026-20260706015029427,tarsier-pharma-ipo-closing-market-cap-20260706015028159,2026-09-01T03:59:00Z,2026-09-01 06:07:33+00,11539.34,1,475
2832140,Will Nigel Farage win the Clacton by-election?,will-nigel-farage-win-the-clacton-by-election-20260707144027825,clacton-by-election-winner-20260707143521303,2026-08-13T16:00:00Z,2026-08-14 11:47:42+00,1950322.36,1,48
2832147,Will Count Binface win the Clacton by-election?,will-count-binface-win-the-clacton-by-election-20260707211451133,clacton-by-election-winner-20260707143521303,2026-08-13T16:00:00Z,2026-08-14 08:37:43+00,3692242.22,0,45
2839298,"Israel x Hezbollah diplomatic meeting by August 31, 2026?",israel-x-hezbollah-diplomatic-meeting-by-august-31-2026-20260706181027671,israel-x-hezbollah-diplomatic-meeting-byptptpt-20260706181026740,2026-09-01T03:59:00Z,2026-09-01 06:53:01+00,90472.35,0,475
2840107,Will Nigel Farage up his vote share in Clacton?,will-nigel-farage-up-his-vote-share-in-clacton-20260707171746907,will-nigel-farage-up-his-vote-share-in-clacton-20260707171746907,2026-08-13T23:59:00Z,2026-08-14 11:14:27+00,31748.28,1,48
2840108,Will Nigel Farage get second place in the Clacton by-election?,will-nigel-farage-get-second-place-in-the-clacton-by-election-20260707214539734,clacton-by-election-2nd-place-20260707214539733,2026-08-13T16:00:00Z,2026-08-14 09:25:12+00,89593.72,0,46
2840115,Will Count Binface get second place in the Clacton by-election?,will-count-binface-get-second-place-in-the-clacton-by-election-copy-20260707214646969,clacton-by-election-2nd-place-20260707214539733,2026-08-13T16:00:00Z,2026-08-14 09:56:40+00,581180.92,1,46
2840116,Will Laurence Fox get second place in the Clacton by-election?,will-laurence-fox-get-second-place-in-the-clacton-by-election,clacton-by-election-2nd-place-20260707214539733,2026-08-13T16:00:00Z,2026-08-14 09:24:43+00,28263.67,0,46
2849008,Will the US announce withdrawal from MOU negotiations by August 31?,will-the-us-announce-withdrawal-from-mou-negotiations-by-august-31-286,us-announces-withdrawal-from-mou-negotiations-byptptpt-20260622192051747,2026-09-01T03:59:00Z,2026-09-01 06:05:03+00,472591.82,0,475
2849356,US reissues Iran oil sanction relief by August 31?,us-reissues-iran-oil-sanction-relief-by-august-31-20260707233859434,us-reissues-iran-oil-sales-sanction-relief-byptptpt-20260708142359046,2026-09-01T03:59:00Z,2026-09-01 06:53:01+00,241388.74,0,473
2850825,"Will GPT-6 be released by August 31, 2026?",will-gpt-6-be-released-by-august-31-2026-778,gpt-6-released-by,2026-09-01T03:59:00Z,2026-09-01 06:02:46+00,297817.39,0,473
2851406,Israel military action against Greater Beirut by August 31?,israel-military-action-against-greater-beirut-by-august-31-20260708214159403,israel-military-action-against-beirut-byptptpt-20260708221422557,2026-08-31T20:59:00Z,2026-09-04 19:21:16+00,192569.68,0,559
2853113,"IAEA visits Isfahan, Fordow, or Natanz nuclear site by August 31?",iaea-visits-isfahan-fordow-or-natanz-nuclear-site-by-august-31,iaea-visits-isfahan-fordow-or-natanz-nuclear-site-by-july-31-20260624040209014,2026-09-01T03:59:00Z,2026-09-01 07:15:31+00,60074.67,0,474
2853119,"Iran agrees to surrender enriched uranium stockpile by August 31, 2026?",iran-agrees-to-surrender-enriched-uranium-stockpile-by-august-31-2026,iran-agrees-to-surrender-enriched-uranium-stockpile-by,2026-09-01T03:59:00Z,2026-09-01 07:17:00+00,147822.02,0,476
2853384,"Will GPT-6 be released by August 14, 2026?",will-gpt-6-be-released-by-august-14-2026,gpt-6-released-by,2026-08-15T03:59:00Z,2026-08-15 06:00:57+00,171415.4,0,67
2853462,"Will GPT-6 be released by August 21, 2026?",will-gpt-6-be-released-by-august-21-2026,gpt-6-released-by,2026-08-22T03:59:00Z,2026-08-22 06:01:12+00,190368.81,0,235
2853652,Will Russia capture Kostyantynivka by August 31?,will-russia-capture-kostyantynivka-by-august-31-1-893-748,will-russia-capture-kostyantynivka-by,2026-08-31T12:00:00Z,2026-08-19 21:29:57+00,505499.33,1,178
2853670,"Will ""PAW Patrol: The Dino Movie"" Opening Weekend Box Office be between 15m and 20m?",will-paw-patrol-the-dino-movie-opening-weekend-box-office-be-between-15m-and-20m-20260708164748954,paw-patrol-the-dino-movie-opening-weekend-box-office-20260708164748952,2026-08-16T23:59:00Z,2026-08-17 22:00:01+00,11504.9,0,130
2853671,"Will ""PAW Patrol: The Dino Movie"" Opening Weekend Box Office be between 20m and 25m?",will-paw-patrol-the-dino-movie-opening-weekend-box-office-be-between-20m-and-25m-20260708164748955,paw-patrol-the-dino-movie-opening-weekend-box-office-20260708164748952,2026-08-16T23:59:00Z,2026-08-17 22:44:16+00,12430.1,1,131
2853672,"Will ""PAW Patrol: The Dino Movie"" Opening Weekend Box Office be between 25m and 30m?",will-paw-patrol-the-dino-movie-opening-weekend-box-office-be-between-25m-and-30m-20260708164748956,paw-patrol-the-dino-movie-opening-weekend-box-office-20260708164748952,2026-08-16T23:59:00Z,2026-08-17 21:59:01+00,13783.2,0,130
2853673,"Will ""PAW Patrol: The Dino Movie"" Opening Weekend Box Office be at least 30m?",will-paw-patrol-the-dino-movie-opening-weekend-box-office-be-at-least-30m-20260708164748957,paw-patrol-the-dino-movie-opening-weekend-box-office-20260708164748952,2026-08-16T23:59:00Z,2026-08-17 21:59:01+00,12531.18,0,130
2858754,Panthers vs. Bills,nfl-car-buf-2026-08-15,nfl-car-buf-2026-08-15,2026-08-15T17:00:00Z,2026-08-16 02:20:55+00,128034.42,0,87
2858763,Eagles vs. Ravens,nfl-phi-bal-2026-08-15,nfl-phi-bal-2026-08-15,2026-08-15T23:00:00Z,2026-08-16 02:10:15+00,113595.53,0,87
2858775,Packers vs. Steelers,nfl-gb-pit-2026-08-13,nfl-gb-pit-2026-08-13,2026-08-13T23:00:00Z,2026-08-14 02:37:27+00,204392.57,0,39
2858788,Lions vs. Bengals,nfl-det-cin-2026-08-13,nfl-det-cin-2026-08-13,2026-08-13T23:00:00Z,2026-08-14 02:41:43+00,167849.59,0,39
2858797,Chargers vs. Texans,nfl-lac-hou-2026-08-14,nfl-lac-hou-2026-08-14,2026-08-14T00:00:00Z,2026-08-14 03:33:10+00,147102.48,1,40
2858805,Jaguars vs. Saints,nfl-jax-no-2026-08-15,nfl-jax-no-2026-08-15,2026-08-15T20:00:00Z,2026-08-16 01:42:42+00,178056.65,1,86
2858814,Broncos vs. Falcons,nfl-den-atl-2026-08-14,nfl-den-atl-2026-08-14,2026-08-14T23:00:00Z,2026-08-15 02:27:57+00,99825.84,1,63
2858834,Buccaneers vs. Jets,nfl-tb-nyj-2026-08-14,nfl-tb-nyj-2026-08-14,2026-08-14T23:00:00Z,2026-08-15 02:22:58+00,285259.55,1,63
2858842,Dolphins vs. Commanders,nfl-mia-was-2026-08-14,nfl-mia-was-2026-08-14,2026-08-14T23:00:00Z,2026-08-15 03:39:55+00,128572.47,0,64
2858850,Vikings vs. Giants,nfl-min-nyg-2026-08-15,nfl-min-nyg-2026-08-15,2026-08-15T17:00:00Z,2026-08-15 20:20:46+00,236270.27,1,81
2858856,Rams vs. Chiefs,nfl-la-kc-2026-08-15,nfl-la-kc-2026-08-15,2026-08-15T20:00:00Z,2026-08-16 02:18:57+00,303870.24,1,87
2858873,Cardinals vs. Raiders,nfl-ari-lv-2026-08-14,nfl-ari-lv-2026-08-14,2026-08-14T00:00:00Z,2026-08-14 03:22:10+00,191640.45,1,40
2858878,Browns vs. Bears,nfl-cle-chi-2026-08-15,nfl-cle-chi-2026-08-15,2026-08-15T17:00:00Z,2026-08-15 22:46:18+00,532240.74,0,83
2858884,Titans vs. 49ers,nfl-ten-sf-2026-08-14,nfl-ten-sf-2026-08-14,2026-08-14T01:00:00Z,2026-08-14 04:21:42+00,439651.36,1,41
2869647,Raiders vs. Texans,nfl-lv-hou-2026-08-21,nfl-lv-hou-2026-08-21,2026-08-21T00:00:00Z,2026-08-21 03:27:57+00,570244.59,1,208
2869657,49ers vs. Chargers,nfl-sf-lac-2026-08-21,nfl-sf-lac-2026-08-21,2026-08-21T02:00:00Z,2026-08-21 05:27:57+00,941064.94,1,210
2870680,Will the Reserve Bank of New Zealand increase the official cash rate after the September decision?,will-the-reserve-bank-of-new-zealand-increase-the-official-cash-rate-after-the-september-decision-20260710022000964,reserve-bank-of-new-zealand-decision-in-september-20260710022000963,2026-09-02T23:59:00Z,2026-09-02 04:05:00+00,15660.36,1,493
2870681,Will the Reserve Bank of New Zealand make no change to the official cash rate after the September decision?,will-the-reserve-bank-of-new-zealand-make-no-change-to-the-official-cash-rate-after-the-september-decision-20260710022000965,reserve-bank-of-new-zealand-decision-in-september-20260710022000963,2026-09-02T23:59:00Z,2026-09-02 04:05:00+00,17787.51,0,493
2870692,Will the Bank of Israel decrease the Bank of Israel Interest Rate after the September decision?,will-the-bank-of-israel-decrease-the-bank-of-israel-interest-rate-after-the-september-decision-20260710022233151,bank-of-israel-decision-in-september-20260710022159182,2026-09-01T23:59:00Z,2026-09-01 15:05:01+00,36763.37,1,484
2870693,Will the Bank of Israel make no change to the Bank of Israel Interest Rate after the September decision?,will-the-bank-of-israel-make-no-change-to-the-bank-of-israel-interest-rate-after-the-september-decision-20260710022233152,bank-of-israel-decision-in-september-20260710022159182,2026-09-01T23:59:00Z,2026-09-01 15:05:01+00,44603.87,0,484
2870694,Will the Bank of Israel increase the Bank of Israel Interest Rate after the September decision?,will-the-bank-of-israel-increase-the-bank-of-israel-interest-rate-after-the-september-decision-20260710022233153,bank-of-israel-decision-in-september-20260710022159182,2026-09-01T23:59:00Z,2026-09-01 15:05:01+00,13076.9,0,484
2874958,Will Justin Bieber's monthly listeners figure hit 150m by August 31?,will-justin-biebers-monthly-listeners-figure-hit-150m-by-august-31-20260710220109220-567,justin-bieber-monthly-listeners-hits-by-august-31-20260710220109217,2026-09-01T03:59:00Z,2026-09-01 06:02:33+00,17016.93,0,474
2875012,Will Jay Collins finish second in the Florida Republican Governor primary?,will-jay-collins-finish-second-in-the-florida-republican-governor-primary-20260710143927094,florida-governor-republican-primary-second-place-20260710143927093,2026-08-18T23:59:00Z,2026-08-19 14:24:12+00,81042.25,1,171
2875013,Will Byron Donalds finish second in the Florida Republican Governor primary?,will-byron-donalds-finish-second-in-the-florida-republican-governor-primary-20260710143927095,florida-governor-republican-primary-second-place-20260710143927093,2026-08-18T23:59:00Z,2026-08-19 13:45:42+00,13181.99,0,170
2875014,Will Paul Renner finish second in the Florida Republican Governor primary?,will-paul-renner-finish-second-in-the-florida-republican-governor-primary-20260710143927096,florida-governor-republican-primary-second-place-20260710143927093,2026-08-18T23:59:00Z,2026-08-19 13:37:12+00,20533.77,0,170
2875015,Will James Fishback finish second in the Florida Republican Governor primary?,will-james-fishback-finish-second-in-the-florida-republican-governor-primary-20260710143927097,florida-governor-republican-primary-second-place-20260710143927093,2026-08-18T23:59:00Z,2026-08-19 13:35:40+00,79787.33,0,170
2883845,Will CD Coquimbo Unido win on 2026-07-25?,chi1-ccu-cu1-2026-07-25-ccu,chi1-ccu-cu1-2026-07-25,2026-09-02T22:00:00Z,2026-09-03 04:04:01+00,25492.59,1,517
2893986,Ravens vs. Vikings,nfl-bal-min-2026-08-22,nfl-bal-min-2026-08-22,2026-08-22T17:00:00Z,2026-08-22 20:13:57+00,251162.1,1,249
2894004,Bills vs. Browns,nfl-buf-cle-2026-08-22,nfl-buf-cle-2026-08-22,2026-08-22T17:00:00Z,2026-08-22 21:44:09+00,194030.65,1,250
2894022,Jets vs. Steelers,nfl-nyj-pit-2026-08-21,nfl-nyj-pit-2026-08-21,2026-08-21T23:00:00Z,2026-08-22 02:08:43+00,470419.87,1,231
2894043,Panthers vs. Jaguars,nfl-car-jax-2026-08-21,nfl-car-jax-2026-08-21,2026-08-21T23:30:00Z,2026-08-22 03:07:51+00,204450.36,1,232
2894062,Bears vs. Bengals,nfl-chi-cin-2026-08-22,nfl-chi-cin-2026-08-22,2026-08-22T23:00:00Z,2026-08-23 03:04:45+00,155763.04,0,256
2894089,Falcons vs. Colts,nfl-atl-ind-2026-08-22,nfl-atl-ind-2026-08-22,2026-08-22T17:00:00Z,2026-08-22 20:16:12+00,30303.04,1,249
2894115,Saints vs. Rams,nfl-no-la-2026-08-22,nfl-no-la-2026-08-22,2026-08-22T20:00:00Z,2026-08-23 00:22:12+00,320047.36,0,252
2894136,Giants vs. Dolphins,nfl-nyg-mia-2026-08-22,nfl-nyg-mia-2026-08-22,2026-08-22T20:00:00Z,2026-08-23 00:19:57+00,66214.37,1,253
2894162,Eagles vs. Patriots,nfl-phi-ne-2026-08-22,nfl-phi-ne-2026-08-22,2026-08-22T23:00:00Z,2026-08-23 03:38:27+00,667179.67,0,256
2894176,Chiefs vs. Buccaneers,nfl-kc-tb-2026-08-22,nfl-kc-tb-2026-08-22,2026-08-22T23:30:00Z,2026-08-23 03:25:30+00,129015.42,0,256
2894183,Commanders vs. Lions,nfl-was-det-2026-08-22,nfl-was-det-2026-08-22,2026-08-22T16:00:00Z,2026-08-22 19:16:43+00,726097.08,0,247
2894190,Packers vs. Broncos,nfl-gb-den-2026-08-22,nfl-gb-den-2026-08-22,2026-08-22T01:00:00Z,2026-08-22 04:19:55+00,108879.44,1,232
2894197,Cowboys vs. Cardinals,nfl-dal-ari-2026-08-23,nfl-dal-ari-2026-08-23,2026-08-23T02:00:00Z,2026-08-23 05:40:28+00,185323.02,1,258
2896067,Will Nancy Mace be the new Republican nominee for Senate in South Carolina?,will-nancy-mace-be-the-new-republican-nominee-for-senate-in-south-carolina-20260712140628825,south-carolina-republican-senate-special-primary-winner-20260712135206676,2026-08-25T23:59:00Z,2026-08-26 03:41:43+00,12261.62,0,328
2896069,Will Mark Lynch be the new Republican nominee for Senate in South Carolina?,will-mark-lynch-be-the-new-republican-nominee-for-senate-in-south-carolina-20260712140628827,south-carolina-republican-senate-special-primary-winner-20260712135206676,2026-08-25T23:59:00Z,2026-08-26 03:41:43+00,26817.96,0,328
2896071,Will Ralph Norman be the new Republican nominee for Senate in South Carolina?,will-ralph-norman-be-the-new-republican-nominee-for-senate-in-south-carolina-20260712140628829,south-carolina-republican-senate-special-primary-winner-20260712135206676,2026-08-25T23:59:00Z,2026-08-26 03:41:43+00,1322260.55,0,326
2896073,Will Russell Fry be the new Republican nominee for Senate in South Carolina?,will-russell-fry-be-the-new-republican-nominee-for-senate-in-south-carolina-20260712140628831,south-carolina-republican-senate-special-primary-winner-20260712135206676,2026-08-25T23:59:00Z,2026-08-26 03:41:43+00,287282.7,0,327
2896075,Will Pamela Evette be the new Republican nominee for Senate in South Carolina?,will-pamela-evette-be-the-new-republican-nominee-for-senate-in-south-carolina-20260712140628833,south-carolina-republican-senate-special-primary-winner-20260712135206676,2026-08-25T23:59:00Z,2026-08-26 03:41:43+00,21355.87,0,326
2896080,Will Darline Graham Nordone be the new republican nominee for Senate in South Carolina?,will-person-f-be-the-new-republican-nominee-for-senate-in-south-carolina-20260712140628838,south-carolina-republican-senate-special-primary-winner-20260712135206676,2026-08-25T23:59:00Z,2026-08-26 03:41:43+00,2445816.8,1,326
2896081,Will Mark Sanford be the new republican nominee for Senate in South Carolina?,will-person-g-be-the-new-republican-nominee-for-senate-in-south-carolina-20260712140628839,south-carolina-republican-senate-special-primary-winner-20260712135206676,2026-08-25T23:59:00Z,2026-08-26 03:41:13+00,371025.48,0,328
2905282,Seahawks vs. Titans,nfl-sea-ten-2026-08-24,nfl-sea-ten-2026-08-24,2026-08-24T00:00:00Z,2026-08-24 03:34:45+00,1124686.48,0,280
2907312,"US charges Hormuz fees by August 31, 2026?",us-charges-hormuz-fees-by-august-31-2026-20260713151243234,us-charges-hormuz-fees-byptptpt-20260713151243232,2026-09-01T03:59:00Z,2026-09-01 07:17:00+00,181151.99,0,474
2910437,"US announces end of Iranian blockade by August 15, 2026?",us-announces-end-of-iranian-blockade-by-august-15-2026-20260713152715083-347-987-697-628-574-676,us-announces-end-of-iranian-blockade-byptptpt-20260713152715080,2026-08-16T03:59:00Z,2026-08-16 06:02:15+00,3291960.57,0,91
2910438,"US announces end of Iranian blockade by August 31, 2026?",us-announces-end-of-iranian-blockade-by-august-31-2026-20260713152715084-642-513-584-641-939-632-729,us-announces-end-of-iranian-blockade-byptptpt-20260713152715080,2026-09-01T03:59:00Z,2026-09-01 06:04:49+00,4936927.52,0,474
2911832,"US x Iran diplomatic meeting by August 31, 2026?",us-x-iran-diplomatic-meeting-by-august-31-2026-2,next-round-of-us-iran-peace-talks-byptptpt-20260623022722982,2026-09-01T03:59:00Z,2026-09-01 06:06:15+00,1506145.0,0,475
2911874,Bab el-Mandeb Strait effectively closed by August 31?,bab-el-mandeb-strait-effectively-closed-by-august-31,bab-el-mandeb-strait-effectively-closed-by,2026-09-01T03:59:00Z,2026-09-09 14:36:18+00,2558815.76,0,671
2915349,Will Adilet win the second most seats in the 2026 Kazakh Kurultai elections?,will-adilet-win-the-second-most-seats-in-the-2026-kazakh-kurultai-elections-20260713225045612,kazakhstan-kurultai-election-2nd-place-20260713225045611,2026-08-23T23:59:00Z,2026-08-24 19:43:13+00,19961.8,0,294
2915350,Will Auyl win the second most seats in the 2026 Kazakh Kurultai elections?,will-auyl-win-the-second-most-seats-in-the-2026-kazakh-kurultai-elections-20260713225045613,kazakhstan-kurultai-election-2nd-place-20260713225045611,2026-08-23T23:59:00Z,2026-08-25 05:34:42+00,83760.59,1,304
2915352,Will Aq Jol win the second most seats in the 2026 Kazakh Kurultai elections?,will-aq-jol-win-the-second-most-seats-in-the-2026-kazakh-kurultai-elections-20260713225045615,kazakhstan-kurultai-election-2nd-place-20260713225045611,2026-08-23T23:59:00Z,2026-08-25 04:35:40+00,12078.68,0,305
2925999,"Will Russia capture Bilytske by August 31, 2026?",will-russia-capture-bilytske-by-august-31-2026,will-russia-capture-bilytske-by,2026-09-01T03:59:00Z,2026-09-01 06:03:03+00,48070.96,0,475
2926628,"Will the next Google Gemini Pro model be released by August 31, 2026?",will-the-next-google-gemini-pro-model-be-released-by-august-31-2026-339,next-google-gemini-pro-model-released-byptptpt,2026-09-01T03:59:00Z,2026-09-01 06:03:19+00,347191.58,0,474
2928823,Will US crude oil reserves fall to 285M by August 31?,will-us-crude-oil-reserves-fall-to-350m-by-may-1-20260714141931929,will-us-crude-oil-reserves-fall-to-by-august-28-20260714142248732,2026-09-08T23:59:00Z,2026-09-03 06:44:31+00,49830.96,0,522
2928824,Will US crude oil reserves fall to 270M by August 31?,will-us-crude-oil-reserves-fall-to-325m-by-may-1-20260714141931930,will-us-crude-oil-reserves-fall-to-by-august-28-20260714142248732,2026-08-28T00:00:00Z,2026-09-03 06:44:31+00,11033.83,0,520
2929095,Will Argentina's monthly inflation in July 2026 be between 1.8% and 2.0%?,will-argentinas-monthly-inflation-in-july-2026-be-between-1pt8-and-2pt0-20260714204403046,argentina-monthly-inflation-july-20260714204403042,2026-08-13T15:59:00Z,2026-08-13 23:21:30+00,11678.91,0,36
2937526,US x Iran Effective Ceasefire by August 14?,us-x-iran-effective-ceasfire-by-august-14-20260715194822046,us-x-iran-effective-ceasfire-byptptpt-2-week-pause-20260715194822042,2026-08-14T23:59:00Z,2026-08-12 18:03:12+00,1604219.44,1,7
2937527,US x Iran Effective Ceasefire by August 31?,us-x-iran-effective-ceasfire-by-august-31-20260715194822047,us-x-iran-effective-ceasfire-byptptpt-2-week-pause-20260715194822042,2026-08-31T23:59:00Z,2026-08-12 18:04:28+00,1855057.56,1,7
2941257,Will NVIDIA be the third-largest company in the world by market cap on August 31?,will-nvidia-be-the-third-largest-company-in-the-world-by-market-cap-on-august-31-20260715203029876,3rd-largest-company-end-of-august-20260715203029875,2026-08-31T23:59:00Z,2026-08-31 22:01:33+00,102566.13,0,467
2941258,Will Microsoft be the third-largest company in the world by market cap on August 31?,will-microsoft-be-the-third-largest-company-in-the-world-by-market-cap-on-august-31-20260715203029877,3rd-largest-company-end-of-august-20260715203029875,2026-08-31T23:59:00Z,2026-08-31 22:01:33+00,61015.94,0,467
2941259,Will Apple be the third-largest company in the world by market cap on August 31?,will-apple-be-the-third-largest-company-in-the-world-by-market-cap-on-august-31-20260715203029878,3rd-largest-company-end-of-august-20260715203029875,2026-08-31T23:59:00Z,2026-08-31 22:02:33+00,78717.98,0,464
2941260,Will Alphabet be the third-largest company in the world by market cap on August 31?,will-alphabet-be-the-third-largest-company-in-the-world-by-market-cap-on-august-31-20260715203029879,3rd-largest-company-end-of-august-20260715203029875,2026-08-31T23:59:00Z,2026-08-31 22:02:33+00,104733.97,1,464
2941263,Will Amazon be the third-largest company in the world by market cap on August 31?,will-amazon-be-the-third-largest-company-in-the-world-by-market-cap-on-august-31-20260715203029882,3rd-largest-company-end-of-august-20260715203029875,2026-08-31T23:59:00Z,2026-08-31 22:02:33+00,10376.46,0,467
2941286,Will NVIDIA be the second-largest company in the world by market cap on August 31?,will-nvidia-be-the-second-largest-company-in-the-world-by-market-cap-on-august-31-20260715202602572,2nd-largest-company-end-of-august-20260715202554129,2026-08-31T23:59:00Z,2026-08-31 22:02:03+00,114784.6,0,464
2941287,Will Microsoft be the second-largest company in the world by market cap on August 31?,will-microsoft-be-the-second-largest-company-in-the-world-by-market-cap-on-august-31-20260715202602573,2nd-largest-company-end-of-august-20260715202554129,2026-08-31T23:59:00Z,2026-08-31 22:02:01+00,36049.69,0,467
2941288,Will Apple be the second-largest company in the world by market cap on August 31?,will-apple-be-the-second-largest-company-in-the-world-by-market-cap-on-august-31-20260715202602574,2nd-largest-company-end-of-august-20260715202554129,2026-08-31T23:59:00Z,2026-08-31 22:02:33+00,189649.48,1,464
2941289,Will Alphabet be the second-largest company in the world by market cap on August 31?,will-alphabet-be-the-second-largest-company-in-the-world-by-market-cap-on-august-31-20260715202602575,2nd-largest-company-end-of-august-20260715202554129,2026-08-31T23:59:00Z,2026-08-31 22:02:33+00,178155.61,0,467
2941315,Will NVIDIA be the largest company in the world by market cap on August 31?,will-nvidia-be-the-largest-company-in-the-world-by-market-cap-on-august-31-20260715202138599,largest-company-end-of-august-20260715202138598,2026-08-31T23:59:00Z,2026-08-31 22:02:01+00,779953.75,1,467
2941316,Will Microsoft be the largest company in the world by market cap on August 31?,will-microsoft-be-the-largest-company-in-the-world-by-market-cap-on-august-31-20260715202138600,largest-company-end-of-august-20260715202138598,2026-08-31T23:59:00Z,2026-08-31 22:02:33+00,275761.0,0,464
2941317,Will Apple be the largest company in the world by market cap on August 31?,will-apple-be-the-largest-company-in-the-world-by-market-cap-on-august-31-20260715202138601,largest-company-end-of-august-20260715202138598,2026-08-31T23:59:00Z,2026-08-31 22:02:33+00,526940.08,0,466
2941318,Will Alphabet be the largest company in the world by market cap on August 31?,will-alphabet-be-the-largest-company-in-the-world-by-market-cap-on-august-31-20260715202138602,largest-company-end-of-august-20260715202138598,2026-08-31T23:59:00Z,2026-08-31 22:02:33+00,506642.24,0,465
2941319,Will Tesla be the largest company in the world by market cap on August 31?,will-tesla-be-the-largest-company-in-the-world-by-market-cap-on-august-31-20260715202138603,largest-company-end-of-august-20260715202138598,2026-08-31T23:59:00Z,2026-08-31 22:02:01+00,226000.6,0,465
2941320,Will Saudi Aramco be the largest company in the world by market cap on August 31?,will-saudi-aramco-be-the-largest-company-in-the-world-by-market-cap-on-august-31-20260715202138604,largest-company-end-of-august-20260715202138598,2026-08-31T23:59:00Z,2026-08-31 22:02:01+00,176480.74,0,465
2941321,Will Amazon be the largest company in the world by market cap on August 31?,will-amazon-be-the-largest-company-in-the-world-by-market-cap-on-august-31-20260715202138605,largest-company-end-of-august-20260715202138598,2026-08-31T23:59:00Z,2026-08-31 22:02:33+00,275772.67,0,467
2941322,Will Broadcom be the largest company in the world by market cap on August 31?,will-broadcom-be-the-largest-company-in-the-world-by-market-cap-on-august-31-20260715202138606,largest-company-end-of-august-20260715202138598,2026-08-31T23:59:00Z,2026-08-31 22:02:01+00,153957.14,0,467
2952488,Israel x Iran ceasefire continues through August 15?,israel-x-iran-ceasefire-continues-through-august-15-20260716224448969-246-815-987-693,israel-x-iran-ceasefire-continues-throughptptpt-20260716224448963,2026-08-15T23:59:00Z,2026-08-18 18:17:57+00,2534770.35,1,151
2952493,Israel x Iran ceasefire continues through August 31?,israel-x-iran-ceasefire-continues-through-august-31-20260716224448970-754-896-823,israel-x-iran-ceasefire-continues-throughptptpt-20260716224448963,2026-08-31T20:29:00Z,2026-09-03 22:49:00+00,3333310.6,1,539
2954620,Will the total domestic gross for The Odyssey be between 300m and 350m by August 31?,will-the-total-domestic-gross-for-the-odyssey-be-between-300m-and-350m-by-august-31-20260716181154232,the-odyssey-total-domestic-gross-by-august-31-20260716181154228,2026-09-01T03:59:00Z,2026-09-01 22:27:19+00,13180.67,0,489
2954621,Will the total domestic gross for The Odyssey be at least 350m by August 31?,will-the-total-domestic-gross-for-the-odyssey-be-at-least-350m-by-august-31-20260717022423629,the-odyssey-total-domestic-gross-by-august-31-20260716181154228,2026-09-01T03:59:00Z,2026-09-01 22:31:01+00,31839.16,1,491
2954882,Will OpenAI have the best Text-to-Image AI at the end of August 2026?,will-openai-have-the-best-text-to-image-ai-at-the-end-of-august-2026-20260716212742294,which-company-has-the-best-text-to-image-ai-end-of-august-20260716212635678,2026-09-01T03:59:00Z,2026-08-31 22:29:31+00,21588.44,1,465
2954910,Will Anthropic have the best Code Arena | WebDev AI at the end of August 2026?,will-anthropic-have-the-best-code-arena-webdev-ai-at-the-end-of-august-2026-20260716213053777,which-company-has-the-best-code-arena-webdev-ai-model-end-of-august-20260716213053775,2026-09-01T03:59:00Z,2026-08-31 22:43:49+00,34777.26,1,467
2954946,Will Alibaba have the best Chinese AI model at the end of August 2026?,will-alibaba-have-the-best-chinese-ai-model-at-the-end-of-august-2026-20260717004241593,best-chinese-ai-company-end-of-august-20260717004241592,2026-09-01T03:59:00Z,2026-08-31 22:50:31+00,266067.74,1,467
2954947,Will Moonshot have the best Chinese AI model at the end of August 2026?,will-moonshot-have-the-best-chinese-ai-model-at-the-end-of-august-2026-20260717004241594,best-chinese-ai-company-end-of-august-20260717004241592,2026-09-01T03:59:00Z,2026-08-31 22:21:01+00,88488.72,0,465
2954948,Will Baidu have the best Chinese AI model at the end of August 2026?,will-baidu-have-the-best-chinese-ai-model-at-the-end-of-august-2026-20260717004241595,best-chinese-ai-company-end-of-august-20260717004241592,2026-09-01T03:59:00Z,2026-08-31 22:29:01+00,98242.01,0,465
2954949,Will Z.ai have the best Chinese AI model at the end of August 2026?,will-zptai-have-the-best-chinese-ai-model-at-the-end-of-august-2026-20260717004241596,best-chinese-ai-company-end-of-august-20260717004241592,2026-09-01T03:59:00Z,2026-08-31 22:29:03+00,162079.37,0,465
2954950,Will Xiaomi have the best Chinese AI model at the end of August 2026?,will-xiaomi-have-the-best-chinese-ai-model-at-the-end-of-august-2026-20260717004241597,best-chinese-ai-company-end-of-august-20260717004241592,2026-09-01T03:59:00Z,2026-08-31 22:29:01+00,56729.11,0,464
2954951,Will DeepSeek have the best Chinese AI model at the end of August 2026?,will-deepseek-have-the-best-chinese-ai-model-at-the-end-of-august-2026-20260717004241598,best-chinese-ai-company-end-of-august-20260717004241592,2026-09-01T03:59:00Z,2026-08-31 22:29:31+00,146527.18,0,467
2954952,Will Bytedance have the best Chinese AI model at the end of August 2026?,will-bytedance-have-the-best-chinese-ai-model-at-the-end-of-august-2026-20260717004241599,best-chinese-ai-company-end-of-august-20260717004241592,2026-09-01T03:59:00Z,2026-08-31 22:29:31+00,67995.73,0,467
2954953,Will MiniMax have the best Chinese AI model at the end of August 2026?,will-minimax-have-the-best-chinese-ai-model-at-the-end-of-august-2026-20260717004241601,best-chinese-ai-company-end-of-august-20260717004241592,2026-09-01T03:59:00Z,2026-08-31 22:29:03+00,87381.44,0,467
2954954,Will Meituan have the best Chinese AI model at the end of August 2026?,will-meituan-have-the-best-chinese-ai-model-at-the-end-of-august-2026-20260717004241602,best-chinese-ai-company-end-of-august-20260717004241592,2026-09-01T03:59:00Z,2026-08-31 22:24:19+00,20577.72,0,465
2954955,Will Tencent have the best Chinese AI model at the end of August 2026?,will-tencent-have-the-best-chinese-ai-model-at-the-end-of-august-2026-20260717004241603,best-chinese-ai-company-end-of-august-20260717004241592,2026-09-01T03:59:00Z,2026-08-31 22:29:01+00,73358.78,0,467
2954956,Will StepFun have the best Chinese AI model at the end of August 2026?,will-stepfun-have-the-best-chinese-ai-model-at-the-end-of-august-2026-20260717004241604,best-chinese-ai-company-end-of-august-20260717004241592,2026-09-01T03:59:00Z,2026-08-31 22:24:19+00,28904.83,0,467
2954993,Will Anthropic have the best Math AI model at the end of August 2026?,will-anthropic-have-the-best-math-ai-model-at-the-end-of-august-2026-20260717014120869,which-company-has-the-best-text-arena-math-ai-model-end-of-august-20260717012538240,2026-09-01T03:59:00Z,2026-08-31 22:29:31+00,35580.96,1,465
2954994,Will Google have the best Math AI model at the end of August 2026?,will-google-have-the-best-math-ai-model-at-the-end-of-august-2026-20260717014120870,which-company-has-the-best-text-arena-math-ai-model-end-of-august-20260717012538240,2026-09-01T03:59:00Z,2026-08-31 22:29:01+00,20657.59,0,464
2954997,Will OpenAI have the best Math AI model at the end of August 2026?,will-openai-have-the-best-math-ai-model-at-the-end-of-august-2026-20260717014120873,which-company-has-the-best-text-arena-math-ai-model-end-of-august-20260717012538240,2026-09-01T03:59:00Z,2026-08-31 22:29:01+00,14356.48,0,467
2955043,Will Anthropic have the best AI model at the end of August 2026?,will-anthropic-have-the-best-ai-model-at-the-end-of-august-2026-20260717020210285,which-company-has-best-ai-model-end-of-august-20260717015626546,2026-09-01T03:59:00Z,2026-08-31 22:45:28+00,526709.16,1,467
2955044,Will Meta have the best AI model at the end of August 2026?,will-meta-have-the-best-ai-model-at-the-end-of-august-2026-20260717020210286,which-company-has-best-ai-model-end-of-august-20260717015626546,2026-09-01T03:59:00Z,2026-08-31 22:24:03+00,187472.32,0,464
2955045,Will Google have the best AI model at the end of August 2026?,will-google-have-the-best-ai-model-at-the-end-of-august-2026-20260717020210287,which-company-has-best-ai-model-end-of-august-20260717015626546,2026-09-01T03:59:00Z,2026-08-31 22:24:03+00,254942.18,0,465
2955046,Will Alibaba have the best AI model at the end of August 2026?,will-alibaba-have-the-best-ai-model-at-the-end-of-august-2026-20260717020210288,which-company-has-best-ai-model-end-of-august-20260717015626546,2026-09-01T03:59:00Z,2026-08-31 22:24:03+00,166772.79,0,467
2955047,Will Moonshot have the best AI model at the end of August 2026?,will-moonshot-have-the-best-ai-model-at-the-end-of-august-2026-20260717020210289,which-company-has-best-ai-model-end-of-august-20260717015626546,2026-09-01T03:59:00Z,2026-08-31 22:30:03+00,119985.43,0,464
2955048,Will OpenAI have the best AI model at the end of August 2026?,will-openai-have-the-best-ai-model-at-the-end-of-august-2026-20260717020210290,which-company-has-best-ai-model-end-of-august-20260717015626546,2026-09-01T03:59:00Z,2026-08-31 22:23:51+00,253449.34,0,467
2955049,Will Baidu have the best AI model at the end of August 2026?,will-baidu-have-the-best-ai-model-at-the-end-of-august-2026-20260717020210291,which-company-has-best-ai-model-end-of-august-20260717015626546,2026-09-01T03:59:00Z,2026-08-31 22:30:01+00,35031.71,0,466
2955050,Will Z.ai have the best AI model at the end of August 2026?,will-zptai-have-the-best-ai-model-at-the-end-of-august-2026-20260717020210292,which-company-has-best-ai-model-end-of-august-20260717015626546,2026-09-01T03:59:00Z,2026-08-31 22:30:31+00,238039.32,0,464
2955051,Will Xiaomi have the best AI model at the end of August 2026?,will-xiaomi-have-the-best-ai-model-at-the-end-of-august-2026-20260717020210293,which-company-has-best-ai-model-end-of-august-20260717015626546,2026-09-01T03:59:00Z,2026-08-31 22:25:49+00,50863.34,0,464
2955052,Will SpaceXAI have the best AI model at the end of August 2026?,will-spacexai-have-the-best-ai-model-at-the-end-of-august-2026-20260717020210294,which-company-has-best-ai-model-end-of-august-20260717015626546,2026-09-01T03:59:00Z,2026-08-31 22:24:03+00,222110.61,0,464
2955053,Will DeepSeek have the best AI model at the end of August 2026?,will-deepseek-have-the-best-ai-model-at-the-end-of-august-2026-20260717020210295,which-company-has-best-ai-model-end-of-august-20260717015626546,2026-09-01T03:59:00Z,2026-08-31 22:23:52+00,300795.37,0,467
2955054,Will Amazon have the best AI model at the end of August 2026?,will-amazon-have-the-best-ai-model-at-the-end-of-august-2026-20260717020210296,which-company-has-best-ai-model-end-of-august-20260717015626546,2026-09-01T03:59:00Z,2026-08-31 22:25:49+00,19777.62,0,467
2955055,Will Bytedance have the best AI model at the end of August 2026?,will-bytedance-have-the-best-ai-model-at-the-end-of-august-2026-20260717020210297,which-company-has-best-ai-model-end-of-august-20260717015626546,2026-09-01T03:59:00Z,2026-08-31 22:25:49+00,675513.91,0,466
2955056,Will Nvidia have the best AI model at the end of August 2026?,will-nvidia-have-the-best-ai-model-at-the-end-of-august-2026-20260717020210298,which-company-has-best-ai-model-end-of-august-20260717015626546,2026-09-01T03:59:00Z,2026-08-31 22:25:49+00,22115.49,0,466
2955057,Will Thinky have the best AI model at the end of August 2026?,will-thinky-have-the-best-ai-model-at-the-end-of-august-2026-20260717020210299,which-company-has-best-ai-model-end-of-august-20260717015626546,2026-09-01T03:59:00Z,2026-08-31 22:25:49+00,24083.84,0,465
2955058,Will MiniMax have the best AI model at the end of August 2026?,will-minimax-have-the-best-ai-model-at-the-end-of-august-2026-20260717020210300,which-company-has-best-ai-model-end-of-august-20260717015626546,2026-09-01T03:59:00Z,2026-08-31 22:25:49+00,38167.55,0,467
2955059,Will Mistral have the best AI model at the end of August 2026?,will-mistral-have-the-best-ai-model-at-the-end-of-august-2026-20260717020210301,which-company-has-best-ai-model-end-of-august-20260717015626546,2026-09-01T03:59:00Z,2026-08-31 22:25:49+00,25350.8,0,464
2955060,Will Meituan have the best AI model at the end of August 2026?,will-meituan-have-the-best-ai-model-at-the-end-of-august-2026-20260717020210302,which-company-has-best-ai-model-end-of-august-20260717015626546,2026-09-01T03:59:00Z,2026-08-31 22:25:49+00,23802.76,0,466
2955061,Will Tencent have the best AI model at the end of August 2026?,will-tencent-have-the-best-ai-model-at-the-end-of-august-2026-20260717020210303,which-company-has-best-ai-model-end-of-august-20260717015626546,2026-09-01T03:59:00Z,2026-08-31 22:30:01+00,14362.83,0,467
2955062,Will StepFun have the best AI model at the end of August 2026?,will-stepfun-have-the-best-ai-model-at-the-end-of-august-2026-20260717020210304,which-company-has-best-ai-model-end-of-august-20260717015626546,2026-09-01T03:59:00Z,2026-08-31 22:25:49+00,24992.74,0,466
2955063,Will Microsoft have the best AI model at the end of August 2026?,will-microsoft-have-the-best-ai-model-at-the-end-of-august-2026-20260717020210305,which-company-has-best-ai-model-end-of-august-20260717015626546,2026-09-01T03:59:00Z,2026-08-31 22:25:21+00,42523.58,0,467
2955117,Will Google have the best Text-to-Video AI at the end of August 2026?,will-google-have-the-best-text-to-video-ai-at-the-end-of-august-2026-20260717022544477,which-company-has-the-best-text-to-video-ai-end-of-august-20260717022544476,2026-09-01T03:59:00Z,2026-08-31 22:21:01+00,13005.25,1,465
2958685,Steelers vs. Bills,nfl-pit-buf-2026-08-27,nfl-pit-buf-2026-08-27,2026-08-27T23:00:00Z,2026-08-28 02:16:13+00,273522.59,0,374
2958686,Patriots vs. Browns,nfl-ne-cle-2026-08-28,nfl-ne-cle-2026-08-28,2026-08-28T00:00:00Z,2026-08-28 03:46:12+00,77344.71,0,376
2958687,Rams vs. Chargers,nfl-la-lac-2026-08-28,nfl-la-lac-2026-08-28,2026-08-28T02:00:00Z,2026-08-28 05:22:40+00,1077983.45,1,378
2958690,49ers vs. Raiders,nfl-sf-lv-2026-08-28,nfl-sf-lv-2026-08-28,2026-08-28T00:00:00Z,2026-08-28 03:43:12+00,2243393.23,1,376
2963274,"Will the number of votes cast in the 2026 Clacton by-election be between 10,000-20,000?",will-the-number-of-votes-cast-in-the-2026-clacton-by-election-be-between-10000-20000-20260717155703440,clacton-by-election-turnout-20260717155703438,2026-08-13T23:59:00Z,2026-08-14 10:59:42+00,16258.31,0,48
2963275,"Will the number of votes cast in the 2026 Clacton by-election be between 20,000-30,000?",will-the-number-of-votes-cast-in-the-2026-clacton-by-election-be-between-20000-30000-20260717155703441,clacton-by-election-turnout-20260717155703438,2026-08-13T23:59:00Z,2026-08-14 10:59:42+00,11654.44,0,47
2963276,"Will the number of votes cast in the 2026 Clacton by-election be between 30,000-40,000?",will-the-number-of-votes-cast-in-the-2026-clacton-by-election-be-between-30000-40000-20260717155703442,clacton-by-election-turnout-20260717155703438,2026-08-13T23:59:00Z,2026-08-14 15:31:40+00,18749.25,1,52
2964984,Will Praggnanandhaa Rameshbabu Win the Sinquefield Cup?,will-praggnanandhaa-rameshbabu-win-the-sinquefield-cup-20260716212706136,sinquefield-cup-winner-20260716212706135,2026-08-21T23:59:00Z,2026-08-20 00:02:42+00,14823.09,0,181
2964993,Will Vincent Keymer Win the Sinquefield Cup?,will-vincent-keymer-win-the-sinquefield-cup-20260716212706145,sinquefield-cup-winner-20260716212706135,2026-08-21T23:59:00Z,2026-08-19 23:04:13+00,12875.01,0,180
2965046,Will Michael Olise Transfer to Real Madrid?,will-michael-olise-transfer-to-real-madrid-20260717222856707,will-michael-olise-transfer-to-real-madrid-20260717222856707,2026-08-31T23:59:00Z,2026-09-02 09:40:45+00,49855.4,0,499
2966554,Will the total domestic gross for Spider-Man: Brand New Day be less than 400m by August 31?,will-the-total-domestic-gross-for-spider-man-brand-new-day-be-less-than-400m-by-august-31-20260717152040199,spider-man-brand-new-day-total-domestic-gross-by-august-31-20260716181307512,2026-09-01T03:59:00Z,2026-09-01 23:07:48+00,53814.99,0,491
2966555,Will the total domestic gross for Spider-Man: Brand New Day be between 400m and 500m by August 31?,will-the-total-domestic-gross-for-spider-man-brand-new-day-be-between-400m-and-500m-by-august-31-20260717152040200,spider-man-brand-new-day-total-domestic-gross-by-august-31-20260716181307512,2026-09-01T03:59:00Z,2026-09-01 23:07:33+00,36669.86,0,488
2966556,Will the total domestic gross for Spider-Man: Brand New Day be between 500m and 600m by August 31?,will-the-total-domestic-gross-for-spider-man-brand-new-day-be-between-500m-and-600m-by-august-31-20260717152040201,spider-man-brand-new-day-total-domestic-gross-by-august-31-20260716181307512,2026-09-01T03:59:00Z,2026-09-01 23:07:33+00,32489.0,0,491
2966557,Will the total domestic gross for Spider-Man: Brand New Day be between 600m and 700m by August 31?,will-the-total-domestic-gross-for-spider-man-brand-new-day-be-between-600m-and-700m-by-august-31-20260717152040202,spider-man-brand-new-day-total-domestic-gross-by-august-31-20260716181307512,2026-09-01T03:59:00Z,2026-09-01 23:07:31+00,46259.49,0,491
2966558,Will the total domestic gross for Spider-Man: Brand New Day be between 700m and 800m by August 31?,will-the-total-domestic-gross-for-spider-man-brand-new-day-be-between-700m-and-800m-by-august-31-20260717232947958,spider-man-brand-new-day-total-domestic-gross-by-august-31-20260716181307512,2026-09-01T03:59:00Z,2026-09-01 23:07:31+00,139846.36,0,491
2966559,Will the total domestic gross for Spider-Man: Brand New Day be between 800m and 900m by August 31?,will-the-total-domestic-gross-for-spider-man-brand-new-day-be-between-800m-and-900m-by-august-31-20260717232947959,spider-man-brand-new-day-total-domestic-gross-by-august-31-20260716181307512,2026-09-01T03:59:00Z,2026-09-01 23:07:31+00,648066.04,1,489
2966560,Will the total domestic gross for Spider-Man: Brand New Day be at least 900m by August 31?,will-the-total-domestic-gross-for-spider-man-brand-new-day-be-at-least-900m-by-august-31-20260717232947960,spider-man-brand-new-day-total-domestic-gross-by-august-31-20260716181307512,2026-09-01T03:59:00Z,2026-09-01 23:07:31+00,1271527.12,0,491
2971640,Commanders vs. Ravens,nfl-was-bal-2026-08-28,nfl-was-bal-2026-08-28,2026-08-28T22:00:00Z,2026-08-29 01:30:00+00,268608.89,0,397
2971647,Texans vs. Panthers,nfl-hou-car-2026-08-28,nfl-hou-car-2026-08-28,2026-08-28T23:00:00Z,2026-08-29 02:23:58+00,195262.75,0,399
2971655,Buccaneers vs. Jaguars,nfl-tb-jax-2026-08-28,nfl-tb-jax-2026-08-28,2026-08-28T23:30:00Z,2026-08-29 02:41:58+00,99780.67,0,399
2971662,Bengals vs. Eagles,nfl-cin-phi-2026-08-29,nfl-cin-phi-2026-08-29,2026-08-29T00:00:00Z,2026-08-29 03:21:18+00,97959.35,1,399
2971663,Falcons vs. Dolphins,nfl-atl-mia-2026-08-28,nfl-atl-mia-2026-08-28,2026-08-28T23:00:00Z,2026-08-29 02:21:00+00,109439.06,1,399
2971665,Giants vs. Jets,nfl-nyg-nyj-2026-08-28,nfl-nyg-nyj-2026-08-28,2026-08-28T23:30:00Z,2026-08-29 02:56:18+00,152144.55,1,399
2971668,Vikings vs. Broncos,nfl-min-den-2026-08-29,nfl-min-den-2026-08-29,2026-08-29T01:00:00Z,2026-08-29 04:23:15+00,38256.18,0,400
2971673,Cardinals vs. Packers,nfl-ari-gb-2026-08-29,nfl-ari-gb-2026-08-29,2026-08-29T00:00:00Z,2026-08-29 03:34:15+00,258106.04,0,399
2971677,Saints vs. Cowboys,nfl-no-dal-2026-08-29,nfl-no-dal-2026-08-29,2026-08-29T00:00:00Z,2026-08-29 03:21:06+00,393266.07,1,400
2976202,Iran full airspace closure by August 15?,iran-full-airspace-closure-by-august-15,iran-full-airspace-closure-byptptpt-20260625195253028,2026-08-16T03:59:00Z,2026-08-16 06:05:16+00,770665.35,0,91
2977247,Israel closes its airspace by August 15?,israel-closes-its-airspace-by-august-15,israel-closes-its-airspace-by,2026-08-16T03:59:00Z,2026-08-16 06:08:10+00,1008696.14,0,91
2987408,Lions vs. Colts,nfl-det-ind-2026-08-29,nfl-det-ind-2026-08-29,2026-08-29T17:00:00Z,2026-08-29 22:14:04+00,335121.78,1,419
2987412,Bears vs. Titans,nfl-chi-ten-2026-08-29,nfl-chi-ten-2026-08-29,2026-08-29T22:00:00Z,2026-08-30 01:15:29.089744+00,132298.64,1,422
2992279,Will CD Limache win on 2026-08-01?,chi1-cdl-cdu-2026-08-01-cdl,chi1-cdl-cdu-2026-08-01,2026-09-03T00:30:00Z,2026-09-03 06:30:49+00,78148.34,1,522
2992282,Will CD Ñublense win on 2026-08-01?,chi1-cdl-cdu-2026-08-01-cdu,chi1-cdl-cdu-2026-08-01,2026-09-03T00:30:00Z,2026-09-03 06:31:31+00,28625.61,0,522
2995848,Will Mojtaba Khamenei leave Iran by August 31?,will-mojtaba-khamenei-leave-iran-by-august-31-20260720003950635,will-mojtaba-khamenei-leave-iran-byptptpt-20260720003505489,2026-09-01T03:59:00Z,2026-09-01 06:12:33+00,75011.17,0,472
2995850,Will a European country take military action on Iran by August 31?,will-a-european-country-take-military-action-on-iran-by-august-31-20260720005529606,european-military-action-on-iran-byptptpt-20260720022428140,2026-08-31T21:59:00Z,2026-09-04 07:50:30+00,163215.57,0,547
2995866,Iran invades Kuwait by August 31?,iran-invades-kuwait-by-august-31-20260720015031546,iran-invades-kuwait-byptptpt-20260720015031544,2026-09-01T03:59:00Z,2026-09-03 10:00:16+00,847904.98,0,525
3002443,Will Israeli forces withdraw from beyond the Litani River by August 31?,will-israeli-forces-withdraw-from-beyond-the-litani-river-by-august-31,israeli-forces-withdraw-from-beyond-the-litani-river-by-20260607234645733,2026-09-01T03:59:00Z,2026-09-01 09:14:01+00,106617.12,0,476
3005938,Moscow air traffic suspended by August 31?,moscow-air-traffic-suspended-by-august-31-20260720155944305,moscow-air-traffic-suspended-byptptpt-20260720160042592,2026-08-31T23:59:00Z,2026-08-15 05:59:15+00,43217.26,1,66
3005947,"Total Internet Blackout in Iran by August 31, 2026?",total-internet-blackout-in-iran-by-august-31-2026-20260720155238428,total-internet-blackout-in-iran-byptptpt-20260720155238426,2026-08-31T23:59:00Z,2026-09-01 06:41:00+00,176216.17,0,475
3006430,Will Keith Gross be the FL-02 Republican nominee?,will-keith-gross-be-the-fl-02-republican-nominee-20260717204308965,fl-02-republican-primary-winner-20260717204308964,2026-08-18T23:59:00Z,2026-08-19 02:33:42+00,30062.55,0,159
3006436,Will Austin Rogers be the FL-02 Republican nominee?,will-austin-rogers-be-the-fl-02-republican-nominee-20260717204308971,fl-02-republican-primary-winner-20260717204308964,2026-08-18T23:59:00Z,2026-08-19 07:42:42+00,43118.58,1,164
3006459,Will John Rutherford be the FL-05 Republican nominee?,will-john-rutherford-be-the-fl-05-republican-nominee-20260717204621886,fl-05-republican-primary-winner-20260717204621884,2026-08-18T23:59:00Z,2026-08-19 07:19:10+00,11835.48,1,164
3006464,Will Ryan Elijah be the FL-07 Republican nominee?,will-ryan-elijah-be-the-fl-07-republican-nominee-20260717204847812,fl-07-republican-primary-winner-20260717204847811,2026-08-18T23:59:00Z,2026-08-19 07:35:40+00,28273.46,1,164
3006466,Will Cory Mills be the FL-07 Republican nominee?,will-cory-mills-be-the-fl-07-republican-nominee-20260717204847814,fl-07-republican-primary-winner-20260717204847811,2026-08-18T23:59:00Z,2026-08-19 02:11:28+00,34428.69,0,159
3007803,Will Anthropic have the best AI Agent at the end of August 2026?,will-anthropic-have-the-best-ai-agent-at-the-end-of-august-2026-20260716210246315,which-company-has-the-best-ai-agent-end-of-august-20260716210246314,2026-09-01T03:59:00Z,2026-08-31 22:50:31+00,22775.51,1,465
3007804,Will OpenAI have the best AI Agent at the end of August 2026?,will-openai-have-the-best-ai-agent-at-the-end-of-august-2026-20260716210803634,which-company-has-the-best-ai-agent-end-of-august-20260716210246314,2026-09-01T03:59:00Z,2026-08-31 22:31:01+00,31029.97,0,466
3007820,Will Microsoft have the best AI Agent at the end of August 2026?,will-microsoft-have-the-best-ai-agent-at-the-end-of-august-2026-20260716210803650,which-company-has-the-best-ai-agent-end-of-august-20260716210246314,2026-09-01T03:59:00Z,2026-08-31 22:24:04+00,11339.65,0,467
3008457,Will Moonshot be the second-best Code Arena | WebDev AI lab at the end of August 2026?,will-moonshot-be-the-second-best-code-arena-webdev-ai-lab-at-the-end-of-august-2026-20260720215927834,second-best-code-arena-webdev-ai-lab-end-of-august-20260720215424125,2026-09-01T03:59:00Z,2026-08-31 22:42:19+00,44692.05,1,467
3008458,Will Anthropic be the second-best Code Arena | WebDev AI lab at the end of August 2026?,will-anthropic-be-the-second-best-code-arena-webdev-ai-lab-at-the-end-of-august-2026-20260720215927835,second-best-code-arena-webdev-ai-lab-end-of-august-20260720215424125,2026-09-01T03:59:00Z,2026-08-31 22:24:33+00,25394.16,0,467
3008565,Will OpenAI be the third-best Code Arena | WebDev AI lab at the end of August 2026?,will-openai-be-the-third-best-code-arena-webdev-ai-lab-at-the-end-of-august-2026-20260720220546732,third-best-code-arena-webdev-ai-lab-end-of-august-20260720220546729,2026-09-01T03:59:00Z,2026-08-31 22:22:49+00,16737.01,0,467
3008570,Will Alibaba be the third-best Code Arena | WebDev AI lab at the end of August 2026?,will-alibaba-be-the-third-best-code-arena-webdev-ai-lab-at-the-end-of-august-2026-20260720220546737,third-best-code-arena-webdev-ai-lab-end-of-august-20260720220546729,2026-09-01T03:59:00Z,2026-08-31 22:41:00+00,13753.25,1,467
3008603,Will Alibaba be the second-best Chinese AI company at the end of August 2026?,will-alibaba-be-the-second-best-chinese-ai-company-at-the-end-of-august-2026-20260720223339923,second-best-chinese-ai-company-end-of-august-20260717141100971,2026-09-01T03:59:00Z,2026-08-31 22:31:33+00,17128.18,0,465
3008604,Will Moonshot be the second-best Chinese AI company at the end of August 2026?,will-moonshot-be-the-second-best-chinese-ai-company-at-the-end-of-august-2026-20260720223339924,second-best-chinese-ai-company-end-of-august-20260717141100971,2026-09-01T03:59:00Z,2026-08-31 22:24:21+00,45422.13,1,465
3008606,Will Z.ai be the second-best Chinese AI company at the end of August 2026?,will-zptai-be-the-second-best-chinese-ai-company-at-the-end-of-august-2026-20260720223339926,second-best-chinese-ai-company-end-of-august-20260717141100971,2026-09-01T03:59:00Z,2026-08-31 22:24:21+00,33591.57,0,467
3008612,Will Tencent be the second-best Chinese AI company at the end of August 2026?,will-tencent-be-the-second-best-chinese-ai-company-at-the-end-of-august-2026-20260720223339932,second-best-chinese-ai-company-end-of-august-20260717141100971,2026-09-01T03:59:00Z,2026-08-31 22:18:21+00,12071.09,0,467
3008628,Will Alibaba be the third-best Chinese AI company at the end of August 2026?,will-alibaba-be-the-third-best-chinese-ai-company-at-the-end-of-august-2026-20260720224316846,third-best-chinese-ai-company-end-of-august-20260717141230386,2026-09-01T03:59:00Z,2026-08-31 22:18:22+00,16211.17,0,467
3008629,Will Moonshot be the third-best Chinese AI company at the end of August 2026?,will-moonshot-be-the-third-best-chinese-ai-company-at-the-end-of-august-2026-20260720224316847,third-best-chinese-ai-company-end-of-august-20260717141230386,2026-09-01T03:59:00Z,2026-08-31 22:18:21+00,10366.7,0,467
3008630,Will Baidu be the third-best Chinese AI company at the end of August 2026?,will-baidu-be-the-third-best-chinese-ai-company-at-the-end-of-august-2026-20260720224316848,third-best-chinese-ai-company-end-of-august-20260717141230386,2026-09-01T03:59:00Z,2026-08-31 22:18:21+00,14989.52,0,464
3008631,Will Z.ai be the third-best Chinese AI company at the end of August 2026?,will-zptai-be-the-third-best-chinese-ai-company-at-the-end-of-august-2026-20260720224316849,third-best-chinese-ai-company-end-of-august-20260717141230386,2026-09-01T03:59:00Z,2026-08-31 22:18:21+00,17232.12,1,467
3008670,Will Google be the second-best Math AI lab at the end of August 2026?,will-google-be-the-second-best-math-ai-lab-at-the-end-of-august-2026-20260720225207698,second-best-text-arena-math-ai-lab-end-of-august-20260720224944657,2026-09-01T03:59:00Z,2026-08-31 22:51:18+00,34154.04,1,465
3008672,Will Alibaba be the second-best Math AI lab at the end of August 2026?,will-alibaba-be-the-second-best-math-ai-lab-at-the-end-of-august-2026-20260720225207700,second-best-text-arena-math-ai-lab-end-of-august-20260720224944657,2026-09-01T03:59:00Z,2026-08-31 22:23:49+00,16300.6,0,467
3008755,Will Google be the third-best Math AI lab at the end of August 2026?,will-google-be-the-third-best-math-ai-lab-at-the-end-of-august-2026-20260720230105164,third-best-text-arena-math-ai-lab-end-of-august-20260720230105162,2026-09-01T03:59:00Z,2026-08-31 22:25:51+00,15457.49,0,465
3008757,Will Alibaba be the third-best Math AI lab at the end of August 2026?,will-alibaba-be-the-third-best-math-ai-lab-at-the-end-of-august-2026-20260720230105166,third-best-text-arena-math-ai-lab-end-of-august-20260720230105162,2026-09-01T03:59:00Z,2026-08-31 22:24:22+00,24480.65,1,467
3008810,Will Meta be the second-best AI lab at the end of August 2026?,will-meta-be-the-second-best-ai-lab-at-the-end-of-august-2026-20260720230549388,second-best-ai-lab-end-of-august-20260720230627650,2026-09-01T03:59:00Z,2026-08-31 22:21:01+00,15574.43,0,467
3008811,Will Google be the second-best AI lab at the end of August 2026?,will-google-be-the-second-best-ai-lab-at-the-end-of-august-2026-20260720230549389,second-best-ai-lab-end-of-august-20260720230627650,2026-09-01T03:59:00Z,2026-08-31 22:42:19+00,32172.86,1,467
3008812,Will Alibaba be the second-best AI lab at the end of August 2026?,will-alibaba-be-the-second-best-ai-lab-at-the-end-of-august-2026-20260720230549390,second-best-ai-lab-end-of-august-20260720230627650,2026-09-01T03:59:00Z,2026-08-31 22:23:51+00,32172.57,0,465
3008843,Will Meta be the third-best AI lab at the end of August 2026?,will-meta-be-the-third-best-ai-lab-at-the-end-of-august-2026-20260720230611804,third-best-ai-lab-end-of-august-20260720230611802,2026-09-01T03:59:00Z,2026-08-31 22:45:28+00,21313.13,1,467
3008844,Will Google be the third-best AI lab at the end of August 2026?,will-google-be-the-third-best-ai-lab-at-the-end-of-august-2026-20260720230611805,third-best-ai-lab-end-of-august-20260720230611802,2026-09-01T03:59:00Z,2026-08-31 22:22:19+00,14704.83,0,467
3008875,Will Meta be the #2 AI lab at the end of August 2026?,will-meta-be-the-2-ai-lab-at-the-end-of-august-2026-20260720231255332,2-ai-lab-end-of-august-style-control-on-20260720231255330,2026-09-01T03:59:00Z,2026-08-31 22:50:31+00,27319.28,1,464
3008876,Will Google be the #2 AI lab at the end of August 2026?,will-google-be-the-2-ai-lab-at-the-end-of-august-2026-20260720231255333,2-ai-lab-end-of-august-style-control-on-20260720231255330,2026-09-01T03:59:00Z,2026-08-31 22:31:31+00,18831.76,0,464
3008885,Will Meta be the #3 AI Lab at the end of August 2026 (Style Control On)?,will-meta-be-the-3-ai-lab-at-the-end-of-august-2026-style-control-on,3-ai-lab-end-of-august-style-control-on-20260720231335327,2026-09-01T03:59:00Z,2026-08-31 22:31:31+00,13082.33,0,464
3008887,Will Google be the #3 AI Lab at the end of August 2026 (Style Control On)?,will-google-be-the-3-ai-lab-at-the-end-of-august-2026-style-control-on,3-ai-lab-end-of-august-style-control-on-20260720231335327,2026-09-01T03:59:00Z,2026-08-31 22:41:00+00,17093.91,1,465
3008894,Will Alibaba be the #3 AI Lab at the end of August 2026 (Style Control On)?,will-alibaba-be-the-3-ai-lab-at-the-end-of-august-2026-style-control-on,3-ai-lab-end-of-august-style-control-on-20260720231335327,2026-09-01T03:59:00Z,2026-08-31 22:24:19+00,11865.22,0,464
3009227,Greater Tunb Island no longer under Iranian control by August 31?,greater-tunb-island-no-longer-under-iranian-control-by-august-31-20260720014332853,greater-tunb-island-no-longer-under-iranian-control-byptptpt-20260720014332851,2026-09-01T03:59:00Z,2026-09-01 07:09:00+00,32159.21,0,476
3009229,Abu Musa Island no longer under Iranian control by August 31?,abu-musa-island-no-longer-under-iranian-control-by-august-31-20260720011758216,abu-musa-island-no-longer-under-iranian-control-byptptpt-20260720011758214,2026-09-01T03:59:00Z,2026-09-01 07:09:00+00,86730.88,0,476
3009265,Hormuz Island no longer under Iranian control by August 31?,hormuz-island-no-longer-under-iranian-control-by-august-31-20260720014603393,hormuz-island-no-longer-under-iranian-control-byptptpt-20260720014603391,2026-09-01T03:59:00Z,2026-09-01 07:10:31+00,58540.75,0,474
3009267,Hengam Island no longer under Iranian control by August 31?,hengam-island-no-longer-under-iranian-control-by-august-31-20260720014859847,hengam-island-no-longer-under-iranian-control-byptptpt-20260720014859845,2026-09-01T03:59:00Z,2026-09-01 07:10:31+00,178292.18,0,476
3009269,Farsi Island no longer under Iranian control by August 31?,farsi-island-no-longer-under-iranian-control-by-august-31-20260720015111490,farsi-island-no-longer-under-iranian-control-byptptpt-20260720015111488,2026-09-01T03:59:00Z,2026-09-01 07:11:18+00,168377.92,0,476
3017684,Iran leadership change by August 31?,iran-leadership-change-by-august-31-669-893,iran-leadership-change-by,2026-09-01T03:59:00Z,2026-09-01 06:12:33+00,1599414.12,0,473
3025960,"Mykhailo Fedorov reinstated as Ukrainian Defense Minister by August 31, 2026?",mykhailo-fedorov-reinstated-as-ukrainian-defense-minister-by-august-31-2026-20260722051644333,mykhailo-fedorov-reinstated-as-ukrainian-defense-minister-byptptpt-20260716185015029,2026-08-31T20:59:00Z,2026-09-01 06:15:15+00,185599.23,0,473
3030777,Yevhen Khmara appointed as Ukrainian Minister of Defence by August 31?,yevhen-khmara-appointed-as-ukrainian-minister-of-defence-by-august-31,yevhen-khmara-appointed-as-ukrainian-minister-of-defence-by-july-31-20260716170825742,2026-08-31T23:59:00Z,2026-08-20 08:38:57+00,10636.95,1,188
3035505,CD Limache vs. CD Ñublense: O/U 1.5,chi1-cdl-cdu-2026-08-01-total-1pt5,chi1-cdl-cdu-2026-08-01-more-markets,2026-09-03T00:30:00Z,2026-09-03 06:30:49+00,11897.63,1,522
3055010,"Will Houthis successfully target shipping on August 17, 2026?",will-houthis-successfully-target-shipping-on-august-17-2026-20260722225036941,houthis-successfully-target-shipping-onptptpt-20260722225036915,2026-08-17T23:59:00Z,2026-09-11 22:33:22.831815+00,15828.42,1,728
3055393,Will Madonna's monthly listeners figure hit 58m by August 31?,will-madonnas-monthly-listeners-figure-hit-58m-by-august-31-20260723155541884,madonna-monthly-listeners-hits-by-august-31-20260721170826349,2026-09-01T03:59:00Z,2026-09-01 06:02:33+00,13609.43,0,475
3057511,Will Shakira's monthly listeners figure hit 107m by August 31?,will-shakiras-monthly-listeners-figure-hit-107m-by-august-31-20260723155943132,shakira-monthly-listeners-hits-by-august-31-20260721170950171,2026-08-31T23:59:00Z,2026-08-16 22:21:15+00,15128.15,1,107
3069670,Will Chuck Gray be the WY-AL Republican nominee?,will-chuck-gray-be-the-wy-al-republican-nominee-20260723165335297,wy-al-republican-primary-winner-20260723165335296,2026-08-18T23:59:00Z,2026-08-19 08:15:40+00,88063.23,1,165
3069674,Will Kevin Christensen be the WY-AL Republican nominee?,will-kevin-christensen-be-the-wy-al-republican-nominee-20260723165335301,wy-al-republican-primary-winner-20260723165335296,2026-08-18T23:59:00Z,2026-08-19 06:51:42+00,10909.47,0,163
3069676,Will Steve Friess be the WY-AL Republican nominee?,will-steve-friess-be-the-wy-al-republican-nominee-20260723165335303,wy-al-republican-primary-winner-20260723165335296,2026-08-18T23:59:00Z,2026-08-19 06:51:42+00,66633.65,0,163
3069703,Will Carey Baker be the FL-11 Republican nominee?,will-carey-baker-be-the-fl-11-republican-nominee-20260723173936217,fl-11-republican-primary-winner-20260723173936216,2026-08-18T23:59:00Z,2026-08-25 04:40:42+00,11595.57,0,305
3069706,Will Joe Strada be the FL-11 Republican nominee?,will-joe-strada-be-the-fl-11-republican-nominee-20260723173936220,fl-11-republican-primary-winner-20260723173936216,2026-08-18T23:59:00Z,2026-08-25 04:40:42+00,17436.78,1,305
3069714,Will Mike Beltran be the FL-14 Republican nominee?,will-mike-beltran-be-the-fl-14-republican-nominee-20260723180614387,fl-14-republican-primary-winner-20260723180614386,2026-08-18T23:59:00Z,2026-08-19 05:33:10+00,31497.62,1,162
3069719,Will Kevin Steele be the FL-14 Republican nominee?,will-kevin-steele-be-the-fl-14-republican-nominee-20260723180614392,fl-14-republican-primary-winner-20260723180614386,2026-08-18T23:59:00Z,2026-08-19 01:34:30+00,21547.01,0,158
3069744,Will Casey Askar be the FL-22 Republican nominee?,will-casey-askar-be-the-fl-22-republican-nominee-20260723181248782,fl-22-republican-primary-winner-20260723181248781,2026-08-18T23:59:00Z,2026-08-19 07:23:42+00,21892.17,1,164
3069745,Will David Burck be the FL-22 Republican nominee?,will-david-burck-be-the-fl-22-republican-nominee-20260723181248783,fl-22-republican-primary-winner-20260723181248781,2026-08-18T23:59:00Z,2026-08-19 01:56:42+00,22301.36,0,158
3069746,Will Michael Carbonara be the FL-22 Republican nominee?,will-michael-carbonara-be-the-fl-22-republican-nominee-20260723181248784,fl-22-republican-primary-winner-20260723181248781,2026-08-18T23:59:00Z,2026-08-19 01:56:42+00,55775.65,0,158
3069749,Will Belinda Keiser be the FL-22 Republican nominee?,will-belinda-keiser-be-the-fl-22-republican-nominee-20260723181248787,fl-22-republican-primary-winner-20260723181248781,2026-08-18T23:59:00Z,2026-08-19 01:56:42+00,17638.6,0,158
3069760,Will George Moraitis be the FL-25 Republican nominee?,will-george-moraitis-be-the-fl-25-republican-nominee-20260723181519483,fl-25-republican-primary-winner-20260723181519479,2026-08-18T23:59:00Z,2026-08-19 02:19:42+00,14956.79,0,159
3069761,Will Scott Singer be the FL-25 Republican nominee?,will-scott-singer-be-the-fl-25-republican-nominee-20260723181519484,fl-25-republican-primary-winner-20260723181519479,2026-08-18T23:59:00Z,2026-08-19 03:13:40+00,61217.04,1,160
3075568,Will Alex Palou win the 2026 NTT IndyCar Series?,will-alex-palou-win-the-2026-ntt-indycar-series-20260722191142066,ntt-indycar-series-2026-champion-20260722191142057,2026-09-06T23:59:00Z,2026-09-07 08:56:28+00,20440.67,1,620
3076415,Will Elon Musk post 480-499 tweets in August 2026?,elon-musk-of-tweets-august-2026-480-499,elon-musk-of-tweets-august-2026,2026-09-01T04:00:00Z,2026-08-19 21:12:40+00,13764.17,0,178
3076426,Will Elon Musk post 520-539 tweets in August 2026?,elon-musk-of-tweets-august-2026-520-539,elon-musk-of-tweets-august-2026,2026-09-01T04:00:00Z,2026-08-20 13:08:12+00,15481.97,0,194
3076428,Will Elon Musk post 540-559 tweets in August 2026?,elon-musk-of-tweets-august-2026-540-559,elon-musk-of-tweets-august-2026,2026-09-01T04:00:00Z,2026-08-20 19:27:40+00,12403.93,0,200
3076430,Will Elon Musk post 560-579 tweets in August 2026?,elon-musk-of-tweets-august-2026-560-579,elon-musk-of-tweets-august-2026,2026-09-01T04:00:00Z,2026-08-21 01:37:12+00,14391.78,0,206
3076436,Will Elon Musk post 580-599 tweets in August 2026?,elon-musk-of-tweets-august-2026-580-599,elon-musk-of-tweets-august-2026,2026-09-01T04:00:00Z,2026-08-21 20:12:12+00,15937.0,0,224
3076441,Will Elon Musk post 600-619 tweets in August 2026?,elon-musk-of-tweets-august-2026-600-619,elon-musk-of-tweets-august-2026,2026-09-01T04:00:00Z,2026-08-22 01:42:40+00,15092.67,0,230
3076445,Will Elon Musk post 620-639 tweets in August 2026?,elon-musk-of-tweets-august-2026-620-639,elon-musk-of-tweets-august-2026,2026-09-01T04:00:00Z,2026-08-22 05:47:00+00,11808.98,0,234
3076461,Will Elon Musk post 700-719 tweets in August 2026?,elon-musk-of-tweets-august-2026-700-719,elon-musk-of-tweets-august-2026,2026-09-01T04:00:00Z,2026-08-25 08:37:40+00,11523.97,0,309
3076464,Will Elon Musk post 720-739 tweets in August 2026?,elon-musk-of-tweets-august-2026-720-739,elon-musk-of-tweets-august-2026,2026-09-01T04:00:00Z,2026-08-25 23:52:40+00,13351.2,0,324
3076468,Will Elon Musk post 740-759 tweets in August 2026?,elon-musk-of-tweets-august-2026-740-759,elon-musk-of-tweets-august-2026,2026-09-01T04:00:00Z,2026-08-28 19:54:00+00,14068.98,0,392
3076470,Will Elon Musk post 760-779 tweets in August 2026?,elon-musk-of-tweets-august-2026-760-779,elon-musk-of-tweets-august-2026,2026-09-01T04:00:00Z,2026-08-29 05:32:58+00,28291.34,0,401
3076475,Will Elon Musk post 780-799 tweets in August 2026?,elon-musk-of-tweets-august-2026-780-799,elon-musk-of-tweets-august-2026,2026-09-01T04:00:00Z,2026-08-29 07:46:58+00,36057.96,0,404
3076478,Will Elon Musk post 800-839 tweets in August 2026?,elon-musk-of-tweets-august-2026-800-839,elon-musk-of-tweets-august-2026,2026-09-01T04:00:00Z,2026-08-30 17:22:00+00,97040.26,0,436
3076479,Will Elon Musk post 840-879 tweets in August 2026?,elon-musk-of-tweets-august-2026-840-879,elon-musk-of-tweets-august-2026,2026-09-01T04:00:00Z,2026-09-01 07:52:00+00,183591.2,0,474
3076480,Will Elon Musk post 880-919 tweets in August 2026?,elon-musk-of-tweets-august-2026-880-919,elon-musk-of-tweets-august-2026,2026-09-01T04:00:00Z,2026-09-01 08:12:28+00,65846.88,1,474
3076481,Will Elon Musk post 920-959 tweets in August 2026?,elon-musk-of-tweets-august-2026-920-959,elon-musk-of-tweets-august-2026,2026-09-01T04:00:00Z,2026-09-01 06:12:49+00,50443.42,0,474
3076482,Will Elon Musk post 960-999 tweets in August 2026?,elon-musk-of-tweets-august-2026-960-999,elon-musk-of-tweets-august-2026,2026-09-01T04:00:00Z,2026-09-01 06:12:49+00,38869.79,0,475
3076483,Will Elon Musk post 1000+ tweets in August 2026?,elon-musk-of-tweets-august-2026-1000plus,elon-musk-of-tweets-august-2026,2026-09-01T04:00:00Z,2026-09-01 06:11:28+00,32074.81,0,474
3081654,Will Ademola Adeleke win the 2026 Osun State gubernatorial elections?,will-ademola-adeleke-win-the-2026-osun-state-gubernatorial-elections-20260722191218749,osun-state-gubernatorial-election-winner-20260722191218748,2026-08-15T23:59:00Z,2026-08-17 11:46:42+00,37593.09,1,120
3081659,Will Bola Oyebamiji win the 2026 Osun State gubernatorial elections?,will-bola-oyebamiji-win-the-2026-osun-state-gubernatorial-elections-20260722191218754,osun-state-gubernatorial-election-winner-20260722191218748,2026-08-15T23:59:00Z,2026-08-17 11:07:42+00,34072.69,0,120
3085957,"Will Oregon reach D4 (Exceptional Drought) by August 31, 2026?",will-oregon-reach-d4-exceptional-drought-by-august-31-2026-20260721193813646,will-oregon-reach-d4-exceptional-drought-by-august-31-2026-20260721193813646,2026-09-01T03:59:00Z,2026-08-14 21:42:15+00,18406.51,1,58
3089557,Will Russia capture Novyi Donbas by August 31?,will-russia-capture-novyi-donbas-by-august-31-20260724163321935,will-russia-capture-novyi-donbas-byptptpt-20260724163321934,2026-09-01T03:59:00Z,2026-09-01 06:02:36+00,51551.35,0,475
3089566,Will Russia capture Kucheriv Yar by August 31?,will-russia-capture-kucheriv-yar-by-august-31-20260724165221453,will-russia-capture-kucheriv-yar-byptptpt-20260724165221452,2026-09-01T03:59:00Z,2026-09-01 06:02:46+00,131365.83,0,472
3091050,"US x Iran diplomatic meeting by August 15, 2026?",us-x-iran-diplomatic-meeting-by-august-15-2026,next-round-of-us-iran-peace-talks-byptptpt-20260623022722982,2026-08-16T03:59:00Z,2026-08-16 07:08:57+00,501971.09,0,92
3092982,Will The Left win the third most seats in the 2026 Sachsen-Anhalt parliamentary elections?,will-the-left-win-the-third-most-seats-in-the-2026-sachsen-anhalt-parliamentary-elections-20260722225837809,sachsen-anhalt-parliamentary-elections-3rd-place-20260722225837804,2026-09-06T23:59:00Z,2026-09-07 11:33:28+00,13604.85,0,623
3093329,Will AfD win fewer than 34 seats in the 2026 Sachsen-Anhalt parliamentary elections?,will-afd-win-fewer-than-34-seats-in-the-2026-sachsen-anhalt-parliamentary-elections-20260722230807018,sachsen-anhalt-parliamentary-elections-afd-of-seats-20260722230807017,2026-09-06T23:59:00Z,2026-09-07 12:18:46+00,30692.15,0,625
3093330,Will AfD win 34-37 seats in the 2026 Sachsen-Anhalt parliamentary elections?,will-afd-win-34-37-seats-in-the-2026-sachsen-anhalt-parliamentary-elections-20260722230807019,sachsen-anhalt-parliamentary-elections-afd-of-seats-20260722230807017,2026-09-06T23:59:00Z,2026-09-07 12:18:46+00,97135.02,0,625
3093331,Will AfD win 38-41 seats in the 2026 Sachsen-Anhalt parliamentary elections?,will-afd-win-38-41-seats-in-the-2026-sachsen-anhalt-parliamentary-elections-20260722230807020,sachsen-anhalt-parliamentary-elections-afd-of-seats-20260722230807017,2026-09-06T23:59:00Z,2026-09-07 12:18:46+00,94492.3,1,625
3093332,Will AfD win 42-45 seats in the 2026 Sachsen-Anhalt parliamentary elections?,will-afd-win-42-45-seats-in-the-2026-sachsen-anhalt-parliamentary-elections-20260722230807021,sachsen-anhalt-parliamentary-elections-afd-of-seats-20260722230807017,2026-09-06T23:59:00Z,2026-09-07 12:18:46+00,90476.97,0,624
3093333,Will AfD win 46-49 seats in the 2026 Sachsen-Anhalt parliamentary elections?,will-afd-win-46-49-seats-in-the-2026-sachsen-anhalt-parliamentary-elections-20260722230807022,sachsen-anhalt-parliamentary-elections-afd-of-seats-20260722230807017,2026-09-06T23:59:00Z,2026-09-07 12:18:46+00,56248.85,0,625
3093334,Will AfD win 50 or more seats in the 2026 Sachsen-Anhalt parliamentary elections?,will-afd-win-50-or-more-seats-in-the-2026-sachsen-anhalt-parliamentary-elections-20260722230807023,sachsen-anhalt-parliamentary-elections-afd-of-seats-20260722230807017,2026-09-06T23:59:00Z,2026-09-07 12:18:46+00,53993.7,0,624
3094307,Will the total domestic gross for The Odyssey be less than 490m by August 31?,will-the-total-domestic-gross-for-the-odyssey-be-less-than-490m-by-august-31-20260724150841337,the-odyssey-total-domestic-gross-by-august-31-higher-strikes-20260723204527748,2026-09-01T03:59:00Z,2026-09-01 22:28:31+00,17499.59,0,489
3094308,Will the total domestic gross for The Odyssey be between 490m and 510m by August 31?,will-the-total-domestic-gross-for-the-odyssey-be-between-490m-and-510m-by-august-31-20260724150841338,the-odyssey-total-domestic-gross-by-august-31-higher-strikes-20260723204527748,2026-09-01T03:59:00Z,2026-09-01 22:28:49+00,15964.61,0,489
3094309,Will the total domestic gross for The Odyssey be between 510m and 530m by August 31?,will-the-total-domestic-gross-for-the-odyssey-be-between-510m-and-530m-by-august-31-20260724150841339,the-odyssey-total-domestic-gross-by-august-31-higher-strikes-20260723204527748,2026-09-01T03:59:00Z,2026-09-01 22:28:31+00,26012.36,0,491
3094310,Will the total domestic gross for The Odyssey be between 530m and 550m by August 31?,will-the-total-domestic-gross-for-the-odyssey-be-between-530m-and-550m-by-august-31-20260724150841340,the-odyssey-total-domestic-gross-by-august-31-higher-strikes-20260723204527748,2026-09-01T03:59:00Z,2026-09-01 22:30:31+00,80731.63,0,489
3094311,Will the total domestic gross for The Odyssey be between 550m and 570m by August 31?,will-the-total-domestic-gross-for-the-odyssey-be-between-550m-and-570m-by-august-31-20260724150841341,the-odyssey-total-domestic-gross-by-august-31-higher-strikes-20260723204527748,2026-09-01T03:59:00Z,2026-09-02 06:31:58+00,136266.8,1,498
3094312,Will the total domestic gross for The Odyssey be at least 570m by August 31?,will-the-total-domestic-gross-for-the-odyssey-be-greater-than-570m-by-august-31-20260724150841342,the-odyssey-total-domestic-gross-by-august-31-higher-strikes-20260723204527748,2026-09-01T03:59:00Z,2026-09-01 22:29:19+00,184658.87,0,491
3096127,"Will Meta Platforms, Inc. (META) hit (HIGH) $620 in August?",will-meta-reach-620-in-august-2026,what-price-will-meta-hit-in-august-2026,2026-09-01T03:59:59.999Z,2026-08-31 20:20:19+00,10603.61,0,465
3096146,"Will Tesla, Inc. (TSLA) hit (HIGH) $375 in August?",will-tsla-reach-375-in-august-2026,what-price-will-tsla-hit-in-august-2026,2026-09-01T03:59:59.999Z,2026-08-31 20:43:01+00,17743.03,0,463
3096167,Will NVIDIA (NVDA) hit (HIGH) $248 in August?,will-nvda-reach-248-in-august-2026,what-price-will-nvda-hit-in-august-2026,2026-09-01T03:59:59.999Z,2026-08-31 20:38:18+00,15421.94,0,465
3096169,Will NVIDIA (NVDA) hit (HIGH) $240 in August?,will-nvda-reach-240-in-august-2026,what-price-will-nvda-hit-in-august-2026,2026-09-01T03:59:59.999Z,2026-08-31 20:42:04+00,45449.87,0,463
3096170,Will NVIDIA (NVDA) hit (HIGH) $232 in August?,will-nvda-reach-232-in-august-2026,what-price-will-nvda-hit-in-august-2026,2026-09-01T03:59:59.999Z,2026-08-31 20:38:18+00,29393.5,0,462
3096177,Will NVIDIA (NVDA) hit (LOW) $184 in August?,will-nvda-dip-to-184-in-august-2026,what-price-will-nvda-hit-in-august-2026,2026-09-01T03:59:59.999Z,2026-08-31 20:38:31+00,10869.8,0,463
3096178,Will NVIDIA (NVDA) hit (LOW) $176 in August?,will-nvda-dip-to-176-in-august-2026,what-price-will-nvda-hit-in-august-2026,2026-09-01T03:59:59.999Z,2026-08-31 20:42:04+00,17262.45,0,465
3096298,Will MicroStrategy (MSTR) hit (HIGH) $120 in August?,will-mstr-reach-120-in-august-2026,what-price-will-mstr-hit-in-august-2026,2026-09-01T03:59:59.999Z,2026-08-21 14:02:28+00,10005.0,1,219
3096308,Will SpaceX (SPCX) hit (HIGH) $145 in August?,will-spcx-reach-145-in-august-2026,what-price-will-spcx-hit-in-august-2026,2026-09-01T03:59:59.999Z,2026-08-12 17:41:57+00,21910.4,1,6
3096309,Will SpaceX (SPCX) hit (HIGH) $140 in August?,will-spcx-reach-140-in-august-2026,what-price-will-spcx-hit-in-august-2026,2026-09-01T03:59:59.999Z,2026-08-12 14:54:58+00,22892.09,1,3
3096329,Will S&P 500 (SPY) hit (HIGH) $800 in August?,will-spy-reach-800-in-august-2026,what-price-will-spy-hit-in-august-2026,2026-09-01T03:59:59.999Z,2026-08-31 20:41:48+00,17553.7,0,463
3096330,Will S&P 500 (SPY) hit (HIGH) $790 in August?,will-spy-reach-790-in-august-2026,what-price-will-spy-hit-in-august-2026,2026-09-01T03:59:59.999Z,2026-08-31 20:37:49+00,36715.81,0,465
3096331,Will S&P 500 (SPY) hit (HIGH) $780 in August?,will-spy-reach-780-in-august-2026,what-price-will-spy-hit-in-august-2026,2026-09-01T03:59:59.999Z,2026-08-31 20:42:51+00,39329.53,0,462
3096336,Will S&P 500 (SPY) hit (LOW) $730 in August?,will-spy-dip-to-730-in-august-2026,what-price-will-spy-hit-in-august-2026,2026-09-01T03:59:59.999Z,2026-08-31 20:42:01+00,20907.25,0,462
3096339,Will S&P 500 (SPY) hit (LOW) $700 in August?,will-spy-dip-to-700-in-august-2026,what-price-will-spy-hit-in-august-2026,2026-09-01T03:59:59.999Z,2026-08-31 20:37:36+00,11598.49,0,465
3096340,Will S&P 500 (SPY) hit (LOW) $690 in August?,will-spy-dip-to-690-in-august-2026,what-price-will-spy-hit-in-august-2026,2026-09-01T03:59:59.999Z,2026-08-31 20:41:49+00,10453.9,0,463
3096357,"Will Gold (XAUUSD) hit (HIGH) $4,700 in August?",will-xauusd-reach-4700-in-august-2026,what-price-will-xauusd-hit-in-august-2026,2026-09-01T03:59:59.999Z,2026-08-31 23:20:00+00,271897.73,0,465
3096358,"Will Gold (XAUUSD) hit (HIGH) $4,600 in August?",will-xauusd-reach-4600-in-august-2026,what-price-will-xauusd-hit-in-august-2026,2026-09-01T03:59:59.999Z,2026-08-21 11:14:55+00,126819.16,1,215
3096359,"Will Gold (XAUUSD) hit (HIGH) $4,500 in August?",will-xauusd-reach-4500-in-august-2026,what-price-will-xauusd-hit-in-august-2026,2026-09-01T03:59:59.999Z,2026-08-19 21:10:00+00,81601.1,1,178
3096364,"Will Gold (XAUUSD) hit (LOW) $4,000 in August?",will-xauusd-dip-to-4000-in-august-2026,what-price-will-xauusd-hit-in-august-2026,2026-09-01T03:59:59.999Z,2026-08-31 23:18:48+00,79845.8,0,468
3096365,"Will Gold (XAUUSD) hit (LOW) $3,900 in August?",will-xauusd-dip-to-3900-in-august-2026,what-price-will-xauusd-hit-in-august-2026,2026-09-01T03:59:59.999Z,2026-08-31 23:19:01+00,92980.48,0,468
3096366,"Will Gold (XAUUSD) hit (LOW) $3,800 in August?",will-xauusd-dip-to-3800-in-august-2026,what-price-will-xauusd-hit-in-august-2026,2026-09-01T03:59:59.999Z,2026-08-31 23:19:01+00,50531.55,0,465
3096367,"Will Gold (XAUUSD) hit (LOW) $3,700 in August?",will-xauusd-dip-to-3700-in-august-2026,what-price-will-xauusd-hit-in-august-2026,2026-09-01T03:59:59.999Z,2026-08-31 23:18:48+00,21911.88,0,468
3096368,"Will Gold (XAUUSD) hit (LOW) $3,600 in August?",will-xauusd-dip-to-3600-in-august-2026,what-price-will-xauusd-hit-in-august-2026,2026-09-01T03:59:59.999Z,2026-08-31 23:18:51+00,16147.29,0,468
3096369,"Will Gold (XAUUSD) hit (LOW) $3,500 in August?",will-xauusd-dip-to-3500-in-august-2026,what-price-will-xauusd-hit-in-august-2026,2026-09-01T03:59:59.999Z,2026-08-31 23:18:52+00,45637.87,0,465
3096370,"Will Gold (XAUUSD) hit (LOW) $3,400 in August?",will-xauusd-dip-to-3400-in-august-2026,what-price-will-xauusd-hit-in-august-2026,2026-09-01T03:59:59.999Z,2026-08-31 23:18:48+00,45607.01,0,468
3096382,Will Silver (XAGUSD) hit (HIGH) $72 in August?,will-xagusd-reach-72-in-august-2026,what-price-will-xagusd-hit-in-august-2026,2026-09-01T03:59:59.999Z,2026-08-31 23:18:36+00,57825.38,0,466
3096383,Will Silver (XAGUSD) hit (HIGH) $70 in August?,will-xagusd-reach-70-in-august-2026,what-price-will-xagusd-hit-in-august-2026,2026-09-01T03:59:59.999Z,2026-08-21 13:23:55+00,47677.88,1,218
3096384,Will Silver (XAGUSD) hit (HIGH) $68 in August?,will-xagusd-reach-68-in-august-2026,what-price-will-xagusd-hit-in-august-2026,2026-09-01T03:59:59.999Z,2026-08-20 16:53:58+00,28887.22,1,197
3096390,Will Silver (XAGUSD) hit (LOW) $56 in August?,will-xagusd-dip-to-56-in-august-2026,what-price-will-xagusd-hit-in-august-2026,2026-09-01T03:59:59.999Z,2026-08-31 23:18:48+00,21119.87,0,468
3096391,Will Silver (XAGUSD) hit (LOW) $54 in August?,will-xagusd-dip-to-54-in-august-2026,what-price-will-xagusd-hit-in-august-2026,2026-09-01T03:59:59.999Z,2026-08-31 23:18:33+00,25164.17,0,468
3096392,Will Silver (XAGUSD) hit (LOW) $52 in August?,will-xagusd-dip-to-52-in-august-2026,what-price-will-xagusd-hit-in-august-2026,2026-09-01T03:59:59.999Z,2026-08-31 23:18:36+00,15581.08,0,465
3096393,Will Silver (XAGUSD) hit (LOW) $50 in August?,will-xagusd-dip-to-50-in-august-2026,what-price-will-xagusd-hit-in-august-2026,2026-09-01T03:59:59.999Z,2026-08-31 23:18:52+00,15141.82,0,466
3096394,Will Silver (XAGUSD) hit (LOW) $48 in August?,will-xagusd-dip-to-48-in-august-2026,what-price-will-xagusd-hit-in-august-2026,2026-09-01T03:59:59.999Z,2026-08-31 23:19:01+00,11372.75,0,468
3096407,Will WTI Crude Oil (WTI) hit (HIGH) $150 in August?,will-wti-reach-150-in-august-2026,what-price-will-wti-hit-in-august-2026,2026-09-01T03:59:59.999Z,2026-08-31 23:19:01+00,471196.49,0,468
3096408,Will WTI Crude Oil (WTI) hit (HIGH) $140 in August?,will-wti-reach-140-in-august-2026,what-price-will-wti-hit-in-august-2026,2026-09-01T03:59:59.999Z,2026-08-31 23:19:01+00,407020.7,0,468
3096409,Will WTI Crude Oil (WTI) hit (HIGH) $130 in August?,will-wti-reach-130-in-august-2026,what-price-will-wti-hit-in-august-2026,2026-09-01T03:59:59.999Z,2026-08-31 23:20:00+00,416242.32,0,465
3096410,Will WTI Crude Oil (WTI) hit (HIGH) $120 in August?,will-wti-reach-120-in-august-2026,what-price-will-wti-hit-in-august-2026,2026-09-01T03:59:59.999Z,2026-08-31 23:18:51+00,494016.49,0,465
3096411,Will WTI Crude Oil (WTI) hit (HIGH) $110 in August?,will-wti-reach-110-in-august-2026,what-price-will-wti-hit-in-august-2026,2026-09-01T03:59:59.999Z,2026-08-31 23:18:36+00,664271.33,0,468
3096412,Will WTI Crude Oil (WTI) hit (HIGH) $100 in August?,will-wti-reach-100-in-august-2026,what-price-will-wti-hit-in-august-2026,2026-09-01T03:59:59.999Z,2026-08-31 23:19:01+00,842305.49,0,466
3096413,Will WTI Crude Oil (WTI) hit (HIGH) $90 in August?,will-wti-reach-90-in-august-2026,what-price-will-wti-hit-in-august-2026,2026-09-01T03:59:59.999Z,2026-08-31 23:20:00+00,1462952.35,0,468
3096415,Will WTI Crude Oil (WTI) hit (LOW) $70 in August?,will-wti-dip-to-70-in-august-2026,what-price-will-wti-hit-in-august-2026,2026-09-01T03:59:59.999Z,2026-08-31 23:18:33+00,520315.5,0,466
3096416,Will WTI Crude Oil (WTI) hit (LOW) $60 in August?,will-wti-dip-to-60-in-august-2026,what-price-will-wti-hit-in-august-2026,2026-09-01T03:59:59.999Z,2026-08-31 23:18:36+00,669041.74,0,468
3096417,Will WTI Crude Oil (WTI) hit (LOW) $50 in August?,will-wti-dip-to-50-in-august-2026,what-price-will-wti-hit-in-august-2026,2026-09-01T03:59:59.999Z,2026-08-31 23:18:51+00,67599.89,0,465
3096418,Will WTI Crude Oil (WTI) hit (LOW) $40 in August?,will-wti-dip-to-40-in-august-2026,what-price-will-wti-hit-in-august-2026,2026-09-01T03:59:59.999Z,2026-08-31 23:18:48+00,50393.66,0,468
3096419,Will WTI Crude Oil (WTI) hit (LOW) $30 in August?,will-wti-dip-to-30-in-august-2026,what-price-will-wti-hit-in-august-2026,2026-09-01T03:59:59.999Z,2026-08-31 23:18:51+00,49668.97,0,466
3096420,Will WTI Crude Oil (WTI) hit (LOW) $20 in August?,will-wti-dip-to-20-in-august-2026,what-price-will-wti-hit-in-august-2026,2026-09-01T03:59:59.999Z,2026-08-31 23:19:03+00,50150.94,0,468
3096434,Will Natural Gas (NG) hit (HIGH) $3.20 in August?,will-ng-reach-3-20-in-august-2026,what-price-will-ng-hit-in-august-2026,2026-09-01T03:59:59.999Z,2026-08-31 23:20:00+00,12051.24,0,466
3096436,Will Natural Gas (NG) hit (HIGH) $3.00 in August?,will-ng-reach-3-00-in-august-2026,what-price-will-ng-hit-in-august-2026,2026-09-01T03:59:59.999Z,2026-08-31 23:18:48+00,37870.43,0,468
3096440,Will Natural Gas (NG) hit (LOW) $2.60 in August?,will-ng-dip-to-2-60-in-august-2026,what-price-will-ng-hit-in-august-2026,2026-09-01T03:59:59.999Z,2026-08-31 23:18:36+00,21452.25,0,468
3099940,Will Lando Norris get pole position at the 2026 F1 Dutch Grand Prix?,f1-dutch-grand-prix-driver-pole-position-norris-2026-08-22,f1-dutch-grand-prix-driver-pole-position-2026-08-22,2026-08-29T14:00:00Z,2026-08-23 03:16:42+00,11151.09,1,256
3102462,Will WTI Crude Oil (WTI) hit (HIGH) $95 in August?,will-wti-reach-95-in-august-2026,what-price-will-wti-hit-in-august-2026,2026-09-01T03:59:59.999Z,2026-08-31 23:15:33+00,1281556.72,0,466
3102464,Will WTI Crude Oil (WTI) hit (HIGH) $105 in August?,will-wti-reach-105-in-august-2026,what-price-will-wti-hit-in-august-2026,2026-09-01T03:59:59.999Z,2026-08-31 23:17:15+00,584696.83,0,466
3102466,Will WTI Crude Oil (WTI) hit (HIGH) $115 in August?,will-wti-reach-115-in-august-2026,what-price-will-wti-hit-in-august-2026,2026-09-01T03:59:59.999Z,2026-08-31 23:18:36+00,489386.61,0,466
3102467,Will WTI Crude Oil (WTI) hit (LOW) $65 in August?,will-wti-dip-to-65-in-august-2026,what-price-will-wti-hit-in-august-2026,2026-09-01T03:59:59.999Z,2026-08-31 23:18:51+00,484638.6,0,465
3120558,Will Robin Peguero be the FL-27 Democratic nominee?,will-robin-peguero-be-the-fl-27-democratic-nominee-20260724190714941,fl-27-democratic-primary-winner-20260724190714940,2026-08-18T00:00:00Z,2026-08-19 03:20:42+00,15443.87,0,160
3120559,Will Eliott Rodriguez be the FL-27 Democratic nominee?,will-eliott-rodriguez-be-the-fl-27-democratic-nominee-20260724190714942,fl-27-democratic-primary-winner-20260724190714940,2026-08-18T00:00:00Z,2026-08-19 03:53:40+00,28683.03,1,160
3120568,Will Oliver Larkin be the FL-25 Democratic nominee?,will-oliver-larkin-be-the-fl-25-democratic-nominee-20260724190444062,fl-25-democratic-primary-winner-20260724190444061,2026-08-18T23:59:00Z,2026-08-19 01:57:42+00,55240.94,0,158
3120569,Will Jared Moskowitz be the FL-25 Democratic nominee?,will-jared-moskowitz-be-the-fl-25-democratic-nominee-20260724190444063,fl-25-democratic-primary-winner-20260724190444061,2026-08-18T23:59:00Z,2026-08-19 02:39:40+00,52032.67,1,159
3120577,Will Oliver Gilbert be the FL-24 Democratic nominee?,will-oliver-gilbert-be-the-fl-24-democratic-nominee-20260724190235593,fl-24-democratic-primary-winner-20260724190551253,2026-08-18T00:00:00Z,2026-08-19 04:18:40+00,15607.19,1,161
3120578,Will Shevrin Jones be the FL-24 Democratic nominee?,will-shevrin-jones-be-the-fl-24-democratic-nominee-20260724190235594,fl-24-democratic-primary-winner-20260724190551253,2026-08-18T00:00:00Z,2026-08-19 03:24:42+00,19283.81,0,160
3120606,Will James Martin be the FL-21 Democratic nominee?,will-james-martin-be-the-fl-21-democratic-nominee-20260724185824810,fl-21-democratic-primary-winner-20260724185824809,2026-08-18T00:00:00Z,2026-08-19 23:03:31+00,44337.65,1,180
3120607,Will Bernard Taylor be the FL-21 Democratic nominee?,will-bernard-taylor-be-the-fl-21-democratic-nominee-20260724185824811,fl-21-democratic-primary-winner-20260724185824809,2026-08-18T00:00:00Z,2026-08-19 20:43:12+00,48684.65,0,177
3120626,Will Ronnie Murchinson-Rivera be the FL-06 Democratic nominee?,will-ronnie-murchinson-rivera-be-the-fl-06-democratic-nominee-20260724185127315,fl-06-democratic-primary-winner-20260724185127312,2026-08-18T23:59:00Z,2026-08-19 02:55:42+00,12469.6,0,159
3120634,"Will LaShonda ""L.J."" Holloway be the FL-04 Democratic nominee?",will-lashonda-lptjpt-holloway-be-the-fl-04-democratic-nominee-20260724184459915,fl-04-democratic-primary-winner-20260724184459914,2026-08-18T00:00:00Z,2026-08-19 07:19:10+00,20878.76,1,164
3120635,Will Michael Kirwan be the FL-04 Democratic nominee?,will-michael-kirwan-be-the-fl-04-democratic-nominee-20260724184459916,fl-04-democratic-primary-winner-20260724184459914,2026-08-18T00:00:00Z,2026-08-19 07:14:43+00,10190.78,0,164
3120643,Will Yen Bailey be the FL-02 Democratic nominee?,will-yen-bailey-be-the-fl-02-democratic-nominee-20260724183800473,fl-02-democratic-primary-winner-20260724183800472,2026-08-18T00:00:00Z,2026-08-19 03:59:40+00,33001.06,0,160
3120645,Will Amanda Green be the FL-02 Democratic nominee?,will-amanda-green-be-the-fl-02-democratic-nominee-20260724183800475,fl-02-democratic-primary-winner-20260724183800472,2026-08-18T00:00:00Z,2026-08-19 04:54:28+00,19148.99,1,161
3120646,Will Nic Zateslo be the FL-02 Democratic nominee?,will-nic-zateslo-be-the-fl-02-democratic-nominee-20260724183800476,fl-02-democratic-primary-winner-20260724183800472,2026-08-18T00:00:00Z,2026-08-19 03:59:40+00,15903.98,0,160
3120761,"NATO x Russia military clash by August 31, 2026?",nato-x-russia-military-clash-by-august-31-2026,nato-x-russia-military-clash-in-2025,2026-09-01T03:59:00Z,2026-09-01 09:04:25+00,2122003.49,0,478
3121258,"Another NATO Article 4 invocation by August 31, 2026?",another-nato-article-4-invocation-by-august-31-2026-20260726214511852,another-nato-article-4-byptptpt-20260726214235871,2026-09-01T03:59:00Z,2026-09-01 06:47:01+00,145714.78,0,473
3121262,NATO downs another Russian drone by August 31?,nato-downs-another-russian-drone-by-august-31-20260726215001931,nato-downs-another-russian-drone-byptptpt-20260726214930818,2026-08-31T23:59:00Z,2026-08-23 00:33:31+00,485611.65,1,253
3128252,"Will Russia and Ukraine hold any diplomatic meeting by August 15, 2026?",will-russia-and-ukraine-hold-any-diplomatic-meeting-by-august-15-2026,russia-x-ukraine-any-diplomatic-meeting-byptptpt-20260629155934230,2026-08-15T23:59:00Z,2026-08-16 09:35:12+00,73435.49,0,94
3128290,Foreign intervention in Gaza by August 31?,foreign-intervention-in-gaza-by-august-31,foreign-intervention-in-gaza-by,2026-09-01T03:59:00Z,2026-09-01 06:46:49+00,115609.07,0,475
3128585,Will WTI Crude Oil (WTI) hit (LOW) $55 in August?,will-wti-dip-to-55-in-august-2026,what-price-will-wti-hit-in-august-2026,2026-09-01T03:59:59.999Z,2026-08-31 23:18:36+00,124457.96,0,465
3128885,Strait of Hormuz traffic returns to normal by August 15?,strait-of-hormuz-traffic-returns-to-normal-by-august-15-20260727171036148,strait-of-hormuz-traffic-returns-to-normal-by-august-31-20260702154212320,2026-08-16T03:59:00Z,2026-08-18 21:38:13+00,7192394.76,0,154
3141846,Will Richard Neal be the MA-01 Democratic nominee?,will-richard-neal-be-the-ma-01-democratic-nominee-20260727173754525,ma-01-democratic-primary-winner-20260727173754524,2026-09-01T23:59:00Z,2026-09-02 05:10:00+00,79034.92,1,497
3141847,Will Jeromie Whalen be the MA-01 Democratic nominee?,will-jeromie-whalen-be-the-ma-01-democratic-nominee-20260727173754526,ma-01-democratic-primary-winner-20260727173754524,2026-09-01T23:59:00Z,2026-09-02 05:10:00+00,52796.94,0,495
3141888,Will Jake Auchincloss be the MA-04 Democratic nominee?,will-jake-auchincloss-be-the-ma-04-democratic-nominee-20260727180932561,ma-04-democratic-primary-winner-20260727180932560,2026-09-01T23:59:00Z,2026-09-02 03:25:00+00,13639.15,1,493
3142977,Will Georgia Tree win the 2026 Secret Harbour state by-election?,will-georgia-tree-win-the-2026-secret-harbour-state-by-election-20260727232510800,secret-harbour-state-by-election-winner-20260727232510799,2026-08-29T23:59:00Z,2026-08-30 03:19:33+00,69786.63,0,422
3142978,Will Ryan Robertson win the 2026 Secret Harbour state by-election?,will-ryan-robertson-win-the-2026-secret-harbour-state-by-election-20260727232510801,secret-harbour-state-by-election-winner-20260727232510799,2026-08-29T23:59:00Z,2026-08-30 01:07:58+00,24308.25,0,421
3142979,Will Luke Herdegen win the 2026 Secret Harbour state by-election?,will-luke-herdegen-win-the-2026-secret-harbour-state-by-election-20260727232510802,secret-harbour-state-by-election-winner-20260727232510799,2026-08-29T23:59:00Z,2026-08-30 03:19:33+00,68909.7,1,422
3143051,Will Philadelphia Union win on 2026-08-13?,lec-phi-san-2026-08-13-phi,lec-phi-san-2026-08-13,2026-08-13T23:00:00Z,2026-08-14 03:03:00+00,146306.1,0,40
3143052,Will Philadelphia Union vs. Club Santos Laguna end in a draw?,lec-phi-san-2026-08-13-draw,lec-phi-san-2026-08-13,2026-08-13T23:00:00Z,2026-08-14 03:03:00+00,24724.07,0,40
3143053,Will Club Santos Laguna win on 2026-08-13?,lec-phi-san-2026-08-13-san,lec-phi-san-2026-08-13,2026-08-13T23:00:00Z,2026-08-14 03:41:42+00,64462.04,1,40
3143054,Will New York City FC win on 2026-08-13?,lec-nyc-nec-2026-08-13-nyc,lec-nyc-nec-2026-08-13,2026-08-13T23:30:00Z,2026-08-14 03:37:01+00,134560.9,0,40
3143055,Will New York City FC vs. Club Necaxa end in a draw?,lec-nyc-nec-2026-08-13-draw,lec-nyc-nec-2026-08-13,2026-08-13T23:30:00Z,2026-08-14 03:36:28+00,12261.83,0,40
3143056,Will Club Necaxa win on 2026-08-13?,lec-nyc-nec-2026-08-13-nec,lec-nyc-nec-2026-08-13,2026-08-13T23:30:00Z,2026-08-14 04:07:12+00,54063.55,1,41
3143057,Will CF América win on 2026-08-13?,lec-ame-aus-2026-08-13-ame,lec-ame-aus-2026-08-13,2026-08-14T00:30:00Z,2026-08-14 04:37:43+00,621911.82,0,41
3143058,Will CF América vs. Austin FC end in a draw?,lec-ame-aus-2026-08-13-draw,lec-ame-aus-2026-08-13,2026-08-14T00:30:00Z,2026-08-14 05:19:30+00,75624.68,1,42
3143059,Will Austin FC win on 2026-08-13?,lec-ame-aus-2026-08-13-aus,lec-ame-aus-2026-08-13,2026-08-14T00:30:00Z,2026-08-14 04:37:43+00,198586.88,0,41
3143060,Will CF Cruz Azul win on 2026-08-13?,lec-caz-chi-2026-08-13-caz,lec-caz-chi-2026-08-13,2026-08-14T01:00:00Z,2026-08-14 05:09:31+00,138750.01,0,42
3143061,Will CF Cruz Azul vs. Chicago Fire FC end in a draw?,lec-caz-chi-2026-08-13-draw,lec-caz-chi-2026-08-13,2026-08-14T01:00:00Z,2026-08-14 05:09:31+00,135402.57,0,42
3143062,Will Chicago Fire FC win on 2026-08-13?,lec-caz-chi-2026-08-13-chi,lec-caz-chi-2026-08-13,2026-08-14T01:00:00Z,2026-08-14 05:40:42+00,154653.01,1,42
3143063,Will Portland Timbers win on 2026-08-13?,lec-por-tij-2026-08-13-por,lec-por-tij-2026-08-13,2026-08-14T02:30:00Z,2026-08-14 07:06:42+00,271270.1,1,44
3143064,Will Portland Timbers vs. Club Tijuana end in a draw?,lec-por-tij-2026-08-13-draw,lec-por-tij-2026-08-13,2026-08-14T02:30:00Z,2026-08-14 06:36:43+00,30111.56,0,43
3143065,Will Club Tijuana win on 2026-08-13?,lec-por-tij-2026-08-13-tij,lec-por-tij-2026-08-13,2026-08-14T02:30:00Z,2026-08-14 06:36:43+00,69163.02,0,43
3143401,Will Péter Bárándy be the next President of Hungary?,will-peter-barandy-be-the-next-president-of-hungary-20260727223857456,next-president-of-hungary-20260727225539504,2026-08-18T23:59:00Z,2026-08-19 10:26:42+00,11955.68,0,167
3143403,Will Ignác Romsics be the next President of Hungary?,will-ignac-romsics-be-the-next-president-of-hungary-20260727223857458,next-president-of-hungary-20260727225539504,2026-08-18T23:59:00Z,2026-08-19 10:27:40+00,12922.7,0,167
3143405,Will Adrienn Laczó be the next President of Hungary?,will-adrienn-laczo-be-the-next-president-of-hungary-20260727223857460,next-president-of-hungary-20260727225539504,2026-08-18T23:59:00Z,2026-08-19 10:23:40+00,20292.13,0,167
3143407,Will Botond Fülöp be the next President of Hungary?,will-botond-flp-be-the-next-president-of-hungary,next-president-of-hungary-20260727225539504,2026-08-18T23:59:00Z,2026-08-19 10:22:12+00,20759.11,0,167
3143408,Will András Baka be the next President of Hungary?,will-andrs-baka-be-the-next-president-of-hungary,next-president-of-hungary-20260727225539504,2026-08-18T23:59:00Z,2026-08-19 10:47:40+00,17259.66,1,167
3143473,Exact Score: Philadelphia Union 1 - 2 Club Santos Laguna?,lec-phi-san-2026-08-13-exact-score-1-2,lec-phi-san-2026-08-13-exact-score,2026-08-13T23:00:00Z,2026-08-14 03:02:43+00,10979.59,0,40
3143526,Exact Score: CF América 2 - 1 Austin FC?,lec-ame-aus-2026-08-13-exact-score-2-1,lec-ame-aus-2026-08-13-exact-score,2026-08-14T00:30:00Z,2026-08-14 04:37:43+00,10172.69,0,41
3143551,Exact Score: CF Cruz Azul 1 - 2 Chicago Fire FC?,lec-caz-chi-2026-08-13-exact-score-1-2,lec-caz-chi-2026-08-13-exact-score,2026-08-14T01:00:00Z,2026-08-14 05:40:42+00,12044.33,1,42
3143614,Spread: Portland Timbers (-1.5),lec-por-tij-2026-08-13-spread-home-1pt5,lec-por-tij-2026-08-13-more-markets,2026-08-14T02:30:00Z,2026-08-14 06:35:43+00,42261.13,1,43
3143615,Spread: Club Tijuana (-1.5),lec-por-tij-2026-08-13-spread-away-1pt5,lec-por-tij-2026-08-13-more-markets,2026-08-14T02:30:00Z,2026-08-14 06:35:43+00,11531.55,0,43
3143619,Portland Timbers vs. Club Tijuana: O/U 1.5,lec-por-tij-2026-08-13-total-1pt5,lec-por-tij-2026-08-13-more-markets,2026-08-14T02:30:00Z,2026-08-14 06:35:37+00,20723.34,1,43
3143620,Portland Timbers vs. Club Tijuana: O/U 2.5,lec-por-tij-2026-08-13-total-2pt5,lec-por-tij-2026-08-13-more-markets,2026-08-14T02:30:00Z,2026-08-14 06:35:37+00,37158.85,1,43
3143621,Portland Timbers vs. Club Tijuana: O/U 3.5,lec-por-tij-2026-08-13-total-3pt5,lec-por-tij-2026-08-13-more-markets,2026-08-14T02:30:00Z,2026-08-14 06:35:37+00,50784.76,1,43
3143622,Portland Timbers vs. Club Tijuana: O/U 4.5,lec-por-tij-2026-08-13-total-4pt5,lec-por-tij-2026-08-13-more-markets,2026-08-14T02:30:00Z,2026-08-14 06:35:37+00,53417.9,0,43
3143623,Portland Timbers vs. Club Tijuana: O/U 5.5,lec-por-tij-2026-08-13-total-5pt5,lec-por-tij-2026-08-13-more-markets,2026-08-14T02:30:00Z,2026-08-14 06:35:37+00,32968.0,0,43
3143624,Portland Timbers vs. Club Tijuana: Both Teams to Score,lec-por-tij-2026-08-13-btts,lec-por-tij-2026-08-13-more-markets,2026-08-14T02:30:00Z,2026-08-14 06:35:30+00,16240.24,1,43
3143648,Spread: Chicago Fire FC (-1.5),lec-caz-chi-2026-08-13-spread-away-1pt5,lec-caz-chi-2026-08-13-more-markets,2026-08-14T01:00:00Z,2026-08-14 05:08:30+00,10698.95,0,42
3143651,CF Cruz Azul vs. Chicago Fire FC: O/U 0.5,lec-caz-chi-2026-08-13-total-0pt5,lec-caz-chi-2026-08-13-more-markets,2026-08-14T01:00:00Z,2026-08-14 05:08:30+00,40033.51,1,42
3143652,CF Cruz Azul vs. Chicago Fire FC: O/U 1.5,lec-caz-chi-2026-08-13-total-1pt5,lec-caz-chi-2026-08-13-more-markets,2026-08-14T01:00:00Z,2026-08-14 05:08:22+00,35826.51,1,42
3143653,CF Cruz Azul vs. Chicago Fire FC: O/U 2.5,lec-caz-chi-2026-08-13-total-2pt5,lec-caz-chi-2026-08-13-more-markets,2026-08-14T01:00:00Z,2026-08-14 05:08:22+00,43071.8,1,42
3143657,CF Cruz Azul vs. Chicago Fire FC: Both Teams to Score,lec-caz-chi-2026-08-13-btts,lec-caz-chi-2026-08-13-more-markets,2026-08-14T01:00:00Z,2026-08-14 05:08:22+00,25756.03,1,42
3143659,CF Cruz Azul vs. Chicago Fire FC: 1st Half O/U 0.5,lec-caz-chi-2026-08-13-first-half-total-0pt5,lec-caz-chi-2026-08-13-more-markets,2026-08-14T01:00:00Z,2026-08-14 05:09:30+00,17643.74,0,42
3143681,Spread: CF América (-1.5),lec-ame-aus-2026-08-13-spread-home-1pt5,lec-ame-aus-2026-08-13-more-markets,2026-08-14T00:30:00Z,2026-08-14 04:49:28+00,31214.68,0,41
3143682,Spread: Austin FC (-1.5),lec-ame-aus-2026-08-13-spread-away-1pt5,lec-ame-aus-2026-08-13-more-markets,2026-08-14T00:30:00Z,2026-08-14 04:49:28+00,30419.65,0,41
3143685,CF América vs. Austin FC: O/U 0.5,lec-ame-aus-2026-08-13-total-0pt5,lec-ame-aus-2026-08-13-more-markets,2026-08-14T00:30:00Z,2026-08-14 04:49:28+00,17171.52,1,41
3143686,CF América vs. Austin FC: O/U 1.5,lec-ame-aus-2026-08-13-total-1pt5,lec-ame-aus-2026-08-13-more-markets,2026-08-14T00:30:00Z,2026-08-14 04:49:28+00,46014.2,1,41
3143687,CF América vs. Austin FC: O/U 2.5,lec-ame-aus-2026-08-13-total-2pt5,lec-ame-aus-2026-08-13-more-markets,2026-08-14T00:30:00Z,2026-08-14 04:49:28+00,72675.51,0,41
3143688,CF América vs. Austin FC: O/U 3.5,lec-ame-aus-2026-08-13-total-3pt5,lec-ame-aus-2026-08-13-more-markets,2026-08-14T00:30:00Z,2026-08-14 04:49:28+00,21298.26,0,41
3143691,CF América vs. Austin FC: Both Teams to Score,lec-ame-aus-2026-08-13-btts,lec-ame-aus-2026-08-13-more-markets,2026-08-14T00:30:00Z,2026-08-14 04:49:22+00,33359.24,1,41
3143720,New York City FC vs. Club Necaxa: O/U 2.5,lec-nyc-nec-2026-08-13-total-2pt5,lec-nyc-nec-2026-08-13-more-markets,2026-08-13T23:30:00Z,2026-08-14 03:35:45+00,16963.39,1,40
3143721,New York City FC vs. Club Necaxa: O/U 3.5,lec-nyc-nec-2026-08-13-total-3pt5,lec-nyc-nec-2026-08-13-more-markets,2026-08-13T23:30:00Z,2026-08-14 03:36:00+00,69847.07,0,40
3143761,Spread: Philadelphia Union (-1.5),lec-phi-san-2026-08-13-spread-home-1pt5,lec-phi-san-2026-08-13-more-markets,2026-08-13T23:00:00Z,2026-08-14 03:02:03+00,38651.62,0,40
3143765,Philadelphia Union vs. Club Santos Laguna: O/U 0.5,lec-phi-san-2026-08-13-total-0pt5,lec-phi-san-2026-08-13-more-markets,2026-08-13T23:00:00Z,2026-08-14 03:02:00+00,10205.09,1,40
3143766,Philadelphia Union vs. Club Santos Laguna: O/U 1.5,lec-phi-san-2026-08-13-total-1pt5,lec-phi-san-2026-08-13-more-markets,2026-08-13T23:00:00Z,2026-08-14 03:02:00+00,15452.58,1,40
3143767,Philadelphia Union vs. Club Santos Laguna: O/U 2.5,lec-phi-san-2026-08-13-total-2pt5,lec-phi-san-2026-08-13-more-markets,2026-08-13T23:00:00Z,2026-08-14 03:01:52+00,34705.63,0,40
3143768,Philadelphia Union vs. Club Santos Laguna: O/U 3.5,lec-phi-san-2026-08-13-total-3pt5,lec-phi-san-2026-08-13-more-markets,2026-08-13T23:00:00Z,2026-08-14 03:01:52+00,27719.38,0,40
3143769,Philadelphia Union vs. Club Santos Laguna: O/U 4.5,lec-phi-san-2026-08-13-total-4pt5,lec-phi-san-2026-08-13-more-markets,2026-08-13T23:00:00Z,2026-08-14 03:01:45+00,13786.7,0,40
3145200,"Will Donald Trump publicly insult someone on August 13, 2026?",will-donald-trump-publicly-insult-someone-on-august-13-2026-20260724221849644,will-trump-publicly-insult-someone-onptptpt-20260724221849631,2026-08-14T03:59:00Z,2026-08-13 23:20:13+00,87209.48,1,36
3145210,"Will Donald Trump publicly insult someone on August 23, 2026?",will-donald-trump-publicly-insult-someone-on-august-23-2026-20260724221849654,will-trump-publicly-insult-someone-onptptpt-20260724221849631,2026-08-24T03:59:00Z,2026-08-29 00:31:30+00,826048.27,0,396
3145215,"Will Donald Trump publicly insult someone on August 28, 2026?",will-donald-trump-publicly-insult-someone-on-august-28-2026-20260724221849659,will-trump-publicly-insult-someone-onptptpt-20260724221849631,2026-08-29T03:59:00Z,2026-08-28 22:39:54+00,10403.65,1,393
3145216,"Will Donald Trump publicly insult someone on August 29, 2026?",will-donald-trump-publicly-insult-someone-on-august-29-2026-20260724221849660,will-trump-publicly-insult-someone-onptptpt-20260724221849631,2026-08-30T03:59:00Z,2026-08-30 09:12:28+00,13880.74,1,428
3145329,"Will Iran target Ukraine by August 31, 2026?",will-iran-target-ukraine-by-august-31-2026-20260727234956917,will-iran-target-ukraine-byptptpt-20260727234956916,2026-08-31T20:59:00Z,2026-09-01 09:14:01+00,339031.27,0,478
3176902,Will Águilas Doradas Rionegro win on 2026-08-09?,col1-gdr-llf-2026-08-09-gdr,col1-gdr-llf-2026-08-09,2026-08-19T21:00:00Z,2026-08-20 01:02:13+00,32534.1,0,182
3176913,Will Llaneros FC win on 2026-08-09?,col1-gdr-llf-2026-08-09-llf,col1-gdr-llf-2026-08-09,2026-08-19T21:00:00Z,2026-08-20 01:01:43+00,122407.77,0,182
3187538,Will María Corina Machado enter Venezuela by August 31?,will-maria-corina-machado-enter-venezuela-by-august-31-20260728195644465,will-mara-corina-machado-enter-venezuela-by-january-31,2026-09-01T03:59:00Z,2026-09-01 06:27:13+00,10684.31,0,472
3190237,"Andrew Tate released from custody by August 31, 2026?",andrew-tate-released-from-custody-by-august-31-2026-20260728183326903,andrew-tate-released-from-custody-byptptpt-20260719023459650,2026-09-01T03:59:00Z,2026-09-01 06:32:30+00,92191.05,0,473
3192117,"Will Trump say ""Sucker"" in August?",will-trump-say-sucker-in-august-20260728220215908,what-will-trump-say-in-august-20260728181847522,2026-08-31T23:59:00Z,2026-09-01 06:22:00+00,11946.41,0,475
3192137,"Will Trump say ""Soaking Wet"" in August?",will-trump-say-soaking-wet-in-august-20260728220215928,what-will-trump-say-in-august-20260728181847522,2026-08-31T23:59:00Z,2026-09-01 06:08:58+00,13330.2,0,473
3192360,"Will the next Claude Opus model be released by August 31, 2026?",will-the-next-claude-opus-model-be-released-by-august-31-2026-20260727142323913,next-claude-opus-released-byptptpt-20260727142323912,2026-09-01T03:59:00Z,2026-09-01 06:05:03+00,41514.74,0,475
3195077,Will David Morales be the Democratic nominee for Mayor of Providence?,will-david-morales-be-the-democratic-nominee-for-mayor-of-providence-20260727182320464,who-will-win-the-democratic-nomination-for-providence-rhode-island-mayor-20260727182320462,2026-09-09T23:59:00Z,2026-09-10 02:42:43+00,56483.11,1,687
3195078,Will Brett Smiley be the Democratic nominee for Mayor of Providence?,will-brett-smiley-be-the-democratic-nominee-for-mayor-of-providence-20260727182320465,who-will-win-the-democratic-nomination-for-providence-rhode-island-mayor-20260727182320462,2026-09-09T23:59:00Z,2026-09-10 02:42:42+00,37396.27,0,686
3203590,"Will Israel launch a ground operation in Iran by August 31, 2026?",will-israel-launch-a-ground-operation-in-iran-by-august-31-2026,israel-ground-operation-in-iran-confirmed-by,2026-09-01T03:59:00Z,2026-09-01 07:07:46+00,56683.27,0,474
3203595,US obtains Iranian enriched uranium by August 31?,us-obtains-iranian-enriched-uranium-by-august-31,us-obtains-iranian-enriched-uranium-by,2026-09-01T03:59:00Z,2026-09-01 08:25:46+00,65752.66,0,477
3204390,0 ships transit Hormuz on any date by August 31?,0-ships-transit-hormuz-on-any-date-by-august-31,0-ships-transit-hormuz-on-any-date-byptpt-20260626172559966,2026-09-01T03:59:00Z,2026-09-09 16:42:31+00,123419.25,0,676
3205507,"Gemini 4.0 released by August 31, 2026?",gemini-4pt0-released-by-august-31-2026,gemini-4pt0-released-by-june-30-2026,2026-09-01T03:59:00Z,2026-09-01 06:02:49+00,61740.93,0,473
3206142,"Will the next Google Gemini Pro model be released by August 14, 2026?",will-the-next-google-gemini-pro-model-be-released-by-august-14-2026,next-google-gemini-pro-model-released-byptptpt,2026-08-15T03:59:00Z,2026-08-15 06:00:57+00,245974.65,0,67
3206143,"Will the next Google Gemini Pro model be released by August 21, 2026?",will-the-next-google-gemini-pro-model-be-released-by-august-21-2026,next-google-gemini-pro-model-released-byptptpt,2026-08-22T03:59:00Z,2026-08-22 06:01:12+00,127354.01,0,235
3207791,"Will the next Google Gemini Pro model be released on August 27, 2026?",will-the-next-google-gemini-pro-model-be-released-on-august-27-2026-20260729182045902,next-google-gemini-pro-model-released-onptptpt-20260729182045875,2026-08-28T03:59:00Z,2026-08-28 06:03:10+00,10503.62,0,378
3207795,"Will the next Google Gemini Pro model be released on August 31, 2026?",will-the-next-google-gemini-pro-model-be-released-on-august-31-2026-20260729182045906,next-google-gemini-pro-model-released-onptptpt-20260729182045875,2026-09-01T03:59:00Z,2026-09-01 06:03:34+00,10195.94,0,473
3207796,"Will there be no next Google Gemini Pro model release by August 31, 2026?",will-there-be-no-next-google-gemini-pro-model-release-by-august-31-2026-20260729182045907,next-google-gemini-pro-model-released-onptptpt-20260729182045875,2026-09-01T03:59:00Z,2026-09-01 06:03:49+00,89986.97,1,472
3207811,"Iran successfully targets shipping on August 13, 2026?",iran-successfully-targets-shipping-on-august-13-2026-20260729163314533,iran-successfully-targets-shipping-onptptpt-20260729163314520,2026-08-13T23:59:00Z,2026-08-15 02:58:55+00,13778.14,1,63
3207812,"Iran successfully targets shipping on August 14, 2026?",iran-successfully-targets-shipping-on-august-14-2026-20260729163314534,iran-successfully-targets-shipping-onptptpt-20260729163314520,2026-08-14T23:59:00Z,2026-08-16 04:14:00+00,30221.41,1,89
3207813,"Iran successfully targets shipping on August 15, 2026?",iran-successfully-targets-shipping-on-august-15-2026-20260729163314535,iran-successfully-targets-shipping-onptptpt-20260729163314520,2026-08-15T23:59:00Z,2026-08-19 06:28:12+00,11030.19,0,163
3207822,"Iran successfully targets shipping on August 24, 2026?",iran-successfully-targets-shipping-on-august-24-2026-20260729163314544,iran-successfully-targets-shipping-onptptpt-20260729163314520,2026-08-24T23:59:00Z,2026-08-29 01:23:00+00,11933.2,0,397
3207829,"Iran successfully targets shipping on August 31, 2026?",iran-successfully-targets-shipping-on-august-31-2026-20260729163314551,iran-successfully-targets-shipping-onptptpt-20260729163314520,2026-08-31T20:29:00Z,2026-09-04 16:16:03+00,47558.73,1,556
3210140,Will Claude go down 5-7 times in August?,will-claude-go-down-5-7-times-in-august-20260728182414702,will-claude-go-down-on-days-in-august-20260728182414700,2026-08-31T23:59:00Z,2026-09-01 06:11:28+00,18068.22,1,472
3210141,Will Claude go down 8-10 times in August?,will-claude-go-down-8-10-times-in-august-20260728182414703,will-claude-go-down-on-days-in-august-20260728182414700,2026-08-31T23:59:00Z,2026-09-01 06:09:28+00,15374.73,0,473
3210160,Will USD be less than 1.7M Iranian rials on August 31?,will-usd-be-less-than-1pt7m-iranian-rials-on-august-31-20260728205517246,usd-x-iranian-rials-end-of-august-20260728205517245,2026-08-31T23:59:00Z,2026-09-02 02:34:00+00,15535.56,0,494
3210162,Will USD be between 1.8M and 1.9M Iranian rials on August 31?,will-usd-be-between-1pt8m-and-1pt9m-iranian-rials-on-august-31-20260728205517248,usd-x-iranian-rials-end-of-august-20260728205517245,2026-08-31T23:59:00Z,2026-09-02 02:35:00+00,23601.33,0,492
3210163,Will USD be between 1.9M and 2.0M Iranian rials on August 31?,will-usd-be-between-1pt9m-and-2pt0m-iranian-rials-on-august-31-20260728205517249,usd-x-iranian-rials-end-of-august-20260728205517245,2026-08-31T23:59:00Z,2026-09-02 02:35:00+00,39040.14,0,491
3210164,Will USD be between 2.0M and 2.1M Iranian rials on August 31?,will-usd-be-between-2pt0m-and-2pt1m-iranian-rials-on-august-31-20260728205517250,usd-x-iranian-rials-end-of-august-20260728205517245,2026-08-31T23:59:00Z,2026-09-02 02:35:00+00,42378.53,0,491
3210165,Will USD be between 2.1M and 2.2M Iranian rials on August 31?,will-usd-be-between-2pt1m-and-2pt2m-iranian-rials-on-august-31-20260728205517251,usd-x-iranian-rials-end-of-august-20260728205517245,2026-08-31T23:59:00Z,2026-09-02 02:35:00+00,45875.27,1,492
3210166,Will USD be at least 2.2M Iranian rials on August 31?,will-usd-be-at-least-2pt2m-iranian-rials-on-august-31-20260728205517252,usd-x-iranian-rials-end-of-august-20260728205517245,2026-08-31T23:59:00Z,2026-09-02 02:35:00+00,26205.53,0,492
3211908,Will Anthropic have the best AI model on LiveBench (Overall) at the end of August 2026?,will-anthropic-have-the-best-ai-model-on-livebench-overall-at-the-end-of-august-2026-20260728170525238,which-company-has-the-best-ai-model-on-livebench-overall-end-of-august-20260728170525237,2026-09-01T03:59:00Z,2026-08-31 18:11:51+00,10463.54,1,461
3211992,Will Anthropic have the best AI model on LiveBench (Coding) at the end of August 2026?,will-anthropic-have-the-best-ai-model-on-livebench-coding-at-the-end-of-august-2026-20260728170949211,which-company-has-the-best-ai-model-on-livebench-coding-end-of-august-20260728170949210,2026-09-01T03:59:00Z,2026-08-31 19:07:58+00,24798.2,1,464
3212408,Will Régis Gaudreault win the 2026 Chicoutimi—Le Fjord by-election?,will-regis-gaudreault-win-the-2026-chicoutimile-fjord-by-election-20260729185915438,chicoutimile-fjord-by-election-winner-20260729185915437,2026-08-31T23:59:00Z,2026-09-01 08:25:31+00,26970.69,0,477
3212409,Will Caroline Dubé win the 2026 Chicoutimi—Le Fjord by-election?,will-caroline-dube-win-the-2026-chicoutimile-fjord-by-election-20260729185915439,chicoutimile-fjord-by-election-winner-20260729185915437,2026-08-31T23:59:00Z,2026-09-01 08:25:31+00,53424.32,0,475
3212410,Will Daniel Gobeil win the 2026 Chicoutimi—Le Fjord by-election?,will-daniel-gobeil-win-the-2026-chicoutimile-fjord-by-election-20260729185915440,chicoutimile-fjord-by-election-winner-20260729185915437,2026-08-31T23:59:00Z,2026-09-01 08:24:48+00,58169.97,1,475
3213957,Will Elon Musk’s net worth be between $600B and $700B on August 31?,will-elon-musks-net-worth-be-between-600b-and-700b-on-august-31-20260729193710110,elon-musk-net-worth-on-august-31-20260729193358764,2026-08-31T23:59:00Z,2026-09-01 06:08:00+00,12771.04,0,475
3213958,Will Elon Musk’s net worth be between $700B and $800B on August 31?,will-elon-musks-net-worth-be-between-700b-and-800b-on-august-31-20260729193710111,elon-musk-net-worth-on-august-31-20260729193358764,2026-08-31T23:59:00Z,2026-09-01 06:07:34+00,16850.31,0,473
3213959,Will Elon Musk’s net worth be between $800B and $900B on August 31?,will-elon-musks-net-worth-be-between-800b-and-900b-on-august-31-20260729193710112,elon-musk-net-worth-on-august-31-20260729193358764,2026-08-31T23:59:00Z,2026-09-01 06:07:34+00,24909.02,1,475
3213960,Will Elon Musk’s net worth be between $900B and $1.00T on August 31?,will-elon-musks-net-worth-be-between-900b-and-1pt00t-on-august-31-20260729193710113,elon-musk-net-worth-on-august-31-20260729193358764,2026-08-31T23:59:00Z,2026-09-01 06:08:00+00,15460.52,0,475
3213961,Will Elon Musk’s net worth be between $1.00T and $1.10T on August 31?,will-elon-musks-net-worth-be-between-1pt00t-and-1pt10t-on-august-31-20260729193710114,elon-musk-net-worth-on-august-31-20260729193358764,2026-08-31T23:59:00Z,2026-09-01 06:08:00+00,11434.54,0,475
3213962,Will Elon Musk’s net worth be at least $1.10T on August 31?,will-elon-musks-net-worth-be-at-least-1pt10t-on-august-31-20260729193710115,elon-musk-net-worth-on-august-31-20260729193358764,2026-08-31T23:59:00Z,2026-09-01 06:08:00+00,13489.15,0,473
3214898,Will Bruno Mars have the greatest number of monthly Spotify listeners this month?,will-bruno-mars-have-the-greatest-number-of-monthly-spotify-listeners-this-month-20260729185327700,top-spotify-artist-in-august-20260730002431090,2026-08-31T23:59:00Z,2026-08-31 18:50:31+00,16788.81,1,463
3220771,Patriots vs. Seahawks,nfl-ne-sea-2026-09-10,nfl-ne-sea-2026-09-10,2026-09-10T00:20:00Z,2026-09-10 03:41:40+00,2485968.3,0,684
3222543,Will Independiente del Valle win on 2026-08-11?,lib-tol-ind1-2026-08-11-ind1,lib-tol-ind1-2026-08-11,2026-08-19T00:30:00Z,2026-08-19 05:01:42+00,79752.22,1,162
3222951,"Will the Ornn H100 Index be between $2.25 and $2.50 on August 31, 2026?",will-the-ornn-h100-index-be-between-2pt25-and-2pt50-on-august-31-2026-1785423806193,gpu-rental-prices-h100-end-of-august-1785423806191,2026-08-31T23:59:00Z,2026-09-01 22:17:49+00,10603.28,0,489
3222953,"Will the Ornn H100 Index be between $2.75 and $3.00 on August 31, 2026?",will-the-ornn-h100-index-be-between-2pt75-and-3pt00-on-august-31-2026-1785423806195,gpu-rental-prices-h100-end-of-august-1785423806191,2026-08-31T23:59:00Z,2026-09-01 22:18:31+00,11135.8,1,489
3222979,"Will the Ornn H200 Index be between $4.00 and $4.50 on August 31, 2026?",will-the-ornn-h200-index-be-between-4pt00-and-4pt50-on-august-31-2026-1785423806393,gpu-rental-prices-h200-end-of-august-1785423806391,2026-08-31T23:59:00Z,2026-09-01 22:18:31+00,18578.54,1,489
3222980,"Will the Ornn H200 Index be between $4.50 and $5.00 on August 31, 2026?",will-the-ornn-h200-index-be-between-4pt50-and-5pt00-on-august-31-2026-1785423806394,gpu-rental-prices-h200-end-of-august-1785423806391,2026-08-31T23:59:00Z,2026-09-01 23:26:00+00,12459.13,0,489
3223003,"Will the Ornn B200 Index be between $5.50 and $6.00 on August 31, 2026?",will-the-ornn-b200-index-be-between-5pt50-and-6pt00-on-august-31-2026-1785423806593,gpu-rental-prices-b200-end-of-august-1785423806591,2026-08-31T23:59:00Z,2026-09-01 22:17:49+00,12194.46,0,491
3223004,"Will the Ornn B200 Index be between $6.00 and $6.50 on August 31, 2026?",will-the-ornn-b200-index-be-between-6pt00-and-6pt50-on-august-31-2026-1785423806594,gpu-rental-prices-b200-end-of-august-1785423806591,2026-08-31T23:59:00Z,2026-09-01 22:17:19+00,28124.34,1,491
3223005,"Will the Ornn B200 Index be between $6.50 and $7.00 on August 31, 2026?",will-the-ornn-b200-index-be-between-6pt50-and-7pt00-on-august-31-2026-1785423806595,gpu-rental-prices-b200-end-of-august-1785423806591,2026-08-31T23:59:00Z,2026-09-01 22:16:21+00,13022.51,0,491
3223019,"Will the Ornn A100 Index be between $1.00 and $1.25 on August 31, 2026?",will-the-ornn-a100-index-be-between-1pt00-and-1pt25-on-august-31-2026-1785423806795,gpu-rental-prices-a100-end-of-august-1785423806791,2026-08-31T23:59:00Z,2026-09-01 22:17:19+00,33257.43,1,489
3223044,"Will the Ornn RTX 5090 Index be between $0.45 and $0.50 on August 31, 2026?",will-the-ornn-rtx-5090-index-be-between-0pt45-and-0pt50-on-august-31-2026-1785423806994,gpu-rental-prices-rtx-5090-end-of-august-1785423806991,2026-08-31T23:59:00Z,2026-09-01 22:16:49+00,20136.89,0,489
3223045,"Will the Ornn RTX 5090 Index be between $0.50 and $0.55 on August 31, 2026?",will-the-ornn-rtx-5090-index-be-between-0pt50-and-0pt55-on-august-31-2026-1785423806995,gpu-rental-prices-rtx-5090-end-of-august-1785423806991,2026-08-31T23:59:00Z,2026-09-01 22:18:31+00,13117.17,1,491
3229951,Will Abha Saudi Club win on 2026-08-13?,spl-abh-haz-2026-08-13-abh,spl-abh-haz-2026-08-13,2026-08-13T16:15:00Z,2026-08-13 20:12:15+00,15051.09,0,33
3229954,Will Al Hazem SC win on 2026-08-13?,spl-abh-haz-2026-08-13-haz,spl-abh-haz-2026-08-13,2026-08-13T16:15:00Z,2026-08-13 20:39:43+00,22066.14,1,33
3229962,Will Al Shabab Saudi Club win on 2026-08-13?,spl-sha-qad-2026-08-13-sha,spl-sha-qad-2026-08-13,2026-08-13T18:00:00Z,2026-08-13 22:03:01+00,17343.35,0,35
3229965,Will Al Qadisiyah Saudi Club win on 2026-08-13?,spl-sha-qad-2026-08-13-qad,spl-sha-qad-2026-08-13,2026-08-13T18:00:00Z,2026-08-14 00:16:45+00,22493.27,1,37
3229970,Will Al Diraiyah Saudi Club win on 2026-08-13?,spl-dir-ahl-2026-08-13-dir,spl-dir-ahl-2026-08-13,2026-08-13T18:00:00Z,2026-08-13 22:03:31+00,27311.84,0,35
3229972,Will Al Ahli Saudi Club win on 2026-08-13?,spl-dir-ahl-2026-08-13-ahl,spl-dir-ahl-2026-08-13,2026-08-13T18:00:00Z,2026-08-14 00:16:13+00,37518.5,1,37
3230009,Exact Score: Abha Saudi Club 3 - 1 Al Hazem SC?,spl-abh-haz-2026-08-13-exact-score-3-1,spl-abh-haz-2026-08-13-exact-score,2026-08-13T16:15:00Z,2026-08-13 20:12:15+00,10430.34,0,33
3231221,Situational Awareness raises new capital by August 31?,situational-awareness-raises-new-capital-by-august-31-20260730182353379-262,situational-awareness-raises-new-capital-by-august-31-20260730182353379,2026-09-01T03:59:00Z,2026-09-01 08:13:46+00,60144.66,0,475
3231246,"Situational Awareness announces fund wind-down by August 31, 2026?",untitled-market-1-20260730180943686,situational-awareness-announces-fund-wind-down-byptptpt-20260730181230095,2026-09-01T03:59:00Z,2026-09-01 07:03:13+00,66170.9,0,473
3231768,Pete Hegseth out as Secretary of Defense by August 31?,pete-hegseth-out-as-secretary-of-defense-by-august-31-20260730185522346,pete-hegseth-out-as-secretary-of-defense-by-august-31-20260730185522346,2026-09-01T03:59:00Z,2026-09-01 06:23:30+00,36668.7,0,473
3231771,Trump out as President by August 31?,trump-out-as-president-by-august-31-20260730185655928,trump-out-as-president-by-august-31-20260730185655928,2026-09-01T03:59:00Z,2026-09-01 06:04:21+00,2826324.76,0,475
3232616,Al Diraiyah Saudi Club vs. Al Ahli Saudi Club: O/U 3.5,spl-dir-ahl-2026-08-13-total-3pt5,spl-dir-ahl-2026-08-13-more-markets,2026-08-13T18:00:00Z,2026-08-13 22:06:58+00,11383.14,0,35
3232764,Al Shabab Saudi Club vs. Al Qadisiyah Saudi Club: O/U 2.5,spl-sha-qad-2026-08-13-total-2pt5,spl-sha-qad-2026-08-13-more-markets,2026-08-13T18:00:00Z,2026-08-13 23:20:06+00,10256.28,1,36
3232765,Al Shabab Saudi Club vs. Al Qadisiyah Saudi Club: O/U 3.5,spl-sha-qad-2026-08-13-total-3pt5,spl-sha-qad-2026-08-13-more-markets,2026-08-13T18:00:00Z,2026-08-13 23:21:15+00,11409.95,1,36
3236467,Atlanta Dream vs. Connecticut Sun,wnba-atl-conn-2026-08-13,wnba-atl-conn-2026-08-13,2026-08-13T23:00:00Z,2026-08-14 01:44:48+00,59712.04,1,38
3236483,Los Angeles Sparks vs. New York Liberty,wnba-la-nyl-2026-08-13,wnba-la-nyl-2026-08-13,2026-08-14T00:00:00Z,2026-08-14 02:46:52+00,223497.52,0,39
3236490,Washington Mystics vs. Las Vegas Aces,wnba-wsh-las-2026-08-13,wnba-wsh-las-2026-08-13,2026-08-14T02:00:00Z,2026-08-14 04:36:43+00,283094.05,0,41
3239630,49ers vs. Rams,nfl-sf-la-2026-09-11,nfl-sf-la-2026-09-11,2026-09-11T00:35:00Z,2026-09-11 03:42:00+00,3566394.89,1,712
3240656,"Will the United Kingdom send warships through the Strait of Hormuz by August 31, 2026?",will-the-united-kingdom-send-warships-through-the-strait-of-hormuz-by-august-31-2026-20260728213742049,which-countries-will-send-warships-through-the-strait-of-hormuz-by-august-31,2026-09-01T03:59:00Z,2026-09-01 06:02:46+00,24721.5,0,473
3240657,"Will France send warships through the Strait of Hormuz by August 31, 2026?",will-france-send-warships-through-the-strait-of-hormuz-by-august-31-2026-20260728213742050,which-countries-will-send-warships-through-the-strait-of-hormuz-by-august-31,2026-09-01T03:59:00Z,2026-09-01 06:03:33+00,59382.67,0,475
3240658,"Will the United States send warships through the Strait of Hormuz by August 31, 2026?",will-the-united-states-send-warships-through-the-strait-of-hormuz-by-august-31-2026-20260728213742051,which-countries-will-send-warships-through-the-strait-of-hormuz-by-august-31,2026-09-01T03:59:00Z,2026-09-01 06:03:16+00,47320.42,0,472
3240659,"Will the Netherlands send warships through the Strait of Hormuz by August 31, 2026?",will-the-netherlands-send-warships-through-the-strait-of-hormuz-by-august-31-2026-20260728213742052,which-countries-will-send-warships-through-the-strait-of-hormuz-by-august-31,2026-09-01T03:59:00Z,2026-09-01 06:02:36+00,46951.76,0,475
3240662,"Will Germany send warships through the Strait of Hormuz by August 31, 2026?",will-germany-send-warships-through-the-strait-of-hormuz-by-august-31-2026-20260728213742055,which-countries-will-send-warships-through-the-strait-of-hormuz-by-august-31,2026-09-01T03:59:00Z,2026-09-01 06:02:46+00,93224.78,0,472
3240664,"Will at least 30 ships transit the Strait of Hormuz on any day by August 31, 2026?",will-30-ships-transit-the-strait-of-hormuz-on-any-day-by-august-31-2026-20260728213741052,will-ships-transit-the-strait-of-hormuz-on-any-day-by-august-31,2026-08-31T23:59:00Z,2026-09-09 14:36:21+00,50512.11,0,675
3240665,"Will at least 40 ships transit the Strait of Hormuz on any day by August 31, 2026?",will-40-ships-transit-the-strait-of-hormuz-on-any-day-by-august-31-2026-20260728213741053,will-ships-transit-the-strait-of-hormuz-on-any-day-by-august-31,2026-08-31T23:59:00Z,2026-09-09 14:36:21+00,48987.04,0,673
3240666,"Will at least 50 ships transit the Strait of Hormuz on any day by August 31, 2026?",will-50-ships-transit-the-strait-of-hormuz-on-any-day-by-august-31-2026-20260728213741054,will-ships-transit-the-strait-of-hormuz-on-any-day-by-august-31,2026-08-31T23:59:00Z,2026-09-09 14:36:21+00,28019.64,0,675
3240667,"Will at least 60 ships transit the Strait of Hormuz on any day by August 31, 2026?",will-60-ships-transit-the-strait-of-hormuz-on-any-day-by-august-31-2026-20260728213741055,will-ships-transit-the-strait-of-hormuz-on-any-day-by-august-31,2026-08-31T23:59:00Z,2026-09-09 14:36:21+00,31888.65,0,672
3240668,"Will at least 80 ships transit the Strait of Hormuz on any day by August 31, 2026?",will-80-ships-transit-the-strait-of-hormuz-on-any-day-by-august-31-2026-20260728213741056,will-ships-transit-the-strait-of-hormuz-on-any-day-by-august-31,2026-08-31T23:59:00Z,2026-09-09 14:36:21+00,11832.44,0,675
3240692,Will Russia capture Kostyantynivka by August 15?,will-russia-capture-kostyantynivka-by-august-15,will-russia-capture-kostyantynivka-by,2026-08-15T12:00:00Z,2026-08-16 06:42:12+00,38438.54,0,91
3240695,"Will Russia capture all of Kostyantynivka by August 31, 2026?",will-russia-capture-all-of-kostyantynivka-by-august-31-2026,will-russia-capture-all-of-kostyantynivka-by,2026-09-01T03:59:00Z,2026-09-01 06:03:16+00,40671.73,0,473
3240715,"Will Donald Trump publicly insult Candace Owens by August 31, 2026?",will-donald-trump-publicly-insult-candace-owens-by-august-31-2026-20260730161742245,who-will-trump-publicly-insult-by-august-31-20260730161613099,2026-08-31T23:59:00Z,2026-09-01 09:07:18+00,11665.06,0,478
3240740,Will SpaceX Starship Flight Test 14 launch by August 31?,will-spacex-starship-flight-test-14-launch-by-august-31,spacex-starship-flight-test-14,2026-09-01T03:59:00Z,2026-09-01 06:04:49+00,62536.59,0,475
3241175,Will Trump praise Bryson DeChambeau in August?,will-trump-praise-bryson-dechambeau-in-august-20260728221212348,who-will-trump-publicly-praise-in-august-20260728221212339,2026-08-31T23:59:00Z,2026-09-04 00:33:06+00,121415.52,1,541
3241177,Will Trump praise Xi Jinping in August?,will-trump-praise-xi-jinping-in-august-20260728221212350,who-will-trump-publicly-praise-in-august-20260728221212339,2026-08-31T23:59:00Z,2026-08-30 00:36:16+00,124356.98,1,420
3241305,Will Russia enter Mykhailivka by August 31?,will-russia-enter-mykhailivka-by-august-31,will-russia-enter-mykhailivka-by-april-30,2026-09-01T03:59:00Z,2026-09-01 06:03:03+00,34774.67,0,472
3241307,Will Russia enter Moskovka by August 31?,will-russia-enter-moskovka-by-august-31,will-russia-enter-moskovka-by,2026-08-31T03:59:00Z,2026-09-01 06:02:49+00,28985.16,0,474
3242037,Will FK Orenburg win on 2026-08-14?,rus-ore-lok-2026-08-14-ore,rus-ore-lok-2026-08-14,2026-08-14T14:00:00Z,2026-08-14 18:04:31+00,10421.56,0,55
3242039,Will FK Lokomotiv Moskva win on 2026-08-14?,rus-ore-lok-2026-08-14-lok,rus-ore-lok-2026-08-14,2026-08-14T14:00:00Z,2026-08-14 18:05:13+00,18421.67,0,55
3242099,Israel military action against Yemen by August 31?,israel-military-action-against-yemen-by-august-31,israel-military-action-against-yemen-byptptpt-20260714001321874,2026-08-31T20:59:00Z,2026-09-04 13:44:48+00,48281.32,0,550
3242102,"Will there be Houthi military action against Israel by August 31, 2026?",will-there-be-houthi-military-action-against-israel-by-august-31-2026,houthi-military-action-against-israel-byptptpt-20260714210303206,2026-08-31T20:59:00Z,2026-09-04 07:49:45+00,84751.97,0,547
3242119,Israeli forces enter Tyre by August 31?,israeli-forces-enter-tyre-by-august-31,israeli-forces-enter-tyre-by,2026-08-31T20:59:00Z,2026-09-03 09:43:18+00,20172.15,0,526
3242120,Israeli forces enter Nabatieh by August 31?,israeli-forces-enter-nabatieh-by-august-31,israeli-forces-enter-nabatieh-by,2026-08-31T20:59:00Z,2026-09-03 09:48:31+00,11549.45,0,525
3242235,Spain accuses Morocco of facilitating Ceuta migrant wave by August 31?,will-spain-accuse-morocco-of-facilitating-the-ceuta-migrant-influx-by-august-31-20260731174220331,will-spain-accuse-morocco-of-facilitating-the-ceuta-migrant-influx-by-august-31-20260731174220331,2026-09-01T03:59:00Z,2026-09-01 06:03:16+00,241101.25,0,473
3242383,Will a new country join the Abraham Accords by August 31?,will-a-new-country-join-the-abraham-accords-by-august-31-1785517679415,will-a-new-country-join-the-abraham-accords-by-august-31-1785517679415,2026-09-01T03:59:00Z,2026-09-01 06:03:33+00,56848.49,0,473
3242434,Will there be fewer than 25 average daily transits of the Bab el-Mandeb Strait on August 31?,will-there-be-fewer-than-25-average-daily-transits-of-the-bab-el-mandeb-strait-on-august-31-20260731170759861,avgpt-of-ships-transiting-bab-el-mandeb-strait-end-of-august-1785517679415,2026-08-31T23:59:00Z,2026-09-09 18:20:30+00,13894.85,1,679
3242435,Will there be between 25 and 29 average daily transits of the Bab el-Mandeb Strait on August 31?,will-there-be-between-25-and-29-average-daily-transits-of-the-bab-el-mandeb-strait-on-august-31-20260731170759862,avgpt-of-ships-transiting-bab-el-mandeb-strait-end-of-august-1785517679415,2026-08-31T23:59:00Z,2026-09-09 18:20:30+00,14144.42,0,675
3242436,Will there be between 30 and 34 average daily transits of the Bab el-Mandeb Strait on August 31?,will-there-be-between-30-and-34-average-daily-transits-of-the-bab-el-mandeb-strait-on-august-31-20260731170759863,avgpt-of-ships-transiting-bab-el-mandeb-strait-end-of-august-1785517679415,2026-08-31T23:59:00Z,2026-09-09 18:20:30+00,11571.17,0,674
3242441,Will there be exactly 2 North Korea tests in August 2026?,will-there-be-exactly-2-north-korea-tests-in-august-2026-20260731170800207,number-of-north-korea-missile-tests-in-august-2026-1785517679415,2026-08-31T23:59:00Z,2026-08-20 11:35:10+00,34042.71,0,191
3242442,Will there be 3 or more North Korea tests in August 2026?,will-there-be-3-or-more-north-korea-tests-in-august-2026-20260731170800208,number-of-north-korea-missile-tests-in-august-2026-1785517679415,2026-08-31T23:59:00Z,2026-08-20 12:32:10+00,75545.86,1,193
3242570,Will Páfos FC win on 2026-08-13?,uel-paf-rbs-2026-08-13-paf,uel-paf-rbs-2026-08-13,2026-08-13T17:00:00Z,2026-08-13 20:55:01+00,67531.39,0,33
3242571,Will Páfos FC vs. FC Red Bull Salzburg end in a draw?,uel-paf-rbs-2026-08-13-draw,uel-paf-rbs-2026-08-13,2026-08-13T17:00:00Z,2026-08-13 21:27:12+00,34591.54,1,34
3242572,Will FC Red Bull Salzburg win on 2026-08-13?,uel-paf-rbs-2026-08-13-rbs,uel-paf-rbs-2026-08-13,2026-08-13T17:00:00Z,2026-08-13 20:54:01+00,75836.23,0,33
3242607,Exact Score: Páfos FC 1 - 0 FC Red Bull Salzburg?,uel-paf-rbs-2026-08-13-exact-score-1-0,uel-paf-rbs-2026-08-13-exact-score,2026-08-13T17:00:00Z,2026-08-13 20:54:01+00,11928.0,0,33
3242705,Páfos FC vs. FC Red Bull Salzburg: O/U 1.5,uel-paf-rbs-2026-08-13-total-1pt5,uel-paf-rbs-2026-08-13-more-markets,2026-08-13T17:00:00Z,2026-08-13 23:19:58+00,17218.95,1,36
3242706,Páfos FC vs. FC Red Bull Salzburg: O/U 2.5,uel-paf-rbs-2026-08-13-total-2pt5,uel-paf-rbs-2026-08-13-more-markets,2026-08-13T17:00:00Z,2026-08-13 20:53:15+00,16113.78,1,33
3242707,Páfos FC vs. FC Red Bull Salzburg: O/U 3.5,uel-paf-rbs-2026-08-13-total-3pt5,uel-paf-rbs-2026-08-13-more-markets,2026-08-13T17:00:00Z,2026-08-13 23:22:15+00,77436.67,1,36
3242708,Páfos FC vs. FC Red Bull Salzburg: O/U 4.5,uel-paf-rbs-2026-08-13-total-4pt5,uel-paf-rbs-2026-08-13-more-markets,2026-08-13T17:00:00Z,2026-08-13 20:53:00+00,21536.95,1,33
3242709,Páfos FC vs. FC Red Bull Salzburg: O/U 5.5,uel-paf-rbs-2026-08-13-total-5pt5,uel-paf-rbs-2026-08-13-more-markets,2026-08-13T17:00:00Z,2026-08-13 20:53:15+00,17317.75,1,33
3242712,Páfos FC vs. FC Red Bull Salzburg: 1st Half O/U 0.5,uel-paf-rbs-2026-08-13-first-half-total-0pt5,uel-paf-rbs-2026-08-13-more-markets,2026-08-13T17:00:00Z,2026-08-13 20:57:43+00,36482.77,1,33
3242932,Will Tobyl FK win on 2026-08-13?,col-tob-par-2026-08-13-tob,col-tob-par-2026-08-13,2026-08-13T15:00:00Z,2026-08-13 18:59:12+00,51055.84,0,31
3242933,Will Tobyl FK vs. FK Partizan Beograd end in a draw?,col-tob-par-2026-08-13-draw,col-tob-par-2026-08-13,2026-08-13T15:00:00Z,2026-08-13 18:59:12+00,13724.85,0,31
3242934,Will FK Partizan Beograd win on 2026-08-13?,col-tob-par-2026-08-13-par,col-tob-par-2026-08-13,2026-08-13T15:00:00Z,2026-08-13 19:30:40+00,77118.91,1,32
3242935,Will Ilves Tampere win on 2026-08-13?,col-ilv-rij-2026-08-13-ilv,col-ilv-rij-2026-08-13,2026-08-13T16:00:00Z,2026-08-13 20:07:31+00,67507.38,0,33
3242936,Will Ilves Tampere vs. HNK Rijeka end in a draw?,col-ilv-rij-2026-08-13-draw,col-ilv-rij-2026-08-13,2026-08-13T16:00:00Z,2026-08-13 20:16:42+00,43806.79,1,33
3242937,Will HNK Rijeka win on 2026-08-13?,col-ilv-rij-2026-08-13-rij,col-ilv-rij-2026-08-13,2026-08-13T16:00:00Z,2026-08-13 20:07:01+00,50520.92,0,33
3242938,Will Qarabağ Ağdam FK win on 2026-08-13?,col-qar-dyn-2026-08-13-qar,col-qar-dyn-2026-08-13,2026-08-13T16:00:00Z,2026-08-13 20:28:42+00,165838.71,1,33
3242939,Will Qarabağ Ağdam FK vs. FK Dynamo Kyiv end in a draw?,col-qar-dyn-2026-08-13-draw,col-qar-dyn-2026-08-13,2026-08-13T16:00:00Z,2026-08-13 20:08:01+00,21509.57,0,33
3242940,Will FK Dynamo Kyiv win on 2026-08-13?,col-qar-dyn-2026-08-13-dyn,col-qar-dyn-2026-08-13,2026-08-13T16:00:00Z,2026-08-13 20:08:01+00,31769.51,0,33
3242941,Will FC DAC 1904 Dunajská Streda win on 2026-08-13?,col-dac-twe-2026-08-13-dac,col-dac-twe-2026-08-13,2026-08-13T17:00:00Z,2026-08-13 20:55:33+00,19913.36,0,33
3242942,Will FC DAC 1904 Dunajská Streda vs. FC Twente end in a draw?,col-dac-twe-2026-08-13-draw,col-dac-twe-2026-08-13,2026-08-13T17:00:00Z,2026-08-13 21:01:42+00,17544.0,1,34
3242943,Will FC Twente win on 2026-08-13?,col-dac-twe-2026-08-13-twe,col-dac-twe-2026-08-13,2026-08-13T17:00:00Z,2026-08-13 20:57:03+00,28039.16,0,33
3242944,Will FC Flora win on 2026-08-13?,col-flo-int-2026-08-13-flo,col-flo-int-2026-08-13,2026-08-13T16:00:00Z,2026-08-13 20:05:31+00,19111.57,0,33
3242946,Will Inter Club d'Escaldes win on 2026-08-13?,col-flo-int-2026-08-13-int,col-flo-int-2026-08-13,2026-08-13T16:00:00Z,2026-08-13 20:21:10+00,33829.31,1,33
3242947,Will FK Rīgas Futbola Skola win on 2026-08-13?,col-rfs-jab-2026-08-13-rfs,col-rfs-jab-2026-08-13,2026-08-13T16:30:00Z,2026-08-13 20:23:00+00,24908.57,0,33
3242949,Will FK Jablonec win on 2026-08-13?,col-rfs-jab-2026-08-13-jab,col-rfs-jab-2026-08-13,2026-08-13T16:30:00Z,2026-08-13 21:18:42+00,34558.62,1,34
3242952,Will SC Braga win on 2026-08-13?,col-din2-scb-2026-08-13-scb,col-din2-scb-2026-08-13,2026-08-13T17:00:00Z,2026-08-13 21:03:43+00,58206.03,0,34
3242953,Will ETO FC win on 2026-08-13?,col-eto-rfc1-2026-08-13-eto,col-eto-rfc1-2026-08-13,2026-08-13T18:30:00Z,2026-08-13 22:31:12+00,23807.43,0,35
3242956,Will Tromsø IL win on 2026-08-13?,col-tro-clu-2026-08-13-tro,col-tro-clu-2026-08-13,2026-08-13T17:00:00Z,2026-08-13 21:16:42+00,36712.48,1,34
3242957,Will Tromsø IL vs. FC CFR 1907 Cluj end in a draw?,col-tro-clu-2026-08-13-draw,col-tro-clu-2026-08-13,2026-08-13T17:00:00Z,2026-08-13 20:50:31+00,35672.04,0,33
3242958,Will FC CFR 1907 Cluj win on 2026-08-13?,col-tro-clu-2026-08-13-clu,col-tro-clu-2026-08-13,2026-08-13T17:00:00Z,2026-08-13 20:50:31+00,30052.42,0,33
3242959,Will FC Nordsjælland win on 2026-08-13?,col-nor-val-2026-08-13-nor,col-nor-val-2026-08-13,2026-08-13T17:00:00Z,2026-08-13 21:30:12+00,42917.81,1,34
3242961,Will KF Valur win on 2026-08-13?,col-nor-val-2026-08-13-val,col-nor-val-2026-08-13,2026-08-13T17:00:00Z,2026-08-13 20:56:01+00,19247.61,0,33
3242962,Will Hammarby Fotboll win on 2026-08-13?,col-hif-rak-2026-08-13-hif,col-hif-rak-2026-08-13,2026-08-13T17:00:00Z,2026-08-13 20:59:13+00,95170.5,0,33
3242963,Will Hammarby Fotboll vs. RKS Raków Częstochowa end in a draw?,col-hif-rak-2026-08-13-draw,col-hif-rak-2026-08-13,2026-08-13T17:00:00Z,2026-08-13 20:59:13+00,23944.28,0,33
3242964,Will RKS Raków Częstochowa win on 2026-08-13?,col-hif-rak-2026-08-13-rak,col-hif-rak-2026-08-13,2026-08-13T17:00:00Z,2026-08-13 23:42:43+00,25273.1,1,36
3242965,Will FC Midtjylland win on 2026-08-13?,col-mid-bohe-2026-08-13-mid,col-mid-bohe-2026-08-13,2026-08-13T17:00:00Z,2026-08-13 21:23:42+00,28034.8,1,34
3242968,Will FK ML Viciebsk win on 2026-08-13?,col-mlv-bor-2026-08-13-mlv,col-mlv-bor-2026-08-13,2026-08-13T17:00:00Z,2026-08-13 23:42:43+00,16790.37,1,36
3242970,Will FK Borac Banja Luka win on 2026-08-13?,col-mlv-bor-2026-08-13-bor,col-mlv-bor-2026-08-13,2026-08-13T17:00:00Z,2026-08-13 23:24:13+00,13835.23,0,36
3242971,Will FC Vaduz win on 2026-08-13?,col-vad-it-2026-08-13-vad,col-vad-it-2026-08-13,2026-08-13T17:30:00Z,2026-08-13 23:23:43+00,11594.55,0,36
3242974,Will KF Shkëndija 79 win on 2026-08-13?,col-shk-hib1-2026-08-13-shk,col-shk-hib1-2026-08-13,2026-08-13T18:00:00Z,2026-08-13 23:23:43+00,12071.93,0,36
3242977,Will FC Drita win on 2026-08-13?,col-dgj-trf-2026-08-13-dgj,col-dgj-trf-2026-08-13,2026-08-13T18:00:00Z,2026-08-14 00:17:42+00,25168.05,1,37
3242980,Will FC St. Gallen win on 2026-08-13?,col-stg-she-2026-08-13-stg,col-stg-she-2026-08-13,2026-08-13T18:00:00Z,2026-08-13 23:42:43+00,30572.55,1,36
3242983,Will FC Sion win on 2026-08-13?,col-sio-noa-2026-08-13-sio,col-sio-noa-2026-08-13,2026-08-13T18:15:00Z,2026-08-13 22:26:42+00,32916.31,1,35
3242985,Will Noah FA win on 2026-08-13?,col-sio-noa-2026-08-13-noa,col-sio-noa-2026-08-13,2026-08-13T18:15:00Z,2026-08-13 22:09:58+00,10656.13,0,35
3242986,Will FK Austria Wien win on 2026-08-13?,col-aus-bei-2026-08-13-aus,col-aus-bei-2026-08-13,2026-08-13T18:30:00Z,2026-08-13 23:17:43+00,24693.8,0,36
3242987,Will FK Austria Wien vs. MH Beitar Jerusalem end in a draw?,col-aus-bei-2026-08-13-draw,col-aus-bei-2026-08-13,2026-08-13T18:30:00Z,2026-08-13 23:17:43+00,12936.62,0,36
3242988,Will MH Beitar Jerusalem win on 2026-08-13?,col-aus-bei-2026-08-13-bei,col-aus-bei-2026-08-13,2026-08-13T18:30:00Z,2026-08-13 23:31:42+00,44707.19,1,36
3242989,Will KAA Gent win on 2026-08-13?,col-gen-got-2026-08-13-gen,col-gen-got-2026-08-13,2026-08-13T18:30:00Z,2026-08-13 22:31:43+00,43972.99,0,35
3242990,Will KAA Gent vs. IFK Göteborg end in a draw?,col-gen-got-2026-08-13-draw,col-gen-got-2026-08-13,2026-08-13T18:30:00Z,2026-08-14 00:17:42+00,10347.06,1,37
3242992,Will Motherwell FC win on 2026-08-13?,col-mot-hjk-2026-08-13-mot,col-mot-hjk-2026-08-13,2026-08-13T18:30:00Z,2026-08-14 00:17:42+00,27182.94,1,37
3242995,Will Shelbourne FC win on 2026-08-13?,col-she1-aja-2026-08-13-she1,col-she1-aja-2026-08-13,2026-08-13T18:45:00Z,2026-08-13 22:44:01+00,19130.0,0,35
3242996,Will Shelbourne FC vs. AFC Ajax end in a draw?,col-she1-aja-2026-08-13-draw,col-she1-aja-2026-08-13,2026-08-13T18:45:00Z,2026-08-14 00:17:42+00,25693.28,1,37
3242997,Will AFC Ajax win on 2026-08-13?,col-she1-aja-2026-08-13-aja,col-she1-aja-2026-08-13,2026-08-13T18:45:00Z,2026-08-13 22:44:01+00,64586.03,0,35
3243000,Will FC Lugano win on 2026-08-13?,col-nsi-lug-2026-08-13-lug,col-nsi-lug-2026-08-13,2026-08-13T18:45:00Z,2026-08-13 23:23:01+00,23209.06,0,36
3243001,Will HNK Hajduk Split win on 2026-08-13?,col-haj-zal-2026-08-13-haj,col-haj-zal-2026-08-13,2026-08-13T19:00:00Z,2026-08-13 22:58:40+00,12282.12,1,35
3243198,Todd Blanche nomination withdrawn by August 31?,todd-blanche-nomination-withdrawn-by-august-31-20260731141647591,todd-blanche-nomination-withdrawn-by-august-31-20260731141647591,2026-09-01T03:59:00Z,2026-09-01 06:03:36+00,93555.09,0,475
3243973,Exact Score: Ilves Tampere 0 - 3 HNK Rijeka?,col-ilv-rij-2026-08-13-exact-score-0-3,col-ilv-rij-2026-08-13-exact-score,2026-08-13T16:00:00Z,2026-08-13 20:07:01+00,20248.77,0,33
3243997,Exact Score: Qarabağ Ağdam FK 1 - 1 FK Dynamo Kyiv?,col-qar-dyn-2026-08-13-exact-score-1-1,col-qar-dyn-2026-08-13-exact-score,2026-08-13T16:00:00Z,2026-08-13 20:08:31+00,10135.8,0,33
3244001,Exact Score: Qarabağ Ağdam FK 2 - 1 FK Dynamo Kyiv?,col-qar-dyn-2026-08-13-exact-score-2-1,col-qar-dyn-2026-08-13-exact-score,2026-08-13T16:00:00Z,2026-08-13 20:08:01+00,11734.87,0,33
3244655,Will Tōkyō Verdy win on 2026-08-14?,jap-fct1-rey-2026-08-14-fct1,jap-fct1-rey-2026-08-14,2026-08-14T10:00:00Z,2026-08-14 12:20:13+00,37380.68,0,49
3244657,Will Tōkyō Verdy vs. Kashiwa Reysol end in a draw?,jap-fct1-rey-2026-08-14-draw,jap-fct1-rey-2026-08-14,2026-08-14T10:00:00Z,2026-08-14 12:20:13+00,13401.25,0,49
3244661,Will Kashiwa Reysol win on 2026-08-14?,jap-fct1-rey-2026-08-14-rey,jap-fct1-rey-2026-08-14,2026-08-14T10:00:00Z,2026-08-14 12:21:12+00,79994.73,1,49
3244698,Will AS Monaco win on 2026-08-14?,clf-cov-asm-2026-08-14-asm,clf-cov-asm-2026-08-14,2026-08-14T18:00:00Z,2026-08-14 22:27:31+00,40763.86,0,59
3244706,Will Atalanta BC win on 2026-08-14?,clf-ata-ath-2026-08-14-ata,clf-ata-ath-2026-08-14,2026-08-14T18:45:00Z,2026-08-14 23:13:40+00,13716.12,1,60
3245260,Qarabağ Ağdam FK vs. FK Dynamo Kyiv: Team to Advance,col-qar-dyn-2026-08-13-team-to-advance,col-qar-dyn-2026-08-13-more-markets,2026-08-13T16:00:00Z,2026-08-14 01:38:58+00,23171.31,1,38
3245265,FK Austria Wien vs. MH Beitar Jerusalem: Team to Advance,col-aus-bei-2026-08-13-team-to-advance,col-aus-bei-2026-08-13-more-markets,2026-08-13T18:30:00Z,2026-08-14 01:29:58+00,13793.14,1,38
3245271,FC Nordsjælland vs. KF Valur: Team to Advance,col-nor-val-2026-08-13-team-to-advance,col-nor-val-2026-08-13-more-markets,2026-08-13T17:00:00Z,2026-08-14 01:35:55+00,16387.24,1,38
3245277,Tobyl FK vs. FK Partizan Beograd: Team to Advance,col-tob-par-2026-08-13-team-to-advance,col-tob-par-2026-08-13-more-markets,2026-08-13T15:00:00Z,2026-08-14 01:39:57+00,31659.96,0,38
3245307,Will NEOM SC win on 2026-08-14?,spl-neo-fay-2026-08-14-neo,spl-neo-fay-2026-08-14,2026-08-14T16:50:00Z,2026-08-14 21:24:13+00,45455.05,1,58
3245309,Will Al Fayha Saudi Club win on 2026-08-14?,spl-neo-fay-2026-08-14-fay,spl-neo-fay-2026-08-14,2026-08-14T16:50:00Z,2026-08-14 20:47:31+00,11415.99,0,57
3245316,Will Al Ettifaq Saudi Club win on 2026-08-14?,spl-ett-riy-2026-08-14-ett,spl-ett-riy-2026-08-14,2026-08-14T18:00:00Z,2026-08-14 22:55:13+00,292937.49,1,59
3245319,Will Al Ettifaq Saudi Club vs. Al Riyadh Saudi Club end in a draw?,spl-ett-riy-2026-08-14-draw,spl-ett-riy-2026-08-14,2026-08-14T18:00:00Z,2026-08-14 22:15:30+00,18792.89,0,59
3245320,Will Al Riyadh Saudi Club win on 2026-08-14?,spl-ett-riy-2026-08-14-riy,spl-ett-riy-2026-08-14,2026-08-14T18:00:00Z,2026-08-14 22:15:30+00,91170.15,0,59
3245325,Will Al Hilal Saudi Club win on 2026-08-14?,spl-hil-fai-2026-08-14-hil,spl-hil-fai-2026-08-14,2026-08-14T18:00:00Z,2026-08-14 22:54:31+00,141519.55,1,59
3245327,Will Al Hilal Saudi Club vs. Al Faisaly Saudi Club end in a draw?,spl-hil-fai-2026-08-14-draw,spl-hil-fai-2026-08-14,2026-08-14T18:00:00Z,2026-08-14 22:06:43+00,10886.93,0,59
3245329,Will Al Faisaly Saudi Club win on 2026-08-14?,spl-hil-fai-2026-08-14-fai,spl-hil-fai-2026-08-14,2026-08-14T18:00:00Z,2026-08-14 22:06:43+00,42957.6,0,59
3246524,Will Rosenborg BK win on 2026-08-14?,nor-rbk-vik-2026-08-14-rbk,nor-rbk-vik-2026-08-14,2026-08-14T17:00:00Z,2026-08-14 21:29:43+00,95252.74,1,58
3246525,Will Rosenborg BK vs. Viking FK end in a draw?,nor-rbk-vik-2026-08-14-draw,nor-rbk-vik-2026-08-14,2026-08-14T17:00:00Z,2026-08-14 20:56:43+00,11487.14,0,57
3246526,Will Viking FK win on 2026-08-14?,nor-rbk-vik-2026-08-14-vik,nor-rbk-vik-2026-08-14,2026-08-14T17:00:00Z,2026-08-14 20:56:43+00,74425.89,0,57
3246559,Atalanta BC vs. Athletic Bilbao: O/U 0.5,clf-ata-ath-2026-08-14-total-0pt5,clf-ata-ath-2026-08-14-more-markets,2026-08-14T18:45:00Z,2026-08-14 22:38:15+00,12709.89,1,59
3246560,Atalanta BC vs. Athletic Bilbao: O/U 1.5,clf-ata-ath-2026-08-14-total-1pt5,clf-ata-ath-2026-08-14-more-markets,2026-08-14T18:45:00Z,2026-08-14 22:38:15+00,54109.05,0,59
3246561,Atalanta BC vs. Athletic Bilbao: O/U 2.5,clf-ata-ath-2026-08-14-total-2pt5,clf-ata-ath-2026-08-14-more-markets,2026-08-14T18:45:00Z,2026-08-14 22:38:15+00,11090.0,0,59
3246594,Coventry City vs. AS Monaco: O/U 2.5,clf-cov-asm-2026-08-14-total-2pt5,clf-cov-asm-2026-08-14-more-markets,2026-08-14T18:30:00Z,2026-08-14 22:26:07+00,11852.6,0,59
3246709,Will Trump meet with Kim Jong Un in August 2026?,will-trump-meet-with-kim-jong-un-in-august-2026-20260731154202608,who-will-trump-meet-with-in-august-20260731154151454,2026-09-01T03:59:00Z,2026-09-01 06:19:30+00,19912.01,0,472
3246710,Will Trump meet with Volodymyr Zelenskyy in August 2026?,will-trump-meet-with-volodymyr-zelenskyy-in-august-2026-20260731154202609,who-will-trump-meet-with-in-august-20260731154151454,2026-09-01T03:59:00Z,2026-09-01 06:54:33+00,122461.64,0,475
3246711,Will Trump meet with Xi Jinping in August 2026?,will-trump-meet-with-xi-jinping-in-august-2026-20260731154202610,who-will-trump-meet-with-in-august-20260731154151454,2026-09-01T03:59:00Z,2026-09-01 06:35:16+00,60794.82,0,475
3246712,Will Trump meet with Mohammed bin Salman in August 2026?,will-trump-meet-with-mohammed-bin-salman-in-august-2026-20260731154202611,who-will-trump-meet-with-in-august-20260731154151454,2026-09-01T03:59:00Z,2026-09-01 06:54:33+00,45636.19,0,473
3246713,Will Trump meet with Vladimir Putin in August 2026?,will-trump-meet-with-vladimir-putin-in-august-2026-20260731154202612,who-will-trump-meet-with-in-august-20260731154151454,2026-09-01T03:59:00Z,2026-09-01 06:41:00+00,27447.52,0,475
3246714,Will Trump meet with Keir Starmer in August 2026?,will-trump-meet-with-keir-starmer-in-august-2026-20260731154202613,who-will-trump-meet-with-in-august-20260731154151454,2026-09-01T03:59:00Z,2026-09-01 06:54:33+00,21316.08,0,473
3246716,Will Trump meet with Giorgia Meloni in August 2026?,will-trump-meet-with-giorgia-meloni-in-august-2026-20260731154202615,who-will-trump-meet-with-in-august-20260731154151454,2026-09-01T03:59:00Z,2026-09-01 06:55:00+00,11526.76,0,472
3246717,Will Trump meet with Elon Musk in August 2026?,will-trump-meet-with-elon-musk-in-august-2026-20260731154202616,who-will-trump-meet-with-in-august-20260731154151454,2026-09-01T03:59:00Z,2026-09-01 07:05:58+00,17700.36,0,474
3246718,Will Trump meet with Benjamin Netanyahu in August 2026?,will-trump-meet-with-benjamin-netanyahu-in-august-2026-20260731154202617,who-will-trump-meet-with-in-august-20260731154151454,2026-09-01T03:59:00Z,2026-09-01 06:54:33+00,34811.07,0,472
3246733,Will Trump speak to Volodymyr Zelenskyy in August?,will-trump-speak-to-volodymyr-zelenskyy-in-august-20260731154203515,who-will-trump-speak-to-in-august-20260731154151454,2026-08-31T23:59:00Z,2026-09-05 03:13:00+00,12434.79,0,567
3246734,Will Trump speak to Xi Jinping in August?,will-trump-speak-to-xi-jinping-in-august-20260731154203516,who-will-trump-speak-to-in-august-20260731154151454,2026-08-31T23:59:00Z,2026-09-04 06:02:01+00,12024.7,0,544
3246736,Will Trump speak to Vladimir Putin in August?,will-trump-speak-to-vladimir-putin-in-august-20260731154203518,who-will-trump-speak-to-in-august-20260731154151454,2026-08-31T23:59:00Z,2026-09-04 08:12:00+00,18074.1,0,545
3246748,Will Trump speak to Pope Leo XIV in August?,will-trump-speak-to-pope-leo-xiv-in-august-20260731154203531,who-will-trump-speak-to-in-august-20260731154151454,2026-08-31T23:59:00Z,2026-09-04 06:07:30+00,35830.79,0,546
3246751,Will Trump speak to Andy Burnham in August?,will-trump-speak-to-andy-burnham-in-august-20260731154203534,who-will-trump-speak-to-in-august-20260731154151454,2026-08-31T23:59:00Z,2026-09-06 02:12:33+00,11189.89,0,588
3246753,Will Viborg FF win on 2026-08-14?,den-vib-agf-2026-08-14-vib,den-vib-agf-2026-08-14,2026-08-14T17:00:00Z,2026-08-14 23:17:42+00,177513.18,1,60
3246755,Will Aarhus GF win on 2026-08-14?,den-vib-agf-2026-08-14-agf,den-vib-agf-2026-08-14,2026-08-14T17:00:00Z,2026-08-14 22:18:31+00,24828.16,0,59
3247166,Will Wuhan San Zhen FC win on 2026-08-14?,chi-wsz-shp-2026-08-14-wsz,chi-wsz-shp-2026-08-14,2026-08-14T11:35:00Z,2026-08-14 15:34:01+00,176823.86,0,52
3247167,Will Wuhan San Zhen FC vs. Shanghai Haigang FC end in a draw?,chi-wsz-shp-2026-08-14-draw,chi-wsz-shp-2026-08-14,2026-08-14T11:35:00Z,2026-08-14 15:34:01+00,35565.58,0,52
3247168,Will Shanghai Haigang FC win on 2026-08-14?,chi-wsz-shp-2026-08-14-shp,chi-wsz-shp-2026-08-14,2026-08-14T11:35:00Z,2026-08-14 16:04:40+00,212028.74,1,53
3247169,Will Shandong Taishan FC win on 2026-08-14?,chi-sha-hai-2026-08-14-sha,chi-sha-hai-2026-08-14,2026-08-14T11:35:00Z,2026-08-14 16:03:40+00,110756.15,1,53
3247170,Will Shandong Taishan FC vs. Qingdao Hainiu FC end in a draw?,chi-sha-hai-2026-08-14-draw,chi-sha-hai-2026-08-14,2026-08-14T11:35:00Z,2026-08-14 15:33:13+00,13748.12,0,52
3247171,Will Qingdao Hainiu FC win on 2026-08-14?,chi-sha-hai-2026-08-14-hai,chi-sha-hai-2026-08-14,2026-08-14T11:35:00Z,2026-08-14 15:33:46+00,50310.58,0,52
3247172,Will Qingdao Xihaian FC win on 2026-08-14?,chi-qin-ton-2026-08-14-qin,chi-qin-ton-2026-08-14,2026-08-14T12:00:00Z,2026-08-14 15:56:01+00,110521.01,0,52
3247173,Will Qingdao Xihaian FC vs. Chongqing Tonglianglong FC end in a draw?,chi-qin-ton-2026-08-14-draw,chi-qin-ton-2026-08-14,2026-08-14T12:00:00Z,2026-08-14 16:37:40+00,34297.71,1,53
3247174,Will Chongqing Tonglianglong FC win on 2026-08-14?,chi-qin-ton-2026-08-14-ton,chi-qin-ton-2026-08-14,2026-08-14T12:00:00Z,2026-08-14 15:56:43+00,37139.96,0,52
3247247,Exact Score: Qingdao Xihaian FC 1 - 0 Chongqing Tonglianglong FC?,chi-qin-ton-2026-08-14-exact-score-1-0,chi-qin-ton-2026-08-14-exact-score,2026-08-14T12:00:00Z,2026-08-14 15:56:43+00,13336.92,0,52
3247249,Exact Score: Qingdao Xihaian FC 1 - 1 Chongqing Tonglianglong FC?,chi-qin-ton-2026-08-14-exact-score-1-1,chi-qin-ton-2026-08-14-exact-score,2026-08-14T12:00:00Z,2026-08-14 15:56:01+00,10169.21,0,52
3248936,"Will claude-opus-5-max be the best AI model on August 17, 2026?",will-claude-opus-5-max-be-the-best-ai-model-on-august-17-2026-20260730202036754,best-ai-model-on-august-17-20260730202018839,2026-08-17T23:59:00Z,2026-08-17 18:33:40+00,21686.67,1,127
3249515,FK Orenburg vs. FK Lokomotiv Moskva: O/U 2.5,rus-ore-lok-2026-08-14-total-2pt5,rus-ore-lok-2026-08-14-more-markets,2026-08-14T14:00:00Z,2026-08-14 18:04:15+00,55441.59,0,55
3249517,FK Orenburg vs. FK Lokomotiv Moskva: O/U 3.5,rus-ore-lok-2026-08-14-total-3pt5,rus-ore-lok-2026-08-14-more-markets,2026-08-14T14:00:00Z,2026-08-14 18:03:43+00,12721.09,0,55
3249760,Nothing Ever Happens: August,nothing-ever-happens-august-20260731190455728,nothing-ever-happens-august-20260731190455728,2026-08-31T23:59:00Z,2026-09-10 04:04:39.481887+00,33676.98,1,685
3249814,Will there be between 0 and 20 average daily transits of the Strait of Hormuz on August 31?,will-there-be-between-0-and-20-average-daily-transits-of-the-strait-of-hormuz-on-august-31-20260728213741553,avgpt-of-ships-transiting-strait-of-hormuz-end-of-august,2026-08-31T23:59:00Z,2026-09-09 14:37:30+00,61186.8,1,672
3249816,Will there be between 20 and 40 average daily transits of the Strait of Hormuz on August 31?,will-there-be-between-20-and-40-average-daily-transits-of-the-strait-of-hormuz-on-august-31-20260728213741554,avgpt-of-ships-transiting-strait-of-hormuz-end-of-august,2026-08-31T23:59:00Z,2026-09-09 14:37:30+00,14567.86,0,674
3249819,Will there be between 40 and 60 average daily transits of the Strait of Hormuz on August 31?,will-there-be-between-40-and-60-average-daily-transits-of-the-strait-of-hormuz-on-august-31-20260728213741555,avgpt-of-ships-transiting-strait-of-hormuz-end-of-august,2026-08-31T23:59:00Z,2026-09-09 14:37:30+00,15017.41,0,670
3249820,Will there be between 60 and 80 average daily transits of the Strait of Hormuz on August 31?,will-there-be-between-60-and-80-average-daily-transits-of-the-strait-of-hormuz-on-august-31-20260728213741556,avgpt-of-ships-transiting-strait-of-hormuz-end-of-august,2026-08-31T23:59:00Z,2026-09-09 14:37:30+00,11338.84,0,675
3250107,Spread: Al Hilal Saudi Club (-1.5),spl-hil-fai-2026-08-14-spread-home-1pt5,spl-hil-fai-2026-08-14-more-markets,2026-08-14T18:00:00Z,2026-08-14 22:05:00+00,13410.44,1,59
3250115,Spread: Al Hilal Saudi Club (-2.5),spl-hil-fai-2026-08-14-spread-home-2pt5,spl-hil-fai-2026-08-14-more-markets,2026-08-14T18:00:00Z,2026-08-14 22:05:03+00,43484.78,0,59
3250117,Al Hilal Saudi Club vs. Al Faisaly Saudi Club: O/U 0.5,spl-hil-fai-2026-08-14-total-0pt5,spl-hil-fai-2026-08-14-more-markets,2026-08-14T18:00:00Z,2026-08-14 22:05:30+00,12989.17,1,59
3250129,Al Hilal Saudi Club vs. Al Faisaly Saudi Club: O/U 2.5,spl-hil-fai-2026-08-14-total-2pt5,spl-hil-fai-2026-08-14-more-markets,2026-08-14T18:00:00Z,2026-08-14 22:05:30+00,17369.5,1,59
3250134,Al Hilal Saudi Club vs. Al Faisaly Saudi Club: O/U 3.5,spl-hil-fai-2026-08-14-total-3pt5,spl-hil-fai-2026-08-14-more-markets,2026-08-14T18:00:00Z,2026-08-14 22:05:15+00,39423.16,1,59
3250136,Al Hilal Saudi Club vs. Al Faisaly Saudi Club: O/U 4.5,spl-hil-fai-2026-08-14-total-4pt5,spl-hil-fai-2026-08-14-more-markets,2026-08-14T18:00:00Z,2026-08-14 22:05:18+00,11973.07,1,59
3250137,Al Hilal Saudi Club vs. Al Faisaly Saudi Club: O/U 5.5,spl-hil-fai-2026-08-14-total-5pt5,spl-hil-fai-2026-08-14-more-markets,2026-08-14T18:00:00Z,2026-08-14 22:05:18+00,87510.25,1,59
3250233,Spread: Al Ettifaq Saudi Club (-1.5),spl-ett-riy-2026-08-14-spread-home-1pt5,spl-ett-riy-2026-08-14-more-markets,2026-08-14T18:00:00Z,2026-08-14 22:14:15+00,13231.78,1,59
3250253,Al Ettifaq Saudi Club vs. Al Riyadh Saudi Club: O/U 2.5,spl-ett-riy-2026-08-14-total-2pt5,spl-ett-riy-2026-08-14-more-markets,2026-08-14T18:00:00Z,2026-08-14 22:14:15+00,30162.94,1,59
3250255,Al Ettifaq Saudi Club vs. Al Riyadh Saudi Club: O/U 4.5,spl-ett-riy-2026-08-14-total-4pt5,spl-ett-riy-2026-08-14-more-markets,2026-08-14T18:00:00Z,2026-08-14 22:14:15+00,19748.91,1,59
3250264,Al Ettifaq Saudi Club vs. Al Riyadh Saudi Club: O/U 5.5,spl-ett-riy-2026-08-14-total-5pt5,spl-ett-riy-2026-08-14-more-markets,2026-08-14T18:00:00Z,2026-08-14 22:14:15+00,171461.8,1,59
3250384,NEOM SC vs. Al Fayha Saudi Club: O/U 2.5,spl-neo-fay-2026-08-14-total-2pt5,spl-neo-fay-2026-08-14-more-markets,2026-08-14T16:50:00Z,2026-08-14 20:47:18+00,20609.91,1,57
3250389,NEOM SC vs. Al Fayha Saudi Club: O/U 3.5,spl-neo-fay-2026-08-14-total-3pt5,spl-neo-fay-2026-08-14-more-markets,2026-08-14T16:50:00Z,2026-08-14 20:47:00+00,15919.18,0,57
3251540,Will Core PCE YoY be 3.2% in July?,will-core-pce-yoy-be-3pt2-in-july-20260731151543819,core-pce-yoy-july-2026-20260731151537,2026-08-26T13:30:00Z,2026-08-26 14:36:43+00,12510.59,0,338
3251541,Will Core PCE YoY be 3.3% in July?,will-core-pce-yoy-be-3pt3-in-july-20260731151543820,core-pce-yoy-july-2026-20260731151537,2026-08-26T13:30:00Z,2026-08-26 14:36:43+00,30783.18,1,339
3251550,Will Core PCE MoM be 0.3% in July?,will-core-pce-mom-be-0pt3-in-july-20260731151542970,core-pce-mom-july-2026-20260731151537,2026-08-26T13:30:00Z,2026-08-26 14:35:46+00,21234.6,0,338
3251577,Will Anthropic's valuation hit (HIGH) $1.5T by August 31?,will-anthropics-valuation-hit-high-1pt5t-by-august-31-20260730182630756,will-anthropics-valuation-hit-by-august-31-20260730152502269,2026-09-01T19:00:00Z,2026-09-01 19:02:21+00,11117.66,0,486
3253021,"Will Iran target a Arab country on August 17, 2026?",will-iran-target-a-arab-country-on-august-17-2026-20260801004719134,will-iran-target-a-arab-country-onptptpt-20260801004719118,2026-08-17T23:59:00Z,2026-08-25 00:33:28+00,249775.52,1,300
3253022,"Will Iran target a Arab country on August 18, 2026?",will-iran-target-a-arab-country-on-august-18-2026-20260801004719135,will-iran-target-a-arab-country-onptptpt-20260801004719118,2026-08-19T03:59:00Z,2026-08-21 23:33:42+00,155841.71,0,228
3253028,"Will Iran target a Arab country on August 24, 2026?",will-iran-target-a-arab-country-on-august-24-2026-20260801004719141,will-iran-target-a-arab-country-onptptpt-20260801004719118,2026-08-25T03:59:00Z,2026-08-28 01:31:57+00,10049.33,0,374
3253029,"Will Iran target a Arab country on August 25, 2026?",will-iran-target-a-arab-country-on-august-25-2026-20260801004719142,will-iran-target-a-arab-country-onptptpt-20260801004719118,2026-08-26T03:59:00Z,2026-08-28 23:14:43+00,11771.22,0,396
3253033,"Will Iran target a Arab country on August 29, 2026?",will-iran-target-a-arab-country-on-august-29-2026-20260801004719146,will-iran-target-a-arab-country-onptptpt-20260801004719118,2026-08-29T20:59:00Z,2026-09-02 01:49:30+00,12201.5,0,492
3253034,"Will Iran target a Arab country on August 30, 2026?",will-iran-target-a-arab-country-on-august-30-2026-20260801004719147,will-iran-target-a-arab-country-onptptpt-20260801004719118,2026-08-30T20:59:00Z,2026-09-02 23:00:48+00,24226.75,0,515
3253035,"Will Iran target a Arab country on August 31, 2026?",will-iran-target-a-arab-country-on-august-31-2026-20260801004719148,will-iran-target-a-arab-country-onptptpt-20260801004719118,2026-08-31T20:59:00Z,2026-08-31 16:23:28+00,41718.88,1,459
3253682,Will Wolverhampton Wanderers FC win on 2026-08-14?,elc-wol-bbr-2026-08-14-wol,elc-wol-bbr-2026-08-14,2026-08-14T19:00:00Z,2026-08-14 22:58:42+00,875064.97,0,59
3253687,Will Eintracht Braunschweig win on 2026-08-14?,bl2-bra-boc-2026-08-14-bra,bl2-bra-boc-2026-08-14,2026-08-14T16:30:00Z,2026-08-14 20:27:13+00,40966.14,0,57
3253694,Will Wolverhampton Wanderers FC vs. Blackburn Rovers FC end in a draw?,elc-wol-bbr-2026-08-14-draw,elc-wol-bbr-2026-08-14,2026-08-14T19:00:00Z,2026-08-14 23:29:31+00,47561.77,1,60
3253707,Will Blackburn Rovers FC win on 2026-08-14?,elc-wol-bbr-2026-08-14-bbr,elc-wol-bbr-2026-08-14,2026-08-14T19:00:00Z,2026-08-14 22:58:42+00,137050.9,0,59
3253713,Will VfL Bochum win on 2026-08-14?,bl2-bra-boc-2026-08-14-boc,bl2-bra-boc-2026-08-14,2026-08-14T16:30:00Z,2026-08-14 21:22:43+00,34838.09,1,58
3253770,Will Holstein Kiel win on 2026-08-14?,bl2-ksv-stp-2026-08-14-ksv,bl2-ksv-stp-2026-08-14,2026-08-14T16:30:00Z,2026-08-14 20:32:01+00,74818.46,0,57
3253772,Will Holstein Kiel vs. FC St. Pauli 1910 end in a draw?,bl2-ksv-stp-2026-08-14-draw,bl2-ksv-stp-2026-08-14,2026-08-14T16:30:00Z,2026-08-14 21:05:42+00,27020.29,1,58
3253779,Will FC St. Pauli 1910 win on 2026-08-14?,bl2-ksv-stp-2026-08-14-stp,bl2-ksv-stp-2026-08-14,2026-08-14T16:30:00Z,2026-08-14 20:32:01+00,172239.27,0,57
3253886,Dallas Wings vs. Indiana Fever,wnba-dal-ind-2026-08-14,wnba-dal-ind-2026-08-14,2026-08-14T23:30:00Z,2026-08-15 02:11:22+00,315546.47,0,63
3253917,Portland Fire vs. Seattle Storm,wnba-por-sea-2026-08-14,wnba-por-sea-2026-08-14,2026-08-15T02:00:00Z,2026-08-15 04:37:45+00,297428.72,1,65
3255062,FC Dinamo City vs. FK Auda: O/U 0.5,col-din3-aud-2026-08-13-total-0pt5,col-din3-aud-2026-08-13-more-markets,2026-08-13T19:00:00Z,2026-08-13 23:06:33+00,13126.98,1,36
3255071,FC Dinamo City vs. FK Auda: O/U 2.5,col-din3-aud-2026-08-13-total-2pt5,col-din3-aud-2026-08-13-more-markets,2026-08-13T19:00:00Z,2026-08-13 23:06:33+00,11286.72,1,36
3255072,FC Dinamo City vs. FK Auda: O/U 3.5,col-din3-aud-2026-08-13-total-3pt5,col-din3-aud-2026-08-13-more-markets,2026-08-13T19:00:00Z,2026-08-13 23:06:30+00,43632.47,1,36
3255073,FC Dinamo City vs. FK Auda: O/U 4.5,col-din3-aud-2026-08-13-total-4pt5,col-din3-aud-2026-08-13-more-markets,2026-08-13T19:00:00Z,2026-08-13 23:06:30+00,21850.78,0,36
3255197,HNK Hajduk Split vs. FK Žalgiris Vilnius: O/U 2.5,col-haj-zal-2026-08-13-total-2pt5,col-haj-zal-2026-08-13-more-markets,2026-08-13T19:00:00Z,2026-08-13 22:49:00+00,11560.98,1,35
3255202,HNK Hajduk Split vs. FK Žalgiris Vilnius: O/U 3.5,col-haj-zal-2026-08-13-total-3pt5,col-haj-zal-2026-08-13-more-markets,2026-08-13T19:00:00Z,2026-08-13 22:49:03+00,21418.83,1,35
3255300,Spread: FC Lugano (-1.5),col-nsi-lug-2026-08-13-spread-away-1pt5,col-nsi-lug-2026-08-13-more-markets,2026-08-13T18:45:00Z,2026-08-13 23:22:18+00,21385.83,0,36
3255327,NSÍ Runavík vs. FC Lugano: O/U 3.5,col-nsi-lug-2026-08-13-total-3pt5,col-nsi-lug-2026-08-13-more-markets,2026-08-13T18:45:00Z,2026-08-13 23:22:15+00,16970.45,1,36
3255441,Spread: AFC Ajax (-1.5),col-she1-aja-2026-08-13-spread-away-1pt5,col-she1-aja-2026-08-13-more-markets,2026-08-13T18:45:00Z,2026-08-13 22:43:15+00,10175.52,0,35
3255448,Shelbourne FC vs. AFC Ajax: O/U 0.5,col-she1-aja-2026-08-13-total-0pt5,col-she1-aja-2026-08-13-more-markets,2026-08-13T18:45:00Z,2026-08-13 22:43:03+00,14165.0,1,35
3255462,Shelbourne FC vs. AFC Ajax: O/U 3.5,col-she1-aja-2026-08-13-total-3pt5,col-she1-aja-2026-08-13-more-markets,2026-08-13T18:45:00Z,2026-08-13 22:43:03+00,46119.87,1,35
3255464,Shelbourne FC vs. AFC Ajax: O/U 4.5,col-she1-aja-2026-08-13-total-4pt5,col-she1-aja-2026-08-13-more-markets,2026-08-13T18:45:00Z,2026-08-13 22:43:03+00,14620.88,0,35
3255697,KAA Gent vs. IFK Göteborg: O/U 2.5,col-gen-got-2026-08-13-total-2pt5,col-gen-got-2026-08-13-more-markets,2026-08-13T18:30:00Z,2026-08-13 22:42:30+00,12006.94,0,35
3255816,Spread: MH Beitar Jerusalem (-1.5),col-aus-bei-2026-08-13-spread-away-1pt5,col-aus-bei-2026-08-13-more-markets,2026-08-13T18:30:00Z,2026-08-13 23:16:33+00,16296.4,0,36
3255836,FK Austria Wien vs. MH Beitar Jerusalem: O/U 3.5,col-aus-bei-2026-08-13-total-3pt5,col-aus-bei-2026-08-13-more-markets,2026-08-13T18:30:00Z,2026-08-13 23:16:15+00,20353.26,0,36
3255964,FC Sion vs. Noah FA: O/U 2.5,col-sio-noa-2026-08-13-total-2pt5,col-sio-noa-2026-08-13-more-markets,2026-08-13T18:15:00Z,2026-08-13 22:12:15+00,10324.98,1,35
3256067,Spread: FC St. Gallen (-1.5),col-stg-she-2026-08-13-spread-home-1pt5,col-stg-she-2026-08-13-more-markets,2026-08-13T18:00:00Z,2026-08-13 23:20:06+00,30766.44,1,36
3256079,FC St. Gallen vs. FC Sheriff Tiraspol: O/U 0.5,col-stg-she-2026-08-13-total-0pt5,col-stg-she-2026-08-13-more-markets,2026-08-13T18:00:00Z,2026-08-13 21:52:43+00,12905.22,1,34
3256335,KF Shkëndija 79 vs. Hibernian FC: O/U 0.5,col-shk-hib1-2026-08-13-total-0pt5,col-shk-hib1-2026-08-13-more-markets,2026-08-13T18:00:00Z,2026-08-13 23:22:33+00,14092.25,0,36
3256471,Spread: FC Midtjylland (-1.5),col-mid-bohe-2026-08-13-spread-home-1pt5,col-mid-bohe-2026-08-13-more-markets,2026-08-13T17:00:00Z,2026-08-13 20:54:00+00,14074.45,0,33
3256473,Spread: FC Midtjylland (-2.5),col-mid-bohe-2026-08-13-spread-home-2pt5,col-mid-bohe-2026-08-13-more-markets,2026-08-13T17:00:00Z,2026-08-13 20:53:52+00,11098.94,0,33
3256520,Hammarby Fotboll vs. RKS Raków Częstochowa: O/U 1.5,col-hif-rak-2026-08-13-total-1pt5,col-hif-rak-2026-08-13-more-markets,2026-08-13T17:00:00Z,2026-08-13 20:57:33+00,31145.24,0,33
3256521,Hammarby Fotboll vs. RKS Raków Częstochowa: O/U 2.5,col-hif-rak-2026-08-13-total-2pt5,col-hif-rak-2026-08-13-more-markets,2026-08-13T17:00:00Z,2026-08-13 21:00:28+00,17750.75,0,34
3256566,FC Nordsjælland vs. KF Valur: O/U 3.5,col-nor-val-2026-08-13-total-3pt5,col-nor-val-2026-08-13-more-markets,2026-08-13T17:00:00Z,2026-08-13 20:54:30+00,18807.08,1,33
3256567,FC Nordsjælland vs. KF Valur: O/U 4.5,col-nor-val-2026-08-13-total-4pt5,col-nor-val-2026-08-13-more-markets,2026-08-13T17:00:00Z,2026-08-13 20:54:22+00,28705.4,1,33
3256568,FC Nordsjælland vs. KF Valur: O/U 5.5,col-nor-val-2026-08-13-total-5pt5,col-nor-val-2026-08-13-more-markets,2026-08-13T17:00:00Z,2026-08-13 20:54:30+00,22399.85,0,33
3256569,FC Nordsjælland vs. KF Valur: Both Teams to Score,col-nor-val-2026-08-13-btts,col-nor-val-2026-08-13-more-markets,2026-08-13T17:00:00Z,2026-08-13 20:54:45+00,17792.06,0,33
3256596,Tromsø IL vs. FC CFR 1907 Cluj: O/U 0.5,col-tro-clu-2026-08-13-total-0pt5,col-tro-clu-2026-08-13-more-markets,2026-08-13T17:00:00Z,2026-08-13 20:49:30+00,11739.3,1,33
3256598,Tromsø IL vs. FC CFR 1907 Cluj: O/U 2.5,col-tro-clu-2026-08-13-total-2pt5,col-tro-clu-2026-08-13-more-markets,2026-08-13T17:00:00Z,2026-08-13 20:49:22+00,15592.7,1,33
3256599,Tromsø IL vs. FC CFR 1907 Cluj: O/U 3.5,col-tro-clu-2026-08-13-total-3pt5,col-tro-clu-2026-08-13-more-markets,2026-08-13T17:00:00Z,2026-08-13 20:49:22+00,10673.82,0,33
3256730,FC Flora vs. Inter Club d'Escaldes: O/U 2.5,col-flo-int-2026-08-13-total-2pt5,col-flo-int-2026-08-13-more-markets,2026-08-13T16:00:00Z,2026-08-13 20:04:45+00,12656.59,1,33
3256732,FC Flora vs. Inter Club d'Escaldes: O/U 4.5,col-flo-int-2026-08-13-total-4pt5,col-flo-int-2026-08-13-more-markets,2026-08-13T16:00:00Z,2026-08-13 20:04:54+00,20079.25,0,33
3256765,FC DAC 1904 Dunajská Streda vs. FC Twente: O/U 4.5,col-dac-twe-2026-08-13-total-4pt5,col-dac-twe-2026-08-13-more-markets,2026-08-13T16:00:00Z,2026-08-13 20:54:03+00,10200.03,1,33
3256795,Qarabağ Ağdam FK vs. FK Dynamo Kyiv: O/U 1.5,col-qar-dyn-2026-08-13-total-1pt5,col-qar-dyn-2026-08-13-more-markets,2026-08-13T16:00:00Z,2026-08-13 20:06:49+00,15079.69,1,33
3256796,Qarabağ Ağdam FK vs. FK Dynamo Kyiv: O/U 2.5,col-qar-dyn-2026-08-13-total-2pt5,col-qar-dyn-2026-08-13-more-markets,2026-08-13T16:00:00Z,2026-08-13 20:06:46+00,173513.66,0,33
3256797,Qarabağ Ağdam FK vs. FK Dynamo Kyiv: O/U 3.5,col-qar-dyn-2026-08-13-total-3pt5,col-qar-dyn-2026-08-13-more-markets,2026-08-13T16:00:00Z,2026-08-13 20:06:30+00,49900.91,0,33
3256798,Qarabağ Ağdam FK vs. FK Dynamo Kyiv: O/U 4.5,col-qar-dyn-2026-08-13-total-4pt5,col-qar-dyn-2026-08-13-more-markets,2026-08-13T16:00:00Z,2026-08-13 20:06:30+00,16794.84,0,33
3256827,Ilves Tampere vs. HNK Rijeka: O/U 0.5,col-ilv-rij-2026-08-13-total-0pt5,col-ilv-rij-2026-08-13-more-markets,2026-08-13T16:00:00Z,2026-08-13 20:05:48+00,13328.11,1,33
3256828,Ilves Tampere vs. HNK Rijeka: O/U 1.5,col-ilv-rij-2026-08-13-total-1pt5,col-ilv-rij-2026-08-13-more-markets,2026-08-13T16:00:00Z,2026-08-13 20:06:07+00,10813.74,1,33
3256829,Ilves Tampere vs. HNK Rijeka: O/U 2.5,col-ilv-rij-2026-08-13-total-2pt5,col-ilv-rij-2026-08-13-more-markets,2026-08-13T16:00:00Z,2026-08-13 20:05:45+00,34700.96,0,33
3256830,Ilves Tampere vs. HNK Rijeka: O/U 3.5,col-ilv-rij-2026-08-13-total-3pt5,col-ilv-rij-2026-08-13-more-markets,2026-08-13T16:00:00Z,2026-08-13 20:05:45+00,12885.61,0,33
3256833,Ilves Tampere vs. HNK Rijeka: Both Teams to Score,col-ilv-rij-2026-08-13-btts,col-ilv-rij-2026-08-13-more-markets,2026-08-13T16:00:00Z,2026-08-13 20:06:07+00,11737.26,1,33
3256860,Tobyl FK vs. FK Partizan Beograd: O/U 0.5,col-tob-par-2026-08-13-total-0pt5,col-tob-par-2026-08-13-more-markets,2026-08-13T15:00:00Z,2026-08-13 18:58:22+00,17406.82,1,31
3256861,Tobyl FK vs. FK Partizan Beograd: O/U 1.5,col-tob-par-2026-08-13-total-1pt5,col-tob-par-2026-08-13-more-markets,2026-08-13T15:00:00Z,2026-08-13 18:58:22+00,17366.1,1,31
3256862,Tobyl FK vs. FK Partizan Beograd: O/U 2.5,col-tob-par-2026-08-13-total-2pt5,col-tob-par-2026-08-13-more-markets,2026-08-13T15:00:00Z,2026-08-13 18:58:15+00,83648.77,1,31
3256863,Tobyl FK vs. FK Partizan Beograd: O/U 3.5,col-tob-par-2026-08-13-total-3pt5,col-tob-par-2026-08-13-more-markets,2026-08-13T15:00:00Z,2026-08-13 18:58:15+00,32435.48,0,31
3256864,Tobyl FK vs. FK Partizan Beograd: O/U 4.5,col-tob-par-2026-08-13-total-4pt5,col-tob-par-2026-08-13-more-markets,2026-08-13T15:00:00Z,2026-08-13 18:58:15+00,34214.37,0,31
3256865,Tobyl FK vs. FK Partizan Beograd: O/U 5.5,col-tob-par-2026-08-13-total-5pt5,col-tob-par-2026-08-13-more-markets,2026-08-13T15:00:00Z,2026-08-13 18:58:15+00,11447.53,0,31
3257332,"Will Bitcoin reach $100,000 in August?",will-bitcoin-reach-100k-in-august-2026,what-price-will-bitcoin-hit-in-august-2026,2026-09-01T04:00:00Z,2026-09-01 04:16:15+00,3088033.25,0,472
3257334,"Will Bitcoin reach $85,000 in August?",will-bitcoin-reach-85k-in-august-2026,what-price-will-bitcoin-hit-in-august-2026,2026-09-01T04:00:00Z,2026-09-01 04:18:46+00,1684440.3,0,470
3257336,"Will Bitcoin reach $82,500 in August?",will-bitcoin-reach-82pt5k-in-august-2026,what-price-will-bitcoin-hit-in-august-2026,2026-09-01T04:00:00Z,2026-09-01 04:18:33+00,1921252.84,0,473
3257338,"Will Bitcoin reach $80,000 in August?",will-bitcoin-reach-80k-in-august-2026,what-price-will-bitcoin-hit-in-august-2026,2026-09-01T04:00:00Z,2026-08-24 15:43:42+00,1516226.87,1,291
3257340,"Will Bitcoin reach $77,500 in August?",will-bitcoin-reach-77pt5k-in-august-2026,what-price-will-bitcoin-hit-in-august-2026,2026-09-01T04:00:00Z,2026-08-21 08:45:12+00,834330.28,1,213
3257342,"Will Bitcoin reach $75,000 in August?",will-bitcoin-reach-75k-in-august-2026,what-price-will-bitcoin-hit-in-august-2026,2026-09-01T04:00:00Z,2026-08-21 01:46:18+00,1061886.18,1,205
3257344,"Will Bitcoin reach $72,500 in August?",will-bitcoin-reach-72pt5k-in-august-2026,what-price-will-bitcoin-hit-in-august-2026,2026-09-01T04:00:00Z,2026-08-20 15:16:19.535344+00,1031665.66,1,196
3257346,"Will Bitcoin reach $70,000 in August?",will-bitcoin-reach-70k-in-august-2026,what-price-will-bitcoin-hit-in-august-2026,2026-09-01T04:00:00Z,2026-08-19 22:01:13+00,897286.07,1,179
3257348,"Will Bitcoin reach $67,500 in August?",will-bitcoin-reach-67pt5k-in-august-2026,what-price-will-bitcoin-hit-in-august-2026,2026-09-01T04:00:00Z,2026-08-19 15:38:58+00,738567.91,1,172
3257355,"Will Bitcoin dip to $60,000 in August?",will-bitcoin-dip-to-60k-in-august-2026,what-price-will-bitcoin-hit-in-august-2026,2026-09-01T04:00:00Z,2026-09-01 04:18:36+00,1429083.51,0,473
3257356,"Will Bitcoin dip to $57,500 in August?",will-bitcoin-dip-to-57pt5k-in-august-2026,what-price-will-bitcoin-hit-in-august-2026,2026-09-01T04:00:00Z,2026-09-01 04:20:21+00,1165766.43,0,473
3257358,"Will Bitcoin dip to $55,000 in August?",will-bitcoin-dip-to-55k-in-august-2026,what-price-will-bitcoin-hit-in-august-2026,2026-09-01T04:00:00Z,2026-09-01 04:20:21+00,1181719.21,0,470
3257360,"Will Bitcoin dip to $52,500 in August?",will-bitcoin-dip-to-52pt5k-in-august-2026,what-price-will-bitcoin-hit-in-august-2026,2026-09-01T04:00:00Z,2026-09-01 04:18:33+00,641035.31,0,470
3257362,"Will Bitcoin dip to $50,000 in August?",will-bitcoin-dip-to-50k-in-august-2026,what-price-will-bitcoin-hit-in-august-2026,2026-09-01T04:00:00Z,2026-09-01 04:18:33+00,888844.7,0,473
3257364,"Will Bitcoin dip to $47,500 in August?",will-bitcoin-dip-to-47pt5k-in-august-2026,what-price-will-bitcoin-hit-in-august-2026,2026-09-01T04:00:00Z,2026-09-01 04:18:49+00,640493.35,0,473
3257366,"Will Bitcoin dip to $45,000 in August?",will-bitcoin-dip-to-45k-in-august-2026,what-price-will-bitcoin-hit-in-august-2026,2026-09-01T04:00:00Z,2026-09-01 04:18:49+00,482481.79,0,471
3257368,"Will Bitcoin dip to $42,500 in August?",will-bitcoin-dip-to-42pt5k-in-august-2026,what-price-will-bitcoin-hit-in-august-2026,2026-09-01T04:00:00Z,2026-09-01 04:18:33+00,502045.38,0,470
3257370,"Will Bitcoin dip to $40,000 in August?",will-bitcoin-dip-to-40k-in-august-2026,what-price-will-bitcoin-hit-in-august-2026,2026-09-01T04:00:00Z,2026-09-01 04:20:22+00,807229.94,0,471
3257382,"Will Ethereum reach $3,000 in August?",will-ethereum-reach-3000-in-august-2026,what-price-will-ethereum-hit-in-august-2026,2026-09-01T04:00:00Z,2026-09-01 04:18:36+00,1051729.8,0,473
3257384,"Will Ethereum reach $2,700 in August?",will-ethereum-reach-2700-in-august-2026,what-price-will-ethereum-hit-in-august-2026,2026-09-01T04:00:00Z,2026-09-01 04:18:49+00,572696.38,0,473
3257386,"Will Ethereum reach $2,600 in August?",will-ethereum-reach-2600-in-august-2026,what-price-will-ethereum-hit-in-august-2026,2026-09-01T04:00:00Z,2026-09-01 04:21:48+00,556649.32,0,470
3257388,"Will Ethereum reach $2,500 in August?",will-ethereum-reach-2500-in-august-2026,what-price-will-ethereum-hit-in-august-2026,2026-09-01T04:00:00Z,2026-08-21 22:04:48+00,379514.47,1,226
3257389,"Will Ethereum reach $2,400 in August?",will-ethereum-reach-2400-in-august-2026,what-price-will-ethereum-hit-in-august-2026,2026-09-01T04:00:00Z,2026-08-21 08:48:27+00,336751.25,1,212
3257390,"Will Ethereum reach $2,300 in August?",will-ethereum-reach-2300-in-august-2026,what-price-will-ethereum-hit-in-august-2026,2026-09-01T04:00:00Z,2026-08-19 21:19:58+00,234407.8,1,178
3257391,"Will Ethereum reach $2,200 in August?",will-ethereum-reach-2200-in-august-2026,what-price-will-ethereum-hit-in-august-2026,2026-09-01T04:00:00Z,2026-08-19 21:02:57+00,150203.17,1,178
3257392,"Will Ethereum reach $2,100 in August?",will-ethereum-reach-2100-in-august-2026,what-price-will-ethereum-hit-in-august-2026,2026-09-01T04:00:00Z,2026-08-19 15:41:27+00,255018.48,1,172
3257393,"Will Ethereum reach $2,000 in August?",will-ethereum-reach-2000-in-august-2026,what-price-will-ethereum-hit-in-august-2026,2026-09-01T04:00:00Z,2026-08-19 15:17:45+00,341027.49,1,172
3257397,"Will Ethereum dip to $1,800 in August?",will-ethereum-dip-to-1800-in-august-2026,what-price-will-ethereum-hit-in-august-2026,2026-09-01T04:00:00Z,2026-09-01 04:18:46+00,593642.8,0,473
3257399,"Will Ethereum dip to $1,700 in August?",will-ethereum-dip-to-1700-in-august-2026,what-price-will-ethereum-hit-in-august-2026,2026-09-01T04:00:00Z,2026-09-01 04:21:37+00,751681.74,0,471
3257401,"Will Ethereum dip to $1,600 in August?",will-ethereum-dip-to-1600-in-august-2026,what-price-will-ethereum-hit-in-august-2026,2026-09-01T04:00:00Z,2026-09-01 04:18:49+00,397732.5,0,472
3257403,"Will Ethereum dip to $1,500 in August?",will-ethereum-dip-to-1500-in-august-2026,what-price-will-ethereum-hit-in-august-2026,2026-09-01T04:00:00Z,2026-09-01 04:20:21+00,159885.16,0,471
3257405,"Will Ethereum dip to $1,400 in August?",will-ethereum-dip-to-1400-in-august-2026,what-price-will-ethereum-hit-in-august-2026,2026-09-01T04:00:00Z,2026-09-01 04:18:36+00,133947.78,0,473
3257407,"Will Ethereum dip to $1,300 in August?",will-ethereum-dip-to-1300-in-august-2026,what-price-will-ethereum-hit-in-august-2026,2026-09-01T04:00:00Z,2026-09-01 04:18:49+00,146875.67,0,473
3257409,"Will Ethereum dip to $1,200 in August?",will-ethereum-dip-to-1200-in-august-2026,what-price-will-ethereum-hit-in-august-2026,2026-09-01T04:00:00Z,2026-09-01 04:18:33+00,156775.23,0,473
3257411,"Will Ethereum dip to $1,100 in August?",will-ethereum-dip-to-1100-in-august-2026,what-price-will-ethereum-hit-in-august-2026,2026-09-01T04:00:00Z,2026-09-01 04:20:22+00,101707.49,0,470
3257413,"Will Ethereum dip to $1,000 in August?",will-ethereum-dip-to-1000-in-august-2026,what-price-will-ethereum-hit-in-august-2026,2026-09-01T04:00:00Z,2026-09-01 04:18:46+00,27484.55,0,472
3257416,Will Ethereum dip to $900 in August?,will-ethereum-dip-to-900-in-august-2026,what-price-will-ethereum-hit-in-august-2026,2026-09-01T04:00:00Z,2026-09-01 04:21:48+00,116654.81,0,473
3257429,Will Solana reach $160 in August?,will-solana-reach-160-in-august-2026,what-price-will-solana-hit-in-august-2026,2026-09-01T04:00:00Z,2026-09-01 04:18:36+00,192983.82,0,473
3257431,Will Solana reach $150 in August?,will-solana-reach-150-in-august-2026,what-price-will-solana-hit-in-august-2026,2026-09-01T04:00:00Z,2026-09-01 04:18:37+00,78806.45,0,470
3257433,Will Solana reach $140 in August?,will-solana-reach-140-in-august-2026,what-price-will-solana-hit-in-august-2026,2026-09-01T04:00:00Z,2026-09-01 04:18:49+00,103197.51,0,470
3257435,Will Solana reach $130 in August?,will-solana-reach-130-in-august-2026,what-price-will-solana-hit-in-august-2026,2026-09-01T04:00:00Z,2026-09-01 04:21:34+00,151812.36,0,473
3257437,Will Solana reach $120 in August?,will-solana-reach-120-in-august-2026,what-price-will-solana-hit-in-august-2026,2026-09-01T04:00:00Z,2026-09-01 04:21:34+00,324317.42,0,471
3257439,Will Solana reach $110 in August?,will-solana-reach-110-in-august-2026,what-price-will-solana-hit-in-august-2026,2026-09-01T04:00:00Z,2026-08-27 22:30:31+00,123433.6,1,370
3257441,Will Solana reach $100 in August?,will-solana-reach-100-in-august-2026,what-price-will-solana-hit-in-august-2026,2026-09-01T04:00:00Z,2026-08-22 04:48:55+00,122842.91,1,232
3257443,Will Solana reach $90 in August?,will-solana-reach-90-in-august-2026,what-price-will-solana-hit-in-august-2026,2026-09-01T04:00:00Z,2026-08-21 02:52:13+00,56474.59,1,207
3257445,Will Solana reach $80 in August?,will-solana-reach-80-in-august-2026,what-price-will-solana-hit-in-august-2026,2026-09-01T04:00:00Z,2026-08-19 15:05:28+00,17466.87,1,172
3257447,Will Solana dip to $70 in August?,will-solana-dip-to-70-in-august-2026,what-price-will-solana-hit-in-august-2026,2026-09-01T04:00:00Z,2026-09-01 04:21:37+00,110901.45,0,473
3257448,Will Solana dip to $60 in August?,will-solana-dip-to-60-in-august-2026,what-price-will-solana-hit-in-august-2026,2026-09-01T04:00:00Z,2026-09-01 04:21:34+00,84713.13,0,473
3257449,Will Solana dip to $50 in August?,will-solana-dip-to-50-in-august-2026,what-price-will-solana-hit-in-august-2026,2026-09-01T04:00:00Z,2026-09-01 04:21:34+00,52413.26,0,473
3257450,Will Solana dip to $40 in August?,will-solana-dip-to-40-in-august-2026,what-price-will-solana-hit-in-august-2026,2026-09-01T04:00:00Z,2026-09-01 04:20:30+00,11993.33,0,472
3257451,Will Solana dip to $30 in August?,will-solana-dip-to-30-in-august-2026,what-price-will-solana-hit-in-august-2026,2026-09-01T04:00:00Z,2026-09-01 04:21:34+00,12325.64,0,473
3257452,Will Solana dip to $20 in August?,will-solana-dip-to-20-in-august-2026,what-price-will-solana-hit-in-august-2026,2026-09-01T04:00:00Z,2026-09-01 04:21:33+00,34113.87,0,471
3257453,Will Solana dip to $10 in August?,will-solana-dip-to-10-in-august-2026,what-price-will-solana-hit-in-august-2026,2026-09-01T04:00:00Z,2026-09-01 04:20:21+00,48315.43,0,473
3257468,Will XRP reach $3.00 in August?,will-xrp-reach-3-in-august-2026,what-price-will-xrp-hit-in-august-2026,2026-09-01T04:00:00Z,2026-09-01 04:21:33+00,514806.1,0,471
3257470,Will XRP reach $2.80 in August?,will-xrp-reach-2pt8-in-august-2026,what-price-will-xrp-hit-in-august-2026,2026-09-01T04:00:00Z,2026-09-01 04:21:48+00,168369.71,0,471
3257472,Will XRP reach $2.60 in August?,will-xrp-reach-2pt6-in-august-2026,what-price-will-xrp-hit-in-august-2026,2026-09-01T04:00:00Z,2026-09-01 04:20:30+00,26794.35,0,470
3257474,Will XRP reach $2.40 in August?,will-xrp-reach-2pt4-in-august-2026,what-price-will-xrp-hit-in-august-2026,2026-09-01T04:00:00Z,2026-09-01 04:21:34+00,31340.72,0,473
3257475,Will XRP reach $2.20 in August?,will-xrp-reach-2pt2-in-august-2026,what-price-will-xrp-hit-in-august-2026,2026-09-01T04:00:00Z,2026-09-01 04:21:48+00,59386.64,0,473
3257477,Will XRP reach $2.00 in August?,will-xrp-reach-2-in-august-2026,what-price-will-xrp-hit-in-august-2026,2026-09-01T04:00:00Z,2026-09-01 04:21:33+00,120349.42,0,473
3257480,Will XRP reach $1.80 in August?,will-xrp-reach-1pt8-in-august-2026,what-price-will-xrp-hit-in-august-2026,2026-09-01T04:00:00Z,2026-09-01 04:21:48+00,165469.15,0,473
3257482,Will XRP reach $1.60 in August?,will-xrp-reach-1pt6-in-august-2026,what-price-will-xrp-hit-in-august-2026,2026-09-01T04:00:00Z,2026-08-22 04:36:57+00,49071.7,1,233
3257483,Will XRP reach $1.40 in August?,will-xrp-reach-1pt4-in-august-2026,what-price-will-xrp-hit-in-august-2026,2026-09-01T04:00:00Z,2026-08-21 10:14:25+00,624329.73,1,215
3257486,Will XRP reach $1.20 in August?,will-xrp-reach-1pt2-in-august-2026,what-price-will-xrp-hit-in-august-2026,2026-09-01T04:00:00Z,2026-08-20 13:32:12+00,61173.82,1,194
3257489,Will XRP dip to $0.80 in August?,will-xrp-dip-to-0pt8-in-august-2026,what-price-will-xrp-hit-in-august-2026,2026-09-01T04:00:00Z,2026-09-01 04:21:34+00,105998.22,0,471
3257492,Will XRP dip to $0.60 in August?,will-xrp-dip-to-0pt6-in-august-2026,what-price-will-xrp-hit-in-august-2026,2026-09-01T04:00:00Z,2026-09-01 04:21:34+00,42204.45,0,471
3257493,Will XRP dip to $0.40 in August?,will-xrp-dip-to-0pt4-in-august-2026,what-price-will-xrp-hit-in-august-2026,2026-09-01T04:00:00Z,2026-09-01 04:21:34+00,18190.77,0,473
3257495,Will XRP dip to $0.20 in August?,will-xrp-dip-to-0pt2-in-august-2026,what-price-will-xrp-hit-in-august-2026,2026-09-01T04:00:00Z,2026-09-01 04:21:48+00,16307.81,0,471
3257506,Will Dogecoin reach $0.15 in August?,will-dogecoin-reach-0pt15-in-august-2026,what-price-will-dogecoin-hit-in-august-2026,2026-09-01T04:00:00Z,2026-09-01 04:18:36+00,95237.03,0,471
3258337,Will Real Sociedad de Fútbol B win on 2026-08-14?,es2-rso-cas-2026-08-14-rso,es2-rso-cas-2026-08-14,2026-08-14T18:30:00Z,2026-08-14 22:28:43+00,21340.62,0,59
3258338,Will Real Sociedad de Fútbol B vs. CD Castellón end in a draw?,es2-rso-cas-2026-08-14-draw,es2-rso-cas-2026-08-14,2026-08-14T18:30:00Z,2026-08-14 22:28:43+00,11764.08,0,59
3258339,Will CD Castellón win on 2026-08-14?,es2-rso-cas-2026-08-14-cas,es2-rso-cas-2026-08-14,2026-08-14T18:30:00Z,2026-08-14 23:01:16+00,34899.74,1,60
3258429,Will Hyperliquid reach $76 in August?,will-hyperliquid-reach-76-in-august,what-price-will-hyperliquid-hit-in-august,2026-09-01T04:00:00Z,2026-08-21 08:54:12+00,129699.78,1,212
3258430,Will Hyperliquid reach $72 in August?,will-hyperliquid-reach-72-in-august,what-price-will-hyperliquid-hit-in-august,2026-09-01T04:00:00Z,2026-08-19 19:31:27+00,11539.86,1,176
3258436,Will Hyperliquid dip to $48 in August?,will-hyperliquid-dip-to-48-in-august,what-price-will-hyperliquid-hit-in-august,2026-09-01T04:00:00Z,2026-09-01 04:18:46+00,13429.64,0,473
3258438,Will Hyperliquid dip to $40 in August?,will-hyperliquid-dip-to-40-in-august,what-price-will-hyperliquid-hit-in-august,2026-09-01T04:00:00Z,2026-09-01 04:20:21+00,12196.67,0,471
3258632,Will Red Star FC win on 2026-08-14?,fr2-rst-fcs-2026-08-14-rst,fr2-rst-fcs-2026-08-14,2026-08-14T18:45:00Z,2026-08-14 22:47:31+00,14045.85,0,59
3258636,Will Stade de Reims win on 2026-08-14?,fr2-rei-usd-2026-08-14-rei,fr2-rei-usd-2026-08-14,2026-08-14T18:45:00Z,2026-08-14 22:51:13+00,16492.12,0,59
3258640,Will Dijon Football Côte d'Or win on 2026-08-14?,fr2-dij-pau-2026-08-14-dij,fr2-dij-pau-2026-08-14,2026-08-14T18:45:00Z,2026-08-14 22:43:43+00,27312.9,0,59
3258650,Will FC Metz win on 2026-08-14?,fr2-gre-met-2026-08-14-met,fr2-gre-met-2026-08-14,2026-08-14T18:45:00Z,2026-08-14 22:43:12+00,14039.78,0,59
3258652,Will AS Saint-Étienne win on 2026-08-14?,fr2-ass-clf-2026-08-14-ass,fr2-ass-clf-2026-08-14,2026-08-14T18:45:00Z,2026-08-14 23:24:40+00,31283.8,1,60
3258654,Will Clermont Foot 63 win on 2026-08-14?,fr2-ass-clf-2026-08-14-clf,fr2-ass-clf-2026-08-14,2026-08-14T18:45:00Z,2026-08-14 22:51:31+00,13842.92,0,59
3258656,Will Stade Lavallois Mayenne FC win on 2026-08-14?,fr2-lav-nan-2026-08-14-lav,fr2-lav-nan-2026-08-14,2026-08-14T18:45:00Z,2026-08-14 23:25:58+00,26957.63,1,60
3258658,Will FC Nantes win on 2026-08-14?,fr2-lav-nan-2026-08-14-nan,fr2-lav-nan-2026-08-14,2026-08-14T18:45:00Z,2026-08-14 22:53:43+00,41339.8,0,59
3258662,Will En Avant Guingamp win on 2026-08-14?,fr2-gui-usb-2026-08-14-gui,fr2-gui-usb-2026-08-14,2026-08-14T18:45:00Z,2026-08-14 23:21:43+00,44335.97,1,60
3258664,Will US Boulogne Côte d'Opale win on 2026-08-14?,fr2-gui-usb-2026-08-14-usb,fr2-gui-usb-2026-08-14,2026-08-14T18:45:00Z,2026-08-14 22:42:30+00,15464.36,0,59
3259961,Spread: Wolverhampton Wanderers FC (-1.5),elc-wol-bbr-2026-08-14-spread-home-1pt5,elc-wol-bbr-2026-08-14-more-markets,2026-08-14T19:00:00Z,2026-08-14 22:57:37+00,32729.86,0,59
3259964,Spread: Blackburn Rovers FC (-1.5),elc-wol-bbr-2026-08-14-spread-away-1pt5,elc-wol-bbr-2026-08-14-more-markets,2026-08-14T19:00:00Z,2026-08-14 22:57:37+00,10332.36,0,59
3259965,Spread: Wolverhampton Wanderers FC (-2.5),elc-wol-bbr-2026-08-14-spread-home-2pt5,elc-wol-bbr-2026-08-14-more-markets,2026-08-14T19:00:00Z,2026-08-14 22:57:37+00,60939.12,0,59
3259981,Wolverhampton Wanderers FC vs. Blackburn Rovers FC: O/U 2.5,elc-wol-bbr-2026-08-14-total-2pt5,elc-wol-bbr-2026-08-14-more-markets,2026-08-14T19:00:00Z,2026-08-14 22:57:30+00,58749.13,1,59
3259984,Wolverhampton Wanderers FC vs. Blackburn Rovers FC: O/U 3.5,elc-wol-bbr-2026-08-14-total-3pt5,elc-wol-bbr-2026-08-14-more-markets,2026-08-14T19:00:00Z,2026-08-14 22:57:30+00,79193.9,1,59
3259986,Wolverhampton Wanderers FC vs. Blackburn Rovers FC: O/U 4.5,elc-wol-bbr-2026-08-14-total-4pt5,elc-wol-bbr-2026-08-14-more-markets,2026-08-14T19:00:00Z,2026-08-14 22:57:30+00,28549.43,0,59
3261012,CD Tolima vs. Independiente del Valle: O/U 1.5,lib-tol-ind1-2026-08-11-total-1pt5,lib-tol-ind1-2026-08-11-more-markets,2026-08-19T00:30:00Z,2026-08-19 04:30:15+00,16751.5,0,161
3261013,CD Tolima vs. Independiente del Valle: O/U 2.5,lib-tol-ind1-2026-08-11-total-2pt5,lib-tol-ind1-2026-08-11-more-markets,2026-08-19T00:30:00Z,2026-08-19 04:29:42+00,23961.66,0,161
3261014,CD Tolima vs. Independiente del Valle: O/U 3.5,lib-tol-ind1-2026-08-11-total-3pt5,lib-tol-ind1-2026-08-11-more-markets,2026-08-19T00:30:00Z,2026-08-19 04:30:15+00,47879.85,0,161
3261322,Will AC Monza win on 2026-08-14?,itc-mon1-ave-2026-08-14-mon1,itc-mon1-ave-2026-08-14,2026-08-14T18:45:00Z,2026-08-14 23:21:43+00,41398.13,1,60
3261353,Holstein Kiel vs. FC St. Pauli 1910: O/U 2.5,bl2-ksv-stp-2026-08-14-total-2pt5,bl2-ksv-stp-2026-08-14-more-markets,2026-08-14T16:30:00Z,2026-08-14 20:31:07+00,47301.04,1,57
3261355,Holstein Kiel vs. FC St. Pauli 1910: O/U 3.5,bl2-ksv-stp-2026-08-14-total-3pt5,bl2-ksv-stp-2026-08-14-more-markets,2026-08-14T16:30:00Z,2026-08-14 20:31:07+00,43692.21,1,57
3261356,Holstein Kiel vs. FC St. Pauli 1910: O/U 4.5,bl2-ksv-stp-2026-08-14-total-4pt5,bl2-ksv-stp-2026-08-14-more-markets,2026-08-14T16:30:00Z,2026-08-14 20:31:07+00,14393.2,0,57
3261361,Holstein Kiel vs. FC St. Pauli 1910: Both Teams to Score,bl2-ksv-stp-2026-08-14-btts,bl2-ksv-stp-2026-08-14-more-markets,2026-08-14T16:30:00Z,2026-08-14 20:31:07+00,12197.22,1,57
3261363,Holstein Kiel vs. FC St. Pauli 1910: 1st Half O/U 0.5,bl2-ksv-stp-2026-08-14-first-half-total-0pt5,bl2-ksv-stp-2026-08-14-more-markets,2026-08-14T16:30:00Z,2026-08-14 20:31:15+00,20557.42,1,57
3261364,Holstein Kiel vs. FC St. Pauli 1910: 1st Half O/U 1.5,bl2-ksv-stp-2026-08-14-first-half-total-1pt5,bl2-ksv-stp-2026-08-14-more-markets,2026-08-14T16:30:00Z,2026-08-14 20:31:15+00,30476.77,1,57
3261389,Eintracht Braunschweig vs. VfL Bochum: O/U 1.5,bl2-bra-boc-2026-08-14-total-1pt5,bl2-bra-boc-2026-08-14-more-markets,2026-08-14T16:30:00Z,2026-08-14 20:26:33+00,20203.94,0,57
3261390,Eintracht Braunschweig vs. VfL Bochum: O/U 2.5,bl2-bra-boc-2026-08-14-total-2pt5,bl2-bra-boc-2026-08-14-more-markets,2026-08-14T16:30:00Z,2026-08-14 20:26:15+00,32658.08,0,57
3261486,Will NJ/NY Gotham FC win on 2026-08-14?,nwsl-got-kcc-2026-08-14-got,nwsl-got-kcc-2026-08-14,2026-08-15T00:00:00Z,2026-08-15 04:48:40+00,32201.23,1,65
3261492,Will Utah Royals FC win on 2026-08-14?,nwsl-roy-bay-2026-08-14-roy,nwsl-roy-bay-2026-08-14,2026-08-15T02:00:00Z,2026-08-15 06:38:43+00,16669.07,1,67
3261496,Will San Diego Wave FC win on 2026-08-14?,nwsl-wav-den-2026-08-14-wav,nwsl-wav-den-2026-08-14,2026-08-15T02:00:00Z,2026-08-15 06:07:28+00,12160.44,0,67
3261499,Will Denver Summit FC win on 2026-08-14?,nwsl-wav-den-2026-08-14-den,nwsl-wav-den-2026-08-14,2026-08-15T02:00:00Z,2026-08-15 06:07:42+00,13244.73,0,67
3261615,SC Freiburg vs. Crystal Palace: O/U 2.5,clf-scf-cry-2026-08-15-total-2pt5,clf-scf-cry-2026-08-15-more-markets,2026-08-15T12:00:00Z,2026-08-15 20:36:31+00,31471.14,1,81
3261782,Utah Royals FC vs. Bay FC: O/U 5.5,nwsl-roy-bay-2026-08-14-total-5pt5,nwsl-roy-bay-2026-08-14-more-markets,2026-08-15T02:00:00Z,2026-08-15 06:07:00+00,11990.62,0,67
3261910,NJ/NY Gotham FC vs. Kansas City Current: O/U 3.5,nwsl-got-kcc-2026-08-14-total-3pt5,nwsl-got-kcc-2026-08-14-more-markets,2026-08-15T00:00:00Z,2026-08-15 04:16:28+00,13671.49,0,65
3261911,NJ/NY Gotham FC vs. Kansas City Current: O/U 4.5,nwsl-got-kcc-2026-08-14-total-4pt5,nwsl-got-kcc-2026-08-14-more-markets,2026-08-15T00:00:00Z,2026-08-15 04:16:28+00,10894.79,0,65
3262000,Will Telstar 1963 win on 2026-08-14?,ere-tel-spa-2026-08-14-tel,ere-tel-spa-2026-08-14,2026-08-14T18:00:00Z,2026-08-14 22:00:00+00,115827.76,0,59
3262002,Will Sparta Rotterdam win on 2026-08-14?,ere-tel-spa-2026-08-14-spa,ere-tel-spa-2026-08-14,2026-08-14T18:00:00Z,2026-08-14 22:50:13+00,36063.37,1,59
3262005,Will NEC win on 2026-08-15?,ere-wii-nec-2026-08-15-nec,ere-wii-nec-2026-08-15,2026-08-15T14:30:00Z,2026-08-15 18:33:43+00,148960.37,1,79
3262045,Exact Score: Willem II Tilburg 1 - 2 NEC?,ere-wii-nec-2026-08-15-exact-score-1-2,ere-wii-nec-2026-08-15-exact-score,2026-08-15T14:30:00Z,2026-08-15 18:31:01+00,10056.22,0,79
3262048,Exact Score: Willem II Tilburg 1 - 3 NEC?,ere-wii-nec-2026-08-15-exact-score-1-3,ere-wii-nec-2026-08-15-exact-score,2026-08-15T14:30:00Z,2026-08-15 18:31:01+00,40810.95,0,79
3262132,Will Mirassol FC win on 2026-08-13?,lib-mir-lqu-2026-08-13-mir,lib-mir-lqu-2026-08-13,2026-08-13T22:00:00Z,2026-08-14 01:58:01+00,77174.25,0,38
3262133,Will Mirassol FC vs. LDU de Quito end in a draw?,lib-mir-lqu-2026-08-13-draw,lib-mir-lqu-2026-08-13,2026-08-13T22:00:00Z,2026-08-14 02:29:58+00,48615.57,1,39
3262134,Will LDU de Quito win on 2026-08-13?,lib-mir-lqu-2026-08-13-lqu,lib-mir-lqu-2026-08-13,2026-08-13T22:00:00Z,2026-08-14 01:58:43+00,105185.91,0,38
3262136,Will CA Rosario Central win on 2026-08-13?,lib-ros-cor-2026-08-13-ros,lib-ros-cor-2026-08-13,2026-08-14T00:30:00Z,2026-08-14 04:36:31+00,73942.56,0,41
3262137,Will CA Rosario Central vs. SC Corinthians Paulista end in a draw?,lib-ros-cor-2026-08-13-draw,lib-ros-cor-2026-08-13,2026-08-14T00:30:00Z,2026-08-14 05:07:12+00,57727.4,1,42
3262138,Will SC Corinthians Paulista win on 2026-08-13?,lib-ros-cor-2026-08-13-cor,lib-ros-cor-2026-08-13,2026-08-14T00:30:00Z,2026-08-14 04:37:13+00,75957.47,0,41
3262141,Mirassol FC leading at halftime?,lib-mir-lqu-2026-08-13-halftime-result-home,lib-mir-lqu-2026-08-13-halftime-result,2026-08-13T22:00:00Z,2026-08-14 02:29:58+00,20121.49,1,39
3262157,Exact Score: Mirassol FC 2 - 1 LDU de Quito?,lib-mir-lqu-2026-08-13-exact-score-2-1,lib-mir-lqu-2026-08-13-exact-score,2026-08-13T22:00:00Z,2026-08-14 01:58:01+00,13933.62,0,38
3262170,Tōkyō Verdy vs. Kashiwa Reysol: O/U 0.5,jap-fct1-rey-2026-08-14-total-0pt5,jap-fct1-rey-2026-08-14-more-markets,2026-08-14T10:00:00Z,2026-08-14 12:19:03+00,14178.15,1,49
3262171,Tōkyō Verdy vs. Kashiwa Reysol: O/U 1.5,jap-fct1-rey-2026-08-14-total-1pt5,jap-fct1-rey-2026-08-14-more-markets,2026-08-14T10:00:00Z,2026-08-14 12:19:03+00,10913.53,1,49
3262172,Tōkyō Verdy vs. Kashiwa Reysol: O/U 2.5,jap-fct1-rey-2026-08-14-total-2pt5,jap-fct1-rey-2026-08-14-more-markets,2026-08-14T10:00:00Z,2026-08-14 12:19:03+00,67181.95,1,49
3262173,Tōkyō Verdy vs. Kashiwa Reysol: O/U 3.5,jap-fct1-rey-2026-08-14-total-3pt5,jap-fct1-rey-2026-08-14-more-markets,2026-08-14T10:00:00Z,2026-08-14 12:19:03+00,25970.35,1,49
3262174,Tōkyō Verdy vs. Kashiwa Reysol: O/U 4.5,jap-fct1-rey-2026-08-14-total-4pt5,jap-fct1-rey-2026-08-14-more-markets,2026-08-14T10:00:00Z,2026-08-14 12:19:03+00,46490.04,0,49
3262413,AC Monza vs. US Avellino 1912: O/U 3.5,itc-mon1-ave-2026-08-14-total-3pt5,itc-mon1-ave-2026-08-14-more-markets,2026-08-14T18:45:00Z,2026-08-14 22:49:00+00,11584.4,0,59
3263089,Rosenborg BK vs. Viking FK: O/U 0.5,nor-rbk-vik-2026-08-14-total-0pt5,nor-rbk-vik-2026-08-14-more-markets,2026-08-14T17:00:00Z,2026-08-14 20:55:48+00,13628.7,1,57
3263102,Rosenborg BK vs. Viking FK: O/U 1.5,nor-rbk-vik-2026-08-14-total-1pt5,nor-rbk-vik-2026-08-14-more-markets,2026-08-14T17:00:00Z,2026-08-14 20:55:48+00,47692.97,1,57
3263121,Rosenborg BK vs. Viking FK: O/U 2.5,nor-rbk-vik-2026-08-14-total-2pt5,nor-rbk-vik-2026-08-14-more-markets,2026-08-14T17:00:00Z,2026-08-14 20:55:48+00,56113.19,1,57
3263130,Rosenborg BK vs. Viking FK: O/U 3.5,nor-rbk-vik-2026-08-14-total-3pt5,nor-rbk-vik-2026-08-14-more-markets,2026-08-14T17:00:00Z,2026-08-14 20:55:48+00,33996.35,0,57
3263135,Qingdao Xihaian FC vs. Chongqing Tonglianglong FC: O/U 0.5,chi-qin-ton-2026-08-14-total-0pt5,chi-qin-ton-2026-08-14-more-markets,2026-08-14T12:00:00Z,2026-08-14 15:55:15+00,75839.38,0,52
3263146,Qingdao Xihaian FC vs. Chongqing Tonglianglong FC: O/U 1.5,chi-qin-ton-2026-08-14-total-1pt5,chi-qin-ton-2026-08-14-more-markets,2026-08-14T12:00:00Z,2026-08-14 15:55:45+00,21213.58,0,52
3263164,Qingdao Xihaian FC vs. Chongqing Tonglianglong FC: O/U 2.5,chi-qin-ton-2026-08-14-total-2pt5,chi-qin-ton-2026-08-14-more-markets,2026-08-14T12:00:00Z,2026-08-14 15:55:15+00,42849.18,0,52
3263165,Rosenborg BK vs. Viking FK: Both Teams to Score,nor-rbk-vik-2026-08-14-btts,nor-rbk-vik-2026-08-14-more-markets,2026-08-14T17:00:00Z,2026-08-14 20:55:45+00,39068.61,1,57
3263219,Qingdao Xihaian FC vs. Chongqing Tonglianglong FC: Both Teams to Score,chi-qin-ton-2026-08-14-btts,chi-qin-ton-2026-08-14-more-markets,2026-08-14T12:00:00Z,2026-08-14 15:55:15+00,16878.09,0,52
3263526,Spread: Shandong Taishan FC (-1.5),chi-sha-hai-2026-08-14-spread-home-1pt5,chi-sha-hai-2026-08-14-more-markets,2026-08-14T11:35:00Z,2026-08-14 15:32:48+00,35144.48,1,52
3263586,Shandong Taishan FC vs. Qingdao Hainiu FC: O/U 2.5,chi-sha-hai-2026-08-14-total-2pt5,chi-sha-hai-2026-08-14-more-markets,2026-08-14T11:35:00Z,2026-08-14 15:32:45+00,10327.8,1,52
3263596,Shandong Taishan FC vs. Qingdao Hainiu FC: O/U 3.5,chi-sha-hai-2026-08-14-total-3pt5,chi-sha-hai-2026-08-14-more-markets,2026-08-14T11:35:00Z,2026-08-14 15:32:45+00,239138.65,1,52
3263601,Shandong Taishan FC vs. Qingdao Hainiu FC: O/U 4.5,chi-sha-hai-2026-08-14-total-4pt5,chi-sha-hai-2026-08-14-more-markets,2026-08-14T11:35:00Z,2026-08-14 15:32:30+00,39269.32,0,52
3263604,Shandong Taishan FC vs. Qingdao Hainiu FC: O/U 5.5,chi-sha-hai-2026-08-14-total-5pt5,chi-sha-hai-2026-08-14-more-markets,2026-08-14T11:35:00Z,2026-08-14 15:32:48+00,14041.7,0,52
3263851,Wuhan San Zhen FC vs. Shanghai Haigang FC: O/U 1.5,chi-wsz-shp-2026-08-14-total-1pt5,chi-wsz-shp-2026-08-14-more-markets,2026-08-14T11:35:00Z,2026-08-14 15:34:03+00,14888.48,1,52
3263853,Wuhan San Zhen FC vs. Shanghai Haigang FC: O/U 2.5,chi-wsz-shp-2026-08-14-total-2pt5,chi-wsz-shp-2026-08-14-more-markets,2026-08-14T11:35:00Z,2026-08-14 15:34:22+00,68114.82,1,52
3263858,Wuhan San Zhen FC vs. Shanghai Haigang FC: O/U 3.5,chi-wsz-shp-2026-08-14-total-3pt5,chi-wsz-shp-2026-08-14-more-markets,2026-08-14T11:35:00Z,2026-08-14 15:34:00+00,56826.12,1,52
3263865,Wuhan San Zhen FC vs. Shanghai Haigang FC: O/U 4.5,chi-wsz-shp-2026-08-14-total-4pt5,chi-wsz-shp-2026-08-14-more-markets,2026-08-14T11:35:00Z,2026-08-14 15:34:22+00,90342.83,1,52
3263868,Wuhan San Zhen FC vs. Shanghai Haigang FC: O/U 5.5,chi-wsz-shp-2026-08-14-total-5pt5,chi-wsz-shp-2026-08-14-more-markets,2026-08-14T11:35:00Z,2026-08-14 15:34:00+00,45318.89,0,52
3264378,Will Galatasaray SK win on 2026-08-14?,tur-gal-cf-2026-08-14-gal,tur-gal-cf-2026-08-14,2026-08-14T18:30:00Z,2026-08-14 22:56:15+00,287512.45,0,59
3264379,Will Galatasaray SK vs. Çorum FK end in a draw?,tur-gal-cf-2026-08-14-draw,tur-gal-cf-2026-08-14,2026-08-14T18:30:00Z,2026-08-14 23:35:42+00,79427.41,1,60
3264380,Will Çorum FK win on 2026-08-14?,tur-gal-cf-2026-08-14-cf,tur-gal-cf-2026-08-14,2026-08-14T18:30:00Z,2026-08-14 22:55:13+00,254449.14,0,59
3264384,Will Kasımpaşa SK win on 2026-08-15?,tur-kas-tra-2026-08-15-kas,tur-kas-tra-2026-08-15,2026-08-15T16:00:00Z,2026-08-15 20:21:01+00,32821.14,0,81
3264385,Will Kasımpaşa SK vs. Trabzonspor end in a draw?,tur-kas-tra-2026-08-15-draw,tur-kas-tra-2026-08-15,2026-08-15T16:00:00Z,2026-08-15 21:00:00+00,15856.48,1,82
3264387,Will Trabzonspor win on 2026-08-15?,tur-kas-tra-2026-08-15-tra,tur-kas-tra-2026-08-15,2026-08-15T16:00:00Z,2026-08-15 20:21:01+00,141507.21,0,81
3264388,Will Sunderland AFC win on 2026-08-15?,clf-sun-ren-2026-08-15-sun,clf-sun-ren-2026-08-15,2026-08-15T14:00:00Z,2026-08-15 20:34:42+00,11985.21,1,81
3264392,Will Konyaspor win on 2026-08-15?,tur-kon-riz-2026-08-15-kon,tur-kon-riz-2026-08-15,2026-08-15T16:00:00Z,2026-08-15 20:21:01+00,195697.47,0,81
3264393,Will AC Milan win on 2026-08-15?,clf-acm-mun-2026-08-15-acm,clf-acm-mun-2026-08-15,2026-08-15T14:45:00Z,2026-08-15 19:45:43+00,53579.79,1,80
3264394,Will Konyaspor vs. Çaykur Rizespor end in a draw?,tur-kon-riz-2026-08-15-draw,tur-kon-riz-2026-08-15,2026-08-15T16:00:00Z,2026-08-15 20:21:01+00,75738.76,0,81
3264396,Will AC Milan vs. Manchester United end in a draw?,clf-acm-mun-2026-08-15-draw,clf-acm-mun-2026-08-15,2026-08-15T14:45:00Z,2026-08-15 18:44:16+00,19810.14,0,79
3264397,Will Çaykur Rizespor win on 2026-08-15?,tur-kon-riz-2026-08-15-riz,tur-kon-riz-2026-08-15,2026-08-15T16:00:00Z,2026-08-15 21:02:46+00,27466.62,1,82
3264398,Will Manchester United win on 2026-08-15?,clf-acm-mun-2026-08-15-mun,clf-acm-mun-2026-08-15,2026-08-15T14:45:00Z,2026-08-15 18:44:16+00,93822.5,0,79
3264399,Will Borussia Dortmund win on 2026-08-15?,clf-bvb-rom-2026-08-15-bvb,clf-bvb-rom-2026-08-15,2026-08-15T15:30:00Z,2026-08-15 19:30:31+00,26089.71,0,80
3264400,Will Borussia Dortmund vs. AS Roma end in a draw?,clf-bvb-rom-2026-08-15-draw,clf-bvb-rom-2026-08-15,2026-08-15T15:30:00Z,2026-08-15 20:10:00+00,56316.19,1,81
3264401,Galatasaray SK leading at halftime?,tur-gal-cf-2026-08-14-halftime-result-home,tur-gal-cf-2026-08-14-halftime-result,2026-08-14T18:30:00Z,2026-08-14 22:55:13+00,13228.97,0,59
3264403,Will AS Roma win on 2026-08-15?,clf-bvb-rom-2026-08-15-rom,clf-bvb-rom-2026-08-15,2026-08-15T15:30:00Z,2026-08-15 19:30:31+00,25562.93,0,80
3266879,Borussia Dortmund vs. AS Roma: O/U 3.5,clf-bvb-rom-2026-08-15-total-3pt5,clf-bvb-rom-2026-08-15-more-markets,2026-08-15T15:30:00Z,2026-08-15 19:29:18+00,10723.47,1,80
3266880,Borussia Dortmund vs. AS Roma: O/U 4.5,clf-bvb-rom-2026-08-15-total-4pt5,clf-bvb-rom-2026-08-15-more-markets,2026-08-15T15:30:00Z,2026-08-15 19:29:18+00,44943.41,0,80
3266881,Borussia Dortmund vs. AS Roma: O/U 5.5,clf-bvb-rom-2026-08-15-total-5pt5,clf-bvb-rom-2026-08-15-more-markets,2026-08-15T15:30:00Z,2026-08-15 19:29:18+00,40924.34,0,80
3266913,AC Milan vs. Manchester United: O/U 4.5,clf-acm-mun-2026-08-15-total-4pt5,clf-acm-mun-2026-08-15-more-markets,2026-08-15T14:45:00Z,2026-08-15 18:43:15+00,14802.61,1,79
3266914,AC Milan vs. Manchester United: O/U 5.5,clf-acm-mun-2026-08-15-total-5pt5,clf-acm-mun-2026-08-15-more-markets,2026-08-15T14:45:00Z,2026-08-15 18:43:15+00,24891.35,1,79
3268638,Will Sporting CP win on 2026-08-14?,por-spo-gui-2026-08-14-spo,por-spo-gui-2026-08-14,2026-08-14T19:15:00Z,2026-08-14 23:59:40+00,153608.7,1,60
3268639,Will Sporting CP vs. Vitória SC end in a draw?,por-spo-gui-2026-08-14-draw,por-spo-gui-2026-08-14,2026-08-14T19:15:00Z,2026-08-14 23:19:13+00,35283.11,0,60
3268641,Will Vitória SC win on 2026-08-14?,por-spo-gui-2026-08-14-gui,por-spo-gui-2026-08-14,2026-08-14T19:15:00Z,2026-08-14 23:19:40+00,81205.07,0,60
3268642,Will FK Rodina Moskva win on 2026-08-15?,rus-rod-akr-2026-08-15-rod,rus-rod-akr-2026-08-15,2026-08-15T11:00:00Z,2026-08-15 14:57:13+00,28246.13,0,75
3268643,Will FC Alverca win on 2026-08-15?,por-alv-ama-2026-08-15-alv,por-alv-ama-2026-08-15,2026-08-15T14:30:00Z,2026-08-15 18:33:43+00,188114.98,0,79
3268646,Will FC Alverca vs. CF Estrela da Amadora end in a draw?,por-alv-ama-2026-08-15-draw,por-alv-ama-2026-08-15,2026-08-15T14:30:00Z,2026-08-15 19:13:13+00,15279.65,1,80
3268647,Will CF Estrela da Amadora win on 2026-08-15?,por-alv-ama-2026-08-15-ama,por-alv-ama-2026-08-15,2026-08-15T14:30:00Z,2026-08-15 18:33:00+00,145630.93,0,79
3268648,Will PFK CSKA Moskva win on 2026-08-15?,rus-csk-fak-2026-08-15-csk,rus-csk-fak-2026-08-15,2026-08-15T13:15:00Z,2026-08-15 17:48:40+00,18858.15,1,78
3268650,Will Académico de Viseu FC win on 2026-08-15?,por-acv-cds-2026-08-15-acv,por-acv-cds-2026-08-15,2026-08-15T17:00:00Z,2026-08-15 21:00:31+00,61778.74,0,82
3268653,Will CD Santa Clara win on 2026-08-15?,por-acv-cds-2026-08-15-cds,por-acv-cds-2026-08-15,2026-08-15T17:00:00Z,2026-08-15 21:37:43+00,21388.26,1,82
3268675,Exact Score: Sporting CP 1 - 1 Vitória SC?,por-spo-gui-2026-08-14-exact-score-1-1,por-spo-gui-2026-08-14-exact-score,2026-08-14T19:15:00Z,2026-08-14 23:18:42+00,11102.26,0,60
3269339,Will Beşiktaş JK win on 2026-08-13?,uel-bes-hra-2026-08-13-bes,uel-bes-hra-2026-08-13,2026-08-13T17:00:00Z,2026-08-13 20:58:28+00,94688.05,1,33
3269341,Will FC Hradec Králové win on 2026-08-13?,uel-bes-hra-2026-08-13-hra,uel-bes-hra-2026-08-13,2026-08-13T17:00:00Z,2026-08-13 20:53:01+00,21466.56,0,33
3269342,Will Universitatea Craiova CS win on 2026-08-13?,uel-ucr-kps-2026-08-13-ucr,uel-ucr-kps-2026-08-13,2026-08-13T17:00:00Z,2026-08-13 23:24:27+00,45959.16,1,36
3269343,Will Universitatea Craiova CS vs. Kuopion PS end in a draw?,uel-ucr-kps-2026-08-13-draw,uel-ucr-kps-2026-08-13,2026-08-13T17:00:00Z,2026-08-13 20:54:31+00,10604.88,0,33
3269344,Will Kuopion PS win on 2026-08-13?,uel-ucr-kps-2026-08-13-kps,uel-ucr-kps-2026-08-13,2026-08-13T17:00:00Z,2026-08-13 23:21:30+00,14102.57,0,36
3269345,Will Górnik Zabrze win on 2026-08-13?,uel-gor1-ftc-2026-08-13-gor1,uel-gor1-ftc-2026-08-13,2026-08-13T17:00:00Z,2026-08-13 20:58:16+00,178933.24,0,33
3269346,Will Górnik Zabrze vs. Ferencvárosi TC end in a draw?,uel-gor1-ftc-2026-08-13-draw,uel-gor1-ftc-2026-08-13,2026-08-13T17:00:00Z,2026-08-13 21:24:42+00,18286.53,1,34
3269347,Will Ferencvárosi TC win on 2026-08-13?,uel-gor1-ftc-2026-08-13-ftc,uel-gor1-ftc-2026-08-13,2026-08-13T17:00:00Z,2026-08-13 20:58:28+00,48522.58,0,33
3269348,Will AS Omónoia Leukosías win on 2026-08-13?,uel-omo-lin-2026-08-13-omo,uel-omo-lin-2026-08-13,2026-08-13T17:00:00Z,2026-08-13 23:23:01+00,40227.39,1,36
3269349,Will AS Omónoia Leukosías vs. Lincoln Red Imps FC end in a draw?,uel-omo-lin-2026-08-13-draw,uel-omo-lin-2026-08-13,2026-08-13T17:00:00Z,2026-08-13 20:57:31+00,13768.36,0,33
3269350,Will Lincoln Red Imps FC win on 2026-08-13?,uel-omo-lin-2026-08-13-lin,uel-omo-lin-2026-08-13,2026-08-13T17:00:00Z,2026-08-13 20:57:31+00,50061.04,0,33
3269351,Will KF Víkingur win on 2026-08-13?,uel-vik-thu-2026-08-13-vik,uel-vik-thu-2026-08-13,2026-08-13T17:30:00Z,2026-08-13 23:42:43+00,59953.81,1,36
3269352,Will KF Víkingur vs. FC Thun end in a draw?,uel-vik-thu-2026-08-13-draw,uel-vik-thu-2026-08-13,2026-08-13T17:30:00Z,2026-08-13 23:23:01+00,21278.21,0,36
3269353,Will FC Thun win on 2026-08-13?,uel-vik-thu-2026-08-13-thu,uel-vik-thu-2026-08-13,2026-08-13T17:30:00Z,2026-08-13 23:23:01+00,12633.95,0,36
3269354,Will PFK CSKA Sofia win on 2026-08-13?,uel-csk1-mta-2026-08-13-csk1,uel-csk1-mta-2026-08-13,2026-08-13T18:00:00Z,2026-08-13 23:21:30+00,25809.08,0,36
3269356,Will MH Maccabi Tel Aviv win on 2026-08-13?,uel-csk1-mta-2026-08-13-mta,uel-csk1-mta-2026-08-13,2026-08-13T18:00:00Z,2026-08-14 00:16:45+00,41681.8,1,37
3269357,Will Rangers FC win on 2026-08-13?,uel-ran1-jag-2026-08-13-ran1,uel-ran1-jag-2026-08-13,2026-08-13T18:30:00Z,2026-08-13 23:19:42+00,50948.42,0,36
3269358,Will Rangers FC vs. Jagiellonia Białystok end in a draw?,uel-ran1-jag-2026-08-13-draw,uel-ran1-jag-2026-08-13,2026-08-13T18:30:00Z,2026-08-13 23:42:43+00,26690.66,1,36
3269359,Will Jagiellonia Białystok win on 2026-08-13?,uel-ran1-jag-2026-08-13-jag,uel-ran1-jag-2026-08-13,2026-08-13T18:30:00Z,2026-08-13 22:30:15+00,23388.12,0,35
3269360,Will RSC Anderlecht win on 2026-08-13?,uel-and-pao1-2026-08-13-and,uel-and-pao1-2026-08-13,2026-08-13T18:30:00Z,2026-08-13 22:44:00+00,144956.29,1,35
3269361,Will RSC Anderlecht vs. PAOK end in a draw?,uel-and-pao1-2026-08-13-draw,uel-and-pao1-2026-08-13,2026-08-13T18:30:00Z,2026-08-13 22:29:13+00,14873.36,0,35
3269362,Will PAOK win on 2026-08-13?,uel-and-pao1-2026-08-13-pao1,uel-and-pao1-2026-08-13,2026-08-13T18:30:00Z,2026-08-13 22:29:13+00,77272.32,0,35
3269363,Will Heart of Midlothian FC win on 2026-08-13?,uel-hmi-ben-2026-08-13-hmi,uel-hmi-ben-2026-08-13,2026-08-13T18:45:00Z,2026-08-13 22:43:30+00,48062.65,0,35
3269364,Will Heart of Midlothian FC vs. Sport Lisboa e Benfica end in a draw?,uel-hmi-ben-2026-08-13-draw,uel-hmi-ben-2026-08-13,2026-08-13T18:45:00Z,2026-08-14 00:17:42+00,27430.08,1,37
3269365,Will Sport Lisboa e Benfica win on 2026-08-13?,uel-hmi-ben-2026-08-13-ben,uel-hmi-ben-2026-08-13,2026-08-13T18:45:00Z,2026-08-13 22:43:30+00,322595.36,0,35
3269366,Will KÍ win on 2026-08-13?,uel-ki-lep-2026-08-13-ki,uel-ki-lep-2026-08-13,2026-08-14T18:00:00Z,2026-08-14 22:29:43+00,11593.33,0,59
3269367,Will KÍ vs. KKS Lech Poznań end in a draw?,uel-ki-lep-2026-08-13-draw,uel-ki-lep-2026-08-13,2026-08-13T17:30:00Z,2026-08-14 22:29:43+00,18015.65,0,59
3269368,Will KKS Lech Poznań win on 2026-08-13?,uel-ki-lep-2026-08-13-lep,uel-ki-lep-2026-08-13,2026-08-14T18:00:00Z,2026-08-14 23:15:12+00,25212.23,1,60
3269369,Will KF Egnatia Rrogozhinë win on 2026-08-13?,uel-egn-shr-2026-08-13-egn,uel-egn-shr-2026-08-13,2026-08-13T19:00:00Z,2026-08-13 23:11:40+00,63098.92,1,36
3269370,Will KF Egnatia Rrogozhinë vs. Shamrock Rovers FC end in a draw?,uel-egn-shr-2026-08-13-draw,uel-egn-shr-2026-08-13,2026-08-13T19:00:00Z,2026-08-13 23:03:15+00,10963.74,0,36
3269371,Will Shamrock Rovers FC win on 2026-08-13?,uel-egn-shr-2026-08-13-shr,uel-egn-shr-2026-08-13,2026-08-13T19:00:00Z,2026-08-13 23:02:43+00,13293.26,0,36
3269652,Exact Score: Beşiktaş JK 2 - 1 FC Hradec Králové?,uel-bes-hra-2026-08-13-exact-score-2-1,uel-bes-hra-2026-08-13-exact-score,2026-08-13T17:00:00Z,2026-08-13 20:53:31+00,11077.44,0,33
3269672,Exact Score: Universitatea Craiova CS 1 - 0 Kuopion PS?,uel-ucr-kps-2026-08-13-exact-score-1-0,uel-ucr-kps-2026-08-13-exact-score,2026-08-13T17:00:00Z,2026-08-13 20:54:01+00,16551.95,0,33
3269722,Exact Score: AS Omónoia Leukosías 0 - 0 Lincoln Red Imps FC?,uel-omo-lin-2026-08-13-exact-score-0-0,uel-omo-lin-2026-08-13-exact-score,2026-08-13T17:00:00Z,2026-08-13 21:01:13+00,15010.9,0,34
3269729,Exact Score: AS Omónoia Leukosías 1 - 2 Lincoln Red Imps FC?,uel-omo-lin-2026-08-13-exact-score-1-2,uel-omo-lin-2026-08-13-exact-score,2026-08-13T17:00:00Z,2026-08-13 21:01:13+00,10134.54,0,34
3269730,Exact Score: AS Omónoia Leukosías 2 - 1 Lincoln Red Imps FC?,uel-omo-lin-2026-08-13-exact-score-2-1,uel-omo-lin-2026-08-13-exact-score,2026-08-13T17:00:00Z,2026-08-13 20:58:16+00,13578.07,0,33
3269814,Exact Score: Rangers FC 1 - 2 Jagiellonia Białystok?,uel-ran1-jag-2026-08-13-exact-score-1-2,uel-ran1-jag-2026-08-13-exact-score,2026-08-13T18:30:00Z,2026-08-13 22:31:12+00,18695.48,0,35
3270029,KF Egnatia Rrogozhinë vs. Shamrock Rovers FC: O/U 1.5,uel-egn-shr-2026-08-13-total-1pt5,uel-egn-shr-2026-08-13-more-markets,2026-08-13T19:00:00Z,2026-08-13 23:02:00+00,15978.7,1,36
3270030,KF Egnatia Rrogozhinë vs. Shamrock Rovers FC: O/U 2.5,uel-egn-shr-2026-08-13-total-2pt5,uel-egn-shr-2026-08-13-more-markets,2026-08-13T19:00:00Z,2026-08-13 23:02:00+00,13362.33,1,36
3270033,KF Egnatia Rrogozhinë vs. Shamrock Rovers FC: O/U 5.5,uel-egn-shr-2026-08-13-total-5pt5,uel-egn-shr-2026-08-13-more-markets,2026-08-13T19:00:00Z,2026-08-13 23:04:58+00,15006.13,1,36
3270034,KF Egnatia Rrogozhinë vs. Shamrock Rovers FC: Both Teams to Score,uel-egn-shr-2026-08-13-btts,uel-egn-shr-2026-08-13-more-markets,2026-08-13T19:00:00Z,2026-08-13 23:02:00+00,13278.71,1,36
3270058,Spread: KKS Lech Poznań (-1.5),uel-ki-lep-2026-08-13-spread-away-1pt5,uel-ki-lep-2026-08-13-more-markets,2026-08-13T18:45:00Z,2026-08-14 22:09:55+00,10329.26,1,59
3270063,KÍ vs. KKS Lech Poznań: O/U 2.5,uel-ki-lep-2026-08-13-total-2pt5,uel-ki-lep-2026-08-13-more-markets,2026-08-14T19:15:00Z,2026-08-14 22:19:30+00,19406.86,1,59
3270064,KÍ vs. KKS Lech Poznań: O/U 3.5,uel-ki-lep-2026-08-13-total-3pt5,uel-ki-lep-2026-08-13-more-markets,2026-08-14T19:15:00Z,2026-08-14 22:09:55+00,13447.93,1,59
3270091,Spread: Sport Lisboa e Benfica (-1.5),uel-hmi-ben-2026-08-13-spread-away-1pt5,uel-hmi-ben-2026-08-13-more-markets,2026-08-13T18:45:00Z,2026-08-13 22:40:45+00,20202.71,0,35
3270094,Heart of Midlothian FC vs. Sport Lisboa e Benfica: O/U 0.5,uel-hmi-ben-2026-08-13-total-0pt5,uel-hmi-ben-2026-08-13-more-markets,2026-08-13T18:45:00Z,2026-08-13 22:40:45+00,102006.01,1,35
3270095,Heart of Midlothian FC vs. Sport Lisboa e Benfica: O/U 1.5,uel-hmi-ben-2026-08-13-total-1pt5,uel-hmi-ben-2026-08-13-more-markets,2026-08-13T18:45:00Z,2026-08-13 22:43:30+00,36448.38,1,35
3270096,Heart of Midlothian FC vs. Sport Lisboa e Benfica: O/U 2.5,uel-hmi-ben-2026-08-13-total-2pt5,uel-hmi-ben-2026-08-13-more-markets,2026-08-13T18:45:00Z,2026-08-13 22:40:33+00,92730.24,0,35
3270129,RSC Anderlecht vs. PAOK: O/U 2.5,uel-and-pao1-2026-08-13-total-2pt5,uel-and-pao1-2026-08-13-more-markets,2026-08-13T18:30:00Z,2026-08-13 22:28:15+00,38515.79,1,35
3270130,RSC Anderlecht vs. PAOK: O/U 3.5,uel-and-pao1-2026-08-13-total-3pt5,uel-and-pao1-2026-08-13-more-markets,2026-08-13T18:30:00Z,2026-08-13 22:28:15+00,12302.27,1,35
3270131,RSC Anderlecht vs. PAOK: O/U 4.5,uel-and-pao1-2026-08-13-total-4pt5,uel-and-pao1-2026-08-13-more-markets,2026-08-13T18:30:00Z,2026-08-13 22:28:22+00,63482.46,1,35
3270132,RSC Anderlecht vs. PAOK: O/U 5.5,uel-and-pao1-2026-08-13-total-5pt5,uel-and-pao1-2026-08-13-more-markets,2026-08-13T18:30:00Z,2026-08-13 23:21:28+00,25281.65,0,36
3270156,Spread: Rangers FC (-1.5),uel-ran1-jag-2026-08-13-spread-home-1pt5,uel-ran1-jag-2026-08-13-more-markets,2026-08-13T18:30:00Z,2026-08-13 22:37:00+00,20395.28,0,35
3270161,Rangers FC vs. Jagiellonia Białystok: O/U 1.5,uel-ran1-jag-2026-08-13-total-1pt5,uel-ran1-jag-2026-08-13-more-markets,2026-08-13T18:30:00Z,2026-08-13 22:30:15+00,27293.92,1,35
3270162,Rangers FC vs. Jagiellonia Białystok: O/U 2.5,uel-ran1-jag-2026-08-13-total-2pt5,uel-ran1-jag-2026-08-13-more-markets,2026-08-13T18:30:00Z,2026-08-13 23:21:28+00,27913.73,0,36
3270166,Rangers FC vs. Jagiellonia Białystok: Both Teams to Score,uel-ran1-jag-2026-08-13-btts,uel-ran1-jag-2026-08-13-more-markets,2026-08-13T18:30:00Z,2026-08-13 22:25:07+00,28911.65,1,35
3270192,Spread: MH Maccabi Tel Aviv (-2.5),uel-csk1-mta-2026-08-13-spread-away-2pt5,uel-csk1-mta-2026-08-13-more-markets,2026-08-13T18:00:00Z,2026-08-13 21:57:58+00,11921.17,0,34
3270194,PFK CSKA Sofia vs. MH Maccabi Tel Aviv: O/U 1.5,uel-csk1-mta-2026-08-13-total-1pt5,uel-csk1-mta-2026-08-13-more-markets,2026-08-13T18:00:00Z,2026-08-13 23:21:04+00,21732.02,1,36
3270195,PFK CSKA Sofia vs. MH Maccabi Tel Aviv: O/U 2.5,uel-csk1-mta-2026-08-13-total-2pt5,uel-csk1-mta-2026-08-13-more-markets,2026-08-13T18:00:00Z,2026-08-13 21:57:58+00,25189.01,1,34
3270197,PFK CSKA Sofia vs. MH Maccabi Tel Aviv: O/U 4.5,uel-csk1-mta-2026-08-13-total-4pt5,uel-csk1-mta-2026-08-13-more-markets,2026-08-13T18:00:00Z,2026-08-13 21:57:58+00,21385.47,0,34
3270226,KF Víkingur vs. FC Thun: O/U 0.5,uel-vik-thu-2026-08-13-total-0pt5,uel-vik-thu-2026-08-13-more-markets,2026-08-13T17:30:00Z,2026-08-13 21:25:03+00,14207.61,1,34
3270230,KF Víkingur vs. FC Thun: O/U 4.5,uel-vik-thu-2026-08-13-total-4pt5,uel-vik-thu-2026-08-13-more-markets,2026-08-13T17:30:00Z,2026-08-13 21:25:03+00,17339.77,1,34
3270231,KF Víkingur vs. FC Thun: O/U 5.5,uel-vik-thu-2026-08-13-total-5pt5,uel-vik-thu-2026-08-13-more-markets,2026-08-13T17:30:00Z,2026-08-13 21:25:00+00,20922.81,0,34
3270255,Spread: AS Omónoia Leukosías (-1.5),uel-omo-lin-2026-08-13-spread-home-1pt5,uel-omo-lin-2026-08-13-more-markets,2026-08-13T17:00:00Z,2026-08-13 20:57:43+00,37527.83,0,33
3270257,Spread: AS Omónoia Leukosías (-2.5),uel-omo-lin-2026-08-13-spread-home-2pt5,uel-omo-lin-2026-08-13-more-markets,2026-08-13T17:00:00Z,2026-08-13 20:57:30+00,13745.32,0,33
3270293,Górnik Zabrze vs. Ferencvárosi TC: O/U 1.5,uel-gor1-ftc-2026-08-13-total-1pt5,uel-gor1-ftc-2026-08-13-more-markets,2026-08-13T17:00:00Z,2026-08-13 20:55:22+00,54155.86,1,33
3270294,Górnik Zabrze vs. Ferencvárosi TC: O/U 2.5,uel-gor1-ftc-2026-08-13-total-2pt5,uel-gor1-ftc-2026-08-13-more-markets,2026-08-13T17:00:00Z,2026-08-13 20:55:07+00,47212.06,0,33
3270296,Górnik Zabrze vs. Ferencvárosi TC: O/U 4.5,uel-gor1-ftc-2026-08-13-total-4pt5,uel-gor1-ftc-2026-08-13-more-markets,2026-08-13T17:00:00Z,2026-08-13 20:55:15+00,18741.3,0,33
3270321,Spread: Universitatea Craiova CS (-1.5),uel-ucr-kps-2026-08-13-spread-home-1pt5,uel-ucr-kps-2026-08-13-more-markets,2026-08-13T17:00:00Z,2026-08-13 20:56:00+00,26152.09,0,33
3270327,Universitatea Craiova CS vs. Kuopion PS: O/U 2.5,uel-ucr-kps-2026-08-13-total-2pt5,uel-ucr-kps-2026-08-13-more-markets,2026-08-13T17:00:00Z,2026-08-13 20:53:30+00,92170.61,1,33
3270328,Universitatea Craiova CS vs. Kuopion PS: O/U 3.5,uel-ucr-kps-2026-08-13-total-3pt5,uel-ucr-kps-2026-08-13-more-markets,2026-08-13T17:00:00Z,2026-08-13 20:53:15+00,80235.31,0,33
3270329,Universitatea Craiova CS vs. Kuopion PS: O/U 4.5,uel-ucr-kps-2026-08-13-total-4pt5,uel-ucr-kps-2026-08-13-more-markets,2026-08-13T17:00:00Z,2026-08-13 20:55:00+00,11857.8,0,33
3270354,Spread: Beşiktaş JK (-1.5),uel-bes-hra-2026-08-13-spread-home-1pt5,uel-bes-hra-2026-08-13-more-markets,2026-08-13T17:00:00Z,2026-08-13 20:56:00+00,116173.49,0,33
3270359,Beşiktaş JK vs. FC Hradec Králové: O/U 1.5,uel-bes-hra-2026-08-13-total-1pt5,uel-bes-hra-2026-08-13-more-markets,2026-08-13T17:00:00Z,2026-08-13 20:52:33+00,23538.69,0,33
3270360,Beşiktaş JK vs. FC Hradec Králové: O/U 2.5,uel-bes-hra-2026-08-13-total-2pt5,uel-bes-hra-2026-08-13-more-markets,2026-08-13T17:00:00Z,2026-08-13 20:52:52+00,28783.93,0,33
3270362,Beşiktaş JK vs. FC Hradec Králové: O/U 4.5,uel-bes-hra-2026-08-13-total-4pt5,uel-bes-hra-2026-08-13-more-markets,2026-08-13T17:00:00Z,2026-08-13 20:52:45+00,10887.18,0,33
3270645,Will CD Universidad de Concepción win on 2026-08-14?,chi1-cu1-cls-2026-08-14-cu1,chi1-cu1-cls-2026-08-14,2026-08-14T23:00:00Z,2026-08-15 03:02:13+00,31482.91,0,64
3270646,Will CA Grau win on 2026-08-14?,per1-cag-ccu-2026-08-14-cag,per1-cag-ccu-2026-08-14,2026-08-14T20:00:00Z,2026-08-15 02:38:42+00,51087.19,1,63
3270650,Will CA Grau vs. CD Comerciantes Unidos end in a draw?,per1-cag-ccu-2026-08-14-draw,per1-cag-ccu-2026-08-14,2026-08-14T20:00:00Z,2026-08-15 02:08:58+00,13690.13,0,63
3270651,Will Llaneros FC win on 2026-08-14?,col1-llf-cdt-2026-08-14-llf,col1-llf-cdt-2026-08-14,2026-09-07T23:00:00Z,2026-09-08 03:27:30+00,53470.69,0,640
3270652,Will SK Sigma Olomouc win on 2026-08-15?,cze1-fcs-sso-2026-08-15-sso,cze1-fcs-sso-2026-08-15,2026-08-15T15:00:00Z,2026-08-15 20:48:43+00,31095.09,1,81
3270654,Will CD La Serena win on 2026-08-14?,chi1-cu1-cls-2026-08-14-cls,chi1-cu1-cls-2026-08-14,2026-08-14T23:00:00Z,2026-08-15 03:33:12+00,43674.88,1,64
3270659,Will CD Tolima win on 2026-08-14?,col1-llf-cdt-2026-08-14-cdt,col1-llf-cdt-2026-08-14,2026-09-07T23:00:00Z,2026-09-08 03:27:30+00,15070.43,1,636
3270669,Will FK Pardubice vs. FK Mladá Boleslav end in a draw?,cze1-fkp-fmb-2026-08-15-draw,cze1-fkp-fmb-2026-08-15,2026-08-15T15:00:00Z,2026-08-15 19:41:43+00,11018.51,1,80
3270670,Will AA Ponte Preta win on 2026-08-14?,bra2-pop-nau-2026-08-14-pop,bra2-pop-nau-2026-08-14,2026-08-14T22:30:00Z,2026-08-15 02:53:43+00,17592.46,0,63
3270674,Will AA Ponte Preta vs. Clube Náutico Capibaribe end in a draw?,bra2-pop-nau-2026-08-14-draw,bra2-pop-nau-2026-08-14,2026-08-14T22:30:00Z,2026-08-15 03:29:30+00,10163.24,1,64
3270677,Will Clube Náutico Capibaribe win on 2026-08-14?,bra2-pop-nau-2026-08-14-nau,bra2-pop-nau-2026-08-14,2026-08-14T22:30:00Z,2026-08-15 02:53:43+00,49442.69,0,63
3270684,Will SC Recife win on 2026-08-14?,bra2-rec-lon-2026-08-14-rec,bra2-rec-lon-2026-08-14,2026-08-14T23:30:00Z,2026-08-15 04:28:40+00,39418.19,1,65
3270687,Will SC Recife vs. Londrina EC end in a draw?,bra2-rec-lon-2026-08-14-draw,bra2-rec-lon-2026-08-14,2026-08-14T23:30:00Z,2026-08-15 03:56:43+00,15265.76,0,64
3270704,Will FC Viktoria Plzeň win on 2026-08-15?,cze1-fvp-fcz-2026-08-15-fvp,cze1-fvp-fcz-2026-08-15,2026-08-15T18:00:00Z,2026-08-15 22:29:01+00,11187.91,1,83
3270715,Will Criciúma EC win on 2026-08-15?,bra2-cri-goi-2026-08-15-cri,bra2-cri-goi-2026-08-15,2026-08-15T19:00:00Z,2026-08-15 23:57:13+00,15948.07,1,84
3271362,Will FC Mito Holly Hock win on 2026-08-15?,jap-hol-gam-2026-08-15-hol,jap-hol-gam-2026-08-15,2026-08-15T09:00:00Z,2026-08-15 11:14:13+00,20787.36,0,72
3271363,Will FC Mito Holly Hock vs. Gamba Ōsaka end in a draw?,jap-hol-gam-2026-08-15-draw,jap-hol-gam-2026-08-15,2026-08-15T09:00:00Z,2026-08-15 11:20:13+00,15384.26,1,72
3271365,Will Gamba Ōsaka win on 2026-08-15?,jap-hol-gam-2026-08-15-gam,jap-hol-gam-2026-08-15,2026-08-15T09:00:00Z,2026-08-15 11:14:13+00,42781.01,0,72
3271366,Will Bayern Munich win on 2026-08-15?,clf-bmu-rbl-2026-08-15-bmu,clf-bmu-rbl-2026-08-15,2026-08-15T13:30:00Z,2026-08-15 18:23:13+00,59733.3,1,79
3271369,Will RB Leipzig win on 2026-08-15?,clf-bmu-rbl-2026-08-15-rbl,clf-bmu-rbl-2026-08-15,2026-08-15T13:30:00Z,2026-08-15 17:30:42+00,16887.26,0,78
3271370,Will Kashima Antlers win on 2026-08-15?,jap-kas-ngr-2026-08-15-kas,jap-kas-ngr-2026-08-15,2026-08-15T09:00:00Z,2026-08-15 12:10:12+00,114774.78,1,73
3271371,Will Kashima Antlers vs. Nagoya Grampus end in a draw?,jap-kas-ngr-2026-08-15-draw,jap-kas-ngr-2026-08-15,2026-08-15T09:00:00Z,2026-08-15 11:19:43+00,19548.19,0,72
3271372,Will Nagoya Grampus win on 2026-08-15?,jap-kas-ngr-2026-08-15-ngr,jap-kas-ngr-2026-08-15,2026-08-15T09:00:00Z,2026-08-15 11:19:43+00,37792.76,0,72
3271375,Will Shimizu S-Pulse win on 2026-08-15?,jap-ssp-yom-2026-08-15-ssp,jap-ssp-yom-2026-08-15,2026-08-15T09:30:00Z,2026-08-15 11:47:43+00,43654.21,0,72
3271378,Will Yokohama F·Marinos win on 2026-08-15?,jap-ssp-yom-2026-08-15-yom,jap-ssp-yom-2026-08-15,2026-08-15T09:30:00Z,2026-08-15 11:56:12+00,19995.65,1,72
3271381,Will Fagiano Okayama win on 2026-08-15?,jap-fag-vva-2026-08-15-fag,jap-fag-vva-2026-08-15,2026-08-15T09:55:00Z,2026-08-15 12:20:13+00,82134.6,1,73
3271384,Will V-Varen Nagasaki win on 2026-08-15?,jap-fag-vva-2026-08-15-vva,jap-fag-vva-2026-08-15,2026-08-15T09:55:00Z,2026-08-15 12:18:01+00,13631.11,0,73
3271386,Will JEF United Ichihara Chiba win on 2026-08-15?,jap-jef-zel-2026-08-15-jef,jap-jef-zel-2026-08-15,2026-08-15T10:00:00Z,2026-08-15 12:14:31+00,10585.68,0,73
3271389,Will FC Machida Zelvia win on 2026-08-15?,jap-jef-zel-2026-08-15-zel,jap-jef-zel-2026-08-15,2026-08-15T10:00:00Z,2026-08-15 12:19:31+00,43637.89,1,73
3271392,Will Urawa Red Diamonds win on 2026-08-15?,jap-ura-san-2026-08-15-ura,jap-ura-san-2026-08-15,2026-08-15T10:00:00Z,2026-08-15 12:15:42+00,22236.61,0,73
3271395,Will Sanfrecce Hiroshima win on 2026-08-15?,jap-ura-san-2026-08-15-san,jap-ura-san-2026-08-15,2026-08-15T10:00:00Z,2026-08-15 12:20:13+00,56143.26,1,73
3271398,Will Kawasaki Frontale win on 2026-08-15?,jap-kaw-kyo-2026-08-15-kaw,jap-kaw-kyo-2026-08-15,2026-08-15T10:00:00Z,2026-08-15 12:19:31+00,32532.66,0,73
3271400,Will Kyōto Sanga FC win on 2026-08-15?,jap-kaw-kyo-2026-08-15-kyo,jap-kaw-kyo-2026-08-15,2026-08-15T10:00:00Z,2026-08-15 12:19:31+00,19694.93,0,73
3271403,Will Avispa Fukuoka win on 2026-08-15?,jap-avi-cer-2026-08-15-avi,jap-avi-cer-2026-08-15,2026-08-15T10:00:00Z,2026-08-15 12:25:12+00,16592.9,1,73
3271405,Will Cerezo Ōsaka win on 2026-08-15?,jap-avi-cer-2026-08-15-cer,jap-avi-cer-2026-08-15,2026-08-15T10:00:00Z,2026-08-15 12:21:16+00,18254.57,0,73
3271408,Will Vissel Kōbe win on 2026-08-15?,jap-vis-fct-2026-08-15-vis,jap-vis-fct-2026-08-15,2026-08-15T10:00:00Z,2026-08-15 12:18:01+00,39781.97,0,73
3271409,Will Vissel Kōbe vs. FC Tōkyō end in a draw?,jap-vis-fct-2026-08-15-draw,jap-vis-fct-2026-08-15,2026-08-15T10:00:00Z,2026-08-15 12:20:13+00,14121.79,1,73
3271411,Will FC Tōkyō win on 2026-08-15?,jap-vis-fct-2026-08-15-fct,jap-vis-fct-2026-08-15,2026-08-15T10:00:00Z,2026-08-15 12:18:01+00,54148.5,0,73
3271930,PFK CSKA Sofia vs. MH Maccabi Tel Aviv: Team to Advance,uel-csk1-mta-2026-08-13-team-to-advance,uel-csk1-mta-2026-08-13-more-markets,2026-08-13T18:00:00Z,2026-08-14 00:03:16+00,16495.57,1,37
3271931,Beşiktaş JK vs. FC Hradec Králové: Team to Advance,uel-bes-hra-2026-08-13-team-to-advance,uel-bes-hra-2026-08-13-more-markets,2026-08-13T17:00:00Z,2026-08-14 01:24:42+00,16717.69,1,38
3271932,RSC Anderlecht vs. PAOK: Team to Advance,uel-and-pao1-2026-08-13-team-to-advance,uel-and-pao1-2026-08-13-more-markets,2026-08-13T18:30:00Z,2026-08-13 22:40:30+00,10425.44,1,35
3271933,Heart of Midlothian FC vs. Sport Lisboa e Benfica: Team to Advance,uel-hmi-ben-2026-08-13-team-to-advance,uel-hmi-ben-2026-08-13-more-markets,2026-08-13T18:45:00Z,2026-08-13 23:58:58+00,31681.75,0,36
3271967,Will Al Taawoun Saudi Club win on 2026-08-15?,spl-taa-kha-2026-08-15-taa,spl-taa-kha-2026-08-15,2026-08-15T16:15:00Z,2026-08-15 20:12:33+00,119747.22,0,81
3271976,Will Al Nassr Saudi Club win on 2026-08-15?,spl-nsr-fat-2026-08-15-nsr,spl-nsr-fat-2026-08-15,2026-08-15T18:00:00Z,2026-08-15 22:30:43+00,25884.98,1,83
3271978,Will Al Nassr Saudi Club vs. Al Fateh Saudi Club end in a draw?,spl-nsr-fat-2026-08-15-draw,spl-nsr-fat-2026-08-15,2026-08-15T18:00:00Z,2026-08-15 21:58:43+00,10429.74,0,82
3271980,Will Al Fateh Saudi Club win on 2026-08-15?,spl-nsr-fat-2026-08-15-fat,spl-nsr-fat-2026-08-15,2026-08-15T18:00:00Z,2026-08-15 21:58:43+00,21008.64,0,82
3271985,Will Al Ittihad Saudi Club win on 2026-08-15?,spl-ith-kho-2026-08-15-ith,spl-ith-kho-2026-08-15,2026-08-15T18:00:00Z,2026-08-15 22:03:01+00,39382.71,0,83
3273121,Will KFUM-Kameratene Oslo win on 2026-08-15?,nor-kfu-lil-2026-08-15-kfu,nor-kfu-lil-2026-08-15,2026-08-15T14:00:00Z,2026-08-15 18:06:01+00,21851.6,0,79
3273122,Will KFUM-Kameratene Oslo vs. Lillestrøm SK end in a draw?,nor-kfu-lil-2026-08-15-draw,nor-kfu-lil-2026-08-15,2026-08-15T14:00:00Z,2026-08-15 18:57:30+00,12040.97,1,79
3273123,Will Lillestrøm SK win on 2026-08-15?,nor-kfu-lil-2026-08-15-lil,nor-kfu-lil-2026-08-15,2026-08-15T14:00:00Z,2026-08-15 18:06:43+00,137497.32,0,79
3273164,Spread: Bayern Munich (-1.5),clf-bmu-rbl-2026-08-15-spread-home-1pt5,clf-bmu-rbl-2026-08-15-more-markets,2026-08-15T13:30:00Z,2026-08-15 17:32:33+00,18692.92,1,78
3273344,Spread: AS Saint-Étienne (-1.5),fr2-ass-clf-2026-08-14-spread-home-1pt5,fr2-ass-clf-2026-08-14-more-markets,2026-08-14T18:45:00Z,2026-08-14 22:48:18+00,16747.11,1,59
3273520,Red Star FC vs. FC Sochaux-Montbéliard: O/U 0.5,fr2-rst-fcs-2026-08-14-total-0pt5,fr2-rst-fcs-2026-08-14-more-markets,2026-08-14T18:45:00Z,2026-08-14 22:45:45+00,10726.91,0,59
3274107,Will Liaoning Tieren FC win on 2026-08-15?,chi-tie-xin-2026-08-15-tie,chi-tie-xin-2026-08-15,2026-08-15T11:00:00Z,2026-08-15 15:00:00+00,73169.25,0,76
3274108,Will Liaoning Tieren FC vs. Shenzhen Xinpengcheng FC end in a draw?,chi-tie-xin-2026-08-15-draw,chi-tie-xin-2026-08-15,2026-08-15T11:00:00Z,2026-08-15 15:00:31+00,31412.13,0,76
3274109,Will Shenzhen Xinpengcheng FC win on 2026-08-15?,chi-tie-xin-2026-08-15-xin,chi-tie-xin-2026-08-15,2026-08-15T11:00:00Z,2026-08-15 15:55:16+00,468792.78,1,76
3274110,Will Zhejiang Zhiye FC win on 2026-08-15?,chi-zhe-ron-2026-08-15-zhe,chi-zhe-ron-2026-08-15,2026-08-15T11:35:00Z,2026-08-15 15:47:43+00,238394.38,0,76
3274111,Will Zhejiang Zhiye FC vs. Chengdu Rongcheng FC end in a draw?,chi-zhe-ron-2026-08-15-draw,chi-zhe-ron-2026-08-15,2026-08-15T11:35:00Z,2026-08-15 15:47:43+00,27944.7,0,76
3274112,Will Chengdu Rongcheng FC win on 2026-08-15?,chi-zhe-ron-2026-08-15-ron,chi-zhe-ron-2026-08-15,2026-08-15T11:35:00Z,2026-08-15 16:30:40+00,121621.47,1,77
3274114,Will Tianjin Jinmen Hu FC win on 2026-08-15?,chi-jin-bgu-2026-08-15-jin,chi-jin-bgu-2026-08-15,2026-08-15T11:35:00Z,2026-08-15 15:36:12+00,19907.53,0,76
3274116,Will Tianjin Jinmen Hu FC vs. Beijing Guoan FC end in a draw?,chi-jin-bgu-2026-08-15-draw,chi-jin-bgu-2026-08-15,2026-08-15T11:35:00Z,2026-08-15 15:36:12+00,78249.47,0,76
3274117,Will Beijing Guoan FC win on 2026-08-15?,chi-jin-bgu-2026-08-15-bgu,chi-jin-bgu-2026-08-15,2026-08-15T11:35:00Z,2026-08-15 16:06:40+00,132205.66,1,77
3274121,Will Shanghai Shenhua FC win on 2026-08-15?,chi-sgr-hen-2026-08-15-sgr,chi-sgr-hen-2026-08-15,2026-08-15T12:00:00Z,2026-08-15 19:02:31+00,39632.68,1,80
3274124,Will Henan FC win on 2026-08-15?,chi-sgr-hen-2026-08-15-hen,chi-sgr-hen-2026-08-15,2026-08-15T12:00:00Z,2026-08-15 15:56:42+00,19920.56,0,76
3274125,Will Yunnan Yukun FC win on 2026-08-15?,chi-yun-ygb-2026-08-15-yun,chi-yun-ygb-2026-08-15,2026-08-15T12:00:00Z,2026-08-15 16:44:00+00,95172.63,1,77
3274126,Will Yunnan Yukun FC vs. Dalian Yingbo FC end in a draw?,chi-yun-ygb-2026-08-15-draw,chi-yun-ygb-2026-08-15,2026-08-15T12:00:00Z,2026-08-15 16:04:42+00,14586.11,0,77
3274127,Will Dalian Yingbo FC win on 2026-08-15?,chi-yun-ygb-2026-08-15-ygb,chi-yun-ygb-2026-08-15,2026-08-15T12:00:00Z,2026-08-15 16:04:42+00,337769.06,0,77
3274299,Will FC Seoul win on 2026-08-15?,kor-seo-dae1-2026-08-15-seo,kor-seo-dae1-2026-08-15,2026-08-15T10:30:00Z,2026-08-15 15:14:27+00,72196.68,1,76
3274300,Will FC Seoul vs. Daejeon Hana Citizen FC end in a draw?,kor-seo-dae1-2026-08-15-draw,kor-seo-dae1-2026-08-15,2026-08-15T10:30:00Z,2026-08-15 14:34:12+00,14841.22,0,75
3274301,Will Daejeon Hana Citizen FC win on 2026-08-15?,kor-seo-dae1-2026-08-15-dae1,kor-seo-dae1-2026-08-15,2026-08-15T10:30:00Z,2026-08-15 14:34:12+00,24116.83,0,75
3274302,Will Gwangju FC win on 2026-08-15?,kor-gwa-poh-2026-08-15-gwa,kor-gwa-poh-2026-08-15,2026-08-15T10:30:00Z,2026-08-15 14:29:01+00,18649.1,0,75
3274304,Will Gwangju FC vs. Pohang Steelers FC end in a draw?,kor-gwa-poh-2026-08-15-draw,kor-gwa-poh-2026-08-15,2026-08-15T10:30:00Z,2026-08-15 14:29:01+00,15339.43,0,75
3274305,Will Pohang Steelers FC win on 2026-08-15?,kor-gwa-poh-2026-08-15-poh,kor-gwa-poh-2026-08-15,2026-08-15T10:30:00Z,2026-08-15 15:02:13+00,50452.71,1,76
3274508,Will RB Ōmiya Ardija win on 2026-08-15?,ja2-imb-omi-2026-08-15-omi,ja2-imb-omi-2026-08-15,2026-08-15T10:00:00Z,2026-08-15 14:30:13+00,21856.16,1,75
3275537,"Will OpenAI’s Astra model be released by August 15, 2026?",will-openais-astra-model-be-released-by-august-15-2026-20260801214557730,openais-astra-released-by-20260801214557729,2026-08-16T03:59:00Z,2026-08-16 06:02:15+00,69588.76,0,91
3275538,"Will OpenAI’s Astra model be released by August 31, 2026?",will-openais-astra-model-be-released-by-august-31-2026-20260801214557731,openais-astra-released-by-20260801214557729,2026-09-01T03:59:00Z,2026-09-01 06:03:03+00,162403.83,0,475
3275573,"UFC 330: Islam Makhachev vs. Ian Machado Garry (Welterweight, Main Card)",ufc-isl-ian1-2026-08-15,ufc-isl-ian1-2026-08-15,2026-08-16T03:59:59.999Z,2026-08-16 04:36:03+00,5771243.12,1,89
3275574,Fight to Go the Distance?,ufc-isl-ian1-2026-08-15-go-the-distance,ufc-isl-ian1-2026-08-15,2026-08-16T03:59:59.999Z,2026-08-16 04:36:03+00,247713.99,1,89
3275579,Will the fight be won by KO or TKO?,ufc-isl-ian1-2026-08-15-win-by-ko-tko,ufc-isl-ian1-2026-08-15,2026-08-16T03:59:59.999Z,2026-08-16 04:36:03+00,32724.51,0,89
3275581,Will Islam Makhachev win by KO or TKO?,ufc-isl-ian1-2026-08-15-makhachev-win-by-ko-tko,ufc-isl-ian1-2026-08-15,2026-08-16T03:59:59.999Z,2026-08-16 04:36:03+00,56287.8,0,89
3275582,Will Ian Machado Garry win by KO or TKO?,ufc-isl-ian1-2026-08-15-machado-garry-win-by-ko-tko,ufc-isl-ian1-2026-08-15,2026-08-16T03:59:59.999Z,2026-08-16 04:36:03+00,119312.98,0,89
3275583,Will the fight be won by submission?,ufc-isl-ian1-2026-08-15-win-by-submission,ufc-isl-ian1-2026-08-15,2026-08-16T03:59:59.999Z,2026-08-16 04:36:03+00,64719.95,0,89
3275591,O/U 4.5 Rounds,ufc-isl-ian1-2026-08-15-totals-4pt5,ufc-isl-ian1-2026-08-15,2026-08-16T03:59:59.999Z,2026-08-16 04:36:00+00,98978.53,1,89
3275609,"UFC 330: Mackenzie Dern vs. Gillian Robertson (Women's Strawweight, Main Card)",ufc-mac1-gil-2026-08-15,ufc-mac1-gil-2026-08-15,2026-08-16T03:59:59.999Z,2026-08-16 03:40:12+00,2695773.1,1,88
3275612,Fight to Go the Distance?,ufc-mac1-gil-2026-08-15-go-the-distance,ufc-mac1-gil-2026-08-15,2026-08-16T03:59:59.999Z,2026-08-16 03:40:12+00,56428.48,1,88
3275616,Will Mackenzie Dern win by KO or TKO?,ufc-mac1-gil-2026-08-15-dern-win-by-ko-tko,ufc-mac1-gil-2026-08-15,2026-08-16T03:59:59.999Z,2026-08-16 03:40:12+00,15956.08,0,88
3275658,"UFC 330: Jalin Turner vs. Kauê Fernandes (Lightweight, Prelims)",ufc-jal-kau-2026-08-15,ufc-jal-kau-2026-08-15,2026-08-16T03:59:59.999Z,2026-08-16 02:47:58+00,1455978.67,1,87
3275661,Fight to Go the Distance?,ufc-jal-kau-2026-08-15-go-the-distance,ufc-jal-kau-2026-08-15,2026-08-16T03:59:59.999Z,2026-08-16 02:47:58+00,43412.19,0,87
3275681,O/U 1.5 Rounds,ufc-jal-kau-2026-08-15-totals-1pt5,ufc-jal-kau-2026-08-15,2026-08-16T03:59:59.999Z,2026-08-16 02:47:58+00,19149.2,0,87
3275700,"UFC 330: Dustin Stoltzfus vs. Mansur Abdul-Malik (Middleweight, Prelims)",ufc-dus4-man14-2026-08-15,ufc-dus4-man14-2026-08-15,2026-08-16T03:59:59.999Z,2026-08-16 02:29:13+00,923073.15,1,87
3275705,Fight to Go the Distance?,ufc-dus4-man14-2026-08-15-go-the-distance,ufc-dus4-man14-2026-08-15,2026-08-16T03:59:59.999Z,2026-08-16 02:29:13+00,32415.73,0,87
3275709,Will Mansur Abdul-Malik win by KO or TKO?,ufc-dus4-man14-2026-08-15-abdul-malik-win-by-ko-tko,ufc-dus4-man14-2026-08-15,2026-08-16T03:59:59.999Z,2026-08-16 02:29:13+00,11998.16,0,87
3275715,O/U 1.5 Rounds,ufc-dus4-man14-2026-08-15-totals-1pt5,ufc-dus4-man14-2026-08-15,2026-08-16T03:59:59.999Z,2026-08-16 02:29:13+00,26300.88,1,87
3275731,"UFC 330: Edson Barboza vs. Esteban Ribovics (Lightweight, Prelims)",ufc-eds-est1-2026-08-15,ufc-eds-est1-2026-08-15,2026-08-16T03:59:59.999Z,2026-08-16 01:53:37+00,212591.52,0,86
3275754,O/U 1.5 Rounds,ufc-eds-est1-2026-08-15-totals-1pt5,ufc-eds-est1-2026-08-15,2026-08-16T03:59:59.999Z,2026-08-16 01:53:15+00,123211.4,0,86
3275774,"UFC 330: Jeremiah Wells vs. Myktybek Orolbai (Welterweight, Prelims)",ufc-jer4-myk-2026-08-15,ufc-jer4-myk-2026-08-15,2026-08-16T03:59:59.999Z,2026-08-15 22:18:13+00,592827.35,1,83
3275777,Fight to Go the Distance?,ufc-jer4-myk-2026-08-15-go-the-distance,ufc-jer4-myk-2026-08-15,2026-08-16T03:59:59.999Z,2026-08-15 22:18:13+00,10649.11,0,83
3275824,Jeju SK FC vs. FC Anyang: O/U 2.5,kor-jej-any-2026-08-15-total-2pt5,kor-jej-any-2026-08-15-more-markets,2026-08-15T10:30:00Z,2026-08-15 14:26:30+00,21862.84,0,75
3275827,"UFC 330: Vicente Luque vs. Tresean Gore (Middleweight, Early Prelims)",ufc-vic-tre3-2026-08-15,ufc-vic-tre3-2026-08-15,2026-08-16T03:59:59.999Z,2026-08-15 23:52:46+00,886240.4,0,84
3275829,Fight to Go the Distance?,ufc-vic-tre3-2026-08-15-go-the-distance,ufc-vic-tre3-2026-08-15,2026-08-16T03:59:59.999Z,2026-08-15 23:52:46+00,11982.89,1,84
3275831,Jeju SK FC vs. FC Anyang: Both Teams to Score,kor-jej-any-2026-08-15-btts,kor-jej-any-2026-08-15-more-markets,2026-08-15T10:30:00Z,2026-08-15 14:26:15+00,11623.73,0,75
3275855,"UFC 330: Neil Magny vs. Ramiz Brahimaj (Welterweight, Prelims)",ufc-nei-ram2-2026-08-15,ufc-nei-ram2-2026-08-15,2026-08-16T03:59:59.999Z,2026-08-15 22:43:12+00,684294.52,1,83
3275858,Fight to Go the Distance?,ufc-nei-ram2-2026-08-15-go-the-distance,ufc-nei-ram2-2026-08-15,2026-08-16T03:59:59.999Z,2026-08-15 22:43:12+00,20407.62,0,83
3275866,Will Ramiz Brahimaj win by KO or TKO?,ufc-nei-ram2-2026-08-15-brahimaj-win-by-ko-tko,ufc-nei-ram2-2026-08-15,2026-08-16T03:59:59.999Z,2026-08-15 22:43:12+00,39455.68,0,83
3275883,"UFC 330: Eric McConico vs. Donte Johnson (Middleweight, Early Prelims)",ufc-eri15-don13-2026-08-15,ufc-eri15-don13-2026-08-15,2026-08-16T03:59:59.999Z,2026-08-16 00:11:15+00,301073.29,0,85
3275884,Fight to Go the Distance?,ufc-eri15-don13-2026-08-15-go-the-distance,ufc-eri15-don13-2026-08-15,2026-08-16T03:59:59.999Z,2026-08-16 00:11:15+00,16610.0,0,85
3275892,O/U 1.5 Rounds,ufc-eri15-don13-2026-08-15-totals-1pt5,ufc-eri15-don13-2026-08-15,2026-08-16T03:59:59.999Z,2026-08-16 00:11:15+00,20607.04,0,85
3276512,Al Ittihad Saudi Club vs. Al Kholood Saudi Club: O/U 2.5,spl-ith-kho-2026-08-15-total-2pt5,spl-ith-kho-2026-08-15-more-markets,2026-08-15T18:00:00Z,2026-08-15 22:02:18+00,10540.35,0,83
3276513,Al Ittihad Saudi Club vs. Al Kholood Saudi Club: O/U 3.5,spl-ith-kho-2026-08-15-total-3pt5,spl-ith-kho-2026-08-15-more-markets,2026-08-15T18:00:00Z,2026-08-15 22:03:03+00,26158.42,0,83
3276533,Al Ittihad Saudi Club vs. Al Kholood Saudi Club: 1st Half O/U 0.5,spl-ith-kho-2026-08-15-first-half-total-0pt5,spl-ith-kho-2026-08-15-more-markets,2026-08-15T18:00:00Z,2026-08-15 22:02:33+00,26834.68,1,83
3276636,Al Nassr Saudi Club vs. Al Fateh Saudi Club: O/U 0.5,spl-nsr-fat-2026-08-15-total-0pt5,spl-nsr-fat-2026-08-15-more-markets,2026-08-15T18:00:00Z,2026-08-15 21:57:00+00,16920.96,1,82
3276640,Al Nassr Saudi Club vs. Al Fateh Saudi Club: O/U 1.5,spl-nsr-fat-2026-08-15-total-1pt5,spl-nsr-fat-2026-08-15-more-markets,2026-08-15T18:00:00Z,2026-08-15 21:57:00+00,10232.11,1,82
3276644,Al Nassr Saudi Club vs. Al Fateh Saudi Club: O/U 2.5,spl-nsr-fat-2026-08-15-total-2pt5,spl-nsr-fat-2026-08-15-more-markets,2026-08-15T18:00:00Z,2026-08-15 21:57:00+00,21674.42,1,82
3276646,Al Nassr Saudi Club vs. Al Fateh Saudi Club: O/U 3.5,spl-nsr-fat-2026-08-15-total-3pt5,spl-nsr-fat-2026-08-15-more-markets,2026-08-15T18:00:00Z,2026-08-15 21:57:00+00,25919.51,0,82
3276647,Al Nassr Saudi Club vs. Al Fateh Saudi Club: O/U 4.5,spl-nsr-fat-2026-08-15-total-4pt5,spl-nsr-fat-2026-08-15-more-markets,2026-08-15T18:00:00Z,2026-08-15 21:57:00+00,11777.96,0,82
3276648,Al Nassr Saudi Club vs. Al Fateh Saudi Club: O/U 5.5,spl-nsr-fat-2026-08-15-total-5pt5,spl-nsr-fat-2026-08-15-more-markets,2026-08-15T18:00:00Z,2026-08-15 21:57:00+00,12708.05,0,82
3276758,Al Taawoun Saudi Club vs. Al Khaleej Saudi Club: O/U 0.5,spl-taa-kha-2026-08-15-total-0pt5,spl-taa-kha-2026-08-15-more-markets,2026-08-15T16:15:00Z,2026-08-15 20:12:18+00,13307.06,0,81
3279499,Will Bolton Wanderers FC win on 2026-08-15?,elc-bol-pne-2026-08-15-bol,elc-bol-pne-2026-08-15,2026-08-15T11:30:00Z,2026-08-15 15:55:16+00,43735.17,1,76
3279502,Will VfL Osnabrück win on 2026-08-15?,bl2-vfl-fcm-2026-08-15-vfl,bl2-vfl-fcm-2026-08-15,2026-08-15T11:00:00Z,2026-08-15 14:56:01+00,13233.87,0,75
3279504,Will Preston North End FC win on 2026-08-15?,elc-bol-pne-2026-08-15-pne,elc-bol-pne-2026-08-15,2026-08-15T11:30:00Z,2026-08-15 15:22:31+00,11338.28,0,76
3279510,Will 1. FC Magdeburg win on 2026-08-15?,bl2-vfl-fcm-2026-08-15-fcm,bl2-vfl-fcm-2026-08-15,2026-08-15T11:00:00Z,2026-08-15 15:29:13+00,28345.37,1,76
3279537,Will Hertha BSC win on 2026-08-15?,bl2-ber-hei-2026-08-15-ber,bl2-ber-hei-2026-08-15,2026-08-15T11:00:00Z,2026-08-15 15:32:13+00,28739.16,1,76
3279544,Will 1. FC Heidenheim 1846 win on 2026-08-15?,bl2-ber-hei-2026-08-15-hei,bl2-ber-hei-2026-08-15,2026-08-15T11:00:00Z,2026-08-15 14:59:31+00,13148.37,0,76
3279545,Will Millwall FC win on 2026-08-15?,elc-bri-mil-2026-08-15-mil,elc-bri-mil-2026-08-15,2026-08-15T14:00:00Z,2026-08-15 18:53:42+00,100522.3,1,79
3279553,Will SpVgg Greuther Fürth win on 2026-08-15?,bl2-fur-fcn-2026-08-15-fur,bl2-fur-fcn-2026-08-15,2026-08-15T11:00:00Z,2026-08-15 15:02:13+00,279307.36,0,76
3279556,Will Portsmouth FC win on 2026-08-15?,elc-por-qpr-2026-08-15-por,elc-por-qpr-2026-08-15,2026-08-15T14:00:00Z,2026-08-15 18:13:13+00,19539.6,0,79
3279557,Will SpVgg Greuther Fürth vs. 1. FC Nürnberg end in a draw?,bl2-fur-fcn-2026-08-15-draw,bl2-fur-fcn-2026-08-15,2026-08-15T11:00:00Z,2026-08-15 15:02:13+00,20348.82,0,76
3279560,Will 1. FC Nürnberg win on 2026-08-15?,bl2-fur-fcn-2026-08-15-fcn,bl2-fur-fcn-2026-08-15,2026-08-15T11:00:00Z,2026-08-15 15:35:15+00,59856.94,1,76
3279565,Will Queens Park Rangers FC win on 2026-08-15?,elc-por-qpr-2026-08-15-qpr,elc-por-qpr-2026-08-15,2026-08-15T14:00:00Z,2026-08-15 18:29:18+00,13346.22,1,79
3279580,Will 1. FC Kaiserslautern win on 2026-08-15?,bl2-fck-ksc-2026-08-15-fck,bl2-fck-ksc-2026-08-15,2026-08-15T18:30:00Z,2026-08-15 22:32:43+00,54183.8,0,83
3279583,Will 1. FC Kaiserslautern vs. Karlsruher SC end in a draw?,bl2-fck-ksc-2026-08-15-draw,bl2-fck-ksc-2026-08-15,2026-08-15T18:30:00Z,2026-08-15 23:07:42+00,10552.21,1,84
3279584,Will Charlton Athletic FC win on 2026-08-15?,elc-cha-der-2026-08-15-cha,elc-cha-der-2026-08-15,2026-08-15T14:00:00Z,2026-08-15 18:41:40+00,12499.75,1,79
3279587,Will Karlsruher SC win on 2026-08-15?,bl2-fck-ksc-2026-08-15-ksc,bl2-fck-ksc-2026-08-15,2026-08-15T18:30:00Z,2026-08-15 22:33:13+00,12245.35,0,83
3279589,Will Charlton Athletic FC vs. Derby County FC end in a draw?,elc-cha-der-2026-08-15-draw,elc-cha-der-2026-08-15,2026-08-15T14:00:00Z,2026-08-15 18:09:30+00,12349.16,0,79
3279611,Will Middlesbrough FC win on 2026-08-15?,elc-mid-lin-2026-08-15-mid,elc-mid-lin-2026-08-15,2026-08-15T14:00:00Z,2026-08-15 18:55:13+00,196351.41,1,79
3279614,Will Middlesbrough FC vs. Lincoln City FC end in a draw?,elc-mid-lin-2026-08-15-draw,elc-mid-lin-2026-08-15,2026-08-15T14:00:00Z,2026-08-15 17:57:01+00,44863.73,0,78
3279616,New York Liberty vs. Connecticut Sun,wnba-nyl-conn-2026-08-15,wnba-nyl-conn-2026-08-15,2026-08-15T17:00:00Z,2026-08-15 19:29:48+00,237778.93,1,80
3279617,Will Lincoln City FC win on 2026-08-15?,elc-mid-lin-2026-08-15-lin,elc-mid-lin-2026-08-15,2026-08-15T14:00:00Z,2026-08-15 17:57:01+00,136635.5,0,78
3279632,Will Stoke City FC win on 2026-08-15?,elc-sto-swa-2026-08-15-sto,elc-sto-swa-2026-08-15,2026-08-15T14:00:00Z,2026-08-15 18:03:01+00,24345.89,0,79
3279637,Los Angeles Sparks vs. Washington Mystics,wnba-la-wsh-2026-08-15,wnba-la-wsh-2026-08-15,2026-08-15T23:30:00Z,2026-08-16 02:03:13+00,232206.15,0,87
3279639,Will Swansea City AFC win on 2026-08-15?,elc-sto-swa-2026-08-15-swa,elc-sto-swa-2026-08-15,2026-08-15T14:00:00Z,2026-08-15 18:53:15+00,30921.07,1,79
3279650,Minnesota Lynx vs. Las Vegas Aces,wnba-min-las-2026-08-15,wnba-min-las-2026-08-15,2026-08-16T00:00:00Z,2026-08-16 02:43:12+00,161838.57,1,87
3279655,Will Norwich City FC win on 2026-08-15?,elc-nor-wba-2026-08-15-nor,elc-nor-wba-2026-08-15,2026-08-15T14:00:00Z,2026-08-15 18:04:31+00,95009.96,0,79
3279659,Will Norwich City FC vs. West Bromwich Albion FC end in a draw?,elc-nor-wba-2026-08-15-draw,elc-nor-wba-2026-08-15,2026-08-15T14:00:00Z,2026-08-15 18:04:31+00,22275.62,0,79
3279665,Will West Bromwich Albion FC win on 2026-08-15?,elc-nor-wba-2026-08-15-wba,elc-nor-wba-2026-08-15,2026-08-15T14:00:00Z,2026-08-15 19:09:28+00,47061.28,1,80
3279697,Will Sheffield United FC win on 2026-08-15?,elc-she-bir-2026-08-15-she,elc-she-bir-2026-08-15,2026-08-15T16:30:00Z,2026-08-15 20:27:15+00,50925.31,0,81
3279700,Will Sheffield United FC vs. Birmingham City FC end in a draw?,elc-she-bir-2026-08-15-draw,elc-she-bir-2026-08-15,2026-08-15T16:30:00Z,2026-08-15 21:03:03+00,20265.88,1,82
3279701,Will Birmingham City FC win on 2026-08-15?,elc-she-bir-2026-08-15-bir,elc-she-bir-2026-08-15,2026-08-15T16:30:00Z,2026-08-15 20:26:43+00,24895.13,0,81
3279870,Exact Score: SpVgg Greuther Fürth 1 - 1 1. FC Nürnberg?,bl2-fur-fcn-2026-08-15-exact-score-1-1,bl2-fur-fcn-2026-08-15-exact-score,2026-08-15T11:00:00Z,2026-08-15 15:00:31+00,70228.92,0,76
3279876,Exact Score: SpVgg Greuther Fürth 1 - 2 1. FC Nürnberg?,bl2-fur-fcn-2026-08-15-exact-score-1-2,bl2-fur-fcn-2026-08-15-exact-score,2026-08-15T11:00:00Z,2026-08-15 15:02:13+00,55420.2,0,76
3279880,Exact Score: SpVgg Greuther Fürth 1 - 3 1. FC Nürnberg?,bl2-fur-fcn-2026-08-15-exact-score-1-3,bl2-fur-fcn-2026-08-15-exact-score,2026-08-15T11:00:00Z,2026-08-15 15:01:43+00,66478.35,0,76
3279904,Exact Score: Portsmouth FC 0 - 0 Queens Park Rangers FC?,elc-por-qpr-2026-08-15-exact-score-0-0,elc-por-qpr-2026-08-15-exact-score,2026-08-15T14:00:00Z,2026-08-15 18:13:13+00,12046.12,0,79
3280022,Exact Score: Middlesbrough FC 0 - 2 Lincoln City FC?,elc-mid-lin-2026-08-15-exact-score-0-2,elc-mid-lin-2026-08-15-exact-score,2026-08-15T14:00:00Z,2026-08-15 17:57:01+00,11846.66,0,78
3282778,Will Deportivo Alavés win on 2026-08-15?,lal-ala-get-2026-08-15-ala,lal-ala-get-2026-08-15,2026-08-15T17:30:00Z,2026-08-15 19:57:43+00,2222310.63,1,80
3282779,Will Deportivo Alavés vs. Getafe CF end in a draw?,lal-ala-get-2026-08-15-draw,lal-ala-get-2026-08-15,2026-08-15T17:30:00Z,2026-08-15 19:50:57+00,203010.36,0,80
3282781,Will Getafe CF win on 2026-08-15?,lal-ala-get-2026-08-15-get,lal-ala-get-2026-08-15,2026-08-15T17:30:00Z,2026-08-15 19:50:43+00,327691.15,0,80
3282782,Will FC Andorra vs. AD Ceuta FC end in a draw?,es2-and-ceu-2026-08-15-draw,es2-and-ceu-2026-08-15,2026-08-15T15:00:00Z,2026-08-15 19:00:33+00,10718.96,0,79
3282785,Will Sevilla FC win on 2026-08-15?,lal-sev-ray-2026-08-15-sev,lal-sev-ray-2026-08-15,2026-08-15T19:30:00Z,2026-08-16 02:26:43+00,2130476.63,1,87
3282786,Will Sevilla FC vs. Rayo Vallecano de Madrid end in a draw?,lal-sev-ray-2026-08-15-draw,lal-sev-ray-2026-08-15,2026-08-15T19:30:00Z,2026-08-15 22:05:12+00,274062.16,0,83
3282788,Will Rayo Vallecano de Madrid win on 2026-08-15?,lal-sev-ray-2026-08-15-ray,lal-sev-ray-2026-08-15,2026-08-15T19:30:00Z,2026-08-15 22:05:12+00,508014.22,0,83
3282793,Will Real Oviedo win on 2026-08-15?,es2-ovi-gra-2026-08-15-ovi,es2-ovi-gra-2026-08-15,2026-08-15T17:00:00Z,2026-08-15 20:55:42+00,16209.94,0,81
3282802,Exact Score: Deportivo Alavés 0 - 0 Getafe CF?,lal-ala-get-2026-08-15-exact-score-0-0,lal-ala-get-2026-08-15-exact-score,2026-08-15T17:30:00Z,2026-08-15 19:50:43+00,344542.93,0,80
3282803,Will RCD Mallorca win on 2026-08-15?,es2-rm-vld-2026-08-15-rm,es2-rm-vld-2026-08-15,2026-08-15T19:30:00Z,2026-08-16 00:01:43+00,15374.23,1,85
3282805,Exact Score: Deportivo Alavés 1 - 0 Getafe CF?,lal-ala-get-2026-08-15-exact-score-1-0,lal-ala-get-2026-08-15-exact-score,2026-08-15T17:30:00Z,2026-08-15 19:50:43+00,20694.37,0,80
3282833,Sevilla FC leading at halftime?,lal-sev-ray-2026-08-15-halftime-result-home,lal-sev-ray-2026-08-15-halftime-result,2026-08-15T19:30:00Z,2026-08-15 22:04:01+00,21743.6,0,83
3282862,Exact Score: Sevilla FC 0 - 0 Rayo Vallecano de Madrid?,lal-sev-ray-2026-08-15-exact-score-0-0,lal-sev-ray-2026-08-15-exact-score,2026-08-15T19:30:00Z,2026-08-15 22:05:12+00,173121.46,0,83
3282868,Willem II Tilburg vs. NEC: O/U 3.5,ere-wii-nec-2026-08-15-total-3pt5,ere-wii-nec-2026-08-15-more-markets,2026-08-15T14:30:00Z,2026-08-15 18:28:28+00,12334.22,1,79
3282869,Exact Score: Sevilla FC 2 - 0 Rayo Vallecano de Madrid?,lal-sev-ray-2026-08-15-exact-score-2-0,lal-sev-ray-2026-08-15-exact-score,2026-08-15T19:30:00Z,2026-08-15 22:04:43+00,11981.06,0,83
3282870,Exact Score: Sevilla FC 0 - 3 Rayo Vallecano de Madrid?,lal-sev-ray-2026-08-15-exact-score-0-3,lal-sev-ray-2026-08-15-exact-score,2026-08-15T19:30:00Z,2026-08-15 22:04:43+00,20530.39,0,83
3282872,Willem II Tilburg vs. NEC: O/U 4.5,ere-wii-nec-2026-08-15-total-4pt5,ere-wii-nec-2026-08-15-more-markets,2026-08-15T14:30:00Z,2026-08-15 18:28:28+00,29427.16,1,79
3282875,Exact Score: Sevilla FC 2 - 1 Rayo Vallecano de Madrid?,lal-sev-ray-2026-08-15-exact-score-2-1,lal-sev-ray-2026-08-15-exact-score,2026-08-15T19:30:00Z,2026-08-15 22:09:42+00,17791.71,1,83
3282878,Willem II Tilburg vs. NEC: O/U 5.5,ere-wii-nec-2026-08-15-total-5pt5,ere-wii-nec-2026-08-15-more-markets,2026-08-15T14:30:00Z,2026-08-15 18:28:28+00,10017.84,0,79
3282951,Telstar 1963 vs. Sparta Rotterdam: O/U 2.5,ere-tel-spa-2026-08-14-total-2pt5,ere-tel-spa-2026-08-14-more-markets,2026-08-14T18:00:00Z,2026-08-14 22:00:18+00,81994.12,1,59
3282953,Telstar 1963 vs. Sparta Rotterdam: O/U 3.5,ere-tel-spa-2026-08-14-total-3pt5,ere-tel-spa-2026-08-14-more-markets,2026-08-14T18:00:00Z,2026-08-14 22:00:15+00,23530.94,1,59
3283916,Will Leicester City FC win on 2026-08-15?,el1-not-lei-2026-08-15-lei,el1-not-lei-2026-08-15,2026-08-15T11:30:00Z,2026-08-15 13:44:18+00,40556.9,0,74
3283967,Will Plymouth Argyle FC win on 2026-08-15?,el1-ply-sto-2026-08-15-ply,el1-ply-sto-2026-08-15,2026-08-15T14:00:00Z,2026-08-15 16:16:16+00,50942.15,0,77
3284006,Will Barnsley FC win on 2026-08-15?,el1-bar-bro-2026-08-15-bar,el1-bar-bro-2026-08-15,2026-08-15T14:00:00Z,2026-08-15 16:40:28+00,15103.33,0,77
3284950,Académico de Viseu FC vs. CD Santa Clara: O/U 1.5,por-acv-cds-2026-08-15-total-1pt5,por-acv-cds-2026-08-15-more-markets,2026-08-15T17:00:00Z,2026-08-15 20:59:30+00,21106.24,0,82
3284951,Académico de Viseu FC vs. CD Santa Clara: O/U 2.5,por-acv-cds-2026-08-15-total-2pt5,por-acv-cds-2026-08-15-more-markets,2026-08-15T17:00:00Z,2026-08-15 20:59:33+00,61042.57,0,82
3284987,FC Alverca vs. CF Estrela da Amadora: O/U 2.5,por-alv-ama-2026-08-15-total-2pt5,por-alv-ama-2026-08-15-more-markets,2026-08-15T14:30:00Z,2026-08-15 18:30:45+00,37814.46,1,79
3284988,FC Alverca vs. CF Estrela da Amadora: O/U 3.5,por-alv-ama-2026-08-15-total-3pt5,por-alv-ama-2026-08-15-more-markets,2026-08-15T14:30:00Z,2026-08-15 18:30:45+00,21703.85,1,79
3285014,Spread: Sporting CP (-1.5),por-spo-gui-2026-08-14-spread-home-1pt5,por-spo-gui-2026-08-14-more-markets,2026-08-14T19:15:00Z,2026-08-14 23:18:00+00,43003.3,0,60
3285016,Spread: Sporting CP (-2.5),por-spo-gui-2026-08-14-spread-home-2pt5,por-spo-gui-2026-08-14-more-markets,2026-08-14T19:15:00Z,2026-08-14 23:18:18+00,15809.79,0,60
3285018,Sporting CP vs. Vitória SC: O/U 0.5,por-spo-gui-2026-08-14-total-0pt5,por-spo-gui-2026-08-14-more-markets,2026-08-14T19:15:00Z,2026-08-14 23:18:18+00,15577.03,1,60
3285020,Sporting CP vs. Vitória SC: O/U 2.5,por-spo-gui-2026-08-14-total-2pt5,por-spo-gui-2026-08-14-more-markets,2026-08-14T19:15:00Z,2026-08-14 23:18:18+00,27344.7,1,60
3285021,Sporting CP vs. Vitória SC: O/U 3.5,por-spo-gui-2026-08-14-total-3pt5,por-spo-gui-2026-08-14-more-markets,2026-08-14T19:15:00Z,2026-08-14 23:18:01+00,26559.11,1,60
3285022,Sporting CP vs. Vitória SC: O/U 4.5,por-spo-gui-2026-08-14-total-4pt5,por-spo-gui-2026-08-14-more-markets,2026-08-14T19:15:00Z,2026-08-14 23:18:00+00,44429.44,1,60
3285023,Sporting CP vs. Vitória SC: O/U 5.5,por-spo-gui-2026-08-14-total-5pt5,por-spo-gui-2026-08-14-more-markets,2026-08-14T19:15:00Z,2026-08-14 23:18:18+00,50816.7,0,60
3286617,Sheffield United FC vs. Birmingham City FC: O/U 0.5,elc-she-bir-2026-08-15-total-0pt5,elc-she-bir-2026-08-15-more-markets,2026-08-15T16:30:00Z,2026-08-15 20:23:15+00,22451.74,0,81
3286618,Sheffield United FC vs. Birmingham City FC: O/U 1.5,elc-she-bir-2026-08-15-total-1pt5,elc-she-bir-2026-08-15-more-markets,2026-08-15T16:30:00Z,2026-08-15 20:23:45+00,18334.83,0,81
3286619,Sheffield United FC vs. Birmingham City FC: O/U 2.5,elc-she-bir-2026-08-15-total-2pt5,elc-she-bir-2026-08-15-more-markets,2026-08-15T16:30:00Z,2026-08-15 20:23:45+00,45834.76,0,81
3286624,Sheffield United FC vs. Birmingham City FC: Both Teams to Score,elc-she-bir-2026-08-15-btts,elc-she-bir-2026-08-15-more-markets,2026-08-15T16:30:00Z,2026-08-15 20:23:07+00,11377.0,0,81
3286649,Spread: Norwich City FC (-1.5),elc-nor-wba-2026-08-15-spread-home-1pt5,elc-nor-wba-2026-08-15-more-markets,2026-08-15T14:00:00Z,2026-08-15 18:01:45+00,11458.28,0,79
3286654,Norwich City FC vs. West Bromwich Albion FC: O/U 1.5,elc-nor-wba-2026-08-15-total-1pt5,elc-nor-wba-2026-08-15-more-markets,2026-08-15T14:00:00Z,2026-08-15 18:01:33+00,12333.82,1,79
3286655,Norwich City FC vs. West Bromwich Albion FC: O/U 2.5,elc-nor-wba-2026-08-15-total-2pt5,elc-nor-wba-2026-08-15-more-markets,2026-08-15T14:00:00Z,2026-08-15 18:01:30+00,23207.11,1,79
3286688,Stoke City FC vs. Swansea City AFC: O/U 2.5,elc-sto-swa-2026-08-15-total-2pt5,elc-sto-swa-2026-08-15-more-markets,2026-08-15T14:00:00Z,2026-08-15 17:59:49+00,22630.25,1,79
3286715,Spread: Middlesbrough FC (-1.5),elc-mid-lin-2026-08-15-spread-home-1pt5,elc-mid-lin-2026-08-15-more-markets,2026-08-15T14:00:00Z,2026-08-15 17:57:00+00,42993.67,0,78
3286721,Middlesbrough FC vs. Lincoln City FC: O/U 2.5,elc-mid-lin-2026-08-15-total-2pt5,elc-mid-lin-2026-08-15-more-markets,2026-08-15T14:00:00Z,2026-08-15 17:56:46+00,83548.0,1,78
3286722,Middlesbrough FC vs. Lincoln City FC: O/U 3.5,elc-mid-lin-2026-08-15-total-3pt5,elc-mid-lin-2026-08-15-more-markets,2026-08-15T14:00:00Z,2026-08-15 17:56:46+00,13343.85,0,78
3286723,Middlesbrough FC vs. Lincoln City FC: O/U 4.5,elc-mid-lin-2026-08-15-total-4pt5,elc-mid-lin-2026-08-15-more-markets,2026-08-15T14:00:00Z,2026-08-15 17:56:30+00,13454.55,0,78
3286787,Portsmouth FC vs. Queens Park Rangers FC: O/U 2.5,elc-por-qpr-2026-08-15-total-2pt5,elc-por-qpr-2026-08-15-more-markets,2026-08-15T14:00:00Z,2026-08-15 18:09:28+00,13956.78,1,79
3286788,Portsmouth FC vs. Queens Park Rangers FC: O/U 3.5,elc-por-qpr-2026-08-15-total-3pt5,elc-por-qpr-2026-08-15-more-markets,2026-08-15T14:00:00Z,2026-08-15 18:09:00+00,16916.2,1,79
3286790,Portsmouth FC vs. Queens Park Rangers FC: O/U 4.5,elc-por-qpr-2026-08-15-total-4pt5,elc-por-qpr-2026-08-15-more-markets,2026-08-15T14:00:00Z,2026-08-15 18:09:15+00,19459.57,0,79
3286822,Bristol City FC vs. Millwall FC: O/U 2.5,elc-bri-mil-2026-08-15-total-2pt5,elc-bri-mil-2026-08-15-more-markets,2026-08-15T14:00:00Z,2026-08-15 17:57:30+00,31608.17,0,78
3286861,Bolton Wanderers FC vs. Preston North End FC: O/U 1.5,elc-bol-pne-2026-08-15-total-1pt5,elc-bol-pne-2026-08-15-more-markets,2026-08-15T11:30:00Z,2026-08-15 15:22:15+00,16039.36,1,76
3286862,Bolton Wanderers FC vs. Preston North End FC: O/U 2.5,elc-bol-pne-2026-08-15-total-2pt5,elc-bol-pne-2026-08-15-more-markets,2026-08-15T11:30:00Z,2026-08-15 15:22:00+00,52867.25,1,76
3286863,Bolton Wanderers FC vs. Preston North End FC: O/U 3.5,elc-bol-pne-2026-08-15-total-3pt5,elc-bol-pne-2026-08-15-more-markets,2026-08-15T11:30:00Z,2026-08-15 15:22:03+00,10417.82,0,76
3286864,Bolton Wanderers FC vs. Preston North End FC: O/U 4.5,elc-bol-pne-2026-08-15-total-4pt5,elc-bol-pne-2026-08-15-more-markets,2026-08-15T11:30:00Z,2026-08-15 15:22:00+00,12462.52,0,76
3286866,Bolton Wanderers FC vs. Preston North End FC: Both Teams to Score,elc-bol-pne-2026-08-15-btts,elc-bol-pne-2026-08-15-more-markets,2026-08-15T11:30:00Z,2026-08-15 15:22:00+00,10121.29,1,76
3288268,ŠK Slovan Bratislava leading at halftime?,svk1-sba-ruz-2026-08-15-halftime-result-home,svk1-sba-ruz-2026-08-15-halftime-result,2026-08-15T16:00:00Z,2026-08-15 20:47:16+00,22639.83,1,81
3288950,Will Calcio Padova win on 2026-08-15?,itc-udi-pad-2026-08-15-pad,itc-udi-pad-2026-08-15,2026-08-15T16:30:00Z,2026-08-15 20:29:43+00,21616.56,0,81
3288951,Will Venezia FC win on 2026-08-15?,itc-ven-mod-2026-08-15-ven,itc-ven-mod-2026-08-15,2026-08-15T18:45:00Z,2026-08-15 23:19:42+00,10011.39,1,84
3288964,1. FC Kaiserslautern vs. Karlsruher SC: O/U 0.5,bl2-fck-ksc-2026-08-15-total-0pt5,bl2-fck-ksc-2026-08-15-more-markets,2026-08-15T18:30:00Z,2026-08-15 22:32:15+00,14963.02,0,83
3288966,1. FC Kaiserslautern vs. Karlsruher SC: O/U 1.5,bl2-fck-ksc-2026-08-15-total-1pt5,bl2-fck-ksc-2026-08-15-more-markets,2026-08-15T18:30:00Z,2026-08-15 22:32:00+00,13554.23,0,83
3289038,SpVgg Greuther Fürth vs. 1. FC Nürnberg: O/U 0.5,bl2-fur-fcn-2026-08-15-total-0pt5,bl2-fur-fcn-2026-08-15-more-markets,2026-08-15T11:00:00Z,2026-08-15 15:00:15+00,19066.29,1,76
3289043,SpVgg Greuther Fürth vs. 1. FC Nürnberg: O/U 2.5,bl2-fur-fcn-2026-08-15-total-2pt5,bl2-fur-fcn-2026-08-15-more-markets,2026-08-15T11:00:00Z,2026-08-15 15:00:30+00,12394.37,1,76
3289046,SpVgg Greuther Fürth vs. 1. FC Nürnberg: O/U 3.5,bl2-fur-fcn-2026-08-15-total-3pt5,bl2-fur-fcn-2026-08-15-more-markets,2026-08-15T11:00:00Z,2026-08-15 15:00:30+00,104723.53,1,76
3289049,SpVgg Greuther Fürth vs. 1. FC Nürnberg: O/U 4.5,bl2-fur-fcn-2026-08-15-total-4pt5,bl2-fur-fcn-2026-08-15-more-markets,2026-08-15T11:00:00Z,2026-08-15 15:00:30+00,28503.9,1,76
3289051,SpVgg Greuther Fürth vs. 1. FC Nürnberg: O/U 5.5,bl2-fur-fcn-2026-08-15-total-5pt5,bl2-fur-fcn-2026-08-15-more-markets,2026-08-15T11:00:00Z,2026-08-15 15:00:00+00,18128.71,1,76
3289118,Hertha BSC vs. 1. FC Heidenheim 1846: O/U 5.5,bl2-ber-hei-2026-08-15-total-5pt5,bl2-ber-hei-2026-08-15-more-markets,2026-08-15T11:00:00Z,2026-08-15 14:59:30+00,16686.5,0,76
3289431,Will FC Utrecht win on 2026-08-15?,ere-utr-az-2026-08-15-utr,ere-utr-az-2026-08-15,2026-08-15T16:45:00Z,2026-08-15 20:43:13+00,12179.6,0,81
3289432,Will FC Utrecht vs. AZ end in a draw?,ere-utr-az-2026-08-15-draw,ere-utr-az-2026-08-15,2026-08-15T16:45:00Z,2026-08-15 20:43:13+00,11279.2,0,81
3289433,Will AZ win on 2026-08-15?,ere-utr-az-2026-08-15-az,ere-utr-az-2026-08-15,2026-08-15T16:45:00Z,2026-08-15 21:34:40+00,55954.55,1,82
3289435,Will SBV Excelsior win on 2026-08-15?,ere-exc-psv-2026-08-15-exc,ere-exc-psv-2026-08-15,2026-08-15T18:00:00Z,2026-08-15 21:55:01+00,58540.62,0,82
3289437,Will PSV win on 2026-08-15?,ere-exc-psv-2026-08-15-psv,ere-exc-psv-2026-08-15,2026-08-15T18:00:00Z,2026-08-15 22:29:01+00,88519.2,1,83
3289438,Will Fortuna Sittard win on 2026-08-15?,ere-sit-cam-2026-08-15-sit,ere-sit-cam-2026-08-15,2026-08-15T19:00:00Z,2026-08-15 23:34:13+00,31589.18,1,84
3289440,Will SC Cambuur-Leeuwarden win on 2026-08-15?,ere-sit-cam-2026-08-15-cam,ere-sit-cam-2026-08-15,2026-08-15T19:00:00Z,2026-08-15 22:58:43+00,11644.54,0,83
3289441,Will ADO Den Haag win on 2026-08-16?,ere-ado-gro-2026-08-16-ado,ere-ado-gro-2026-08-16,2026-08-16T10:15:00Z,2026-08-16 14:12:01+00,176381.38,0,99
3289443,Will FC Groningen win on 2026-08-16?,ere-ado-gro-2026-08-16-gro,ere-ado-gro-2026-08-16,2026-08-16T10:15:00Z,2026-08-16 14:43:40+00,97921.95,1,99
3289445,Will FC Twente win on 2026-08-16?,ere-twe-zwo-2026-08-16-twe,ere-twe-zwo-2026-08-16,2026-08-16T12:30:00Z,2026-08-16 16:58:00+00,60667.85,1,101
3289446,Will FC Twente vs. PEC Zwolle end in a draw?,ere-twe-zwo-2026-08-16-draw,ere-twe-zwo-2026-08-16,2026-08-16T12:30:00Z,2026-08-16 16:28:43+00,18526.36,0,101
3289447,Will PEC Zwolle win on 2026-08-16?,ere-twe-zwo-2026-08-16-zwo,ere-twe-zwo-2026-08-16,2026-08-16T12:30:00Z,2026-08-16 16:28:00+00,35776.64,0,101
3289448,Will Feyenoord Rotterdam win on 2026-08-16?,ere-fey-goa-2026-08-16-fey,ere-fey-goa-2026-08-16,2026-08-16T12:30:00Z,2026-08-16 16:27:16+00,132093.89,0,101
3289449,Will Feyenoord Rotterdam vs. Go Ahead Eagles end in a draw?,ere-fey-goa-2026-08-16-draw,ere-fey-goa-2026-08-16,2026-08-16T12:30:00Z,2026-08-16 17:09:42+00,23215.26,1,102
3289450,Will Go Ahead Eagles win on 2026-08-16?,ere-fey-goa-2026-08-16-goa,ere-fey-goa-2026-08-16,2026-08-16T12:30:00Z,2026-08-16 16:27:16+00,66132.83,0,101
3289494,Exact Score: SBV Excelsior 2 - 1 PSV?,ere-exc-psv-2026-08-15-exact-score-2-1,ere-exc-psv-2026-08-15-exact-score,2026-08-15T18:00:00Z,2026-08-15 21:55:01+00,12954.09,0,82
3289521,Exact Score: Fortuna Sittard 2 - 1 SC Cambuur-Leeuwarden?,ere-sit-cam-2026-08-15-exact-score-2-1,ere-sit-cam-2026-08-15-exact-score,2026-08-15T19:00:00Z,2026-08-15 22:58:43+00,11664.4,0,83
3289608,Exact Score: Feyenoord Rotterdam 2 - 3 Go Ahead Eagles?,ere-fey-goa-2026-08-16-exact-score-2-3,ere-fey-goa-2026-08-16-exact-score,2026-08-16T12:30:00Z,2026-08-16 16:26:31+00,15234.96,0,101
3289814,Vissel Kōbe vs. FC Tōkyō: O/U 2.5,jap-vis-fct-2026-08-15-total-2pt5,jap-vis-fct-2026-08-15-more-markets,2026-08-15T10:00:00Z,2026-08-15 12:17:45+00,14502.6,1,73
3289815,Vissel Kōbe vs. FC Tōkyō: O/U 3.5,jap-vis-fct-2026-08-15-total-3pt5,jap-vis-fct-2026-08-15-more-markets,2026-08-15T10:00:00Z,2026-08-15 12:17:15+00,10811.64,1,73
3289816,Vissel Kōbe vs. FC Tōkyō: O/U 4.5,jap-vis-fct-2026-08-15-total-4pt5,jap-vis-fct-2026-08-15-more-markets,2026-08-15T10:00:00Z,2026-08-15 12:17:00+00,10020.68,0,73
3289875,Spread: Kawasaki Frontale (-1.5),jap-kaw-kyo-2026-08-15-spread-home-1pt5,jap-kaw-kyo-2026-08-15-more-markets,2026-08-15T10:00:00Z,2026-08-15 12:18:15+00,11385.22,0,73
3289882,Kawasaki Frontale vs. Kyōto Sanga FC: O/U 3.5,jap-kaw-kyo-2026-08-15-total-3pt5,jap-kaw-kyo-2026-08-15-more-markets,2026-08-15T10:00:00Z,2026-08-15 12:18:03+00,14774.47,1,73
3289909,Spread: Sanfrecce Hiroshima (-1.5),jap-ura-san-2026-08-15-spread-away-1pt5,jap-ura-san-2026-08-15-more-markets,2026-08-15T10:00:00Z,2026-08-15 12:14:30+00,14154.9,1,73
3289911,Spread: Sanfrecce Hiroshima (-2.5),jap-ura-san-2026-08-15-spread-away-2pt5,jap-ura-san-2026-08-15-more-markets,2026-08-15T10:00:00Z,2026-08-15 12:14:30+00,10834.03,1,73
3289914,Urawa Red Diamonds vs. Sanfrecce Hiroshima: O/U 2.5,jap-ura-san-2026-08-15-total-2pt5,jap-ura-san-2026-08-15-more-markets,2026-08-15T10:00:00Z,2026-08-15 12:14:30+00,12284.88,1,73
3289915,Urawa Red Diamonds vs. Sanfrecce Hiroshima: O/U 3.5,jap-ura-san-2026-08-15-total-3pt5,jap-ura-san-2026-08-15-more-markets,2026-08-15T10:00:00Z,2026-08-15 12:14:30+00,19220.86,1,73
3289916,Urawa Red Diamonds vs. Sanfrecce Hiroshima: O/U 4.5,jap-ura-san-2026-08-15-total-4pt5,jap-ura-san-2026-08-15-more-markets,2026-08-15T10:00:00Z,2026-08-15 12:14:30+00,17256.93,1,73
3289917,Urawa Red Diamonds vs. Sanfrecce Hiroshima: O/U 5.5,jap-ura-san-2026-08-15-total-5pt5,jap-ura-san-2026-08-15-more-markets,2026-08-15T10:00:00Z,2026-08-15 12:14:18+00,12930.66,0,73
3289942,Spread: FC Machida Zelvia (-1.5),jap-jef-zel-2026-08-15-spread-away-1pt5,jap-jef-zel-2026-08-15-more-markets,2026-08-15T10:00:00Z,2026-08-15 12:13:31+00,16843.67,1,73
3289948,JEF United Ichihara Chiba vs. FC Machida Zelvia: O/U 3.5,jap-jef-zel-2026-08-15-total-3pt5,jap-jef-zel-2026-08-15-more-markets,2026-08-15T10:00:00Z,2026-08-15 12:13:30+00,14826.15,1,73
3289974,Spread: Fagiano Okayama (-1.5),jap-fag-vva-2026-08-15-spread-home-1pt5,jap-fag-vva-2026-08-15-more-markets,2026-08-15T09:55:00Z,2026-08-15 12:17:30+00,15239.85,0,73
3289976,Spread: Fagiano Okayama (-2.5),jap-fag-vva-2026-08-15-spread-home-2pt5,jap-fag-vva-2026-08-15-more-markets,2026-08-15T09:55:00Z,2026-08-15 12:17:03+00,20062.93,0,73
3289979,Fagiano Okayama vs. V-Varen Nagasaki: O/U 1.5,jap-fag-vva-2026-08-15-total-1pt5,jap-fag-vva-2026-08-15-more-markets,2026-08-15T09:55:00Z,2026-08-15 12:17:15+00,10435.76,0,73
3289980,Fagiano Okayama vs. V-Varen Nagasaki: O/U 2.5,jap-fag-vva-2026-08-15-total-2pt5,jap-fag-vva-2026-08-15-more-markets,2026-08-15T09:55:00Z,2026-08-15 12:17:03+00,29363.52,0,73
3289981,Fagiano Okayama vs. V-Varen Nagasaki: O/U 3.5,jap-fag-vva-2026-08-15-total-3pt5,jap-fag-vva-2026-08-15-more-markets,2026-08-15T09:55:00Z,2026-08-15 12:17:00+00,20597.94,0,73
3290011,Shimizu S-Pulse vs. Yokohama F·Marinos: O/U 0.5,jap-ssp-yom-2026-08-15-total-0pt5,jap-ssp-yom-2026-08-15-more-markets,2026-08-15T09:30:00Z,2026-08-15 11:46:43+00,14004.93,1,72
3290012,Shimizu S-Pulse vs. Yokohama F·Marinos: O/U 1.5,jap-ssp-yom-2026-08-15-total-1pt5,jap-ssp-yom-2026-08-15-more-markets,2026-08-15T09:30:00Z,2026-08-15 11:46:15+00,26366.32,0,72
3290013,Shimizu S-Pulse vs. Yokohama F·Marinos: O/U 2.5,jap-ssp-yom-2026-08-15-total-2pt5,jap-ssp-yom-2026-08-15-more-markets,2026-08-15T09:30:00Z,2026-08-15 11:46:18+00,58507.61,0,72
3290040,Spread: Kashima Antlers (-1.5),jap-kas-ngr-2026-08-15-spread-home-1pt5,jap-kas-ngr-2026-08-15-more-markets,2026-08-15T09:00:00Z,2026-08-15 11:19:01+00,21500.76,0,72
3290041,Spread: Nagoya Grampus (-1.5),jap-kas-ngr-2026-08-15-spread-away-1pt5,jap-kas-ngr-2026-08-15-more-markets,2026-08-15T09:00:00Z,2026-08-15 11:19:01+00,10698.17,0,72
3290044,Kashima Antlers vs. Nagoya Grampus: O/U 0.5,jap-kas-ngr-2026-08-15-total-0pt5,jap-kas-ngr-2026-08-15-more-markets,2026-08-15T09:00:00Z,2026-08-15 11:19:01+00,11007.9,1,72
3290045,Kashima Antlers vs. Nagoya Grampus: O/U 1.5,jap-kas-ngr-2026-08-15-total-1pt5,jap-kas-ngr-2026-08-15-more-markets,2026-08-15T09:00:00Z,2026-08-15 11:19:01+00,24414.05,1,72
3290046,Kashima Antlers vs. Nagoya Grampus: O/U 2.5,jap-kas-ngr-2026-08-15-total-2pt5,jap-kas-ngr-2026-08-15-more-markets,2026-08-15T09:00:00Z,2026-08-15 11:19:01+00,124834.26,1,72
3290047,Kashima Antlers vs. Nagoya Grampus: O/U 3.5,jap-kas-ngr-2026-08-15-total-3pt5,jap-kas-ngr-2026-08-15-more-markets,2026-08-15T09:00:00Z,2026-08-15 11:19:01+00,15023.48,0,72
3290048,Kashima Antlers vs. Nagoya Grampus: O/U 4.5,jap-kas-ngr-2026-08-15-total-4pt5,jap-kas-ngr-2026-08-15-more-markets,2026-08-15T09:00:00Z,2026-08-15 11:19:00+00,30024.99,0,72
3290073,Spread: FC Mito Holly Hock (-1.5),jap-hol-gam-2026-08-15-spread-home-1pt5,jap-hol-gam-2026-08-15-more-markets,2026-08-15T09:00:00Z,2026-08-15 11:14:13+00,16410.94,0,72
3290078,FC Mito Holly Hock vs. Gamba Ōsaka: O/U 1.5,jap-hol-gam-2026-08-15-total-1pt5,jap-hol-gam-2026-08-15-more-markets,2026-08-15T09:00:00Z,2026-08-15 11:14:01+00,15669.55,1,72
3290079,FC Mito Holly Hock vs. Gamba Ōsaka: O/U 2.5,jap-hol-gam-2026-08-15-total-2pt5,jap-hol-gam-2026-08-15-more-markets,2026-08-15T09:00:00Z,2026-08-15 11:14:01+00,20474.34,0,72
3290080,FC Mito Holly Hock vs. Gamba Ōsaka: O/U 3.5,jap-hol-gam-2026-08-15-total-3pt5,jap-hol-gam-2026-08-15-more-markets,2026-08-15T09:00:00Z,2026-08-15 11:14:13+00,13816.36,0,72
3290818,Will Nottingham Forest win on 2026-08-16?,clf-nfo-stb-2026-08-16-nfo,clf-nfo-stb-2026-08-16,2026-08-16T13:00:00Z,2026-08-16 17:28:00+00,13806.19,1,102
3290822,Will Gençlerbirliği SK win on 2026-08-15?,tur-gen-fen-2026-08-15-gen,tur-gen-fen-2026-08-15,2026-08-15T18:30:00Z,2026-08-15 23:28:43+00,90590.58,1,84
3290823,Will Gençlerbirliği SK vs. Fenerbahçe SK end in a draw?,tur-gen-fen-2026-08-15-draw,tur-gen-fen-2026-08-15,2026-08-15T18:30:00Z,2026-08-15 22:46:01+00,36914.01,0,83
3290824,Will Fenerbahçe SK win on 2026-08-15?,tur-gen-fen-2026-08-15-fen,tur-gen-fen-2026-08-15,2026-08-15T18:30:00Z,2026-08-15 22:46:01+00,166412.04,0,83
3290827,Will Rams Başakşehir FK win on 2026-08-16?,tur-iba-koc-2026-08-16-iba,tur-iba-koc-2026-08-16,2026-08-16T16:00:00Z,2026-08-16 20:41:57+00,49480.92,1,105
3290829,Will Kocaelispor win on 2026-08-16?,tur-iba-koc-2026-08-16-koc,tur-iba-koc-2026-08-16,2026-08-16T16:00:00Z,2026-08-16 20:07:01+00,27535.72,0,105
3291140,Will Atlante FC win on 2026-08-15?,mex-atla-tol-2026-08-15-atla,mex-atla-tol-2026-08-15,2026-08-15T23:00:00Z,2026-08-16 03:03:01+00,69444.31,0,88
3291141,Will Atlante FC vs. Deportivo Toluca FC end in a draw?,mex-atla-tol-2026-08-15-draw,mex-atla-tol-2026-08-15,2026-08-15T23:00:00Z,2026-08-16 03:39:43+00,13438.6,1,88
3291142,Will Deportivo Toluca FC win on 2026-08-15?,mex-atla-tol-2026-08-15-tol,mex-atla-tol-2026-08-15,2026-08-15T23:00:00Z,2026-08-16 03:03:01+00,30948.81,0,88
3291143,Will CF Monterrey win on 2026-08-15?,mex-mon1-jua-2026-08-15-mon1,mex-mon1-jua-2026-08-15,2026-08-16T01:10:00Z,2026-08-16 05:44:42+00,59901.27,1,90
3291147,Will FC Juárez win on 2026-08-15?,mex-mon1-jua-2026-08-15-jua,mex-mon1-jua-2026-08-15,2026-08-16T01:10:00Z,2026-08-16 05:12:43+00,29127.9,0,90
3291151,Will Atlas FC win on 2026-08-15?,mex-atl-tig-2026-08-15-atl,mex-atl-tig-2026-08-15,2026-08-16T03:10:00Z,2026-08-16 07:55:42+00,201279.72,1,92
3291153,Will Atlas FC vs. Tigres de la UANL end in a draw?,mex-atl-tig-2026-08-15-draw,mex-atl-tig-2026-08-15,2026-08-16T03:10:00Z,2026-08-16 07:18:42+00,85342.71,0,92
3291154,Will Tigres de la UANL win on 2026-08-15?,mex-atl-tig-2026-08-15-tig,mex-atl-tig-2026-08-15,2026-08-16T03:10:00Z,2026-08-16 07:18:42+00,223016.0,0,92
3291411,Will Independiente Santa Fe win on 2026-08-12?,sud-san1-riv-2026-08-12-san1,sud-san1-riv-2026-08-12,2026-08-20T00:30:00Z,2026-08-20 04:29:43+00,16262.2,0,185
3291413,Will Independiente Santa Fe vs. CA River Plate end in a draw?,sud-san1-riv-2026-08-12-draw,sud-san1-riv-2026-08-12,2026-08-20T00:30:00Z,2026-08-20 05:00:42+00,17143.12,1,186
3291416,Will CA River Plate win on 2026-08-12?,sud-san1-riv-2026-08-12-riv,sud-san1-riv-2026-08-12,2026-08-20T00:30:00Z,2026-08-20 04:29:43+00,63098.46,0,185
3291422,Will CR Vasco da Gama win on 2026-08-13?,sud-vas-clo-2026-08-13-vas,sud-vas-clo-2026-08-13,2026-08-13T22:00:00Z,2026-08-14 01:59:13+00,121944.03,0,38
3291426,Will CR Vasco da Gama vs. Club Olimpia end in a draw?,sud-vas-clo-2026-08-13-draw,sud-vas-clo-2026-08-13,2026-08-13T22:00:00Z,2026-08-14 02:33:42+00,10226.39,1,39
3291428,Will Club Olimpia win on 2026-08-13?,sud-vas-clo-2026-08-13-clo,sud-vas-clo-2026-08-13,2026-08-13T22:00:00Z,2026-08-14 01:59:13+00,25680.75,0,38
3291440,Will Santos FC win on 2026-08-13?,sud-san-mac-2026-08-13-san,sud-san-mac-2026-08-13,2026-08-13T22:00:00Z,2026-08-14 02:47:40+00,426266.44,1,39
3291442,Will Santos FC vs. CSyD Macará end in a draw?,sud-san-mac-2026-08-13-draw,sud-san-mac-2026-08-13,2026-08-13T22:00:00Z,2026-08-14 02:05:43+00,67498.13,0,39
3291445,Will CSyD Macará win on 2026-08-13?,sud-san-mac-2026-08-13-mac,sud-san-mac-2026-08-13,2026-08-13T22:00:00Z,2026-08-14 02:06:12+00,98829.46,0,39
3291447,Will CS Cienciano win on 2026-08-13?,sud-cie-bot-2026-08-13-cie,sud-cie-bot-2026-08-13,2026-08-14T00:30:00Z,2026-08-14 05:03:10+00,97796.62,1,42
3291449,Will CS Cienciano vs. Botafogo FR end in a draw?,sud-cie-bot-2026-08-13-draw,sud-cie-bot-2026-08-13,2026-08-14T00:30:00Z,2026-08-14 04:29:31+00,21441.55,0,41
3291451,Will Botafogo FR win on 2026-08-13?,sud-cie-bot-2026-08-13-bot,sud-cie-bot-2026-08-13,2026-08-14T00:30:00Z,2026-08-14 04:29:31+00,25053.89,0,41
3291702,Exact Score: Independiente Santa Fe 3 - 3 CA River Plate?,sud-san1-riv-2026-08-12-exact-score-3-3,sud-san1-riv-2026-08-12-exact-score,2026-08-20T00:30:00Z,2026-08-20 04:29:00+00,15712.48,0,185
3292015,Will Rio Ave FC win on 2026-08-15?,por-rio-por-2026-08-15-rio,por-rio-por-2026-08-15,2026-08-15T19:30:00Z,2026-08-15 23:27:43+00,38682.66,0,84
3292019,Will FC Porto win on 2026-08-15?,por-rio-por-2026-08-15-por,por-rio-por-2026-08-15,2026-08-15T19:30:00Z,2026-08-15 23:58:43+00,93026.34,1,84
3292029,Will FK Spartak Moskva win on 2026-08-16?,rus-bal-spa-2026-08-16-spa,rus-bal-spa-2026-08-16,2026-08-16T16:30:00Z,2026-08-16 21:08:42+00,13148.99,1,106
3292893,Will Liverpool FC win on 2026-08-16?,clf-lfc-com-2026-08-16-lfc,clf-lfc-com-2026-08-16,2026-08-16T17:00:00Z,2026-08-17 04:09:40+00,125742.06,1,113
3292894,Will Liverpool FC vs. Como 1907 end in a draw?,clf-lfc-com-2026-08-16-draw,clf-lfc-com-2026-08-16,2026-08-16T17:00:00Z,2026-08-17 03:38:13+00,47780.08,0,112
3292895,Will Como 1907 win on 2026-08-16?,clf-lfc-com-2026-08-16-com,clf-lfc-com-2026-08-16,2026-08-16T17:00:00Z,2026-08-17 03:38:13+00,19314.33,0,112
3293281,Will FC Nordsjælland win on 2026-08-16?,den-nor-sif-2026-08-16-nor,den-nor-sif-2026-08-16,2026-08-16T12:00:00Z,2026-08-16 16:32:13+00,41769.22,1,101
3293285,Will Odense BK win on 2026-08-16?,den-ode-hor-2026-08-16-ode,den-ode-hor-2026-08-16,2026-08-16T12:00:00Z,2026-08-16 15:59:01+00,20917.19,0,100
3293287,Will Odense BK vs. AC Horsens end in a draw?,den-ode-hor-2026-08-16-draw,den-ode-hor-2026-08-16,2026-08-16T12:00:00Z,2026-08-16 15:59:43+00,16493.95,0,100
3293288,Will AC Horsens win on 2026-08-16?,den-ode-hor-2026-08-16-hor,den-ode-hor-2026-08-16,2026-08-16T12:00:00Z,2026-08-16 16:32:43+00,17571.67,1,101
3293290,Will Lyngby BK vs. FC Midtjylland end in a draw?,den-lyn-mid-2026-08-16-draw,den-lyn-mid-2026-08-16,2026-08-16T14:00:00Z,2026-08-16 20:36:30+00,14878.34,1,105
3293292,Will FC Midtjylland win on 2026-08-16?,den-lyn-mid-2026-08-16-mid,den-lyn-mid-2026-08-16,2026-08-16T14:00:00Z,2026-08-16 19:54:43+00,54972.84,0,104
3293296,Will FC København win on 2026-08-16?,den-ran-kob-2026-08-16-kob,den-ran-kob-2026-08-16,2026-08-16T16:00:00Z,2026-08-16 22:28:12+00,146163.73,1,107
3295072,Will Bucheon FC 1995 win on 2026-08-16?,kor-bch-jeo-2026-08-16-bch,kor-bch-jeo-2026-08-16,2026-08-16T10:30:00Z,2026-08-16 15:05:42+00,58453.58,1,100
3295074,Will Jeonbuk Hyundai Motors FC win on 2026-08-16?,kor-bch-jeo-2026-08-16-jeo,kor-bch-jeo-2026-08-16,2026-08-16T10:30:00Z,2026-08-16 14:33:13+00,62261.58,0,99
3295076,Will Ulsan HD FC win on 2026-08-16?,kor-uls-gwo-2026-08-16-uls,kor-uls-gwo-2026-08-16,2026-08-16T10:30:00Z,2026-08-16 14:32:03+00,54998.84,0,99
3295078,Will Ulsan HD FC vs. Gangwon FC end in a draw?,kor-uls-gwo-2026-08-16-draw,kor-uls-gwo-2026-08-16,2026-08-16T10:30:00Z,2026-08-16 14:32:33+00,15562.15,0,99
3295079,Will Gangwon FC win on 2026-08-16?,kor-uls-gwo-2026-08-16-gwo,kor-uls-gwo-2026-08-16,2026-08-16T10:30:00Z,2026-08-16 15:27:31+00,12825.58,1,100
3295080,Will Incheon United FC win on 2026-08-16?,kor-inc-san-2026-08-16-inc,kor-inc-san-2026-08-16,2026-08-16T10:30:00Z,2026-08-16 14:30:16+00,150928.99,0,99
3295082,Will Incheon United FC vs. Gimcheon Sangmu FC end in a draw?,kor-inc-san-2026-08-16-draw,kor-inc-san-2026-08-16,2026-08-16T10:30:00Z,2026-08-16 15:03:12+00,15953.44,1,100
3295083,Will Gimcheon Sangmu FC win on 2026-08-16?,kor-inc-san-2026-08-16-san,kor-inc-san-2026-08-16,2026-08-16T10:30:00Z,2026-08-16 14:31:33+00,20021.69,0,99
3295098,Exact Score: Bucheon FC 1995 2 - 0 Jeonbuk Hyundai Motors FC?,kor-bch-jeo-2026-08-16-exact-score-2-0,kor-bch-jeo-2026-08-16-exact-score,2026-08-16T10:30:00Z,2026-08-16 14:33:43+00,11352.25,0,99
3295123,Exact Score: Ulsan HD FC 1 - 1 Gangwon FC?,kor-uls-gwo-2026-08-16-exact-score-1-1,kor-uls-gwo-2026-08-16-exact-score,2026-08-16T10:30:00Z,2026-08-16 14:32:33+00,10485.28,0,99
3295200,Will Yokohama FC win on 2026-08-16?,ja2-yok-jub-2026-08-16-yok,ja2-yok-jub-2026-08-16,2026-08-16T09:00:00Z,2026-08-16 13:42:42+00,34662.32,1,98
3295203,Will Júbilo Iwata win on 2026-08-16?,ja2-yok-jub-2026-08-16-jub,ja2-yok-jub-2026-08-16,2026-08-16T09:00:00Z,2026-08-16 13:04:42+00,11326.26,0,98
3295211,Will Sagan Tosu win on 2026-08-16?,ja2-tok-sag-2026-08-16-sag,ja2-tok-sag-2026-08-16,2026-08-16T10:00:00Z,2026-08-16 14:01:42+00,18949.54,0,99
3295683,Yokohama FC vs. Júbilo Iwata: O/U 2.5,ja2-yok-jub-2026-08-16-total-2pt5,ja2-yok-jub-2026-08-16-more-markets,2026-08-16T09:00:00Z,2026-08-16 13:03:48+00,15285.55,1,98
3295690,Yokohama FC vs. Júbilo Iwata: 1st Half O/U 1.5,ja2-yok-jub-2026-08-16-first-half-total-1pt5,ja2-yok-jub-2026-08-16-more-markets,2026-08-16T09:00:00Z,2026-08-16 13:03:33+00,13527.72,0,98
3296269,Spread: Liverpool FC (-1.5),clf-lfc-com-2026-08-16-spread-home-1pt5,clf-lfc-com-2026-08-16-more-markets,2026-08-16T17:00:00Z,2026-08-17 03:42:58+00,25222.01,1,112
3296271,Spread: Liverpool FC (-2.5),clf-lfc-com-2026-08-16-spread-home-2pt5,clf-lfc-com-2026-08-16-more-markets,2026-08-16T17:00:00Z,2026-08-17 03:42:58+00,11031.67,0,112
3296275,Liverpool FC vs. Como 1907: O/U 2.5,clf-lfc-com-2026-08-16-total-2pt5,clf-lfc-com-2026-08-16-more-markets,2026-08-16T17:00:00Z,2026-08-17 03:39:57+00,17730.69,0,112
3296276,Liverpool FC vs. Como 1907: O/U 3.5,clf-lfc-com-2026-08-16-total-3pt5,clf-lfc-com-2026-08-16-more-markets,2026-08-16T17:00:00Z,2026-08-17 03:39:57+00,12789.77,0,112
3298290,Will Watford FC win on 2026-08-16?,elc-wat-sot-2026-08-16-wat,elc-wat-sot-2026-08-16,2026-08-16T12:30:00Z,2026-08-16 17:16:00+00,75899.49,1,102
3298293,Will SG Dynamo Dresden win on 2026-08-16?,bl2-dyn-svd-2026-08-16-dyn,bl2-dyn-svd-2026-08-16,2026-08-16T11:30:00Z,2026-08-16 15:56:13+00,19838.16,1,100
3298294,Will Watford FC vs. Southampton FC end in a draw?,elc-wat-sot-2026-08-16-draw,elc-wat-sot-2026-08-16,2026-08-16T12:30:00Z,2026-08-16 16:32:13+00,17146.96,0,101
3298298,Will Southampton FC win on 2026-08-16?,elc-wat-sot-2026-08-16-sot,elc-wat-sot-2026-08-16,2026-08-16T12:30:00Z,2026-08-16 16:32:13+00,87708.2,0,101
3298304,Will SV Darmstadt 98 win on 2026-08-16?,bl2-dyn-svd-2026-08-16-svd,bl2-dyn-svd-2026-08-16,2026-08-16T11:30:00Z,2026-08-16 15:22:43+00,12761.01,0,100
3298325,Will Hannover 96 win on 2026-08-16?,bl2-h96-wob-2026-08-16-h96,bl2-h96-wob-2026-08-16,2026-08-16T11:30:00Z,2026-08-16 15:26:31+00,87825.35,0,100
3298326,Will Burnley FC win on 2026-08-16?,elc-bur-whu-2026-08-16-bur,elc-bur-whu-2026-08-16,2026-08-16T15:00:00Z,2026-08-16 19:00:31+00,36608.08,0,104
3298328,Will Hannover 96 vs. VfL Wolfsburg end in a draw?,bl2-h96-wob-2026-08-16-draw,bl2-h96-wob-2026-08-16,2026-08-16T11:30:00Z,2026-08-16 15:26:31+00,13960.28,0,100
3298330,Will Burnley FC vs. West Ham United FC end in a draw?,elc-bur-whu-2026-08-16-draw,elc-bur-whu-2026-08-16,2026-08-16T15:00:00Z,2026-08-16 19:33:12+00,22584.29,1,104
3298331,Will VfL Wolfsburg win on 2026-08-16?,bl2-h96-wob-2026-08-16-wob,bl2-h96-wob-2026-08-16,2026-08-16T11:30:00Z,2026-08-16 16:03:40+00,52004.55,1,101
3298333,Will West Ham United FC win on 2026-08-16?,elc-bur-whu-2026-08-16-whu,elc-bur-whu-2026-08-16,2026-08-16T15:00:00Z,2026-08-16 19:00:01+00,208323.61,0,104
3298345,Will DSC Arminia Bielefeld win on 2026-08-16?,bl2-bie-fce-2026-08-16-bie,bl2-bie-fce-2026-08-16,2026-08-16T11:30:00Z,2026-08-16 16:01:42+00,93714.87,1,101
3298354,Will FC Energie Cottbus win on 2026-08-16?,bl2-bie-fce-2026-08-16-fce,bl2-bie-fce-2026-08-16,2026-08-16T11:30:00Z,2026-08-16 15:29:13+00,54023.01,0,100
3298404,Chicago Sky vs. Seattle Storm,wnba-chi-sea-2026-08-16,wnba-chi-sea-2026-08-16,2026-08-16T21:00:00Z,2026-08-16 23:41:30+00,161440.83,1,108
3298438,Portland Fire vs. Phoenix Mercury,wnba-por-phx-2026-08-16,wnba-por-phx-2026-08-16,2026-08-16T23:00:00Z,2026-08-17 01:53:03+00,270439.67,1,110
3298452,Indiana Fever vs. Atlanta Dream,wnba-ind-atl-2026-08-16,wnba-ind-atl-2026-08-16,2026-08-16T21:00:00Z,2026-08-17 00:05:43+00,614695.41,1,109
3298508,Exact Score: Burnley FC 1 - 0 West Ham United FC?,elc-bur-whu-2026-08-16-exact-score-1-0,elc-bur-whu-2026-08-16-exact-score,2026-08-16T15:00:00Z,2026-08-16 19:00:01+00,12477.92,0,104
3300145,Will Real Racing Club win on 2026-08-16?,lal-rrc-vil-2026-08-16-rrc,lal-rrc-vil-2026-08-16,2026-08-16T15:00:00Z,2026-08-16 17:16:31+00,336585.86,0,102
3300146,Will SD Eibar win on 2026-08-16?,es2-eib-cdt-2026-08-16-eib,es2-eib-cdt-2026-08-16,2026-08-16T15:00:00Z,2026-08-16 19:03:01+00,21954.35,0,104
3300147,Will Real Racing Club vs. Villarreal CF end in a draw?,lal-rrc-vil-2026-08-16-draw,lal-rrc-vil-2026-08-16,2026-08-16T15:00:00Z,2026-08-16 17:20:42+00,354476.48,1,102
3300149,Will Villarreal CF win on 2026-08-16?,lal-rrc-vil-2026-08-16-vil,lal-rrc-vil-2026-08-16,2026-08-16T15:00:00Z,2026-08-16 17:17:12+00,2056731.68,0,102
3300150,Will CD Tenerife win on 2026-08-16?,es2-eib-cdt-2026-08-16-cdt,es2-eib-cdt-2026-08-16,2026-08-16T15:00:00Z,2026-08-16 19:39:15+00,10351.49,1,104
3300152,Will RCD Espanyol de Barcelona win on 2026-08-16?,lal-esp-lev-2026-08-16-esp,lal-esp-lev-2026-08-16,2026-08-16T17:00:00Z,2026-08-16 19:30:42+00,793919.42,1,104
3300153,Will RCD Espanyol de Barcelona vs. Levante UD end in a draw?,lal-esp-lev-2026-08-16-draw,lal-esp-lev-2026-08-16,2026-08-16T17:00:00Z,2026-08-16 19:21:43+00,78580.56,0,104
3300154,Will Levante UD win on 2026-08-16?,lal-esp-lev-2026-08-16-lev,lal-esp-lev-2026-08-16,2026-08-16T17:00:00Z,2026-08-16 19:21:43+00,117144.35,0,104
3300156,Will Girona FC win on 2026-08-16?,es2-gir-leg-2026-08-16-gir,es2-gir-leg-2026-08-16,2026-08-16T17:00:00Z,2026-08-16 21:02:43+00,27228.43,0,106
3300158,Will CD Leganés win on 2026-08-16?,es2-gir-leg-2026-08-16-leg,es2-gir-leg-2026-08-16,2026-08-16T17:00:00Z,2026-08-16 21:02:43+00,13945.39,0,106
3300160,Will RC Celta de Vigo win on 2026-08-16?,lal-cel-osa-2026-08-16-cel,lal-cel-osa-2026-08-16,2026-08-27T18:30:00Z,2026-08-27 20:49:13+00,1190227.03,0,369
3300161,Will RC Celta de Vigo vs. CA Osasuna end in a draw?,lal-cel-osa-2026-08-16-draw,lal-cel-osa-2026-08-16,2026-08-27T18:30:00Z,2026-08-27 20:49:13+00,250146.9,0,368
3300162,Will CA Osasuna win on 2026-08-16?,lal-cel-osa-2026-08-16-osa,lal-cel-osa-2026-08-16,2026-08-27T18:30:00Z,2026-08-27 21:10:40+00,341750.75,1,370
3300164,Will Burgos CF win on 2026-08-16?,es2-bur-cor-2026-08-16-bur,es2-bur-cor-2026-08-16,2026-08-16T17:00:00Z,2026-08-16 21:45:43+00,20639.86,1,106
3300176,Real Racing Club leading at halftime?,lal-rrc-vil-2026-08-16-halftime-result-home,lal-rrc-vil-2026-08-16-halftime-result,2026-08-16T15:00:00Z,2026-08-16 17:16:31+00,10834.32,0,102
3300177,Will UD Las Palmas win on 2026-08-16?,es2-lpm-alb-2026-08-16-lpm,es2-lpm-alb-2026-08-16,2026-08-16T19:30:00Z,2026-08-17 00:12:31+00,52059.23,1,109
3300179,Spread: Feyenoord Rotterdam (-1.5),ere-fey-goa-2026-08-16-spread-home-1pt5,ere-fey-goa-2026-08-16-more-markets,2026-08-16T12:30:00Z,2026-08-16 16:24:18+00,95234.58,0,101
3300184,Will UD Las Palmas vs. Albacete Balompié end in a draw?,es2-lpm-alb-2026-08-16-draw,es2-lpm-alb-2026-08-16,2026-08-16T19:30:00Z,2026-08-16 23:31:01+00,10326.86,0,108
3300186,Spread: Feyenoord Rotterdam (-2.5),ere-fey-goa-2026-08-16-spread-home-2pt5,ere-fey-goa-2026-08-16-more-markets,2026-08-16T12:30:00Z,2026-08-16 16:24:30+00,24809.85,0,101
3300188,Will Albacete Balompié win on 2026-08-16?,es2-lpm-alb-2026-08-16-alb,es2-lpm-alb-2026-08-16,2026-08-16T19:30:00Z,2026-08-16 23:31:01+00,36043.79,0,108
3300191,Feyenoord Rotterdam vs. Go Ahead Eagles: O/U 0.5,ere-fey-goa-2026-08-16-total-0pt5,ere-fey-goa-2026-08-16-more-markets,2026-08-16T12:30:00Z,2026-08-16 16:24:18+00,22939.09,1,101
3300200,Feyenoord Rotterdam vs. Go Ahead Eagles: O/U 3.5,ere-fey-goa-2026-08-16-total-3pt5,ere-fey-goa-2026-08-16-more-markets,2026-08-16T12:30:00Z,2026-08-16 16:24:30+00,24827.02,1,101
3300202,Feyenoord Rotterdam vs. Go Ahead Eagles: O/U 4.5,ere-fey-goa-2026-08-16-total-4pt5,ere-fey-goa-2026-08-16-more-markets,2026-08-16T12:30:00Z,2026-08-16 16:24:33+00,14845.44,0,101
3300204,Exact Score: Real Racing Club 0 - 0 Villarreal CF?,lal-rrc-vil-2026-08-16-exact-score-0-0,lal-rrc-vil-2026-08-16-exact-score,2026-08-16T15:00:00Z,2026-08-16 17:16:00+00,229831.65,0,102
3300218,Exact Score: Real Racing Club 1 - 2 Villarreal CF?,lal-rrc-vil-2026-08-16-exact-score-1-2,lal-rrc-vil-2026-08-16-exact-score,2026-08-16T15:00:00Z,2026-08-16 17:16:00+00,14177.3,0,102
3300227,Exact Score: Real Racing Club 2 - 2 Villarreal CF?,lal-rrc-vil-2026-08-16-exact-score-2-2,lal-rrc-vil-2026-08-16-exact-score,2026-08-16T15:00:00Z,2026-08-16 17:23:40+00,16467.27,1,102
3300231,Exact Score: Real Racing Club 2 - 3 Villarreal CF?,lal-rrc-vil-2026-08-16-exact-score-2-3,lal-rrc-vil-2026-08-16-exact-score,2026-08-16T15:00:00Z,2026-08-16 17:16:31+00,15937.11,0,102
3300233,Exact Score: Real Racing Club 3 - 2 Villarreal CF?,lal-rrc-vil-2026-08-16-exact-score-3-2,lal-rrc-vil-2026-08-16-exact-score,2026-08-16T15:00:00Z,2026-08-16 17:17:42+00,14025.76,0,102
3300235,Exact Score: Real Racing Club 3 - 3 Villarreal CF?,lal-rrc-vil-2026-08-16-exact-score-3-3,lal-rrc-vil-2026-08-16-exact-score,2026-08-16T15:00:00Z,2026-08-16 17:16:31+00,24808.61,0,102
3300305,Exact Score: RCD Espanyol de Barcelona 0 - 0 Levante UD?,lal-esp-lev-2026-08-16-exact-score-0-0,lal-esp-lev-2026-08-16-exact-score,2026-08-16T17:00:00Z,2026-08-16 19:21:01+00,203136.17,0,104
3300306,Exact Score: RCD Espanyol de Barcelona 0 - 1 Levante UD?,lal-esp-lev-2026-08-16-exact-score-0-1,lal-esp-lev-2026-08-16-exact-score,2026-08-16T17:00:00Z,2026-08-16 19:21:01+00,16060.0,0,104
3300308,Exact Score: RCD Espanyol de Barcelona 1 - 0 Levante UD?,lal-esp-lev-2026-08-16-exact-score-1-0,lal-esp-lev-2026-08-16-exact-score,2026-08-16T17:00:00Z,2026-08-16 19:21:01+00,27607.96,0,104
3300309,Spread: FC Twente (-1.5),ere-twe-zwo-2026-08-16-spread-home-1pt5,ere-twe-zwo-2026-08-16-more-markets,2026-08-16T12:30:00Z,2026-08-16 16:25:15+00,29594.19,1,101
3300312,Exact Score: RCD Espanyol de Barcelona 1 - 1 Levante UD?,lal-esp-lev-2026-08-16-exact-score-1-1,lal-esp-lev-2026-08-16-exact-score,2026-08-16T17:00:00Z,2026-08-16 19:21:43+00,19922.18,0,104
3300337,Exact Score: RCD Espanyol de Barcelona 3 - 3 Levante UD?,lal-esp-lev-2026-08-16-exact-score-3-3,lal-esp-lev-2026-08-16-exact-score,2026-08-16T17:00:00Z,2026-08-16 19:21:01+00,120470.62,0,104
3300341,FC Twente vs. PEC Zwolle: O/U 3.5,ere-twe-zwo-2026-08-16-total-3pt5,ere-twe-zwo-2026-08-16-more-markets,2026-08-16T12:30:00Z,2026-08-16 16:25:00+00,27544.13,1,101
3300455,ADO Den Haag vs. FC Groningen: O/U 2.5,ere-ado-gro-2026-08-16-total-2pt5,ere-ado-gro-2026-08-16-more-markets,2026-08-16T10:15:00Z,2026-08-16 14:11:30+00,50621.94,1,99
3300458,ADO Den Haag vs. FC Groningen: O/U 3.5,ere-ado-gro-2026-08-16-total-3pt5,ere-ado-gro-2026-08-16-more-markets,2026-08-16T10:15:00Z,2026-08-16 14:11:15+00,15206.76,1,99
3300460,ADO Den Haag vs. FC Groningen: O/U 4.5,ere-ado-gro-2026-08-16-total-4pt5,ere-ado-gro-2026-08-16-more-markets,2026-08-16T10:15:00Z,2026-08-16 14:11:15+00,67386.38,1,99
3300463,ADO Den Haag vs. FC Groningen: O/U 5.5,ere-ado-gro-2026-08-16-total-5pt5,ere-ado-gro-2026-08-16-more-markets,2026-08-16T10:15:00Z,2026-08-16 14:11:15+00,17405.91,0,99
3300466,ADO Den Haag vs. FC Groningen: Both Teams to Score,ere-ado-gro-2026-08-16-btts,ere-ado-gro-2026-08-16-more-markets,2026-08-16T10:15:00Z,2026-08-16 14:11:30+00,16096.97,1,99
3300479,ADO Den Haag vs. FC Groningen: 1st Half O/U 2.5,ere-ado-gro-2026-08-16-first-half-total-2pt5,ere-ado-gro-2026-08-16-more-markets,2026-08-16T10:15:00Z,2026-08-16 14:11:33+00,17392.35,1,99
3300562,Fortuna Sittard vs. SC Cambuur-Leeuwarden: O/U 3.5,ere-sit-cam-2026-08-15-total-3pt5,ere-sit-cam-2026-08-15-more-markets,2026-08-15T19:00:00Z,2026-08-15 22:57:43+00,101423.05,1,83
3300639,SBV Excelsior vs. PSV: O/U 3.5,ere-exc-psv-2026-08-15-total-3pt5,ere-exc-psv-2026-08-15-more-markets,2026-08-15T18:00:00Z,2026-08-15 21:54:15+00,36167.43,0,82
3300642,SBV Excelsior vs. PSV: O/U 4.5,ere-exc-psv-2026-08-15-total-4pt5,ere-exc-psv-2026-08-15-more-markets,2026-08-15T18:00:00Z,2026-08-15 21:54:15+00,11033.0,0,82
3300645,SBV Excelsior vs. PSV: Both Teams to Score,ere-exc-psv-2026-08-15-btts,ere-exc-psv-2026-08-15-more-markets,2026-08-15T18:00:00Z,2026-08-15 21:54:15+00,11075.97,1,82
3300704,FC Utrecht vs. AZ: O/U 0.5,ere-utr-az-2026-08-15-total-0pt5,ere-utr-az-2026-08-15-more-markets,2026-08-15T16:45:00Z,2026-08-15 20:41:58+00,10678.32,1,81
3300706,FC Utrecht vs. AZ: O/U 1.5,ere-utr-az-2026-08-15-total-1pt5,ere-utr-az-2026-08-15-more-markets,2026-08-15T16:45:00Z,2026-08-15 20:41:58+00,15495.05,1,81
3300710,FC Utrecht vs. AZ: O/U 3.5,ere-utr-az-2026-08-15-total-3pt5,ere-utr-az-2026-08-15-more-markets,2026-08-15T16:45:00Z,2026-08-15 20:41:58+00,15683.96,1,81
3300712,FC Utrecht vs. AZ: O/U 4.5,ere-utr-az-2026-08-15-total-4pt5,ere-utr-az-2026-08-15-more-markets,2026-08-15T16:45:00Z,2026-08-15 20:41:58+00,16911.8,1,81
3303142,Torino FC vs. Carrarese Calcio: O/U 1.5,itc-tor-car1-2026-08-15-total-1pt5,itc-tor-car1-2026-08-15-more-markets,2026-08-15T19:15:00Z,2026-08-15 23:14:03+00,17091.29,0,84
3303217,Spread: Udinese Calcio (-1.5),itc-udi-pad-2026-08-15-spread-home-1pt5,itc-udi-pad-2026-08-15-more-markets,2026-08-15T16:30:00Z,2026-08-15 20:28:15+00,10167.88,0,81
3303222,Udinese Calcio vs. Calcio Padova: O/U 1.5,itc-udi-pad-2026-08-15-total-1pt5,itc-udi-pad-2026-08-15-more-markets,2026-08-15T16:30:00Z,2026-08-15 20:28:15+00,15352.08,0,81
3303264,US Catanzaro 1929 vs. FC Südtirol: O/U 1.5,itc-cat1-sud-2026-08-15-total-1pt5,itc-cat1-sud-2026-08-15-more-markets,2026-08-15T16:00:00Z,2026-08-15 20:18:43+00,15353.54,1,81
3303595,Will CF Montréal win on 2026-08-15?,mls-mim-dcu-2026-08-15-mim,mls-mim-dcu-2026-08-15,2026-08-15T23:30:00Z,2026-08-16 01:51:01+00,943686.3,0,86
3303605,Will CF Montréal vs. D.C. United SC end in a draw?,mls-mim-dcu-2026-08-15-draw,mls-mim-dcu-2026-08-15,2026-08-15T23:30:00Z,2026-08-16 01:58:31+00,24404.0,1,86
3303613,Will D.C. United SC win on 2026-08-15?,mls-mim-dcu-2026-08-15-dcu,mls-mim-dcu-2026-08-15,2026-08-15T23:30:00Z,2026-08-16 01:51:01+00,20645.84,0,86
3303693,Will Charlotte FC win on 2026-08-15?,mls-clt-clb-2026-08-15-clt,mls-clt-clb-2026-08-15,2026-08-15T23:30:00Z,2026-08-16 02:36:42+00,377688.79,1,87
3303699,Will Charlotte FC vs. Columbus Crew end in a draw?,mls-clt-clb-2026-08-15-draw,mls-clt-clb-2026-08-15,2026-08-15T23:30:00Z,2026-08-16 01:59:43+00,13636.91,0,86
3303704,Will Columbus Crew win on 2026-08-15?,mls-clt-clb-2026-08-15-clb,mls-clt-clb-2026-08-15,2026-08-15T23:30:00Z,2026-08-16 01:59:43+00,43670.25,0,86
3303792,Will Toronto FC win on 2026-08-15?,mls-tor-ner-2026-08-15-tor,mls-tor-ner-2026-08-15,2026-08-15T23:30:00Z,2026-08-16 02:26:43+00,56120.11,1,87
3303810,Will Toronto FC vs. New England Revolution end in a draw?,mls-tor-ner-2026-08-15-draw,mls-tor-ner-2026-08-15,2026-08-15T23:30:00Z,2026-08-16 01:55:00+00,52556.9,0,86
3303827,KFUM-Kameratene Oslo vs. Lillestrøm SK: O/U 1.5,nor-kfu-lil-2026-08-15-total-1pt5,nor-kfu-lil-2026-08-15-more-markets,2026-08-15T14:00:00Z,2026-08-15 18:02:48+00,25833.27,1,79
3303832,Will New England Revolution win on 2026-08-15?,mls-tor-ner-2026-08-15-ner,mls-tor-ner-2026-08-15,2026-08-15T23:30:00Z,2026-08-16 01:55:00+00,47241.63,0,86
3303853,KFUM-Kameratene Oslo vs. Lillestrøm SK: O/U 2.5,nor-kfu-lil-2026-08-15-total-2pt5,nor-kfu-lil-2026-08-15-more-markets,2026-08-15T14:00:00Z,2026-08-15 18:03:00+00,11498.01,0,79
3303917,KFUM-Kameratene Oslo vs. Lillestrøm SK: Both Teams to Score,nor-kfu-lil-2026-08-15-btts,nor-kfu-lil-2026-08-15-more-markets,2026-08-15T14:00:00Z,2026-08-15 18:03:01+00,15175.41,1,79
3303951,Yunnan Yukun FC vs. Dalian Yingbo FC: O/U 2.5,chi-yun-ygb-2026-08-15-total-2pt5,chi-yun-ygb-2026-08-15-more-markets,2026-08-15T12:00:00Z,2026-08-15 16:03:18+00,16143.36,1,77
3303955,Yunnan Yukun FC vs. Dalian Yingbo FC: O/U 3.5,chi-yun-ygb-2026-08-15-total-3pt5,chi-yun-ygb-2026-08-15-more-markets,2026-08-15T12:00:00Z,2026-08-15 16:03:43+00,62038.99,1,77
3303965,Yunnan Yukun FC vs. Dalian Yingbo FC: O/U 4.5,chi-yun-ygb-2026-08-15-total-4pt5,chi-yun-ygb-2026-08-15-more-markets,2026-08-15T12:00:00Z,2026-08-15 16:03:43+00,11814.26,0,77
3303987,Will Atlanta United FC win on 2026-08-15?,mls-atl-nyr-2026-08-15-atl,mls-atl-nyr-2026-08-15,2026-08-15T23:30:00Z,2026-08-16 02:02:30+00,37551.73,1,87
3303993,Yunnan Yukun FC vs. Dalian Yingbo FC: Both Teams to Score,chi-yun-ygb-2026-08-15-btts,chi-yun-ygb-2026-08-15-more-markets,2026-08-15T12:00:00Z,2026-08-15 16:03:33+00,10832.44,1,77
3304014,Will Atlanta United FC vs. New York Red Bulls end in a draw?,mls-atl-nyr-2026-08-15-draw,mls-atl-nyr-2026-08-15,2026-08-15T23:30:00Z,2026-08-16 01:56:01+00,11966.53,0,86
3304043,Will New York Red Bulls win on 2026-08-15?,mls-atl-nyr-2026-08-15-nyr,mls-atl-nyr-2026-08-15,2026-08-15T23:30:00Z,2026-08-16 01:56:01+00,37206.65,0,86
3304197,Will Orlando City SC win on 2026-08-15?,mls-orl-fcc-2026-08-15-orl,mls-orl-fcc-2026-08-15,2026-08-15T23:30:00Z,2026-08-16 01:57:15+00,68029.72,0,86
3304216,Will Orlando City SC vs. FC Cincinnati end in a draw?,mls-orl-fcc-2026-08-15-draw,mls-orl-fcc-2026-08-15,2026-08-15T23:30:00Z,2026-08-16 02:03:43+00,20404.65,1,87
3304234,Will FC Cincinnati win on 2026-08-15?,mls-orl-fcc-2026-08-15-fcc,mls-orl-fcc-2026-08-15,2026-08-15T23:30:00Z,2026-08-16 01:57:15+00,53461.06,0,86
3304346,Will Nashville SC win on 2026-08-15?,mls-nas-mia-2026-08-15-nas,mls-nas-mia-2026-08-15,2026-08-16T00:30:00Z,2026-08-16 03:12:13+00,108919.3,1,88
3304358,Will Nashville SC vs. Inter Miami CF end in a draw?,mls-nas-mia-2026-08-15-draw,mls-nas-mia-2026-08-15,2026-08-16T00:30:00Z,2026-08-16 03:08:43+00,22681.83,0,88
3304370,Will Inter Miami CF win on 2026-08-15?,mls-nas-mia-2026-08-15-mia,mls-nas-mia-2026-08-15,2026-08-16T00:30:00Z,2026-08-16 03:08:43+00,180116.74,0,88
3304401,Shanghai Shenhua FC vs. Henan FC: O/U 2.5,chi-sgr-hen-2026-08-15-total-2pt5,chi-sgr-hen-2026-08-15-more-markets,2026-08-15T12:00:00Z,2026-08-15 15:55:45+00,15339.52,1,76
3304416,Shanghai Shenhua FC vs. Henan FC: O/U 3.5,chi-sgr-hen-2026-08-15-total-3pt5,chi-sgr-hen-2026-08-15-more-markets,2026-08-15T12:00:00Z,2026-08-15 15:55:45+00,43840.92,1,76
3304438,Shanghai Shenhua FC vs. Henan FC: O/U 4.5,chi-sgr-hen-2026-08-15-total-4pt5,chi-sgr-hen-2026-08-15-more-markets,2026-08-15T12:00:00Z,2026-08-15 15:55:45+00,23816.65,1,76
3304471,Shanghai Shenhua FC vs. Henan FC: O/U 5.5,chi-sgr-hen-2026-08-15-total-5pt5,chi-sgr-hen-2026-08-15-more-markets,2026-08-15T12:00:00Z,2026-08-15 15:55:33+00,18789.82,0,76
3304490,Shanghai Shenhua FC vs. Henan FC: Both Teams to Score,chi-sgr-hen-2026-08-15-btts,chi-sgr-hen-2026-08-15-more-markets,2026-08-15T12:00:00Z,2026-08-15 15:55:45+00,10090.56,1,76
3304498,Will Houston Dynamo win on 2026-08-15?,mls-hou-lag-2026-08-15-hou,mls-hou-lag-2026-08-15,2026-08-16T00:30:00Z,2026-08-16 03:13:13+00,440360.66,1,88
3304507,Will Houston Dynamo vs. Los Angeles Galaxy end in a draw?,mls-hou-lag-2026-08-15-draw,mls-hou-lag-2026-08-15,2026-08-16T00:30:00Z,2026-08-16 03:08:01+00,23292.68,0,88
3304517,Will Los Angeles Galaxy win on 2026-08-15?,mls-hou-lag-2026-08-15-lag,mls-hou-lag-2026-08-15,2026-08-16T00:30:00Z,2026-08-16 03:07:01+00,42505.65,0,88
3304655,Will Real Salt Lake win on 2026-08-15?,mls-rsl-min-2026-08-15-rsl,mls-rsl-min-2026-08-15,2026-08-16T01:30:00Z,2026-08-16 03:51:12+00,85230.67,0,88
3304682,Will Real Salt Lake vs. Minnesota United FC end in a draw?,mls-rsl-min-2026-08-15-draw,mls-rsl-min-2026-08-15,2026-08-16T01:30:00Z,2026-08-16 04:17:42+00,41288.7,1,89
3304704,Will Minnesota United FC win on 2026-08-15?,mls-rsl-min-2026-08-15-min,mls-rsl-min-2026-08-15,2026-08-16T01:30:00Z,2026-08-16 03:51:12+00,33341.04,0,88
3304824,Will Colorado Rapids SC win on 2026-08-15?,mls-col-skc-2026-08-15-col,mls-col-skc-2026-08-15,2026-08-16T01:30:00Z,2026-08-16 04:17:42+00,62918.11,1,89
3304831,Will Sporting Kansas City win on 2026-08-15?,mls-col-skc-2026-08-15-skc,mls-col-skc-2026-08-15,2026-08-16T01:30:00Z,2026-08-16 03:53:43+00,14784.86,0,88
3304918,Will San Jose Earthquakes win on 2026-08-15?,mls-sje-stl-2026-08-15-sje,mls-sje-stl-2026-08-15,2026-08-16T02:30:00Z,2026-08-16 04:49:31+00,47359.35,0,89
3304925,Will San Jose Earthquakes vs. St. Louis City SC end in a draw?,mls-sje-stl-2026-08-15-draw,mls-sje-stl-2026-08-15,2026-08-16T02:30:00Z,2026-08-16 04:49:31+00,25391.53,0,89
3304934,Will St. Louis City SC win on 2026-08-15?,mls-sje-stl-2026-08-15-stl,mls-sje-stl-2026-08-15,2026-08-16T02:30:00Z,2026-08-16 04:55:42+00,66993.77,1,89
3304943,Tianjin Jinmen Hu FC vs. Beijing Guoan FC: O/U 2.5,chi-jin-bgu-2026-08-15-total-2pt5,chi-jin-bgu-2026-08-15-more-markets,2026-08-15T11:35:00Z,2026-08-15 15:34:52+00,38824.53,1,76
3304950,Tianjin Jinmen Hu FC vs. Beijing Guoan FC: O/U 3.5,chi-jin-bgu-2026-08-15-total-3pt5,chi-jin-bgu-2026-08-15-more-markets,2026-08-15T11:35:00Z,2026-08-15 15:34:45+00,29756.78,1,76
3305020,Tianjin Jinmen Hu FC vs. Beijing Guoan FC: Both Teams to Score,chi-jin-bgu-2026-08-15-btts,chi-jin-bgu-2026-08-15-more-markets,2026-08-15T11:35:00Z,2026-08-15 15:34:45+00,30564.05,1,76
3305046,Will Los Angeles FC win on 2026-08-15?,mls-laf-sdg-2026-08-15-laf,mls-laf-sdg-2026-08-15,2026-08-16T02:30:00Z,2026-08-16 04:53:43+00,90215.91,0,89
3305057,Will Los Angeles FC vs. San Diego FC end in a draw?,mls-laf-sdg-2026-08-15-draw,mls-laf-sdg-2026-08-15,2026-08-16T02:30:00Z,2026-08-16 04:53:43+00,19712.59,0,89
3305064,Will San Diego FC win on 2026-08-15?,mls-laf-sdg-2026-08-15-sdg,mls-laf-sdg-2026-08-15,2026-08-16T02:30:00Z,2026-08-16 10:58:43+00,235756.26,1,95
3305126,Will New York City FC win on 2026-08-16?,mls-nyc-phi-2026-08-16-nyc,mls-nyc-phi-2026-08-16,2026-08-16T22:00:00Z,2026-08-17 00:30:13+00,276114.55,0,109
3305129,Will New York City FC vs. Philadelphia Union end in a draw?,mls-nyc-phi-2026-08-16-draw,mls-nyc-phi-2026-08-16,2026-08-16T22:00:00Z,2026-08-17 00:30:13+00,38862.85,0,109
3305131,Will Philadelphia Union win on 2026-08-16?,mls-nyc-phi-2026-08-16-phi,mls-nyc-phi-2026-08-16,2026-08-16T22:00:00Z,2026-08-17 00:50:40+00,571632.03,1,109
3305245,Will Chicago Fire FC win on 2026-08-16?,mls-chi-por-2026-08-16-chi,mls-chi-por-2026-08-16,2026-08-16T22:00:00Z,2026-08-17 00:28:10+00,92972.26,1,109
3305261,Will Chicago Fire FC vs. Portland Timbers end in a draw?,mls-chi-por-2026-08-16-draw,mls-chi-por-2026-08-16,2026-08-16T22:00:00Z,2026-08-17 00:22:31+00,20248.98,0,109
3305296,Will Portland Timbers win on 2026-08-16?,mls-chi-por-2026-08-16-por,mls-chi-por-2026-08-16,2026-08-16T22:00:00Z,2026-08-17 00:22:31+00,64744.78,0,109
3305422,Spread: Chengdu Rongcheng FC (-1.5),chi-zhe-ron-2026-08-15-spread-away-1pt5,chi-zhe-ron-2026-08-15-more-markets,2026-08-15T11:35:00Z,2026-08-15 15:46:45+00,11643.17,0,76
3305423,Will Austin FC win on 2026-08-16?,mls-aus-dal-2026-08-16-aus,mls-aus-dal-2026-08-16,2026-08-17T00:30:00Z,2026-08-17 03:01:31+00,16998.67,0,112
3305429,Will Austin FC vs. FC Dallas end in a draw?,mls-aus-dal-2026-08-16-draw,mls-aus-dal-2026-08-16,2026-08-17T00:30:00Z,2026-08-17 03:01:31+00,27520.32,0,112
3305436,Will FC Dallas win on 2026-08-16?,mls-aus-dal-2026-08-16-dal,mls-aus-dal-2026-08-16,2026-08-17T00:30:00Z,2026-08-17 03:05:00+00,114843.69,1,112
3305442,Zhejiang Zhiye FC vs. Chengdu Rongcheng FC: O/U 0.5,chi-zhe-ron-2026-08-15-total-0pt5,chi-zhe-ron-2026-08-15-more-markets,2026-08-15T11:35:00Z,2026-08-15 15:46:45+00,13258.56,1,76
3305448,Zhejiang Zhiye FC vs. Chengdu Rongcheng FC: O/U 1.5,chi-zhe-ron-2026-08-15-total-1pt5,chi-zhe-ron-2026-08-15-more-markets,2026-08-15T11:35:00Z,2026-08-15 15:46:45+00,10846.28,1,76
3305468,Zhejiang Zhiye FC vs. Chengdu Rongcheng FC: O/U 2.5,chi-zhe-ron-2026-08-15-total-2pt5,chi-zhe-ron-2026-08-15-more-markets,2026-08-15T11:35:00Z,2026-08-15 15:46:45+00,14517.51,1,76
3305485,Zhejiang Zhiye FC vs. Chengdu Rongcheng FC: O/U 3.5,chi-zhe-ron-2026-08-15-total-3pt5,chi-zhe-ron-2026-08-15-more-markets,2026-08-15T11:35:00Z,2026-08-15 15:46:45+00,48851.18,1,76
3305506,Zhejiang Zhiye FC vs. Chengdu Rongcheng FC: O/U 4.5,chi-zhe-ron-2026-08-15-total-4pt5,chi-zhe-ron-2026-08-15-more-markets,2026-08-15T11:35:00Z,2026-08-15 15:46:45+00,49908.65,1,76
3305520,Zhejiang Zhiye FC vs. Chengdu Rongcheng FC: O/U 5.5,chi-zhe-ron-2026-08-15-total-5pt5,chi-zhe-ron-2026-08-15-more-markets,2026-08-15T11:35:00Z,2026-08-15 15:46:45+00,23758.87,0,76
3305524,Will Seattle Sounders FC win on 2026-08-16?,mls-sea-vwh-2026-08-16-sea,mls-sea-vwh-2026-08-16,2026-08-17T02:30:00Z,2026-08-17 04:55:43+00,97995.01,0,113
3305534,Will Seattle Sounders FC vs. Vancouver Whitecaps FC end in a draw?,mls-sea-vwh-2026-08-16-draw,mls-sea-vwh-2026-08-16,2026-08-17T02:30:00Z,2026-08-17 04:55:43+00,47320.48,0,113
3305544,Will Vancouver Whitecaps FC win on 2026-08-16?,mls-sea-vwh-2026-08-16-vwh,mls-sea-vwh-2026-08-16,2026-08-17T02:30:00Z,2026-08-17 05:00:42+00,539910.45,1,114
3305855,Liaoning Tieren FC vs. Shenzhen Xinpengcheng FC: O/U 1.5,chi-tie-xin-2026-08-15-total-1pt5,chi-tie-xin-2026-08-15-more-markets,2026-08-15T11:00:00Z,2026-08-15 15:00:07+00,11302.12,1,76
3305866,Liaoning Tieren FC vs. Shenzhen Xinpengcheng FC: O/U 2.5,chi-tie-xin-2026-08-15-total-2pt5,chi-tie-xin-2026-08-15-more-markets,2026-08-15T11:00:00Z,2026-08-15 15:00:18+00,84365.87,1,76
3305889,Liaoning Tieren FC vs. Shenzhen Xinpengcheng FC: O/U 3.5,chi-tie-xin-2026-08-15-total-3pt5,chi-tie-xin-2026-08-15-more-markets,2026-08-15T11:00:00Z,2026-08-15 15:00:30+00,12128.6,0,76
3305910,Liaoning Tieren FC vs. Shenzhen Xinpengcheng FC: O/U 4.5,chi-tie-xin-2026-08-15-total-4pt5,chi-tie-xin-2026-08-15-more-markets,2026-08-15T11:00:00Z,2026-08-15 15:00:15+00,15429.03,0,76
3307195,Exact Score: New York City FC 1 - 2 Philadelphia Union?,mls-nyc-phi-2026-08-16-exact-score-1-2,mls-nyc-phi-2026-08-16-exact-score,2026-08-16T22:00:00Z,2026-08-17 00:30:13+00,14170.0,0,109
3307222,Exact Score: Chicago Fire FC 2 - 1 Portland Timbers?,mls-chi-por-2026-08-16-exact-score-2-1,mls-chi-por-2026-08-16-exact-score,2026-08-16T22:00:00Z,2026-08-17 00:29:12+00,17057.35,1,109
3307247,Exact Score: Austin FC 1 - 2 FC Dallas?,mls-aus-dal-2026-08-16-exact-score-1-2,mls-aus-dal-2026-08-16-exact-score,2026-08-17T00:30:00Z,2026-08-17 03:08:42+00,12997.2,1,112
3307261,Seattle Sounders FC vs. Vancouver Whitecaps FC: Draw at halftime?,mls-sea-vwh-2026-08-16-halftime-result-draw,mls-sea-vwh-2026-08-16-halftime-result,2026-08-17T02:30:00Z,2026-08-17 05:00:42+00,11716.84,1,114
3307274,Exact Score: Seattle Sounders FC 2 - 1 Vancouver Whitecaps FC?,mls-sea-vwh-2026-08-16-exact-score-2-1,mls-sea-vwh-2026-08-16-exact-score,2026-08-17T02:30:00Z,2026-08-17 04:55:43+00,26103.43,0,113
3307351,Will Beşiktaş JK win on 2026-08-16?,tur-bes-eyu-2026-08-16-bes,tur-bes-eyu-2026-08-16,2026-08-16T18:30:00Z,2026-08-16 23:13:12+00,148221.71,1,108
3307353,Will Beşiktaş JK vs. Eyüpspor end in a draw?,tur-bes-eyu-2026-08-16-draw,tur-bes-eyu-2026-08-16,2026-08-16T18:30:00Z,2026-08-16 22:32:15+00,26438.13,0,107
3307356,Will Eyüpspor win on 2026-08-16?,tur-bes-eyu-2026-08-16-eyu,tur-bes-eyu-2026-08-16,2026-08-16T18:30:00Z,2026-08-16 22:32:15+00,87604.92,0,107
3307370,Will Amed Sportif win on 2026-08-16?,tur-ame-erz-2026-08-16-ame,tur-ame-erz-2026-08-16,2026-08-16T18:30:00Z,2026-08-17 00:37:40+00,11385.01,1,109
3307375,Will Erzurumspor FK win on 2026-08-16?,tur-ame-erz-2026-08-16-erz,tur-ame-erz-2026-08-16,2026-08-16T18:30:00Z,2026-08-16 23:44:42+00,19547.14,0,108
3307942,"Will Bitcoin dip to $62,500 in August?",will-bitcoin-dip-to-62pt5k-in-august-2026-from-august-3,what-price-will-bitcoin-hit-in-august-2026,2026-09-01T04:00:00Z,2026-09-01 04:22:03+00,1390913.13,0,470
3310013,Will WTI Crude Oil (WTI) hit (HIGH) $85 in August?,will-wti-reach-85-in-august-2026,what-price-will-wti-hit-in-august-2026,2026-09-01T03:59:59.999Z,2026-08-17 22:43:01+00,1131689.19,1,131
3310271,Randers FC vs. FC København: O/U 4.5,den-ran-kob-2026-08-16-total-4pt5,den-ran-kob-2026-08-16-more-markets,2026-08-16T16:00:00Z,2026-08-16 21:54:15+00,19617.34,0,106
3310310,Randers FC vs. FC København: Both Teams to Score,den-ran-kob-2026-08-16-btts,den-ran-kob-2026-08-16-more-markets,2026-08-16T16:00:00Z,2026-08-16 21:54:01+00,19173.68,0,106
3310826,Lyngby BK vs. FC Midtjylland: O/U 2.5,den-lyn-mid-2026-08-16-total-2pt5,den-lyn-mid-2026-08-16-more-markets,2026-08-16T14:00:00Z,2026-08-16 19:53:45+00,16639.07,0,104
3310895,Lyngby BK vs. FC Midtjylland: Both Teams to Score,den-lyn-mid-2026-08-16-btts,den-lyn-mid-2026-08-16-more-markets,2026-08-16T14:00:00Z,2026-08-16 19:53:31+00,14176.59,1,104
3311343,Odense BK vs. AC Horsens: O/U 2.5,den-ode-hor-2026-08-16-total-2pt5,den-ode-hor-2026-08-16-more-markets,2026-08-16T12:00:00Z,2026-08-16 15:58:15+00,174595.43,1,100
3311357,Odense BK vs. AC Horsens: O/U 3.5,den-ode-hor-2026-08-16-total-3pt5,den-ode-hor-2026-08-16-more-markets,2026-08-16T12:00:00Z,2026-08-16 15:58:03+00,26962.14,0,100
3311398,Odense BK vs. AC Horsens: Both Teams to Score,den-ode-hor-2026-08-16-btts,den-ode-hor-2026-08-16-more-markets,2026-08-16T12:00:00Z,2026-08-16 15:58:33+00,11927.33,1,100
3311773,Spread: FC Nordsjælland (-1.5),den-nor-sif-2026-08-16-spread-home-1pt5,den-nor-sif-2026-08-16-more-markets,2026-08-16T12:00:00Z,2026-08-16 15:59:15+00,10472.23,0,101
3311819,FC Nordsjælland vs. Silkeborg IF: O/U 0.5,den-nor-sif-2026-08-16-total-0pt5,den-nor-sif-2026-08-16-more-markets,2026-08-16T12:00:00Z,2026-08-16 15:59:15+00,11711.07,1,101
3311882,FC Nordsjælland vs. Silkeborg IF: Both Teams to Score,den-nor-sif-2026-08-16-btts,den-nor-sif-2026-08-16-more-markets,2026-08-16T12:00:00Z,2026-08-16 15:59:03+00,10890.17,0,101
3312939,Will Pumas de la UNAM win on 2026-08-16?,mex-pum-que-2026-08-16-pum,mex-pum-que-2026-08-16,2026-08-16T18:00:00Z,2026-08-16 21:59:45+00,77523.48,0,106
3312940,Will Pumas de la UNAM vs. Querétaro FC end in a draw?,mex-pum-que-2026-08-16-draw,mex-pum-que-2026-08-16,2026-08-16T18:00:00Z,2026-08-16 22:33:45+00,17174.87,1,107
3312941,Will Querétaro FC win on 2026-08-16?,mex-pum-que-2026-08-16-que,mex-pum-que-2026-08-16,2026-08-16T18:00:00Z,2026-08-16 21:59:45+00,17089.87,0,106
3312945,Will CF América win on 2026-08-16?,mex-ame-asl-2026-08-16-ame,mex-ame-asl-2026-08-16,2026-08-16T23:00:00Z,2026-08-17 03:42:12+00,686296.47,1,112
3312946,Will CF América vs. Atlético San Luis end in a draw?,mex-ame-asl-2026-08-16-draw,mex-ame-asl-2026-08-16,2026-08-16T23:00:00Z,2026-08-17 03:02:43+00,42023.97,0,112
3312947,Will Atlético San Luis win on 2026-08-16?,mex-ame-asl-2026-08-16-asl,mex-ame-asl-2026-08-16,2026-08-16T23:00:00Z,2026-08-17 03:02:43+00,184401.81,0,112
3312948,Will Club Santos Laguna win on 2026-08-16?,mex-san-gua-2026-08-16-san,mex-san-gua-2026-08-16,2026-08-17T01:10:00Z,2026-08-17 05:12:46+00,76488.93,0,114
3312949,Will Club Santos Laguna vs. CD Guadalajara end in a draw?,mex-san-gua-2026-08-16-draw,mex-san-gua-2026-08-16,2026-08-17T01:10:00Z,2026-08-17 05:12:46+00,27579.18,0,114
3312950,Will CD Guadalajara win on 2026-08-16?,mex-san-gua-2026-08-16-gua,mex-san-gua-2026-08-16,2026-08-17T01:10:00Z,2026-08-17 05:36:42+00,167833.22,1,114
3312951,Will Club Tijuana win on 2026-08-16?,mex-tij-caz-2026-08-16-tij,mex-tij-caz-2026-08-16,2026-08-17T03:00:00Z,2026-08-17 07:55:40+00,300004.51,1,116
3312952,Will Club Tijuana vs. CF Cruz Azul end in a draw?,mex-tij-caz-2026-08-16-draw,mex-tij-caz-2026-08-16,2026-08-17T03:00:00Z,2026-08-17 07:17:30+00,74937.82,0,116
3312953,Will CF Cruz Azul win on 2026-08-16?,mex-tij-caz-2026-08-16-caz,mex-tij-caz-2026-08-16,2026-08-17T03:00:00Z,2026-08-17 07:18:13+00,425124.04,0,116
3312980,CF América leading at halftime?,mex-ame-asl-2026-08-16-halftime-result-home,mex-ame-asl-2026-08-16-halftime-result,2026-08-16T23:00:00Z,2026-08-17 03:34:43+00,22592.12,1,112
3312991,Exact Score: CF América 1 - 0 Atlético San Luis?,mex-ame-asl-2026-08-16-exact-score-1-0,mex-ame-asl-2026-08-16-exact-score,2026-08-16T23:00:00Z,2026-08-17 03:02:43+00,11574.72,0,112
3313302,Spread: Vancouver Whitecaps FC (-1.5),mls-sea-vwh-2026-08-16-spread-away-1pt5,mls-sea-vwh-2026-08-16-more-markets,2026-08-17T02:30:00Z,2026-08-17 04:54:18+00,86307.44,1,113
3313313,Spread: Vancouver Whitecaps FC (-2.5),mls-sea-vwh-2026-08-16-spread-away-2pt5,mls-sea-vwh-2026-08-16-more-markets,2026-08-17T02:30:00Z,2026-08-17 04:54:18+00,36806.8,0,113
3313315,Seattle Sounders FC vs. Vancouver Whitecaps FC: O/U 0.5,mls-sea-vwh-2026-08-16-total-0pt5,mls-sea-vwh-2026-08-16-more-markets,2026-08-17T02:30:00Z,2026-08-17 04:54:18+00,37815.61,1,113
3313316,Seattle Sounders FC vs. Vancouver Whitecaps FC: O/U 1.5,mls-sea-vwh-2026-08-16-total-1pt5,mls-sea-vwh-2026-08-16-more-markets,2026-08-17T02:30:00Z,2026-08-17 04:54:43+00,44197.18,1,113
3313317,Seattle Sounders FC vs. Vancouver Whitecaps FC: O/U 2.5,mls-sea-vwh-2026-08-16-total-2pt5,mls-sea-vwh-2026-08-16-more-markets,2026-08-17T02:30:00Z,2026-08-17 04:54:15+00,54569.49,0,113
3313324,Seattle Sounders FC vs. Vancouver Whitecaps FC: O/U 3.5,mls-sea-vwh-2026-08-16-total-3pt5,mls-sea-vwh-2026-08-16-more-markets,2026-08-17T02:30:00Z,2026-08-17 04:54:33+00,34828.18,0,113
3313336,Seattle Sounders FC vs. Vancouver Whitecaps FC: Both Teams to Score,mls-sea-vwh-2026-08-16-btts,mls-sea-vwh-2026-08-16-more-markets,2026-08-17T02:30:00Z,2026-08-17 04:54:15+00,18165.32,0,113
3313449,Austin FC vs. FC Dallas: O/U 0.5,mls-aus-dal-2026-08-16-total-0pt5,mls-aus-dal-2026-08-16-more-markets,2026-08-17T00:30:00Z,2026-08-17 03:00:33+00,10023.3,1,112
3313450,Austin FC vs. FC Dallas: O/U 1.5,mls-aus-dal-2026-08-16-total-1pt5,mls-aus-dal-2026-08-16-more-markets,2026-08-17T00:30:00Z,2026-08-17 03:00:33+00,13740.22,1,112
3313458,Austin FC vs. FC Dallas: O/U 2.5,mls-aus-dal-2026-08-16-total-2pt5,mls-aus-dal-2026-08-16-more-markets,2026-08-17T00:30:00Z,2026-08-17 03:00:33+00,51874.34,1,112
3313462,Austin FC vs. FC Dallas: O/U 3.5,mls-aus-dal-2026-08-16-total-3pt5,mls-aus-dal-2026-08-16-more-markets,2026-08-17T00:30:00Z,2026-08-17 03:00:33+00,41077.22,0,112
3313467,Austin FC vs. FC Dallas: O/U 4.5,mls-aus-dal-2026-08-16-total-4pt5,mls-aus-dal-2026-08-16-more-markets,2026-08-17T00:30:00Z,2026-08-17 03:00:33+00,22031.2,0,112
3313469,Austin FC vs. FC Dallas: Both Teams to Score,mls-aus-dal-2026-08-16-btts,mls-aus-dal-2026-08-16-more-markets,2026-08-17T00:30:00Z,2026-08-17 03:00:30+00,24361.76,1,112
3313570,Spread: Chicago Fire FC (-1.5),mls-chi-por-2026-08-16-spread-home-1pt5,mls-chi-por-2026-08-16-more-markets,2026-08-16T22:00:00Z,2026-08-17 00:21:43+00,17349.31,0,109
3313580,Chicago Fire FC vs. Portland Timbers: O/U 0.5,mls-chi-por-2026-08-16-total-0pt5,mls-chi-por-2026-08-16-more-markets,2026-08-16T22:00:00Z,2026-08-17 00:21:34+00,16180.23,1,109
3313592,Chicago Fire FC vs. Portland Timbers: O/U 2.5,mls-chi-por-2026-08-16-total-2pt5,mls-chi-por-2026-08-16-more-markets,2026-08-16T22:00:00Z,2026-08-17 00:21:34+00,42865.33,1,109
3313596,Chicago Fire FC vs. Portland Timbers: O/U 3.5,mls-chi-por-2026-08-16-total-3pt5,mls-chi-por-2026-08-16-more-markets,2026-08-16T22:00:00Z,2026-08-17 00:21:34+00,113740.2,0,109
3313599,Chicago Fire FC vs. Portland Timbers: O/U 5.5,mls-chi-por-2026-08-16-total-5pt5,mls-chi-por-2026-08-16-more-markets,2026-08-16T22:00:00Z,2026-08-17 00:21:34+00,12906.95,0,109
3313600,Chicago Fire FC vs. Portland Timbers: Both Teams to Score,mls-chi-por-2026-08-16-btts,mls-chi-por-2026-08-16-more-markets,2026-08-16T22:00:00Z,2026-08-17 00:21:31+00,12554.23,1,109
3313623,Spread: New York City FC (-1.5),mls-nyc-phi-2026-08-16-spread-home-1pt5,mls-nyc-phi-2026-08-16-more-markets,2026-08-16T22:00:00Z,2026-08-17 00:26:58+00,10896.91,0,109
3313625,Spread: New York City FC (-2.5),mls-nyc-phi-2026-08-16-spread-home-2pt5,mls-nyc-phi-2026-08-16-more-markets,2026-08-16T22:00:00Z,2026-08-17 00:26:58+00,12116.67,0,109
3313630,New York City FC vs. Philadelphia Union: O/U 3.5,mls-nyc-phi-2026-08-16-total-3pt5,mls-nyc-phi-2026-08-16-more-markets,2026-08-16T22:00:00Z,2026-08-17 00:26:48+00,11662.17,1,109
3313631,New York City FC vs. Philadelphia Union: O/U 4.5,mls-nyc-phi-2026-08-16-total-4pt5,mls-nyc-phi-2026-08-16-more-markets,2026-08-16T22:00:00Z,2026-08-17 00:26:48+00,12936.54,1,109
3313633,New York City FC vs. Philadelphia Union: Both Teams to Score,mls-nyc-phi-2026-08-16-btts,mls-nyc-phi-2026-08-16-more-markets,2026-08-16T22:00:00Z,2026-08-17 00:26:45+00,11999.84,1,109
3313656,Spread: Los Angeles FC (-1.5),mls-laf-sdg-2026-08-15-spread-home-1pt5,mls-laf-sdg-2026-08-15-more-markets,2026-08-16T02:30:00Z,2026-08-16 04:52:45+00,12648.16,0,89
3313657,Spread: San Diego FC (-1.5),mls-laf-sdg-2026-08-15-spread-away-1pt5,mls-laf-sdg-2026-08-15-more-markets,2026-08-16T02:30:00Z,2026-08-16 04:52:45+00,11154.71,0,89
3313660,Los Angeles FC vs. San Diego FC: O/U 0.5,mls-laf-sdg-2026-08-15-total-0pt5,mls-laf-sdg-2026-08-15-more-markets,2026-08-16T02:30:00Z,2026-08-16 04:52:45+00,23427.05,1,89
3313661,Los Angeles FC vs. San Diego FC: O/U 1.5,mls-laf-sdg-2026-08-15-total-1pt5,mls-laf-sdg-2026-08-15-more-markets,2026-08-16T02:30:00Z,2026-08-16 04:52:45+00,15326.33,0,89
3313662,Los Angeles FC vs. San Diego FC: O/U 2.5,mls-laf-sdg-2026-08-15-total-2pt5,mls-laf-sdg-2026-08-15-more-markets,2026-08-16T02:30:00Z,2026-08-16 04:52:45+00,39989.49,0,89
3313663,Los Angeles FC vs. San Diego FC: O/U 3.5,mls-laf-sdg-2026-08-15-total-3pt5,mls-laf-sdg-2026-08-15-more-markets,2026-08-16T02:30:00Z,2026-08-16 04:52:45+00,25299.59,0,89
3313666,Los Angeles FC vs. San Diego FC: Both Teams to Score,mls-laf-sdg-2026-08-15-btts,mls-laf-sdg-2026-08-15-more-markets,2026-08-16T02:30:00Z,2026-08-16 04:52:33+00,19280.68,0,89
3313699,Spread: St. Louis City SC (-1.5),mls-sje-stl-2026-08-15-spread-away-1pt5,mls-sje-stl-2026-08-15-more-markets,2026-08-16T02:30:00Z,2026-08-16 04:50:42+00,27453.27,1,89
3313701,Spread: St. Louis City SC (-2.5),mls-sje-stl-2026-08-15-spread-away-2pt5,mls-sje-stl-2026-08-15-more-markets,2026-08-16T02:30:00Z,2026-08-16 04:50:42+00,10165.95,0,89
3313704,San Jose Earthquakes vs. St. Louis City SC: O/U 2.5,mls-sje-stl-2026-08-15-total-2pt5,mls-sje-stl-2026-08-15-more-markets,2026-08-16T02:30:00Z,2026-08-16 04:49:15+00,10348.89,1,89
3313705,San Jose Earthquakes vs. St. Louis City SC: O/U 3.5,mls-sje-stl-2026-08-15-total-3pt5,mls-sje-stl-2026-08-15-more-markets,2026-08-16T02:30:00Z,2026-08-16 04:49:18+00,29423.25,1,89
3313706,San Jose Earthquakes vs. St. Louis City SC: O/U 4.5,mls-sje-stl-2026-08-15-total-4pt5,mls-sje-stl-2026-08-15-more-markets,2026-08-16T02:30:00Z,2026-08-16 04:49:15+00,21701.31,0,89
3313707,San Jose Earthquakes vs. St. Louis City SC: O/U 5.5,mls-sje-stl-2026-08-15-total-5pt5,mls-sje-stl-2026-08-15-more-markets,2026-08-16T02:30:00Z,2026-08-16 04:49:18+00,12704.1,0,89
3313736,Colorado Rapids SC vs. Sporting Kansas City: O/U 1.5,mls-col-skc-2026-08-15-total-1pt5,mls-col-skc-2026-08-15-more-markets,2026-08-16T01:30:00Z,2026-08-16 03:52:48+00,34349.87,1,88
3313737,Colorado Rapids SC vs. Sporting Kansas City: O/U 2.5,mls-col-skc-2026-08-15-total-2pt5,mls-col-skc-2026-08-15-more-markets,2026-08-16T01:30:00Z,2026-08-16 03:52:30+00,14738.42,0,88
3313738,Colorado Rapids SC vs. Sporting Kansas City: O/U 3.5,mls-col-skc-2026-08-15-total-3pt5,mls-col-skc-2026-08-15-more-markets,2026-08-16T01:30:00Z,2026-08-16 03:52:48+00,12381.47,0,88
3313772,Real Salt Lake vs. Minnesota United FC: O/U 0.5,mls-rsl-min-2026-08-15-total-0pt5,mls-rsl-min-2026-08-15-more-markets,2026-08-16T01:30:00Z,2026-08-16 03:50:30+00,15955.39,1,88
3313773,Real Salt Lake vs. Minnesota United FC: O/U 1.5,mls-rsl-min-2026-08-15-total-1pt5,mls-rsl-min-2026-08-15-more-markets,2026-08-16T01:30:00Z,2026-08-16 03:50:30+00,13996.77,1,88
3313774,Real Salt Lake vs. Minnesota United FC: O/U 2.5,mls-rsl-min-2026-08-15-total-2pt5,mls-rsl-min-2026-08-15-more-markets,2026-08-16T01:30:00Z,2026-08-16 03:50:37+00,31243.78,0,88
3313801,Spread: Houston Dynamo (-1.5),mls-hou-lag-2026-08-15-spread-home-1pt5,mls-hou-lag-2026-08-15-more-markets,2026-08-16T00:30:00Z,2026-08-16 03:05:00+00,11712.57,0,88
3313807,Houston Dynamo vs. Los Angeles Galaxy: O/U 2.5,mls-hou-lag-2026-08-15-total-2pt5,mls-hou-lag-2026-08-15-more-markets,2026-08-16T00:30:00Z,2026-08-16 03:05:30+00,19624.06,0,88
3313839,Spread: Inter Miami CF (-1.5),mls-nas-mia-2026-08-15-spread-away-1pt5,mls-nas-mia-2026-08-15-more-markets,2026-08-16T00:30:00Z,2026-08-16 03:05:45+00,17550.67,0,88
3313840,Spread: Nashville SC (-2.5),mls-nas-mia-2026-08-15-spread-home-2pt5,mls-nas-mia-2026-08-15-more-markets,2026-08-16T00:30:00Z,2026-08-16 03:05:48+00,15139.1,1,88
3313842,Nashville SC vs. Inter Miami CF: O/U 0.5,mls-nas-mia-2026-08-15-total-0pt5,mls-nas-mia-2026-08-15-more-markets,2026-08-16T00:30:00Z,2026-08-16 03:05:48+00,16831.01,1,88
3313843,Nashville SC vs. Inter Miami CF: O/U 1.5,mls-nas-mia-2026-08-15-total-1pt5,mls-nas-mia-2026-08-15-more-markets,2026-08-16T00:30:00Z,2026-08-16 03:05:45+00,37631.07,1,88
3313844,Nashville SC vs. Inter Miami CF: O/U 2.5,mls-nas-mia-2026-08-15-total-2pt5,mls-nas-mia-2026-08-15-more-markets,2026-08-16T00:30:00Z,2026-08-16 03:05:45+00,15713.53,1,88
3313845,Nashville SC vs. Inter Miami CF: O/U 3.5,mls-nas-mia-2026-08-15-total-3pt5,mls-nas-mia-2026-08-15-more-markets,2026-08-16T00:30:00Z,2026-08-16 03:05:45+00,34032.85,1,88
3313846,Nashville SC vs. Inter Miami CF: O/U 4.5,mls-nas-mia-2026-08-15-total-4pt5,mls-nas-mia-2026-08-15-more-markets,2026-08-16T00:30:00Z,2026-08-16 03:05:33+00,23350.58,1,88
3313847,Nashville SC vs. Inter Miami CF: O/U 5.5,mls-nas-mia-2026-08-15-total-5pt5,mls-nas-mia-2026-08-15-more-markets,2026-08-16T00:30:00Z,2026-08-16 03:05:33+00,26532.34,0,88
3313848,Nashville SC vs. Inter Miami CF: Both Teams to Score,mls-nas-mia-2026-08-15-btts,mls-nas-mia-2026-08-15-more-markets,2026-08-16T00:30:00Z,2026-08-16 03:05:45+00,13893.44,1,88
3313850,Nashville SC vs. Inter Miami CF: 1st Half O/U 0.5,mls-nas-mia-2026-08-15-first-half-total-0pt5,mls-nas-mia-2026-08-15-more-markets,2026-08-16T00:30:00Z,2026-08-16 03:05:48+00,10518.86,1,88
3313874,Spread: Orlando City SC (-1.5),mls-orl-fcc-2026-08-15-spread-home-1pt5,mls-orl-fcc-2026-08-15-more-markets,2026-08-15T23:30:00Z,2026-08-16 01:56:12+00,10530.67,0,86
3313878,Orlando City SC vs. FC Cincinnati: O/U 0.5,mls-orl-fcc-2026-08-15-total-0pt5,mls-orl-fcc-2026-08-15-more-markets,2026-08-15T23:30:00Z,2026-08-16 01:56:03+00,17667.66,1,86
3313880,Orlando City SC vs. FC Cincinnati: O/U 2.5,mls-orl-fcc-2026-08-15-total-2pt5,mls-orl-fcc-2026-08-15-more-markets,2026-08-15T23:30:00Z,2026-08-16 01:56:03+00,16234.32,0,86
3313881,Orlando City SC vs. FC Cincinnati: O/U 3.5,mls-orl-fcc-2026-08-15-total-3pt5,mls-orl-fcc-2026-08-15-more-markets,2026-08-15T23:30:00Z,2026-08-16 01:56:03+00,90329.69,0,86
3313882,Orlando City SC vs. FC Cincinnati: O/U 4.5,mls-orl-fcc-2026-08-15-total-4pt5,mls-orl-fcc-2026-08-15-more-markets,2026-08-15T23:30:00Z,2026-08-16 01:56:03+00,17360.21,0,86
3313914,Atlanta United FC vs. New York Red Bulls: O/U 3.5,mls-atl-nyr-2026-08-15-total-3pt5,mls-atl-nyr-2026-08-15-more-markets,2026-08-15T23:30:00Z,2026-08-16 01:54:58+00,14431.26,0,86
3313916,Atlanta United FC vs. New York Red Bulls: O/U 5.5,mls-atl-nyr-2026-08-15-total-5pt5,mls-atl-nyr-2026-08-15-more-markets,2026-08-15T23:30:00Z,2026-08-16 01:54:46+00,13453.98,0,86
3313917,Atlanta United FC vs. New York Red Bulls: Both Teams to Score,mls-atl-nyr-2026-08-15-btts,mls-atl-nyr-2026-08-15-more-markets,2026-08-15T23:30:00Z,2026-08-16 01:54:46+00,20075.26,1,86
3313940,Spread: Toronto FC (-1.5),mls-tor-ner-2026-08-15-spread-home-1pt5,mls-tor-ner-2026-08-15-more-markets,2026-08-15T23:30:00Z,2026-08-16 01:54:18+00,30046.37,0,86
