market_id,question,category,volume,horizon_hours,quoted_prob,outcome,quote_gap_hours,end_date
696293,Tush Push banned for 2026 NFL Season?,tush-push-banned-for-2026-nfl-season,416929.21,720,0.009,0,36.01,2026-09-10T00:00:00Z
696293,Tush Push banned for 2026 NFL Season?,tush-push-banned-for-2026-nfl-season,416929.21,168,0.0025,0,0.01,2026-09-10T00:00:00Z
696293,Tush Push banned for 2026 NFL Season?,tush-push-banned-for-2026-nfl-season,416929.21,24,0.0015,0,0.01,2026-09-10T00:00:00Z
696293,Tush Push banned for 2026 NFL Season?,tush-push-banned-for-2026-nfl-season,416929.21,1,0.0015,0,0.01,2026-09-10T00:00:00Z
700645,Will Ashley B. Moody be the Republican nominee for Senate in Florida?,florida-republican-senate-primary-winner,11540.06,168,0.9895,1,36.0,2026-08-18T00:00:00Z
700645,Will Ashley B. Moody be the Republican nominee for Senate in Florida?,florida-republican-senate-primary-winner,11540.06,24,0.997,1,0.0,2026-08-18T00:00:00Z
700645,Will Ashley B. Moody be the Republican nominee for Senate in Florida?,florida-republican-senate-primary-winner,11540.06,1,0.989,1,0.0,2026-08-18T00:00:00Z
704169,Will Maura Sullivan be the Democratic nominee for NH-01?,nh-01-democratic-primary-winner,159596.04,720,0.175,0,84.01,2026-09-08T00:00:00Z
704169,Will Maura Sullivan be the Democratic nominee for NH-01?,nh-01-democratic-primary-winner,159596.04,168,0.645,0,0.01,2026-09-08T00:00:00Z
704169,Will Maura Sullivan be the Democratic nominee for NH-01?,nh-01-democratic-primary-winner,159596.04,24,0.835,0,0.01,2026-09-08T00:00:00Z
704169,Will Maura Sullivan be the Democratic nominee for NH-01?,nh-01-democratic-primary-winner,159596.04,1,0.83,0,0.01,2026-09-08T00:00:00Z
704170,Will Stefany Shaheen be the Democratic nominee for NH-01?,nh-01-democratic-primary-winner,118778.8,720,0.81,1,84.0,2026-09-08T00:00:00Z
704170,Will Stefany Shaheen be the Democratic nominee for NH-01?,nh-01-democratic-primary-winner,118778.8,168,0.31,1,0.01,2026-09-08T00:00:00Z
704170,Will Stefany Shaheen be the Democratic nominee for NH-01?,nh-01-democratic-primary-winner,118778.8,24,0.165,1,0.01,2026-09-08T00:00:00Z
704170,Will Stefany Shaheen be the Democratic nominee for NH-01?,nh-01-democratic-primary-winner,118778.8,1,0.165,1,0.01,2026-09-08T00:00:00Z
704171,Will Carleigh Beriont be the Democratic nominee for NH-01?,nh-01-democratic-primary-winner,53839.85,720,0.006,0,84.01,2026-09-08T00:00:00Z
704171,Will Carleigh Beriont be the Democratic nominee for NH-01?,nh-01-democratic-primary-winner,53839.85,168,0.039,0,0.01,2026-09-08T00:00:00Z
704171,Will Carleigh Beriont be the Democratic nominee for NH-01?,nh-01-democratic-primary-winner,53839.85,24,0.02,0,0.01,2026-09-08T00:00:00Z
704171,Will Carleigh Beriont be the Democratic nominee for NH-01?,nh-01-democratic-primary-winner,53839.85,1,0.0155,0,0.01,2026-09-08T00:00:00Z
704423,Will Madison Cawthorn be the Republican nominee for FL-19?,fl-19-republican-primary-winner,11170.62,168,0.035,0,36.01,2026-08-18T00:00:00Z
704423,Will Madison Cawthorn be the Republican nominee for FL-19?,fl-19-republican-primary-winner,11170.62,24,0.0015,0,0.01,2026-08-18T00:00:00Z
704423,Will Madison Cawthorn be the Republican nominee for FL-19?,fl-19-republican-primary-winner,11170.62,1,0.0005,0,0.0,2026-08-18T00:00:00Z
704424,Will Catalina Lauf be the Republican nominee for FL-19?,fl-19-republican-primary-winner,89483.73,168,0.435,0,36.01,2026-08-18T00:00:00Z
704424,Will Catalina Lauf be the Republican nominee for FL-19?,fl-19-republican-primary-winner,89483.73,24,0.825,0,0.01,2026-08-18T00:00:00Z
704424,Will Catalina Lauf be the Republican nominee for FL-19?,fl-19-republican-primary-winner,89483.73,1,0.895,0,0.01,2026-08-18T00:00:00Z
704425,Will Bob Rommel be the Republican nominee for FL-19?,fl-19-republican-primary-winner,43806.74,168,0.018,0,36.01,2026-08-18T00:00:00Z
704425,Will Bob Rommel be the Republican nominee for FL-19?,fl-19-republican-primary-winner,43806.74,24,0.0005,0,0.01,2026-08-18T00:00:00Z
704425,Will Bob Rommel be the Republican nominee for FL-19?,fl-19-republican-primary-winner,43806.74,1,0.0005,0,0.01,2026-08-18T00:00:00Z
704426,Will Spencer Roach be the Republican nominee for FL-19?,fl-19-republican-primary-winner,42302.65,168,0.0065,0,36.01,2026-08-18T00:00:00Z
704426,Will Spencer Roach be the Republican nominee for FL-19?,fl-19-republican-primary-winner,42302.65,24,0.0005,0,0.01,2026-08-18T00:00:00Z
704426,Will Spencer Roach be the Republican nominee for FL-19?,fl-19-republican-primary-winner,42302.65,1,0.0005,0,0.01,2026-08-18T00:00:00Z
704427,Will Jim Oberweis be the Republican nominee for FL-19?,fl-19-republican-primary-winner,14749.85,168,0.116,0,36.01,2026-08-18T00:00:00Z
704427,Will Jim Oberweis be the Republican nominee for FL-19?,fl-19-republican-primary-winner,14749.85,24,0.0175,0,0.01,2026-08-18T00:00:00Z
704427,Will Jim Oberweis be the Republican nominee for FL-19?,fl-19-republican-primary-winner,14749.85,1,0.0105,0,0.01,2026-08-18T00:00:00Z
704428,Will Jim Schwartzel be the Republican nominee for FL-19?,fl-19-republican-primary-winner,38170.87,168,0.4095,1,36.01,2026-08-18T00:00:00Z
704428,Will Jim Schwartzel be the Republican nominee for FL-19?,fl-19-republican-primary-winner,38170.87,24,0.1505,1,0.01,2026-08-18T00:00:00Z
704428,Will Jim Schwartzel be the Republican nominee for FL-19?,fl-19-republican-primary-winner,38170.87,1,0.1005,1,0.01,2026-08-18T00:00:00Z
704474,Will Byron Donalds be the Republican nominee for Florida Governor?,republican-nominee-for-florida-governor,1495808.98,168,0.9855,1,36.01,2026-08-18T00:00:00Z
704474,Will Byron Donalds be the Republican nominee for Florida Governor?,republican-nominee-for-florida-governor,1495808.98,24,0.9895,1,0.01,2026-08-18T00:00:00Z
704474,Will Byron Donalds be the Republican nominee for Florida Governor?,republican-nominee-for-florida-governor,1495808.98,1,0.9915,1,0.0,2026-08-18T00:00:00Z
704475,Will James Fishback be the Republican nominee for Florida Governor?,republican-nominee-for-florida-governor,6462255.49,168,0.011,0,36.01,2026-08-18T00:00:00Z
704475,Will James Fishback be the Republican nominee for Florida Governor?,republican-nominee-for-florida-governor,6462255.49,24,0.009,0,0.01,2026-08-18T00:00:00Z
704475,Will James Fishback be the Republican nominee for Florida Governor?,republican-nominee-for-florida-governor,6462255.49,1,0.008,0,0.01,2026-08-18T00:00:00Z
704476,Will Wilton Simpson be the Republican nominee for Florida Governor?,republican-nominee-for-florida-governor,83086.18,168,0.0005,0,36.01,2026-08-18T00:00:00Z
704476,Will Wilton Simpson be the Republican nominee for Florida Governor?,republican-nominee-for-florida-governor,83086.18,24,0.0005,0,0.01,2026-08-18T00:00:00Z
704476,Will Wilton Simpson be the Republican nominee for Florida Governor?,republican-nominee-for-florida-governor,83086.18,1,0.0005,0,0.01,2026-08-18T00:00:00Z
704477,Will Jay Collins be the Republican nominee for Florida Governor?,republican-nominee-for-florida-governor,1419766.75,168,0.005,0,36.01,2026-08-18T00:00:00Z
704477,Will Jay Collins be the Republican nominee for Florida Governor?,republican-nominee-for-florida-governor,1419766.75,24,0.0005,0,0.01,2026-08-18T00:00:00Z
704477,Will Jay Collins be the Republican nominee for Florida Governor?,republican-nominee-for-florida-governor,1419766.75,1,0.0015,0,0.01,2026-08-18T00:00:00Z
704478,Will Casey DeSantis be the Republican nominee for Florida Governor?,republican-nominee-for-florida-governor,227503.95,168,0.0005,0,36.01,2026-08-18T00:00:00Z
704478,Will Casey DeSantis be the Republican nominee for Florida Governor?,republican-nominee-for-florida-governor,227503.95,24,0.0005,0,0.01,2026-08-18T00:00:00Z
704478,Will Casey DeSantis be the Republican nominee for Florida Governor?,republican-nominee-for-florida-governor,227503.95,1,0.0005,0,0.01,2026-08-18T00:00:00Z
704479,Will Jimmy Patronis be the Republican nominee for Florida Governor?,republican-nominee-for-florida-governor,54194.71,168,0.0005,0,36.0,2026-08-18T00:00:00Z
704479,Will Jimmy Patronis be the Republican nominee for Florida Governor?,republican-nominee-for-florida-governor,54194.71,24,0.0005,0,0.0,2026-08-18T00:00:00Z
704479,Will Jimmy Patronis be the Republican nominee for Florida Governor?,republican-nominee-for-florida-governor,54194.71,1,0.0005,0,0.0,2026-08-18T00:00:00Z
704480,Will Matt Gaetz be the Republican nominee for Florida Governor?,republican-nominee-for-florida-governor,52967.6,168,0.0005,0,36.01,2026-08-18T00:00:00Z
704480,Will Matt Gaetz be the Republican nominee for Florida Governor?,republican-nominee-for-florida-governor,52967.6,24,0.0005,0,0.01,2026-08-18T00:00:00Z
704480,Will Matt Gaetz be the Republican nominee for Florida Governor?,republican-nominee-for-florida-governor,52967.6,1,0.0005,0,0.01,2026-08-18T00:00:00Z
704499,Will David Jolly be the Democratic nominee for Florida Governor?,democratic-nominee-for-florida-governor,13073.1,168,0.9865,1,36.01,2026-08-18T00:00:00Z
704499,Will David Jolly be the Democratic nominee for Florida Governor?,democratic-nominee-for-florida-governor,13073.1,24,0.997,1,0.01,2026-08-18T00:00:00Z
704499,Will David Jolly be the Democratic nominee for Florida Governor?,democratic-nominee-for-florida-governor,13073.1,1,0.997,1,0.01,2026-08-18T00:00:00Z
704500,Will Jerry Demings be the Democratic nominee for Florida Governor?,democratic-nominee-for-florida-governor,15178.95,168,0.0085,0,36.01,2026-08-18T00:00:00Z
704500,Will Jerry Demings be the Democratic nominee for Florida Governor?,democratic-nominee-for-florida-governor,15178.95,24,0.0025,0,0.01,2026-08-18T00:00:00Z
704500,Will Jerry Demings be the Democratic nominee for Florida Governor?,democratic-nominee-for-florida-governor,15178.95,1,0.0035,0,0.01,2026-08-18T00:00:00Z
706183,Will Karishma Manzur be the Democratic nominee for Senate in New Hampshire?,new-hampshire-democratic-senate-primary-winner,128808.53,720,0.0035,0,84.01,2026-09-08T00:00:00Z
706183,Will Karishma Manzur be the Democratic nominee for Senate in New Hampshire?,new-hampshire-democratic-senate-primary-winner,128808.53,168,0.062,0,0.01,2026-09-08T00:00:00Z
706183,Will Karishma Manzur be the Democratic nominee for Senate in New Hampshire?,new-hampshire-democratic-senate-primary-winner,128808.53,24,0.0395,0,0.01,2026-09-08T00:00:00Z
706183,Will Karishma Manzur be the Democratic nominee for Senate in New Hampshire?,new-hampshire-democratic-senate-primary-winner,128808.53,1,0.018,0,0.01,2026-09-08T00:00:00Z
706184,Will Chris Pappas be the Democratic nominee for Senate in New Hampshire?,new-hampshire-democratic-senate-primary-winner,105492.25,720,0.9825,1,84.01,2026-09-08T00:00:00Z
706184,Will Chris Pappas be the Democratic nominee for Senate in New Hampshire?,new-hampshire-democratic-senate-primary-winner,105492.25,168,0.9385,1,0.01,2026-09-08T00:00:00Z
706184,Will Chris Pappas be the Democratic nominee for Senate in New Hampshire?,new-hampshire-democratic-senate-primary-winner,105492.25,24,0.962,1,0.01,2026-09-08T00:00:00Z
706184,Will Chris Pappas be the Democratic nominee for Senate in New Hampshire?,new-hampshire-democratic-senate-primary-winner,105492.25,1,0.978,1,0.01,2026-09-08T00:00:00Z
788408,Will Jack Reed be the Democratic nominee for Senate in Rhode Island?,rhode-island-democratic-senate-primary-winner,10884.85,720,0.971,1,84.01,2026-09-08T00:00:00Z
788408,Will Jack Reed be the Democratic nominee for Senate in Rhode Island?,rhode-island-democratic-senate-primary-winner,10884.85,168,0.9805,1,0.01,2026-09-08T00:00:00Z
788408,Will Jack Reed be the Democratic nominee for Senate in Rhode Island?,rhode-island-democratic-senate-primary-winner,10884.85,24,0.993,1,0.01,2026-09-08T00:00:00Z
788408,Will Jack Reed be the Democratic nominee for Senate in Rhode Island?,rhode-island-democratic-senate-primary-winner,10884.85,1,0.9975,1,0.01,2026-09-08T00:00:00Z
799453,Will John E. Sununu be the Republican nominee for Senate in New Hampshire?,new-hampshire-republican-senate-primary-winner-296,12886.43,720,0.9465,1,84.01,2026-09-08T00:00:00Z
799453,Will John E. Sununu be the Republican nominee for Senate in New Hampshire?,new-hampshire-republican-senate-primary-winner-296,12886.43,168,0.971,1,0.01,2026-09-08T00:00:00Z
799453,Will John E. Sununu be the Republican nominee for Senate in New Hampshire?,new-hampshire-republican-senate-primary-winner-296,12886.43,24,0.99,1,0.01,2026-09-08T00:00:00Z
799453,Will John E. Sununu be the Republican nominee for Senate in New Hampshire?,new-hampshire-republican-senate-primary-winner-296,12886.43,1,0.9915,1,0.01,2026-09-08T00:00:00Z
799651,Will Ed Markey be the Democratic nominee for Senate in Massachusetts?,massachusetts-democratic-senate-primary-winner,92725.08,168,0.945,1,0.0,2026-09-01T00:00:00Z
799651,Will Ed Markey be the Democratic nominee for Senate in Massachusetts?,massachusetts-democratic-senate-primary-winner,92725.08,24,0.9865,1,0.01,2026-09-01T00:00:00Z
799651,Will Ed Markey be the Democratic nominee for Senate in Massachusetts?,massachusetts-democratic-senate-primary-winner,92725.08,1,0.99,1,0.0,2026-09-01T00:00:00Z
799654,Will Seth Moulton be the Democratic nominee for Senate in Massachusetts?,massachusetts-democratic-senate-primary-winner,114750.87,168,0.065,0,0.01,2026-09-01T00:00:00Z
799654,Will Seth Moulton be the Democratic nominee for Senate in Massachusetts?,massachusetts-democratic-senate-primary-winner,114750.87,24,0.012,0,0.01,2026-09-01T00:00:00Z
799654,Will Seth Moulton be the Democratic nominee for Senate in Massachusetts?,massachusetts-democratic-senate-primary-winner,114750.87,1,0.007,0,0.0,2026-09-01T00:00:00Z
799876,Will Jared Moskowitz be the Democratic nominee for Senate in Florida?,florida-democratic-senate-primary-winner,52959.94,168,0.0005,0,36.01,2026-08-18T00:00:00Z
799876,Will Jared Moskowitz be the Democratic nominee for Senate in Florida?,florida-democratic-senate-primary-winner,52959.94,24,0.0005,0,0.01,2026-08-18T00:00:00Z
799876,Will Jared Moskowitz be the Democratic nominee for Senate in Florida?,florida-democratic-senate-primary-winner,52959.94,1,0.0005,0,0.01,2026-08-18T00:00:00Z
799879,Will Alexander Vindman be the Democratic nominee for Senate in Florida?,florida-democratic-senate-primary-winner,99614.48,168,0.869,0,36.01,2026-08-18T00:00:00Z
799879,Will Alexander Vindman be the Democratic nominee for Senate in Florida?,florida-democratic-senate-primary-winner,99614.48,24,0.926,0,0.01,2026-08-18T00:00:00Z
799879,Will Alexander Vindman be the Democratic nominee for Senate in Florida?,florida-democratic-senate-primary-winner,99614.48,1,0.9185,0,0.0,2026-08-18T00:00:00Z
799881,Will Jennifer Jenkins be the Democratic nominee for Senate in Florida?,florida-democratic-senate-primary-winner,36724.41,168,0.0005,0,36.01,2026-08-18T00:00:00Z
799881,Will Jennifer Jenkins be the Democratic nominee for Senate in Florida?,florida-democratic-senate-primary-winner,36724.41,24,0.0005,0,0.01,2026-08-18T00:00:00Z
799881,Will Jennifer Jenkins be the Democratic nominee for Senate in Florida?,florida-democratic-senate-primary-winner,36724.41,1,0.0005,0,0.01,2026-08-18T00:00:00Z
799883,Will Angie Nixon be the Democratic nominee for Senate in Florida?,florida-democratic-senate-primary-winner,88123.22,168,0.0815,1,36.01,2026-08-18T00:00:00Z
799883,Will Angie Nixon be the Democratic nominee for Senate in Florida?,florida-democratic-senate-primary-winner,88123.22,24,0.0755,1,0.01,2026-08-18T00:00:00Z
799883,Will Angie Nixon be the Democratic nominee for Senate in Florida?,florida-democratic-senate-primary-winner,88123.22,1,0.0725,1,0.01,2026-08-18T00:00:00Z
801910,Will Allen Waters be the Republican nominee for Senate in Rhode Island?,rhode-island-republican-senate-primary-winner,16509.41,720,0.0235,0,84.0,2026-09-08T00:00:00Z
801910,Will Allen Waters be the Republican nominee for Senate in Rhode Island?,rhode-island-republican-senate-primary-winner,16509.41,168,0.014,0,0.01,2026-09-08T00:00:00Z
801910,Will Allen Waters be the Republican nominee for Senate in Rhode Island?,rhode-island-republican-senate-primary-winner,16509.41,24,0.02,0,0.01,2026-09-08T00:00:00Z
801910,Will Allen Waters be the Republican nominee for Senate in Rhode Island?,rhode-island-republican-senate-primary-winner,16509.41,1,0.0095,0,0.01,2026-09-08T00:00:00Z
824198,Will Kelly Ayotte win the 2026 New Hampshire Governor Republican primary election?,new-hampshire-governor-republican-primary-winner,11354.08,720,0.977,1,84.0,2026-09-08T00:00:00Z
824198,Will Kelly Ayotte win the 2026 New Hampshire Governor Republican primary election?,new-hampshire-governor-republican-primary-winner,11354.08,168,0.9805,1,0.01,2026-09-08T00:00:00Z
824198,Will Kelly Ayotte win the 2026 New Hampshire Governor Republican primary election?,new-hampshire-governor-republican-primary-winner,11354.08,24,0.9935,1,0.01,2026-09-08T00:00:00Z
824198,Will Kelly Ayotte win the 2026 New Hampshire Governor Republican primary election?,new-hampshire-governor-republican-primary-winner,11354.08,1,0.989,1,0.01,2026-09-08T00:00:00Z
824224,Will Cinde Warmington win the 2026 New Hampshire Governor Democratic primary election?,new-hampshire-governor-democratic-primary-winner,19483.89,720,0.965,1,84.0,2026-09-08T00:00:00Z
824224,Will Cinde Warmington win the 2026 New Hampshire Governor Democratic primary election?,new-hampshire-governor-democratic-primary-winner,19483.89,168,0.986,1,0.01,2026-09-08T00:00:00Z
824224,Will Cinde Warmington win the 2026 New Hampshire Governor Democratic primary election?,new-hampshire-governor-democratic-primary-winner,19483.89,24,0.987,1,0.01,2026-09-08T00:00:00Z
824224,Will Cinde Warmington win the 2026 New Hampshire Governor Democratic primary election?,new-hampshire-governor-democratic-primary-winner,19483.89,1,0.988,1,0.01,2026-09-08T00:00:00Z
904739,Will Aaron Rodgers retire before next season?,will-aaron-rodgers-retire-before-next-season,172844.38,720,0.0175,0,36.01,2026-09-10T00:00:00Z
904739,Will Aaron Rodgers retire before next season?,will-aaron-rodgers-retire-before-next-season,172844.38,168,0.007,0,0.01,2026-09-10T00:00:00Z
904739,Will Aaron Rodgers retire before next season?,will-aaron-rodgers-retire-before-next-season,172844.38,24,0.0055,0,0.01,2026-09-10T00:00:00Z
904739,Will Aaron Rodgers retire before next season?,will-aaron-rodgers-retire-before-next-season,172844.38,1,0.0025,0,0.01,2026-09-10T00:00:00Z
906867,Will Helena Foulkes win the 2026 Rhode Island Governor Democratic primary election?,rhode-island-governor-democratic-primary-winner,42498.93,720,0.8755,1,84.0,2026-09-08T00:00:00Z
906867,Will Helena Foulkes win the 2026 Rhode Island Governor Democratic primary election?,rhode-island-governor-democratic-primary-winner,42498.93,168,0.9935,1,0.01,2026-09-08T00:00:00Z
906867,Will Helena Foulkes win the 2026 Rhode Island Governor Democratic primary election?,rhode-island-governor-democratic-primary-winner,42498.93,24,0.988,1,0.01,2026-09-08T00:00:00Z
906867,Will Helena Foulkes win the 2026 Rhode Island Governor Democratic primary election?,rhode-island-governor-democratic-primary-winner,42498.93,1,0.9915,1,0.01,2026-09-08T00:00:00Z
906868,Will Dan McKee win the 2026 Rhode Island Governor Democratic primary election?,rhode-island-governor-democratic-primary-winner,25688.02,720,0.128,0,84.01,2026-09-08T00:00:00Z
906868,Will Dan McKee win the 2026 Rhode Island Governor Democratic primary election?,rhode-island-governor-democratic-primary-winner,25688.02,168,0.0065,0,0.01,2026-09-08T00:00:00Z
906868,Will Dan McKee win the 2026 Rhode Island Governor Democratic primary election?,rhode-island-governor-democratic-primary-winner,25688.02,24,0.0075,0,0.01,2026-09-08T00:00:00Z
906868,Will Dan McKee win the 2026 Rhode Island Governor Democratic primary election?,rhode-island-governor-democratic-primary-winner,25688.02,1,0.0065,0,0.01,2026-09-08T00:00:00Z
907436,Will Mike Kennealy win the 2026 Massachusetts Governor Republican primary election?,massachusetts-governor-republican-primary-winner,13508.04,168,0.0065,0,0.0,2026-09-01T00:00:00Z
907436,Will Mike Kennealy win the 2026 Massachusetts Governor Republican primary election?,massachusetts-governor-republican-primary-winner,13508.04,24,0.0025,0,0.01,2026-09-01T00:00:00Z
907436,Will Mike Kennealy win the 2026 Massachusetts Governor Republican primary election?,massachusetts-governor-republican-primary-winner,13508.04,1,0.003,0,0.0,2026-09-01T00:00:00Z
907437,Will Michael Minogue win the 2026 Massachusetts Governor Republican primary election?,massachusetts-governor-republican-primary-winner,24658.42,168,0.9715,1,0.01,2026-09-01T00:00:00Z
907437,Will Michael Minogue win the 2026 Massachusetts Governor Republican primary election?,massachusetts-governor-republican-primary-winner,24658.42,24,0.9855,1,0.01,2026-09-01T00:00:00Z
907437,Will Michael Minogue win the 2026 Massachusetts Governor Republican primary election?,massachusetts-governor-republican-primary-winner,24658.42,1,0.9895,1,0.0,2026-09-01T00:00:00Z
907599,Will Eric Barlow win the 2026 Wyoming Governor Republican primary election?,wyoming-governor-republican-primary-winner,214138.64,168,0.718,1,36.01,2026-08-18T00:00:00Z
907599,Will Eric Barlow win the 2026 Wyoming Governor Republican primary election?,wyoming-governor-republican-primary-winner,214138.64,24,0.827,1,0.01,2026-08-18T00:00:00Z
907599,Will Eric Barlow win the 2026 Wyoming Governor Republican primary election?,wyoming-governor-republican-primary-winner,214138.64,1,0.8075,1,0.01,2026-08-18T00:00:00Z
907600,Will Brent Bien win the 2026 Wyoming Governor Republican primary election?,wyoming-governor-republican-primary-winner,39709.16,168,0.0215,0,36.01,2026-08-18T00:00:00Z
907600,Will Brent Bien win the 2026 Wyoming Governor Republican primary election?,wyoming-governor-republican-primary-winner,39709.16,24,0.018,0,0.01,2026-08-18T00:00:00Z
907600,Will Brent Bien win the 2026 Wyoming Governor Republican primary election?,wyoming-governor-republican-primary-winner,39709.16,1,0.0345,0,0.0,2026-08-18T00:00:00Z
907604,Will Megan Degenfelder win the 2026 Wyoming Governor Republican primary election?,wyoming-governor-republican-primary-winner,118618.74,168,0.2755,0,36.01,2026-08-18T00:00:00Z
907604,Will Megan Degenfelder win the 2026 Wyoming Governor Republican primary election?,wyoming-governor-republican-primary-winner,118618.74,24,0.1505,0,0.01,2026-08-18T00:00:00Z
907604,Will Megan Degenfelder win the 2026 Wyoming Governor Republican primary election?,wyoming-governor-republican-primary-winner,118618.74,1,0.1695,0,0.0,2026-08-18T00:00:00Z
908034,Will Click Bishop advance from the 2026 Alaska Governor primary election?,who-will-advance-from-the-alaska-governor-primary,72623.79,168,0.295,0,36.01,2026-08-18T00:00:00Z
908034,Will Click Bishop advance from the 2026 Alaska Governor primary election?,who-will-advance-from-the-alaska-governor-primary,72623.79,24,0.31,0,0.01,2026-08-18T00:00:00Z
908034,Will Click Bishop advance from the 2026 Alaska Governor primary election?,who-will-advance-from-the-alaska-governor-primary,72623.79,1,0.275,0,0.0,2026-08-18T00:00:00Z
908035,Will Dave Bronson advance from the 2026 Alaska Governor primary election?,who-will-advance-from-the-alaska-governor-primary,20011.6,168,0.615,1,36.01,2026-08-18T00:00:00Z
908035,Will Dave Bronson advance from the 2026 Alaska Governor primary election?,who-will-advance-from-the-alaska-governor-primary,20011.6,24,0.585,1,0.01,2026-08-18T00:00:00Z
908035,Will Dave Bronson advance from the 2026 Alaska Governor primary election?,who-will-advance-from-the-alaska-governor-primary,20011.6,1,0.56,1,0.01,2026-08-18T00:00:00Z
908036,Will Adam Crum advance from the 2026 Alaska Governor primary election?,who-will-advance-from-the-alaska-governor-primary,25066.49,168,0.0915,0,36.01,2026-08-18T00:00:00Z
908036,Will Adam Crum advance from the 2026 Alaska Governor primary election?,who-will-advance-from-the-alaska-governor-primary,25066.49,24,0.088,0,0.01,2026-08-18T00:00:00Z
908036,Will Adam Crum advance from the 2026 Alaska Governor primary election?,who-will-advance-from-the-alaska-governor-primary,25066.49,1,0.1025,0,0.01,2026-08-18T00:00:00Z
908037,Will Nancy Dahlstrom advance from the 2026 Alaska Governor primary election?,who-will-advance-from-the-alaska-governor-primary,15318.08,168,0.0205,0,36.01,2026-08-18T00:00:00Z
908037,Will Nancy Dahlstrom advance from the 2026 Alaska Governor primary election?,who-will-advance-from-the-alaska-governor-primary,15318.08,24,0.002,0,0.01,2026-08-18T00:00:00Z
908037,Will Nancy Dahlstrom advance from the 2026 Alaska Governor primary election?,who-will-advance-from-the-alaska-governor-primary,15318.08,1,0.002,0,0.01,2026-08-18T00:00:00Z
908038,Will Edna DeVries advance from the 2026 Alaska Governor primary election?,who-will-advance-from-the-alaska-governor-primary,13966.05,168,0.009,0,36.01,2026-08-18T00:00:00Z
908038,Will Edna DeVries advance from the 2026 Alaska Governor primary election?,who-will-advance-from-the-alaska-governor-primary,13966.05,24,0.0335,0,0.01,2026-08-18T00:00:00Z
908038,Will Edna DeVries advance from the 2026 Alaska Governor primary election?,who-will-advance-from-the-alaska-governor-primary,13966.05,1,0.016,0,0.0,2026-08-18T00:00:00Z
908043,Will Treg Taylor advance from the 2026 Alaska Governor primary election?,who-will-advance-from-the-alaska-governor-primary,93231.23,168,0.28,0,36.01,2026-08-18T00:00:00Z
908043,Will Treg Taylor advance from the 2026 Alaska Governor primary election?,who-will-advance-from-the-alaska-governor-primary,93231.23,24,0.285,0,0.01,2026-08-18T00:00:00Z
908043,Will Treg Taylor advance from the 2026 Alaska Governor primary election?,who-will-advance-from-the-alaska-governor-primary,93231.23,1,0.27,0,0.01,2026-08-18T00:00:00Z
908044,Will Bernadette Wilson advance from the 2026 Alaska Governor primary election?,who-will-advance-from-the-alaska-governor-primary,20304.77,168,0.915,1,36.01,2026-08-18T00:00:00Z
908044,Will Bernadette Wilson advance from the 2026 Alaska Governor primary election?,who-will-advance-from-the-alaska-governor-primary,20304.77,24,0.91,1,0.01,2026-08-18T00:00:00Z
908044,Will Bernadette Wilson advance from the 2026 Alaska Governor primary election?,who-will-advance-from-the-alaska-governor-primary,20304.77,1,0.925,1,0.01,2026-08-18T00:00:00Z
908045,Will Tom Begich advance from the 2026 Alaska Governor primary election?,who-will-advance-from-the-alaska-governor-primary,16852.13,168,0.9805,1,36.0,2026-08-18T00:00:00Z
908045,Will Tom Begich advance from the 2026 Alaska Governor primary election?,who-will-advance-from-the-alaska-governor-primary,16852.13,24,0.9965,1,0.0,2026-08-18T00:00:00Z
908045,Will Tom Begich advance from the 2026 Alaska Governor primary election?,who-will-advance-from-the-alaska-governor-primary,16852.13,1,0.9915,1,0.0,2026-08-18T00:00:00Z
908046,Will Matt Claman advance from the 2026 Alaska Governor primary election?,who-will-advance-from-the-alaska-governor-primary,39523.21,168,0.011,0,36.01,2026-08-18T00:00:00Z
908046,Will Matt Claman advance from the 2026 Alaska Governor primary election?,who-will-advance-from-the-alaska-governor-primary,39523.21,24,0.011,0,0.01,2026-08-18T00:00:00Z
908046,Will Matt Claman advance from the 2026 Alaska Governor primary election?,who-will-advance-from-the-alaska-governor-primary,39523.21,1,0.0105,0,0.01,2026-08-18T00:00:00Z
909055,Will the number of Republican House members who retire in 2026 be fewer than 24?,how-many-republican-house-members-not-running-in-2026,12578.38,168,0.013,0,0.01,2026-08-31T00:00:00Z
909055,Will the number of Republican House members who retire in 2026 be fewer than 24?,how-many-republican-house-members-not-running-in-2026,12578.38,24,0.0065,0,0.01,2026-08-31T00:00:00Z
909055,Will the number of Republican House members who retire in 2026 be fewer than 24?,how-many-republican-house-members-not-running-in-2026,12578.38,1,0.011,0,0.0,2026-08-31T00:00:00Z
909056,Will the number of Republican House members who retire in 2026 be between 24 and 27 inclusive?,how-many-republican-house-members-not-running-in-2026,27211.21,168,0.012,0,0.01,2026-08-31T00:00:00Z
909056,Will the number of Republican House members who retire in 2026 be between 24 and 27 inclusive?,how-many-republican-house-members-not-running-in-2026,27211.21,24,0.0035,0,0.01,2026-08-31T00:00:00Z
909056,Will the number of Republican House members who retire in 2026 be between 24 and 27 inclusive?,how-many-republican-house-members-not-running-in-2026,27211.21,1,0.0025,0,0.0,2026-08-31T00:00:00Z
909057,Will the number of Republican House members who retire in 2026 be between 28 and 31 inclusive?,how-many-republican-house-members-not-running-in-2026,23781.43,168,0.003,0,0.01,2026-08-31T00:00:00Z
909057,Will the number of Republican House members who retire in 2026 be between 28 and 31 inclusive?,how-many-republican-house-members-not-running-in-2026,23781.43,24,0.007,0,0.01,2026-08-31T00:00:00Z
909057,Will the number of Republican House members who retire in 2026 be between 28 and 31 inclusive?,how-many-republican-house-members-not-running-in-2026,23781.43,1,0.0105,0,0.01,2026-08-31T00:00:00Z
909059,Will the number of Republican House members who retire in 2026 be between 36 and 39 inclusive?,how-many-republican-house-members-not-running-in-2026,11774.15,168,0.899,1,0.01,2026-08-31T00:00:00Z
909059,Will the number of Republican House members who retire in 2026 be between 36 and 39 inclusive?,how-many-republican-house-members-not-running-in-2026,11774.15,24,0.9315,1,0.01,2026-08-31T00:00:00Z
909059,Will the number of Republican House members who retire in 2026 be between 36 and 39 inclusive?,how-many-republican-house-members-not-running-in-2026,11774.15,1,0.946,1,0.0,2026-08-31T00:00:00Z
909060,Will the number of Republican House members who retire in 2026 be between 40 and 43 inclusive?,how-many-republican-house-members-not-running-in-2026,11892.09,168,0.0535,0,0.0,2026-08-31T00:00:00Z
909060,Will the number of Republican House members who retire in 2026 be between 40 and 43 inclusive?,how-many-republican-house-members-not-running-in-2026,11892.09,24,0.0325,0,0.0,2026-08-31T00:00:00Z
909060,Will the number of Republican House members who retire in 2026 be between 40 and 43 inclusive?,how-many-republican-house-members-not-running-in-2026,11892.09,1,0.031,0,0.0,2026-08-31T00:00:00Z
909061,Will the number of Republican House members who retire in 2026 be 44 or more?,how-many-republican-house-members-not-running-in-2026,10804.57,168,0.0135,0,0.01,2026-08-31T00:00:00Z
909061,Will the number of Republican House members who retire in 2026 be 44 or more?,how-many-republican-house-members-not-running-in-2026,10804.57,24,0.0025,0,0.01,2026-08-31T00:00:00Z
909061,Will the number of Republican House members who retire in 2026 be 44 or more?,how-many-republican-house-members-not-running-in-2026,10804.57,1,0.0025,0,0.0,2026-08-31T00:00:00Z
909070,Will the number of Democratic House members who retire in 2026 be fewer than 20?,how-many-democratic-house-members-not-running-in-2026,20458.53,168,0.0655,0,0.01,2026-08-31T00:00:00Z
909070,Will the number of Democratic House members who retire in 2026 be fewer than 20?,how-many-democratic-house-members-not-running-in-2026,20458.53,24,0.0225,0,0.01,2026-08-31T00:00:00Z
909070,Will the number of Democratic House members who retire in 2026 be fewer than 20?,how-many-democratic-house-members-not-running-in-2026,20458.53,1,0.013,0,0.0,2026-08-31T00:00:00Z
909071,Will the number of Democratic House members who retire in 2026 be between 20 and 23 inclusive?,how-many-democratic-house-members-not-running-in-2026,14206.08,168,0.7525,1,0.01,2026-08-31T00:00:00Z
909071,Will the number of Democratic House members who retire in 2026 be between 20 and 23 inclusive?,how-many-democratic-house-members-not-running-in-2026,14206.08,24,0.9425,1,0.01,2026-08-31T00:00:00Z
909071,Will the number of Democratic House members who retire in 2026 be between 20 and 23 inclusive?,how-many-democratic-house-members-not-running-in-2026,14206.08,1,0.9855,1,0.01,2026-08-31T00:00:00Z
909072,Will the number of Democratic House members who retire in 2026 be between 24 and 27 inclusive?,how-many-democratic-house-members-not-running-in-2026,11354.87,168,0.155,0,0.01,2026-08-31T00:00:00Z
909072,Will the number of Democratic House members who retire in 2026 be between 24 and 27 inclusive?,how-many-democratic-house-members-not-running-in-2026,11354.87,24,0.0175,0,0.01,2026-08-31T00:00:00Z
909072,Will the number of Democratic House members who retire in 2026 be between 24 and 27 inclusive?,how-many-democratic-house-members-not-running-in-2026,11354.87,1,0.0035,0,0.0,2026-08-31T00:00:00Z
909077,Will the number of Republican Senate members who retire in 2026 be less than 5?,how-many-republican-senators-not-running-in-2026,27438.27,168,0.0325,0,0.0,2026-08-31T00:00:00Z
909077,Will the number of Republican Senate members who retire in 2026 be less than 5?,how-many-republican-senators-not-running-in-2026,27438.27,24,0.0145,0,0.0,2026-08-31T00:00:00Z
909077,Will the number of Republican Senate members who retire in 2026 be less than 5?,how-many-republican-senators-not-running-in-2026,27438.27,1,0.0145,0,0.0,2026-08-31T00:00:00Z
909078,Will the number of Republican Senate members who retire in 2026 be exactly 6?,how-many-republican-senators-not-running-in-2026,39434.61,168,0.0105,0,0.01,2026-08-31T00:00:00Z
909078,Will the number of Republican Senate members who retire in 2026 be exactly 6?,how-many-republican-senators-not-running-in-2026,39434.61,24,0.0105,0,0.01,2026-08-31T00:00:00Z
909078,Will the number of Republican Senate members who retire in 2026 be exactly 6?,how-many-republican-senators-not-running-in-2026,39434.61,1,0.006,0,0.0,2026-08-31T00:00:00Z
909079,Will the number of Republican Senate members who retire in 2026 be exactly 7?,how-many-republican-senators-not-running-in-2026,21184.5,168,0.855,1,0.0,2026-08-31T00:00:00Z
909079,Will the number of Republican Senate members who retire in 2026 be exactly 7?,how-many-republican-senators-not-running-in-2026,21184.5,24,0.925,1,0.0,2026-08-31T00:00:00Z
909079,Will the number of Republican Senate members who retire in 2026 be exactly 7?,how-many-republican-senators-not-running-in-2026,21184.5,1,0.95,1,0.0,2026-08-31T00:00:00Z
923035,Will the number of Republican Senate members who retire in 2026 be exactly 5?,how-many-republican-senators-not-running-in-2026,24747.67,168,0.0245,0,0.01,2026-08-31T00:00:00Z
923035,Will the number of Republican Senate members who retire in 2026 be exactly 5?,how-many-republican-senators-not-running-in-2026,24747.67,24,0.0025,0,0.01,2026-08-31T00:00:00Z
923035,Will the number of Republican Senate members who retire in 2026 be exactly 5?,how-many-republican-senators-not-running-in-2026,24747.67,1,0.002,0,0.01,2026-08-31T00:00:00Z
943396,Will N’Kiyla “Jasmine” Thomas be the Democratic nominee for Senate in Oklahoma?,oklahoma-democratic-senate-primary-winner,88648.84,168,0.953,1,0.01,2026-08-25T00:00:00Z
943396,Will N’Kiyla “Jasmine” Thomas be the Democratic nominee for Senate in Oklahoma?,oklahoma-democratic-senate-primary-winner,88648.84,24,0.9385,1,0.01,2026-08-25T00:00:00Z
943396,Will N’Kiyla “Jasmine” Thomas be the Democratic nominee for Senate in Oklahoma?,oklahoma-democratic-senate-primary-winner,88648.84,1,0.9125,1,0.0,2026-08-25T00:00:00Z
943398,Will Jim Priest be the Democratic nominee for Senate in Oklahoma?,oklahoma-democratic-senate-primary-winner,29839.83,168,0.0405,0,0.01,2026-08-25T00:00:00Z
943398,Will Jim Priest be the Democratic nominee for Senate in Oklahoma?,oklahoma-democratic-senate-primary-winner,29839.83,24,0.0635,0,0.0,2026-08-25T00:00:00Z
943398,Will Jim Priest be the Democratic nominee for Senate in Oklahoma?,oklahoma-democratic-senate-primary-winner,29839.83,1,0.0855,0,0.0,2026-08-25T00:00:00Z
960186,Will Anthony DiLorenzo be the Republican Nominee for NH-01?,nh-01-republican-primary-winner,75015.65,720,0.88,1,84.01,2026-09-08T00:00:00Z
960186,Will Anthony DiLorenzo be the Republican Nominee for NH-01?,nh-01-republican-primary-winner,75015.65,168,0.745,1,0.01,2026-09-08T00:00:00Z
960186,Will Anthony DiLorenzo be the Republican Nominee for NH-01?,nh-01-republican-primary-winner,75015.65,24,0.755,1,0.01,2026-09-08T00:00:00Z
960186,Will Anthony DiLorenzo be the Republican Nominee for NH-01?,nh-01-republican-primary-winner,75015.65,1,0.845,1,0.01,2026-09-08T00:00:00Z
960187,Will Elizabeth Girard be the Republican Nominee for NH-01?,nh-01-republican-primary-winner,19881.92,720,0.0015,0,84.01,2026-09-08T00:00:00Z
960187,Will Elizabeth Girard be the Republican Nominee for NH-01?,nh-01-republican-primary-winner,19881.92,168,0.0125,0,0.01,2026-09-08T00:00:00Z
960187,Will Elizabeth Girard be the Republican Nominee for NH-01?,nh-01-republican-primary-winner,19881.92,24,0.0015,0,0.01,2026-09-08T00:00:00Z
960187,Will Elizabeth Girard be the Republican Nominee for NH-01?,nh-01-republican-primary-winner,19881.92,1,0.0015,0,0.01,2026-09-08T00:00:00Z
960188,Will Hollie Noveletsky be the Republican Nominee for NH-01?,nh-01-republican-primary-winner,63272.62,720,0.1,0,84.0,2026-09-08T00:00:00Z
960188,Will Hollie Noveletsky be the Republican Nominee for NH-01?,nh-01-republican-primary-winner,63272.62,168,0.245,0,0.01,2026-09-08T00:00:00Z
960188,Will Hollie Noveletsky be the Republican Nominee for NH-01?,nh-01-republican-primary-winner,63272.62,24,0.245,0,0.01,2026-09-08T00:00:00Z
960188,Will Hollie Noveletsky be the Republican Nominee for NH-01?,nh-01-republican-primary-winner,63272.62,1,0.145,0,0.01,2026-09-08T00:00:00Z
973114,Will Jared Moskowitz be the Democratic Nominee for FL-23?,fl-23-democratic-primary-winner,17100.45,168,0.0005,0,36.01,2026-08-18T00:00:00Z
973114,Will Jared Moskowitz be the Democratic Nominee for FL-23?,fl-23-democratic-primary-winner,17100.45,24,0.0005,0,0.01,2026-08-18T00:00:00Z
973114,Will Jared Moskowitz be the Democratic Nominee for FL-23?,fl-23-democratic-primary-winner,17100.45,1,0.0005,0,0.01,2026-08-18T00:00:00Z
973115,Will Oliver Adams Larkin be the Democratic Nominee for FL-23?,fl-23-democratic-primary-winner,24980.63,168,0.0005,0,36.01,2026-08-18T00:00:00Z
973115,Will Oliver Adams Larkin be the Democratic Nominee for FL-23?,fl-23-democratic-primary-winner,24980.63,24,0.003,0,0.01,2026-08-18T00:00:00Z
973115,Will Oliver Adams Larkin be the Democratic Nominee for FL-23?,fl-23-democratic-primary-winner,24980.63,1,0.001,0,0.0,2026-08-18T00:00:00Z
973117,Will Lois Frankel be the Democratic Nominee for FL-23?,fl-23-democratic-primary-winner,22168.86,168,0.967,1,36.01,2026-08-18T00:00:00Z
973117,Will Lois Frankel be the Democratic Nominee for FL-23?,fl-23-democratic-primary-winner,22168.86,24,0.975,1,0.01,2026-08-18T00:00:00Z
973117,Will Lois Frankel be the Democratic Nominee for FL-23?,fl-23-democratic-primary-winner,22168.86,1,0.9775,1,0.0,2026-08-18T00:00:00Z
992020,Will Travis Kelce retire before next season?,will-travis-kelce-retire-before-next-season,47157.8,720,0.0145,0,36.01,2026-09-10T00:00:00Z
992020,Will Travis Kelce retire before next season?,will-travis-kelce-retire-before-next-season,47157.8,168,0.0105,0,0.01,2026-09-10T00:00:00Z
992020,Will Travis Kelce retire before next season?,will-travis-kelce-retire-before-next-season,47157.8,24,0.01,0,0.01,2026-09-10T00:00:00Z
992020,Will Travis Kelce retire before next season?,will-travis-kelce-retire-before-next-season,47157.8,1,0.0025,0,0.01,2026-09-10T00:00:00Z
1006908,Will Thomas Chalifoux be the Republican nominee for FL-09?,fl-09-republican-primary-winner,62915.11,168,0.225,0,36.01,2026-08-18T00:00:00Z
1006908,Will Thomas Chalifoux be the Republican nominee for FL-09?,fl-09-republican-primary-winner,62915.11,24,0.197,0,0.01,2026-08-18T00:00:00Z
1006908,Will Thomas Chalifoux be the Republican nominee for FL-09?,fl-09-republican-primary-winner,62915.11,1,0.169,0,0.01,2026-08-18T00:00:00Z
1006910,Will Howard Steven Rance be the Republican nominee for FL-09?,fl-09-republican-primary-winner,10668.07,168,0.0015,0,36.01,2026-08-18T00:00:00Z
1006910,Will Howard Steven Rance be the Republican nominee for FL-09?,fl-09-republican-primary-winner,10668.07,24,0.0015,0,0.01,2026-08-18T00:00:00Z
1006910,Will Howard Steven Rance be the Republican nominee for FL-09?,fl-09-republican-primary-winner,10668.07,1,0.0015,0,0.01,2026-08-18T00:00:00Z
1006911,Will Justin Story be the Republican nominee for FL-09?,fl-09-republican-primary-winner,12108.96,168,0.0025,0,36.01,2026-08-18T00:00:00Z
1006911,Will Justin Story be the Republican nominee for FL-09?,fl-09-republican-primary-winner,12108.96,24,0.0015,0,0.01,2026-08-18T00:00:00Z
1006911,Will Justin Story be the Republican nominee for FL-09?,fl-09-republican-primary-winner,12108.96,1,0.0015,0,0.01,2026-08-18T00:00:00Z
1006912,Will Ben Butler be the Republican nominee for FL-09?,fl-09-republican-primary-winner,43845.26,168,0.5205,0,36.0,2026-08-18T00:00:00Z
1006912,Will Ben Butler be the Republican nominee for FL-09?,fl-09-republican-primary-winner,43845.26,24,0.3115,0,0.0,2026-08-18T00:00:00Z
1006912,Will Ben Butler be the Republican nominee for FL-09?,fl-09-republican-primary-winner,43845.26,1,0.3105,0,0.0,2026-08-18T00:00:00Z
1006913,Will Dan Green be the Republican nominee for FL-09?,fl-09-republican-primary-winner,31519.52,168,0.105,1,36.01,2026-08-18T00:00:00Z
1006913,Will Dan Green be the Republican nominee for FL-09?,fl-09-republican-primary-winner,31519.52,24,0.285,1,0.01,2026-08-18T00:00:00Z
1006913,Will Dan Green be the Republican nominee for FL-09?,fl-09-republican-primary-winner,31519.52,1,0.285,1,0.01,2026-08-18T00:00:00Z
1006914,Will Jorge Martinez be the Republican nominee for FL-09?,fl-09-republican-primary-winner,20664.72,168,0.0465,0,36.0,2026-08-18T00:00:00Z
1006914,Will Jorge Martinez be the Republican nominee for FL-09?,fl-09-republican-primary-winner,20664.72,24,0.2315,0,0.0,2026-08-18T00:00:00Z
1006914,Will Jorge Martinez be the Republican nominee for FL-09?,fl-09-republican-primary-winner,20664.72,1,0.2375,0,0.0,2026-08-18T00:00:00Z
1131737,Will Declan Rice win the 2026 PFA Player of the Year?,2025-2026-pfa-players-player-of-the-year-winner,66058.64,168,0.11,0,0.09,2026-08-31T23:55:00Z
1131738,Will Erling Haaland win the 2026 PFA Player of the Year?,2025-2026-pfa-players-player-of-the-year-winner,58260.09,168,0.0175,0,0.09,2026-08-31T23:55:00Z
1131739,Will Bukayo Saka win the 2026 PFA Player of the Year?,2025-2026-pfa-players-player-of-the-year-winner,10656.42,168,0.0005,0,0.09,2026-08-31T23:55:00Z
1131742,Will Rayan Cherki win the 2026 PFA Player of the Year?,2025-2026-pfa-players-player-of-the-year-winner,28670.76,168,0.002,0,0.09,2026-08-31T23:55:00Z
1131745,Will Cole Palmer win the 2026 PFA Player of the Year?,2025-2026-pfa-players-player-of-the-year-winner,16016.75,168,0.0005,0,0.09,2026-08-31T23:55:00Z
1131753,Will Bruno Fernandes win the 2026 PFA Player of the Year?,2025-2026-pfa-players-player-of-the-year-winner,148907.49,168,0.875,1,0.09,2026-08-31T23:55:00Z
1327966,Will Cristiano Ronaldo play for Atlanta United FC next?,which-club-will-cristiano-ronaldo-play-for-next,17386.79,168,0.0065,0,0.0,2026-08-31T02:00:00Z
1327966,Will Cristiano Ronaldo play for Atlanta United FC next?,which-club-will-cristiano-ronaldo-play-for-next,17386.79,24,0.007,0,0.01,2026-08-31T02:00:00Z
1327966,Will Cristiano Ronaldo play for Atlanta United FC next?,which-club-will-cristiano-ronaldo-play-for-next,17386.79,1,0.0035,0,0.0,2026-08-31T02:00:00Z
1327991,Will Cristiano Ronaldo play for Seattle Sounders FC next?,which-club-will-cristiano-ronaldo-play-for-next,33090.0,168,0.0075,0,0.0,2026-08-31T02:00:00Z
1327991,Will Cristiano Ronaldo play for Seattle Sounders FC next?,which-club-will-cristiano-ronaldo-play-for-next,33090.0,24,0.005,0,0.01,2026-08-31T02:00:00Z
1327991,Will Cristiano Ronaldo play for Seattle Sounders FC next?,which-club-will-cristiano-ronaldo-play-for-next,33090.0,1,0.003,0,0.0,2026-08-31T02:00:00Z
1361010,Will Maxx Crosby play for Arizona Cardinals next?,where-will-maxx-crosby-play-in-2026,73432.43,168,0.0005,0,0.01,2026-09-01T00:00:00Z
1361010,Will Maxx Crosby play for Arizona Cardinals next?,where-will-maxx-crosby-play-in-2026,73432.43,24,0.0005,0,0.01,2026-09-01T00:00:00Z
1361010,Will Maxx Crosby play for Arizona Cardinals next?,where-will-maxx-crosby-play-in-2026,73432.43,1,0.0005,0,0.0,2026-09-01T00:00:00Z
1361012,Will Maxx Crosby play for Baltimore Ravens next?,where-will-maxx-crosby-play-in-2026,11902.23,168,0.0005,0,0.0,2026-09-01T00:00:00Z
1361012,Will Maxx Crosby play for Baltimore Ravens next?,where-will-maxx-crosby-play-in-2026,11902.23,24,0.0005,0,0.01,2026-09-01T00:00:00Z
1361012,Will Maxx Crosby play for Baltimore Ravens next?,where-will-maxx-crosby-play-in-2026,11902.23,1,0.0005,0,0.0,2026-09-01T00:00:00Z
1361014,Will Maxx Crosby play for Carolina Panthers next?,where-will-maxx-crosby-play-in-2026,846268.4,168,0.0005,0,0.01,2026-09-01T00:00:00Z
1361014,Will Maxx Crosby play for Carolina Panthers next?,where-will-maxx-crosby-play-in-2026,846268.4,24,0.0005,0,0.01,2026-09-01T00:00:00Z
1361014,Will Maxx Crosby play for Carolina Panthers next?,where-will-maxx-crosby-play-in-2026,846268.4,1,0.0005,0,0.0,2026-09-01T00:00:00Z
1361015,Will Maxx Crosby play for Chicago Bears next?,where-will-maxx-crosby-play-in-2026,300736.23,168,0.0015,0,0.01,2026-09-01T00:00:00Z
1361015,Will Maxx Crosby play for Chicago Bears next?,where-will-maxx-crosby-play-in-2026,300736.23,24,0.0015,0,0.01,2026-09-01T00:00:00Z
1361015,Will Maxx Crosby play for Chicago Bears next?,where-will-maxx-crosby-play-in-2026,300736.23,1,0.0015,0,0.0,2026-09-01T00:00:00Z
1361018,Will Maxx Crosby play for Dallas Cowboys next?,where-will-maxx-crosby-play-in-2026,87855.17,168,0.078,0,0.01,2026-09-01T00:00:00Z
1361018,Will Maxx Crosby play for Dallas Cowboys next?,where-will-maxx-crosby-play-in-2026,87855.17,24,0.05,0,0.01,2026-09-01T00:00:00Z
1361018,Will Maxx Crosby play for Dallas Cowboys next?,where-will-maxx-crosby-play-in-2026,87855.17,1,0.0015,0,0.0,2026-09-01T00:00:00Z
1361020,Will Maxx Crosby play for Detroit Lions next?,where-will-maxx-crosby-play-in-2026,15794.28,168,0.0015,0,0.01,2026-09-01T00:00:00Z
1361020,Will Maxx Crosby play for Detroit Lions next?,where-will-maxx-crosby-play-in-2026,15794.28,24,0.005,0,0.01,2026-09-01T00:00:00Z
1361020,Will Maxx Crosby play for Detroit Lions next?,where-will-maxx-crosby-play-in-2026,15794.28,1,0.0005,0,0.0,2026-09-01T00:00:00Z
1361021,Will Maxx Crosby play for Green Bay Packers next?,where-will-maxx-crosby-play-in-2026,30487.89,168,0.0005,0,0.01,2026-09-01T00:00:00Z
1361021,Will Maxx Crosby play for Green Bay Packers next?,where-will-maxx-crosby-play-in-2026,30487.89,24,0.0005,0,0.01,2026-09-01T00:00:00Z
1361021,Will Maxx Crosby play for Green Bay Packers next?,where-will-maxx-crosby-play-in-2026,30487.89,1,0.0005,0,0.0,2026-09-01T00:00:00Z
1361023,Will Maxx Crosby play for Indianapolis Colts next?,where-will-maxx-crosby-play-in-2026,1150890.21,168,0.0015,0,0.0,2026-09-01T00:00:00Z
1361023,Will Maxx Crosby play for Indianapolis Colts next?,where-will-maxx-crosby-play-in-2026,1150890.21,24,0.0005,0,0.0,2026-09-01T00:00:00Z
1361023,Will Maxx Crosby play for Indianapolis Colts next?,where-will-maxx-crosby-play-in-2026,1150890.21,1,0.0005,0,0.0,2026-09-01T00:00:00Z
1361024,Will Maxx Crosby play for Jacksonville Jaguars next?,where-will-maxx-crosby-play-in-2026,437163.28,168,0.0045,0,0.01,2026-09-01T00:00:00Z
1361024,Will Maxx Crosby play for Jacksonville Jaguars next?,where-will-maxx-crosby-play-in-2026,437163.28,24,0.0045,0,0.01,2026-09-01T00:00:00Z
1361024,Will Maxx Crosby play for Jacksonville Jaguars next?,where-will-maxx-crosby-play-in-2026,437163.28,1,0.0015,0,0.0,2026-09-01T00:00:00Z
1361025,Will Maxx Crosby play for Kansas City Chiefs next?,where-will-maxx-crosby-play-in-2026,34622.7,168,0.0005,0,0.0,2026-09-01T00:00:00Z
1361025,Will Maxx Crosby play for Kansas City Chiefs next?,where-will-maxx-crosby-play-in-2026,34622.7,24,0.0005,0,0.01,2026-09-01T00:00:00Z
1361025,Will Maxx Crosby play for Kansas City Chiefs next?,where-will-maxx-crosby-play-in-2026,34622.7,1,0.0005,0,0.0,2026-09-01T00:00:00Z
1361026,Will Maxx Crosby play for Las Vegas Raiders next?,where-will-maxx-crosby-play-in-2026,23298.63,168,0.9505,1,0.0,2026-09-01T00:00:00Z
1361026,Will Maxx Crosby play for Las Vegas Raiders next?,where-will-maxx-crosby-play-in-2026,23298.63,24,0.9225,1,0.01,2026-09-01T00:00:00Z
1361026,Will Maxx Crosby play for Las Vegas Raiders next?,where-will-maxx-crosby-play-in-2026,23298.63,1,0.9525,1,0.0,2026-09-01T00:00:00Z
1361028,Will Maxx Crosby play for Los Angeles Rams next?,where-will-maxx-crosby-play-in-2026,406043.84,168,0.0015,0,0.0,2026-09-01T00:00:00Z
1361028,Will Maxx Crosby play for Los Angeles Rams next?,where-will-maxx-crosby-play-in-2026,406043.84,24,0.0015,0,0.01,2026-09-01T00:00:00Z
1361028,Will Maxx Crosby play for Los Angeles Rams next?,where-will-maxx-crosby-play-in-2026,406043.84,1,0.0005,0,0.0,2026-09-01T00:00:00Z
1361030,Will Maxx Crosby play for Minnesota Vikings next?,where-will-maxx-crosby-play-in-2026,61340.52,168,0.0015,0,0.0,2026-09-01T00:00:00Z
1361030,Will Maxx Crosby play for Minnesota Vikings next?,where-will-maxx-crosby-play-in-2026,61340.52,24,0.0005,0,0.0,2026-09-01T00:00:00Z
1361030,Will Maxx Crosby play for Minnesota Vikings next?,where-will-maxx-crosby-play-in-2026,61340.52,1,0.0005,0,0.0,2026-09-01T00:00:00Z
1361034,Will Maxx Crosby play for New York Jets next?,where-will-maxx-crosby-play-in-2026,1204878.24,168,0.0035,0,0.0,2026-09-01T00:00:00Z
1361034,Will Maxx Crosby play for New York Jets next?,where-will-maxx-crosby-play-in-2026,1204878.24,24,0.013,0,0.01,2026-09-01T00:00:00Z
1361034,Will Maxx Crosby play for New York Jets next?,where-will-maxx-crosby-play-in-2026,1204878.24,1,0.0015,0,0.0,2026-09-01T00:00:00Z
1361035,Will Maxx Crosby play for Philadelphia Eagles next?,where-will-maxx-crosby-play-in-2026,13674.27,168,0.003,0,0.0,2026-09-01T00:00:00Z
1361035,Will Maxx Crosby play for Philadelphia Eagles next?,where-will-maxx-crosby-play-in-2026,13674.27,24,0.0325,0,0.0,2026-09-01T00:00:00Z
1361035,Will Maxx Crosby play for Philadelphia Eagles next?,where-will-maxx-crosby-play-in-2026,13674.27,1,0.0015,0,0.0,2026-09-01T00:00:00Z
1361037,Will Maxx Crosby play for San Francisco 49ers next?,where-will-maxx-crosby-play-in-2026,620379.45,168,0.0035,0,0.0,2026-09-01T00:00:00Z
1361037,Will Maxx Crosby play for San Francisco 49ers next?,where-will-maxx-crosby-play-in-2026,620379.45,24,0.0135,0,0.01,2026-09-01T00:00:00Z
1361037,Will Maxx Crosby play for San Francisco 49ers next?,where-will-maxx-crosby-play-in-2026,620379.45,1,0.0015,0,0.0,2026-09-01T00:00:00Z
1361039,Will Maxx Crosby play for Tampa Bay Buccaneers next?,where-will-maxx-crosby-play-in-2026,69658.27,168,0.0005,0,0.0,2026-09-01T00:00:00Z
1361039,Will Maxx Crosby play for Tampa Bay Buccaneers next?,where-will-maxx-crosby-play-in-2026,69658.27,24,0.0005,0,0.0,2026-09-01T00:00:00Z
1361039,Will Maxx Crosby play for Tampa Bay Buccaneers next?,where-will-maxx-crosby-play-in-2026,69658.27,1,0.0005,0,0.0,2026-09-01T00:00:00Z
1361040,Will Maxx Crosby play for Tennessee Titans next?,where-will-maxx-crosby-play-in-2026,888964.31,168,0.0015,0,0.01,2026-09-01T00:00:00Z
1361040,Will Maxx Crosby play for Tennessee Titans next?,where-will-maxx-crosby-play-in-2026,888964.31,24,0.0015,0,0.01,2026-09-01T00:00:00Z
1361040,Will Maxx Crosby play for Tennessee Titans next?,where-will-maxx-crosby-play-in-2026,888964.31,1,0.0005,0,0.0,2026-09-01T00:00:00Z
1363963,Will CDU win the most seats in the 2026 Sachsen-Anhalt parliamentary elections?,sachsen-anhalt-parliamentary-election-winner,527082.65,720,0.013,0,132.01,2026-09-06T00:00:00Z
1363963,Will CDU win the most seats in the 2026 Sachsen-Anhalt parliamentary elections?,sachsen-anhalt-parliamentary-election-winner,527082.65,168,0.0065,0,0.01,2026-09-06T00:00:00Z
1363963,Will CDU win the most seats in the 2026 Sachsen-Anhalt parliamentary elections?,sachsen-anhalt-parliamentary-election-winner,527082.65,24,0.0025,0,0.01,2026-09-06T00:00:00Z
1363963,Will CDU win the most seats in the 2026 Sachsen-Anhalt parliamentary elections?,sachsen-anhalt-parliamentary-election-winner,527082.65,1,0.0025,0,0.0,2026-09-06T00:00:00Z
1363964,Will AfD win the most seats in the 2026 Sachsen-Anhalt parliamentary elections?,sachsen-anhalt-parliamentary-election-winner,141735.42,720,0.981,1,132.0,2026-09-06T00:00:00Z
1363964,Will AfD win the most seats in the 2026 Sachsen-Anhalt parliamentary elections?,sachsen-anhalt-parliamentary-election-winner,141735.42,168,0.993,1,0.01,2026-09-06T00:00:00Z
1363964,Will AfD win the most seats in the 2026 Sachsen-Anhalt parliamentary elections?,sachsen-anhalt-parliamentary-election-winner,141735.42,24,0.9975,1,0.0,2026-09-06T00:00:00Z
1363964,Will AfD win the most seats in the 2026 Sachsen-Anhalt parliamentary elections?,sachsen-anhalt-parliamentary-election-winner,141735.42,1,0.9975,1,0.0,2026-09-06T00:00:00Z
1363965,Will SPD win the most seats in the 2026 Sachsen-Anhalt parliamentary elections?,sachsen-anhalt-parliamentary-election-winner,124095.31,720,0.0005,0,132.0,2026-09-06T00:00:00Z
1363965,Will SPD win the most seats in the 2026 Sachsen-Anhalt parliamentary elections?,sachsen-anhalt-parliamentary-election-winner,124095.31,168,0.0005,0,0.0,2026-09-06T00:00:00Z
1363965,Will SPD win the most seats in the 2026 Sachsen-Anhalt parliamentary elections?,sachsen-anhalt-parliamentary-election-winner,124095.31,24,0.0005,0,0.0,2026-09-06T00:00:00Z
1363965,Will SPD win the most seats in the 2026 Sachsen-Anhalt parliamentary elections?,sachsen-anhalt-parliamentary-election-winner,124095.31,1,0.0005,0,0.0,2026-09-06T00:00:00Z
1363966,Will The Greens win the most seats in the 2026 Sachsen-Anhalt parliamentary elections?,sachsen-anhalt-parliamentary-election-winner,56850.54,720,0.0005,0,132.0,2026-09-06T00:00:00Z
1363966,Will The Greens win the most seats in the 2026 Sachsen-Anhalt parliamentary elections?,sachsen-anhalt-parliamentary-election-winner,56850.54,168,0.0005,0,0.01,2026-09-06T00:00:00Z
1363966,Will The Greens win the most seats in the 2026 Sachsen-Anhalt parliamentary elections?,sachsen-anhalt-parliamentary-election-winner,56850.54,24,0.0005,0,0.0,2026-09-06T00:00:00Z
1363966,Will The Greens win the most seats in the 2026 Sachsen-Anhalt parliamentary elections?,sachsen-anhalt-parliamentary-election-winner,56850.54,1,0.0005,0,0.0,2026-09-06T00:00:00Z
1363967,Will The Left win the most seats in the 2026 Sachsen-Anhalt parliamentary elections?,sachsen-anhalt-parliamentary-election-winner,47106.48,720,0.0005,0,132.01,2026-09-06T00:00:00Z
1363967,Will The Left win the most seats in the 2026 Sachsen-Anhalt parliamentary elections?,sachsen-anhalt-parliamentary-election-winner,47106.48,168,0.0005,0,0.01,2026-09-06T00:00:00Z
1363967,Will The Left win the most seats in the 2026 Sachsen-Anhalt parliamentary elections?,sachsen-anhalt-parliamentary-election-winner,47106.48,24,0.0005,0,0.01,2026-09-06T00:00:00Z
1363967,Will The Left win the most seats in the 2026 Sachsen-Anhalt parliamentary elections?,sachsen-anhalt-parliamentary-election-winner,47106.48,1,0.0005,0,0.01,2026-09-06T00:00:00Z
1363968,Will FDP win the most seats in the 2026 Sachsen-Anhalt parliamentary elections?,sachsen-anhalt-parliamentary-election-winner,27385.38,720,0.0005,0,132.0,2026-09-06T00:00:00Z
1363968,Will FDP win the most seats in the 2026 Sachsen-Anhalt parliamentary elections?,sachsen-anhalt-parliamentary-election-winner,27385.38,168,0.0005,0,0.0,2026-09-06T00:00:00Z
1363968,Will FDP win the most seats in the 2026 Sachsen-Anhalt parliamentary elections?,sachsen-anhalt-parliamentary-election-winner,27385.38,24,0.0005,0,0.0,2026-09-06T00:00:00Z
1363968,Will FDP win the most seats in the 2026 Sachsen-Anhalt parliamentary elections?,sachsen-anhalt-parliamentary-election-winner,27385.38,1,0.0005,0,0.0,2026-09-06T00:00:00Z
1363969,Will BSW win the most seats in the 2026 Sachsen-Anhalt parliamentary elections?,sachsen-anhalt-parliamentary-election-winner,36802.61,720,0.0005,0,132.01,2026-09-06T00:00:00Z
1363969,Will BSW win the most seats in the 2026 Sachsen-Anhalt parliamentary elections?,sachsen-anhalt-parliamentary-election-winner,36802.61,168,0.0005,0,0.01,2026-09-06T00:00:00Z
1363969,Will BSW win the most seats in the 2026 Sachsen-Anhalt parliamentary elections?,sachsen-anhalt-parliamentary-election-winner,36802.61,24,0.0005,0,0.01,2026-09-06T00:00:00Z
1363969,Will BSW win the most seats in the 2026 Sachsen-Anhalt parliamentary elections?,sachsen-anhalt-parliamentary-election-winner,36802.61,1,0.0005,0,0.01,2026-09-06T00:00:00Z
1387114,Will Tyreek Hill play for the Kansas City Chiefs next?,where-will-tyreek-hill-play-in-2026,20841.89,168,0.0015,0,0.09,2026-08-31T23:55:00Z
1387114,Will Tyreek Hill play for the Kansas City Chiefs next?,where-will-tyreek-hill-play-in-2026,20841.89,24,0.0535,0,0.09,2026-08-31T23:55:00Z
1387114,Will Tyreek Hill play for the Kansas City Chiefs next?,where-will-tyreek-hill-play-in-2026,20841.89,1,0.006,0,0.09,2026-08-31T23:55:00Z
1387118,Will Tyreek Hill play for the New England Patriots next?,where-will-tyreek-hill-play-in-2026,504693.58,168,0.0065,0,0.09,2026-08-31T23:55:00Z
1387118,Will Tyreek Hill play for the New England Patriots next?,where-will-tyreek-hill-play-in-2026,504693.58,24,0.0015,0,0.09,2026-08-31T23:55:00Z
1387118,Will Tyreek Hill play for the New England Patriots next?,where-will-tyreek-hill-play-in-2026,504693.58,1,0.0015,0,0.09,2026-08-31T23:55:00Z
1387120,Will Tyreek Hill play for the Baltimore Ravens next?,where-will-tyreek-hill-play-in-2026,131624.68,168,0.0015,0,0.09,2026-08-31T23:55:00Z
1387120,Will Tyreek Hill play for the Baltimore Ravens next?,where-will-tyreek-hill-play-in-2026,131624.68,24,0.0015,0,0.09,2026-08-31T23:55:00Z
1387120,Will Tyreek Hill play for the Baltimore Ravens next?,where-will-tyreek-hill-play-in-2026,131624.68,1,0.0015,0,0.09,2026-08-31T23:55:00Z
1387121,Will Tyreek Hill play for the Minnesota Vikings next?,where-will-tyreek-hill-play-in-2026,222557.44,168,0.0025,0,0.09,2026-08-31T23:55:00Z
1387121,Will Tyreek Hill play for the Minnesota Vikings next?,where-will-tyreek-hill-play-in-2026,222557.44,24,0.0015,0,0.09,2026-08-31T23:55:00Z
1387121,Will Tyreek Hill play for the Minnesota Vikings next?,where-will-tyreek-hill-play-in-2026,222557.44,1,0.0005,0,0.09,2026-08-31T23:55:00Z
1387123,Will Tyreek Hill play for the Chicago Bears next?,where-will-tyreek-hill-play-in-2026,2195683.91,168,0.007,0,0.09,2026-08-31T23:55:00Z
1387123,Will Tyreek Hill play for the Chicago Bears next?,where-will-tyreek-hill-play-in-2026,2195683.91,24,0.0065,0,0.09,2026-08-31T23:55:00Z
1387123,Will Tyreek Hill play for the Chicago Bears next?,where-will-tyreek-hill-play-in-2026,2195683.91,1,0.006,0,0.09,2026-08-31T23:55:00Z
1387124,Will Tyreek Hill play for the Los Angeles Rams next?,where-will-tyreek-hill-play-in-2026,42128.1,168,0.0045,0,0.09,2026-08-31T23:55:00Z
1387124,Will Tyreek Hill play for the Los Angeles Rams next?,where-will-tyreek-hill-play-in-2026,42128.1,24,0.0045,0,0.09,2026-08-31T23:55:00Z
1387124,Will Tyreek Hill play for the Los Angeles Rams next?,where-will-tyreek-hill-play-in-2026,42128.1,1,0.0045,0,0.09,2026-08-31T23:55:00Z
1387126,Will Tyreek Hill play for the Dallas Cowboys next?,where-will-tyreek-hill-play-in-2026,1781737.9,168,0.0055,0,0.09,2026-08-31T23:55:00Z
1387126,Will Tyreek Hill play for the Dallas Cowboys next?,where-will-tyreek-hill-play-in-2026,1781737.9,24,0.0005,0,0.09,2026-08-31T23:55:00Z
1387126,Will Tyreek Hill play for the Dallas Cowboys next?,where-will-tyreek-hill-play-in-2026,1781737.9,1,0.0005,0,0.09,2026-08-31T23:55:00Z
1387127,Will Tyreek Hill play for the Philadelphia Eagles next?,where-will-tyreek-hill-play-in-2026,221352.81,168,0.004,0,0.09,2026-08-31T23:55:00Z
1387127,Will Tyreek Hill play for the Philadelphia Eagles next?,where-will-tyreek-hill-play-in-2026,221352.81,24,0.0015,0,0.09,2026-08-31T23:55:00Z
1387127,Will Tyreek Hill play for the Philadelphia Eagles next?,where-will-tyreek-hill-play-in-2026,221352.81,1,0.0095,0,0.09,2026-08-31T23:55:00Z
1459608,Will George Pickens play for Atlanta Falcons in 2026-27?,where-will-george-pickens-play-in-2026-27,190390.18,168,0.003,0,0.0,2026-09-01T00:00:00Z
1459608,Will George Pickens play for Atlanta Falcons in 2026-27?,where-will-george-pickens-play-in-2026-27,190390.18,24,0.0015,0,0.01,2026-09-01T00:00:00Z
1459608,Will George Pickens play for Atlanta Falcons in 2026-27?,where-will-george-pickens-play-in-2026-27,190390.18,1,0.0015,0,0.0,2026-09-01T00:00:00Z
1459610,Will George Pickens play for Buffalo Bills in 2026-27?,where-will-george-pickens-play-in-2026-27,124436.81,168,0.0025,0,0.01,2026-09-01T00:00:00Z
1459610,Will George Pickens play for Buffalo Bills in 2026-27?,where-will-george-pickens-play-in-2026-27,124436.81,24,0.0025,0,0.01,2026-09-01T00:00:00Z
1459610,Will George Pickens play for Buffalo Bills in 2026-27?,where-will-george-pickens-play-in-2026-27,124436.81,1,0.002,0,0.0,2026-09-01T00:00:00Z
1459614,Will George Pickens play for Cleveland Browns in 2026-27?,where-will-george-pickens-play-in-2026-27,320884.35,168,0.0015,0,0.01,2026-09-01T00:00:00Z
1459614,Will George Pickens play for Cleveland Browns in 2026-27?,where-will-george-pickens-play-in-2026-27,320884.35,24,0.0015,0,0.01,2026-09-01T00:00:00Z
1459614,Will George Pickens play for Cleveland Browns in 2026-27?,where-will-george-pickens-play-in-2026-27,320884.35,1,0.0015,0,0.0,2026-09-01T00:00:00Z
1459620,Will George Pickens play for Indianapolis Colts in 2026-27?,where-will-george-pickens-play-in-2026-27,79438.49,168,0.0015,0,0.01,2026-09-01T00:00:00Z
1459620,Will George Pickens play for Indianapolis Colts in 2026-27?,where-will-george-pickens-play-in-2026-27,79438.49,24,0.0015,0,0.01,2026-09-01T00:00:00Z
1459620,Will George Pickens play for Indianapolis Colts in 2026-27?,where-will-george-pickens-play-in-2026-27,79438.49,1,0.0015,0,0.0,2026-09-01T00:00:00Z
1459629,Will George Pickens play for New Orleans Saints in 2026-27?,where-will-george-pickens-play-in-2026-27,125005.26,168,0.0015,0,0.0,2026-09-01T00:00:00Z
1459629,Will George Pickens play for New Orleans Saints in 2026-27?,where-will-george-pickens-play-in-2026-27,125005.26,24,0.0015,0,0.0,2026-09-01T00:00:00Z
1459629,Will George Pickens play for New Orleans Saints in 2026-27?,where-will-george-pickens-play-in-2026-27,125005.26,1,0.0015,0,0.0,2026-09-01T00:00:00Z
1459630,Will George Pickens play for New York Giants in 2026-27?,where-will-george-pickens-play-in-2026-27,11925.33,168,0.0025,0,0.0,2026-09-01T00:00:00Z
1459630,Will George Pickens play for New York Giants in 2026-27?,where-will-george-pickens-play-in-2026-27,11925.33,24,0.0005,0,0.0,2026-09-01T00:00:00Z
1459630,Will George Pickens play for New York Giants in 2026-27?,where-will-george-pickens-play-in-2026-27,11925.33,1,0.0005,0,0.0,2026-09-01T00:00:00Z
1459635,Will George Pickens play for Seattle Seahawks in 2026-27?,where-will-george-pickens-play-in-2026-27,29629.56,168,0.0005,0,0.01,2026-09-01T00:00:00Z
1459635,Will George Pickens play for Seattle Seahawks in 2026-27?,where-will-george-pickens-play-in-2026-27,29629.56,24,0.0005,0,0.01,2026-09-01T00:00:00Z
1459635,Will George Pickens play for Seattle Seahawks in 2026-27?,where-will-george-pickens-play-in-2026-27,29629.56,1,0.0005,0,0.0,2026-09-01T00:00:00Z
1485174,Will Joey Bosa play for Carolina Panthers in 2026-27?,where-will-joey-bosa-play-in-2026-27,29889.96,168,0.35,0,0.01,2026-08-31T00:00:00Z
1485174,Will Joey Bosa play for Carolina Panthers in 2026-27?,where-will-joey-bosa-play-in-2026-27,29889.96,24,0.395,0,0.01,2026-08-31T00:00:00Z
1485174,Will Joey Bosa play for Carolina Panthers in 2026-27?,where-will-joey-bosa-play-in-2026-27,29889.96,1,0.0105,0,0.0,2026-08-31T00:00:00Z
1493235,Will Stephen Lynch be the Democratic nominee for MA-08?,ma-08-democratic-primary-winner,135786.52,168,0.525,1,0.0,2026-09-01T00:00:00Z
1493235,Will Stephen Lynch be the Democratic nominee for MA-08?,ma-08-democratic-primary-winner,135786.52,24,0.815,1,0.01,2026-09-01T00:00:00Z
1493235,Will Stephen Lynch be the Democratic nominee for MA-08?,ma-08-democratic-primary-winner,135786.52,1,0.795,1,0.0,2026-09-01T00:00:00Z
1493236,Will Patrick Roath be the Democratic nominee for MA-08?,ma-08-democratic-primary-winner,99658.84,168,0.485,0,0.0,2026-09-01T00:00:00Z
1493236,Will Patrick Roath be the Democratic nominee for MA-08?,ma-08-democratic-primary-winner,99658.84,24,0.18,0,0.0,2026-09-01T00:00:00Z
1493236,Will Patrick Roath be the Democratic nominee for MA-08?,ma-08-democratic-primary-winner,99658.84,1,0.215,0,0.0,2026-09-01T00:00:00Z
1545032,Will CDU win the second most seats in the 2026 Sachsen-Anhalt parliamentary elections?,sachsen-anhalt-parliamentary-elections-2nd-place,94088.82,720,0.9765,1,132.01,2026-09-06T00:00:00Z
1545032,Will CDU win the second most seats in the 2026 Sachsen-Anhalt parliamentary elections?,sachsen-anhalt-parliamentary-elections-2nd-place,94088.82,168,0.9855,1,0.01,2026-09-06T00:00:00Z
1545032,Will CDU win the second most seats in the 2026 Sachsen-Anhalt parliamentary elections?,sachsen-anhalt-parliamentary-elections-2nd-place,94088.82,24,0.9955,1,0.01,2026-09-06T00:00:00Z
1545032,Will CDU win the second most seats in the 2026 Sachsen-Anhalt parliamentary elections?,sachsen-anhalt-parliamentary-elections-2nd-place,94088.82,1,0.994,1,0.0,2026-09-06T00:00:00Z
1545037,Will SPD win the second most seats in the 2026 Sachsen-Anhalt parliamentary elections?,sachsen-anhalt-parliamentary-elections-2nd-place,25526.76,720,0.0025,0,132.0,2026-09-06T00:00:00Z
1545037,Will SPD win the second most seats in the 2026 Sachsen-Anhalt parliamentary elections?,sachsen-anhalt-parliamentary-elections-2nd-place,25526.76,168,0.0015,0,0.01,2026-09-06T00:00:00Z
1545037,Will SPD win the second most seats in the 2026 Sachsen-Anhalt parliamentary elections?,sachsen-anhalt-parliamentary-elections-2nd-place,25526.76,24,0.0005,0,0.0,2026-09-06T00:00:00Z
1545037,Will SPD win the second most seats in the 2026 Sachsen-Anhalt parliamentary elections?,sachsen-anhalt-parliamentary-elections-2nd-place,25526.76,1,0.0005,0,0.0,2026-09-06T00:00:00Z
1807950,Kristi Noem divorce by August 31?,kristi-noem-divorce-by-august-31,38140.58,168,0.23,1,0.03,2026-09-01T03:59:00Z
1807950,Kristi Noem divorce by August 31?,kristi-noem-divorce-by-august-31,38140.58,24,0.09,1,0.02,2026-09-01T03:59:00Z
1829855,Will Jonathan Kreiss-Tomkins advance from the 2026 Alaska Governor primary election?,who-will-advance-from-the-alaska-governor-primary,19201.44,168,0.815,1,36.01,2026-08-18T00:00:00Z
1829855,Will Jonathan Kreiss-Tomkins advance from the 2026 Alaska Governor primary election?,who-will-advance-from-the-alaska-governor-primary,19201.44,24,0.795,1,0.01,2026-08-18T00:00:00Z
1829855,Will Jonathan Kreiss-Tomkins advance from the 2026 Alaska Governor primary election?,who-will-advance-from-the-alaska-governor-primary,19201.44,1,0.805,1,0.01,2026-08-18T00:00:00Z
1923635,Will Valve add Cobblestone to the map pool by August 30? ,will-valve-add-cobblestone-to-the-map-pool-by,63098.57,168,0.006,0,0.03,2026-08-31T03:59:00Z
1923635,Will Valve add Cobblestone to the map pool by August 30? ,will-valve-add-cobblestone-to-the-map-pool-by,63098.57,24,0.007,0,0.02,2026-08-31T03:59:00Z
1923635,Will Valve add Cobblestone to the map pool by August 30? ,will-valve-add-cobblestone-to-the-map-pool-by,63098.57,1,0.003,0,0.02,2026-08-31T03:59:00Z
1973820,Will Alexandra Van Cleef be the Republican nominee for FL-06?,fl-06-republican-primary-winner,41190.92,168,0.006,0,36.01,2026-08-18T00:00:00Z
1973820,Will Alexandra Van Cleef be the Republican nominee for FL-06?,fl-06-republican-primary-winner,41190.92,24,0.0025,0,0.01,2026-08-18T00:00:00Z
1973820,Will Alexandra Van Cleef be the Republican nominee for FL-06?,fl-06-republican-primary-winner,41190.92,1,0.0005,0,0.0,2026-08-18T00:00:00Z
1973821,Will Joshua Vasquez be the Republican nominee for FL-06?,fl-06-republican-primary-winner,13606.91,168,0.0005,0,36.01,2026-08-18T00:00:00Z
1973821,Will Joshua Vasquez be the Republican nominee for FL-06?,fl-06-republican-primary-winner,13606.91,24,0.0005,0,0.01,2026-08-18T00:00:00Z
1973821,Will Joshua Vasquez be the Republican nominee for FL-06?,fl-06-republican-primary-winner,13606.91,1,0.0005,0,0.01,2026-08-18T00:00:00Z
1973822,Will Aaron Baker be the Republican nominee for FL-06?,fl-06-republican-primary-winner,28867.23,168,0.0115,0,36.01,2026-08-18T00:00:00Z
1973822,Will Aaron Baker be the Republican nominee for FL-06?,fl-06-republican-primary-winner,28867.23,24,0.016,0,0.01,2026-08-18T00:00:00Z
1973822,Will Aaron Baker be the Republican nominee for FL-06?,fl-06-republican-primary-winner,28867.23,1,0.0105,0,0.01,2026-08-18T00:00:00Z
1973823,Will Dan Bilzerian be the Republican nominee for FL-06?,fl-06-republican-primary-winner,204780.44,168,0.0065,0,36.01,2026-08-18T00:00:00Z
1973823,Will Dan Bilzerian be the Republican nominee for FL-06?,fl-06-republican-primary-winner,204780.44,24,0.012,0,0.01,2026-08-18T00:00:00Z
1973823,Will Dan Bilzerian be the Republican nominee for FL-06?,fl-06-republican-primary-winner,204780.44,1,0.008,0,0.01,2026-08-18T00:00:00Z
1973824,Will Randy Fine be the Republican nominee for FL-06?,fl-06-republican-primary-winner,42459.34,168,0.9595,1,36.01,2026-08-18T00:00:00Z
1973824,Will Randy Fine be the Republican nominee for FL-06?,fl-06-republican-primary-winner,42459.34,24,0.965,1,0.01,2026-08-18T00:00:00Z
1973824,Will Randy Fine be the Republican nominee for FL-06?,fl-06-republican-primary-winner,42459.34,1,0.9845,1,0.0,2026-08-18T00:00:00Z
1973825,Will Charles Gambaro be the Republican nominee for FL-06?,fl-06-republican-primary-winner,17668.92,168,0.016,0,36.01,2026-08-18T00:00:00Z
1973825,Will Charles Gambaro be the Republican nominee for FL-06?,fl-06-republican-primary-winner,17668.92,24,0.0005,0,0.01,2026-08-18T00:00:00Z
1973825,Will Charles Gambaro be the Republican nominee for FL-06?,fl-06-republican-primary-winner,17668.92,1,0.0005,0,0.0,2026-08-18T00:00:00Z
1973826,Will Ernest Audino be the Republican nominee for FL-06?,fl-06-republican-primary-winner,20147.98,168,0.0005,0,36.01,2026-08-18T00:00:00Z
1973826,Will Ernest Audino be the Republican nominee for FL-06?,fl-06-republican-primary-winner,20147.98,24,0.0005,0,0.01,2026-08-18T00:00:00Z
1973826,Will Ernest Audino be the Republican nominee for FL-06?,fl-06-republican-primary-winner,20147.98,1,0.0005,0,0.0,2026-08-18T00:00:00Z
1973887,Will Scottie Scheffler win the 2026 TOUR Championship?,fedex-cup-playoffs-winner,30932.57,168,0.275,1,0.01,2026-08-31T00:00:00Z
1973887,Will Scottie Scheffler win the 2026 TOUR Championship?,fedex-cup-playoffs-winner,30932.57,24,0.19,1,0.01,2026-08-31T00:00:00Z
1973887,Will Scottie Scheffler win the 2026 TOUR Championship?,fedex-cup-playoffs-winner,30932.57,1,0.986,1,0.0,2026-08-31T00:00:00Z
1973888,Will Jacob Bridgeman win the 2026 TOUR Championship?,fedex-cup-playoffs-winner,25337.19,168,0.0045,0,0.01,2026-08-31T00:00:00Z
1973888,Will Jacob Bridgeman win the 2026 TOUR Championship?,fedex-cup-playoffs-winner,25337.19,24,0.007,0,0.01,2026-08-31T00:00:00Z
1973888,Will Jacob Bridgeman win the 2026 TOUR Championship?,fedex-cup-playoffs-winner,25337.19,1,0.0005,0,0.0,2026-08-31T00:00:00Z
1973890,Will Matt Fitzpatrick win the 2026 TOUR Championship?,fedex-cup-playoffs-winner,12257.12,168,0.036,0,0.01,2026-08-31T00:00:00Z
1973890,Will Matt Fitzpatrick win the 2026 TOUR Championship?,fedex-cup-playoffs-winner,12257.12,24,0.004,0,0.01,2026-08-31T00:00:00Z
1973890,Will Matt Fitzpatrick win the 2026 TOUR Championship?,fedex-cup-playoffs-winner,12257.12,1,0.001,0,1.0,2026-08-31T00:00:00Z
1973894,Will Min Woo Lee win the 2026 TOUR Championship?,fedex-cup-playoffs-winner,101020.69,168,0.0035,0,0.01,2026-08-31T00:00:00Z
1973894,Will Min Woo Lee win the 2026 TOUR Championship?,fedex-cup-playoffs-winner,101020.69,24,0.0075,0,0.01,2026-08-31T00:00:00Z
1973894,Will Min Woo Lee win the 2026 TOUR Championship?,fedex-cup-playoffs-winner,101020.69,1,0.0005,0,0.0,2026-08-31T00:00:00Z
1973896,Will Jake Knapp win the 2026 TOUR Championship?,fedex-cup-playoffs-winner,290327.26,168,0.001,0,0.01,2026-08-31T00:00:00Z
1973903,Will Sepp Straka win the 2026 TOUR Championship?,fedex-cup-playoffs-winner,18044.34,168,0.0045,0,0.01,2026-08-31T00:00:00Z
1973908,Will Nicolai Højgaard win the 2026 TOUR Championship?,fedex-cup-playoffs-winner,188722.41,168,0.0005,0,0.0,2026-08-31T00:00:00Z
1973911,Will Sahith Theegala win the 2026 TOUR Championship?,fedex-cup-playoffs-winner,1330903.78,168,0.001,0,0.01,2026-08-31T00:00:00Z
1973912,Will Gary Woodland win the 2026 TOUR Championship?,fedex-cup-playoffs-winner,318922.89,168,0.0095,0,0.01,2026-08-31T00:00:00Z
1973912,Will Gary Woodland win the 2026 TOUR Championship?,fedex-cup-playoffs-winner,318922.89,24,0.006,0,0.0,2026-08-31T00:00:00Z
1973912,Will Gary Woodland win the 2026 TOUR Championship?,fedex-cup-playoffs-winner,318922.89,1,0.0035,0,2.0,2026-08-31T00:00:00Z
1973915,Will Sudarshan Yellamaraju win the 2026 TOUR Championship?,fedex-cup-playoffs-winner,330244.1,168,0.0005,0,0.01,2026-08-31T00:00:00Z
1993060,Will Aisha Wahab win the CA-14 special election?,ca-14-special-election-winner,111999.89,168,0.835,1,36.01,2026-08-18T00:00:00Z
1993060,Will Aisha Wahab win the CA-14 special election?,ca-14-special-election-winner,111999.89,24,0.845,1,0.01,2026-08-18T00:00:00Z
1993060,Will Aisha Wahab win the CA-14 special election?,ca-14-special-election-winner,111999.89,1,0.86,1,0.01,2026-08-18T00:00:00Z
1993061,Will Melissa Hernandez win the CA-14 special election?,ca-14-special-election-winner,37655.07,168,0.161,0,36.01,2026-08-18T00:00:00Z
1993061,Will Melissa Hernandez win the CA-14 special election?,ca-14-special-election-winner,37655.07,24,0.1495,0,0.01,2026-08-18T00:00:00Z
1993061,Will Melissa Hernandez win the CA-14 special election?,ca-14-special-election-winner,37655.07,1,0.125,0,0.01,2026-08-18T00:00:00Z
1999469,Will the Workers' Party nominate Lula for President of Brazil by August 15?,will-the-workers-party-nominate-lula-for-president-of-brazil-by-august-15,199726.27,24,0.993,1,0.01,2026-08-15T06:00:00Z
1999469,Will the Workers' Party nominate Lula for President of Brazil by August 15?,will-the-workers-party-nominate-lula-for-president-of-brazil-by-august-15,199726.27,1,0.9995,1,0.0,2026-08-15T06:00:00Z
2044833,Will Elijah Manley be the Democratic nominee for FL-20?,fl-20-democratic-primary-winner,40380.42,168,0.09,0,36.0,2026-08-18T00:00:00Z
2044833,Will Elijah Manley be the Democratic nominee for FL-20?,fl-20-democratic-primary-winner,40380.42,24,0.085,0,0.0,2026-08-18T00:00:00Z
2044833,Will Elijah Manley be the Democratic nominee for FL-20?,fl-20-democratic-primary-winner,40380.42,1,0.105,0,0.0,2026-08-18T00:00:00Z
2044836,Will Debbie Wasserman Schultz be the Democratic nominee for FL-20?,fl-20-democratic-primary-winner,31657.29,168,0.915,1,36.01,2026-08-18T00:00:00Z
2044836,Will Debbie Wasserman Schultz be the Democratic nominee for FL-20?,fl-20-democratic-primary-winner,31657.29,24,0.915,1,0.01,2026-08-18T00:00:00Z
2044836,Will Debbie Wasserman Schultz be the Democratic nominee for FL-20?,fl-20-democratic-primary-winner,31657.29,1,0.905,1,0.01,2026-08-18T00:00:00Z
2127670,Will Gabriel Magalhães be named to the 2026 PFA Premier League Team of the Year?,epl-2026-team-of-the-season,10257.08,168,0.9,1,0.01,2026-08-21T00:00:00Z
2127670,Will Gabriel Magalhães be named to the 2026 PFA Premier League Team of the Year?,epl-2026-team-of-the-season,10257.08,24,0.929,1,0.01,2026-08-21T00:00:00Z
2127670,Will Gabriel Magalhães be named to the 2026 PFA Premier League Team of the Year?,epl-2026-team-of-the-season,10257.08,1,0.8925,1,0.01,2026-08-21T00:00:00Z
2127676,Will Declan Rice be named to the 2026 PFA Premier League Team of the Year?,epl-2026-team-of-the-season,10667.26,168,0.925,1,0.01,2026-08-21T00:00:00Z
2127676,Will Declan Rice be named to the 2026 PFA Premier League Team of the Year?,epl-2026-team-of-the-season,10667.26,24,0.9865,1,0.01,2026-08-21T00:00:00Z
2127676,Will Declan Rice be named to the 2026 PFA Premier League Team of the Year?,epl-2026-team-of-the-season,10667.26,1,0.9865,1,0.01,2026-08-21T00:00:00Z
2127677,Will Bruno Fernandes be named to the 2026 PFA Premier League Team of the Year?,epl-2026-team-of-the-season,11020.3,168,0.921,1,0.01,2026-08-21T00:00:00Z
2127677,Will Bruno Fernandes be named to the 2026 PFA Premier League Team of the Year?,epl-2026-team-of-the-season,11020.3,24,0.9755,1,0.01,2026-08-21T00:00:00Z
2127677,Will Bruno Fernandes be named to the 2026 PFA Premier League Team of the Year?,epl-2026-team-of-the-season,11020.3,1,0.976,1,0.0,2026-08-21T00:00:00Z
2127683,Will Erling Haaland be named to the 2026 PFA Premier League Team of the Year?,epl-2026-team-of-the-season,13080.57,168,0.93,1,0.0,2026-08-21T00:00:00Z
2127683,Will Erling Haaland be named to the 2026 PFA Premier League Team of the Year?,epl-2026-team-of-the-season,13080.57,24,0.92,1,0.01,2026-08-21T00:00:00Z
2127683,Will Erling Haaland be named to the 2026 PFA Premier League Team of the Year?,epl-2026-team-of-the-season,13080.57,1,0.915,1,0.0,2026-08-21T00:00:00Z
2127686,Will João Pedro be named to the 2026 PFA Premier League Team of the Year?,epl-2026-team-of-the-season,15327.1,168,0.095,0,0.01,2026-08-21T00:00:00Z
2127686,Will João Pedro be named to the 2026 PFA Premier League Team of the Year?,epl-2026-team-of-the-season,15327.1,24,0.12,0,0.01,2026-08-21T00:00:00Z
2127686,Will João Pedro be named to the 2026 PFA Premier League Team of the Year?,epl-2026-team-of-the-season,15327.1,1,0.12,0,0.0,2026-08-21T00:00:00Z
2183578,Will Kylian Mbappe leave Real Madrid before August 31?,will-kylian-mbappe-leave-real-madrid-before-august-31,25080.06,168,0.005,0,0.03,2026-09-01T03:59:00Z
2183578,Will Kylian Mbappe leave Real Madrid before August 31?,will-kylian-mbappe-leave-real-madrid-before-august-31,25080.06,24,0.0075,0,0.02,2026-09-01T03:59:00Z
2183578,Will Kylian Mbappe leave Real Madrid before August 31?,will-kylian-mbappe-leave-real-madrid-before-august-31,25080.06,1,0.008,0,0.02,2026-09-01T03:59:00Z
2244513,Will AfD win an absolute majority of seats in Sachsen-Anhalt?,will-afd-win-an-absolute-majority-of-seats-in-sachsen-anhalt,1377255.68,720,0.305,0,132.01,2026-09-06T00:00:00Z
2244513,Will AfD win an absolute majority of seats in Sachsen-Anhalt?,will-afd-win-an-absolute-majority-of-seats-in-sachsen-anhalt,1377255.68,168,0.175,0,0.01,2026-09-06T00:00:00Z
2244513,Will AfD win an absolute majority of seats in Sachsen-Anhalt?,will-afd-win-an-absolute-majority-of-seats-in-sachsen-anhalt,1377255.68,24,0.185,0,0.01,2026-09-06T00:00:00Z
2244513,Will AfD win an absolute majority of seats in Sachsen-Anhalt?,will-afd-win-an-absolute-majority-of-seats-in-sachsen-anhalt,1377255.68,1,0.165,0,0.01,2026-09-06T00:00:00Z
2292417,St. Louis Cardinals vs. Cincinnati Reds,mlb-stl-cin-2026-05-24,1321610.46,168,0.715,1,0.34,2026-08-24T17:40:00Z
2292418,Will there be a run scored in the first inning?: St. Louis Cardinals vs. Cincinnati Reds,mlb-stl-cin-2026-05-24,12121.43,168,0.9945,1,0.34,2026-08-24T17:40:00Z
2296217,"Will Elon Musk tweet ""Hyperliquid"" by August 31, 2026?",will-elon-musk-tweet-about-hyperliquid-by,12101.51,168,0.017,0,0.01,2026-09-01T04:00:00Z
2296217,"Will Elon Musk tweet ""Hyperliquid"" by August 31, 2026?",will-elon-musk-tweet-about-hyperliquid-by,12101.51,24,0.0155,0,0.0,2026-09-01T04:00:00Z
2296217,"Will Elon Musk tweet ""Hyperliquid"" by August 31, 2026?",will-elon-musk-tweet-about-hyperliquid-by,12101.51,1,0.0105,0,0.01,2026-09-01T04:00:00Z
2313101,"Fnatic merger/acquisition announced by September 1, 2026?",fnatic-mergeracquisition-announced-by,10269.57,168,0.115,0,0.02,2026-09-02T03:59:00Z
2313101,"Fnatic merger/acquisition announced by September 1, 2026?",fnatic-mergeracquisition-announced-by,10269.57,24,0.1035,0,0.02,2026-09-02T03:59:00Z
2313101,"Fnatic merger/acquisition announced by September 1, 2026?",fnatic-mergeracquisition-announced-by,10269.57,1,0.026,0,0.02,2026-09-02T03:59:00Z
2321903,Will Japan Q2 GDP growth (annualized) be between -0.8% and 0.0%?,japan-gdp-growth-in-q2-2026-qoq-annualized,13318.07,24,0.0105,0,0.01,2026-08-17T00:00:00Z
2321903,Will Japan Q2 GDP growth (annualized) be between -0.8% and 0.0%?,japan-gdp-growth-in-q2-2026-qoq-annualized,13318.07,1,0.018,0,0.0,2026-08-17T00:00:00Z
2321904,Will Japan Q2 GDP growth (annualized) be between 0.0% and 0.8%?,japan-gdp-growth-in-q2-2026-qoq-annualized,42137.21,24,0.065,0,0.0,2026-08-17T00:00:00Z
2321904,Will Japan Q2 GDP growth (annualized) be between 0.0% and 0.8%?,japan-gdp-growth-in-q2-2026-qoq-annualized,42137.21,1,0.044,0,0.0,2026-08-17T00:00:00Z
2321905,Will Japan Q2 GDP growth (annualized) be between 0.8% and 1.6%?,japan-gdp-growth-in-q2-2026-qoq-annualized,22323.5,24,0.115,1,0.0,2026-08-17T00:00:00Z
2321905,Will Japan Q2 GDP growth (annualized) be between 0.8% and 1.6%?,japan-gdp-growth-in-q2-2026-qoq-annualized,22323.5,1,0.0245,1,0.0,2026-08-17T00:00:00Z
2340756,Spread: St. Louis Cardinals (-1.5),mlb-stl-cin-2026-05-24,169926.41,24,0.375,0,0.34,2026-08-17T17:40:00Z
2340756,Spread: St. Louis Cardinals (-1.5),mlb-stl-cin-2026-05-24,169926.41,1,0.405,0,0.34,2026-08-17T17:40:00Z
2340757,St. Louis Cardinals vs. Cincinnati Reds: O/U 9.5,mlb-stl-cin-2026-05-24,368542.9,24,0.575,0,0.34,2026-08-17T17:40:00Z
2340757,St. Louis Cardinals vs. Cincinnati Reds: O/U 9.5,mlb-stl-cin-2026-05-24,368542.9,1,0.485,0,0.34,2026-08-17T17:40:00Z
2341056,St. Louis Cardinals vs. Cincinnati Reds: O/U 10.5,mlb-stl-cin-2026-05-24,10467.54,24,0.425,0,0.34,2026-08-17T17:40:00Z
2341056,St. Louis Cardinals vs. Cincinnati Reds: O/U 10.5,mlb-stl-cin-2026-05-24,10467.54,1,0.405,0,0.34,2026-08-17T17:40:00Z
2341061,St. Louis Cardinals vs. Cincinnati Reds: O/U 8.5,mlb-stl-cin-2026-05-24,12735.16,24,0.585,0,0.34,2026-08-17T17:40:00Z
2341061,St. Louis Cardinals vs. Cincinnati Reds: O/U 8.5,mlb-stl-cin-2026-05-24,12735.16,1,0.585,0,0.34,2026-08-17T17:40:00Z
2356726,Will the Bank of Israel cut by 50 bps or more at the August 2026 meeting?,bank-of-israel-decision-in-august,11526.09,168,0.0005,0,0.01,2026-08-31T00:00:00Z
2356726,Will the Bank of Israel cut by 50 bps or more at the August 2026 meeting?,bank-of-israel-decision-in-august,11526.09,24,0.0005,0,0.01,2026-08-31T00:00:00Z
2356726,Will the Bank of Israel cut by 50 bps or more at the August 2026 meeting?,bank-of-israel-decision-in-august,11526.09,1,0.0005,0,0.0,2026-08-31T00:00:00Z
2356727,Will the Bank of Israel hold at the August 2026 meeting?,bank-of-israel-decision-in-august,75368.44,168,0.89,0,0.01,2026-08-31T00:00:00Z
2356727,Will the Bank of Israel hold at the August 2026 meeting?,bank-of-israel-decision-in-august,75368.44,24,0.89,0,0.01,2026-08-31T00:00:00Z
2356727,Will the Bank of Israel hold at the August 2026 meeting?,bank-of-israel-decision-in-august,75368.44,1,0.905,0,0.0,2026-08-31T00:00:00Z
2361891,Will Matt Schultz advance from the AK-AL primary election?,alaska-at-large-primary-winners,17136.18,168,0.467,0,36.01,2026-08-18T00:00:00Z
2361891,Will Matt Schultz advance from the AK-AL primary election?,alaska-at-large-primary-winners,17136.18,24,0.195,0,0.01,2026-08-18T00:00:00Z
2361891,Will Matt Schultz advance from the AK-AL primary election?,alaska-at-large-primary-winners,17136.18,1,0.5945,0,0.0,2026-08-18T00:00:00Z
2361894,Will John Williams advance from the AK-AL primary election?,alaska-at-large-primary-winners,14307.78,168,0.67,0,36.01,2026-08-18T00:00:00Z
2361894,Will John Williams advance from the AK-AL primary election?,alaska-at-large-primary-winners,14307.78,24,0.725,0,0.01,2026-08-18T00:00:00Z
2361894,Will John Williams advance from the AK-AL primary election?,alaska-at-large-primary-winners,14307.78,1,0.65,0,0.0,2026-08-18T00:00:00Z
2363939,Will the Bank of Israel cut by 25 bps at the August 2026 meeting?,bank-of-israel-decision-in-august,41742.93,168,0.115,1,0.0,2026-08-31T00:00:00Z
2363939,Will the Bank of Israel cut by 25 bps at the August 2026 meeting?,bank-of-israel-decision-in-august,41742.93,24,0.115,1,0.0,2026-08-31T00:00:00Z
2363939,Will the Bank of Israel cut by 25 bps at the August 2026 meeting?,bank-of-israel-decision-in-august,41742.93,1,0.06,1,0.0,2026-08-31T00:00:00Z
2378914,Will the Bank of Korea hold at the August 2026 meeting?,bank-of-korea-decision-in-august,29862.17,168,0.615,0,0.01,2026-08-26T00:00:00Z
2378914,Will the Bank of Korea hold at the August 2026 meeting?,bank-of-korea-decision-in-august,29862.17,24,0.315,0,0.01,2026-08-26T00:00:00Z
2378914,Will the Bank of Korea hold at the August 2026 meeting?,bank-of-korea-decision-in-august,29862.17,1,0.33,0,0.01,2026-08-26T00:00:00Z
2378915,Will the Bank of Korea hike by 25 bps at the August 2026 meeting?,bank-of-korea-decision-in-august,28022.16,168,0.375,1,0.01,2026-08-26T00:00:00Z
2378915,Will the Bank of Korea hike by 25 bps at the August 2026 meeting?,bank-of-korea-decision-in-august,28022.16,24,0.705,1,0.01,2026-08-26T00:00:00Z
2378915,Will the Bank of Korea hike by 25 bps at the August 2026 meeting?,bank-of-korea-decision-in-august,28022.16,1,0.67,1,0.01,2026-08-26T00:00:00Z
2378916,Will the Bank of Korea hike by 50 bps or more at the August 2026 meeting?,bank-of-korea-decision-in-august,66151.86,168,0.0005,0,0.01,2026-08-26T00:00:00Z
2378916,Will the Bank of Korea hike by 50 bps or more at the August 2026 meeting?,bank-of-korea-decision-in-august,66151.86,24,0.0005,0,0.01,2026-08-26T00:00:00Z
2378916,Will the Bank of Korea hike by 50 bps or more at the August 2026 meeting?,bank-of-korea-decision-in-august,66151.86,1,0.0005,0,0.01,2026-08-26T00:00:00Z
2402159,Boston Red Sox vs. New York Yankees,mlb-bos-nyy-2026-06-06,1333326.57,720,0.535,1,138.92,2026-09-05T17:05:00Z
2402159,Boston Red Sox vs. New York Yankees,mlb-bos-nyy-2026-06-06,1333326.57,168,0.505,1,0.08,2026-09-05T17:05:00Z
2402160,Will there be a run scored in the first inning?: Boston Red Sox vs. New York Yankees,mlb-bos-nyy-2026-06-06,11090.88,720,0.55,1,138.92,2026-09-05T17:05:00Z
2402160,Will there be a run scored in the first inning?: Boston Red Sox vs. New York Yankees,mlb-bos-nyy-2026-06-06,11090.88,168,0.445,1,0.08,2026-09-05T17:05:00Z
2428142,Will Brazil's Q2 2026 GDP growth rate (QoQ) be between 0.3% and 0.5%?,brazil-gdp-growth-in-q2-2026-qoq,31148.83,168,0.6355,1,0.02,2026-09-01T23:59:00Z
2428142,Will Brazil's Q2 2026 GDP growth rate (QoQ) be between 0.3% and 0.5%?,brazil-gdp-growth-in-q2-2026-qoq,31148.83,24,0.7715,1,0.02,2026-09-01T23:59:00Z
2428143,Will Brazil's Q2 2026 GDP growth rate (QoQ) be between 0.6% and 0.8%?,brazil-gdp-growth-in-q2-2026-qoq,16893.78,168,0.081,0,0.02,2026-09-01T23:59:00Z
2428143,Will Brazil's Q2 2026 GDP growth rate (QoQ) be between 0.6% and 0.8%?,brazil-gdp-growth-in-q2-2026-qoq,16893.78,24,0.1515,0,0.03,2026-09-01T23:59:00Z
2438747,Italy Senate approves Nuclear Power Bill by August 31?,italy-senate-approves-nuclear-power-bill-by-august-31,26155.35,168,0.01,0,0.02,2026-08-31T21:59:00Z
2438747,Italy Senate approves Nuclear Power Bill by August 31?,italy-senate-approves-nuclear-power-bill-by-august-31,26155.35,24,0.0045,0,0.02,2026-08-31T21:59:00Z
2438747,Italy Senate approves Nuclear Power Bill by August 31?,italy-senate-approves-nuclear-power-bill-by-august-31,26155.35,1,0.005,0,0.02,2026-08-31T21:59:00Z
2443691,Atlanta Braves vs. Chicago White Sox,mlb-atl-cws-2026-06-11,1218451.37,168,0.505,1,0.16,2026-08-27T18:10:00Z
2446412,Spread: New York Yankees (-1.5),mlb-bos-nyy-2026-06-06,15276.99,168,0.29,0,0.08,2026-08-29T17:05:00Z
2446412,Spread: New York Yankees (-1.5),mlb-bos-nyy-2026-06-06,15276.99,24,0.205,0,0.08,2026-08-29T17:05:00Z
2446412,Spread: New York Yankees (-1.5),mlb-bos-nyy-2026-06-06,15276.99,1,0.335,0,0.08,2026-08-29T17:05:00Z
2446413,Boston Red Sox vs. New York Yankees: O/U 8.5,mlb-bos-nyy-2026-06-06,125422.07,168,0.375,0,0.08,2026-08-29T17:05:00Z
2446413,Boston Red Sox vs. New York Yankees: O/U 8.5,mlb-bos-nyy-2026-06-06,125422.07,24,0.375,0,0.08,2026-08-29T17:05:00Z
2446413,Boston Red Sox vs. New York Yankees: O/U 8.5,mlb-bos-nyy-2026-06-06,125422.07,1,0.425,0,0.08,2026-08-29T17:05:00Z
2446611,Will Hakainde Hichilema win the 2026 Zambian presidential elections?,zambia-presidential-election-winner-20260604205247322,122664.04,24,0.915,1,0.03,2026-08-14T03:59:00Z
2446611,Will Hakainde Hichilema win the 2026 Zambian presidential elections?,zambia-presidential-election-winner-20260604205247322,122664.04,1,0.941,1,0.02,2026-08-14T03:59:00Z
2446612,Will Brian Mundubile win the 2026 Zambian presidential elections?,zambia-presidential-election-winner-20260604205247322,93002.45,24,0.075,0,0.03,2026-08-14T03:59:00Z
2446612,Will Brian Mundubile win the 2026 Zambian presidential elections?,zambia-presidential-election-winner-20260604205247322,93002.45,1,0.059,0,0.02,2026-08-14T03:59:00Z
2446613,Will Fred M'membe win the 2026 Zambian presidential elections?,zambia-presidential-election-winner-20260604205247322,20498.21,24,0.002,0,0.03,2026-08-14T03:59:00Z
2446613,Will Fred M'membe win the 2026 Zambian presidential elections?,zambia-presidential-election-winner-20260604205247322,20498.21,1,0.0005,0,0.02,2026-08-14T03:59:00Z
2446889,Will voter turnout be between 50% and 60% in the first round of the 2026 Zambian presidential elections?,zambia-presidential-election-1st-round-turnout-20260604214258491,11780.21,24,0.365,1,0.02,2026-08-14T03:59:00Z
2446889,Will voter turnout be between 50% and 60% in the first round of the 2026 Zambian presidential elections?,zambia-presidential-election-1st-round-turnout-20260604214258491,11780.21,1,0.245,1,0.02,2026-08-14T03:59:00Z
2446890,Will voter turnout be between 60% and 70% in the first round of the 2026 Zambian presidential elections?,zambia-presidential-election-1st-round-turnout-20260604214258491,14468.9,24,0.61,0,0.03,2026-08-14T03:59:00Z
2446890,Will voter turnout be between 60% and 70% in the first round of the 2026 Zambian presidential elections?,zambia-presidential-election-1st-round-turnout-20260604214258491,14468.9,1,0.57,0,0.02,2026-08-14T03:59:00Z
2447093,Pro Football: Aaron Donald to sign with any team before 2026-27 Regular Season?,pro-football-aaron-donald-to-sign-with-any-team-before-2026-27-regular-season,15315.25,720,0.795,1,8.02,2026-09-11T03:59:00Z
2448882,Boston Red Sox vs. New York Yankees: O/U 7.5,mlb-bos-nyy-2026-06-06,240863.08,168,0.605,0,0.08,2026-08-29T17:05:00Z
2448882,Boston Red Sox vs. New York Yankees: O/U 7.5,mlb-bos-nyy-2026-06-06,240863.08,24,0.4945,0,0.08,2026-08-29T17:05:00Z
2448882,Boston Red Sox vs. New York Yankees: O/U 7.5,mlb-bos-nyy-2026-06-06,240863.08,1,0.5105,0,0.08,2026-08-29T17:05:00Z
2470058,Detroit Tigers vs. Cleveland Guardians,mlb-det-cle-2026-06-14,745426.5,720,0.585,0,0.16,2026-09-11T18:10:00Z
2470058,Detroit Tigers vs. Cleveland Guardians,mlb-det-cle-2026-06-14,745426.5,168,0.455,0,0.16,2026-09-11T18:10:00Z
2487205,"Next Mythos-Class Model released by August 31, 2026?",next-mythos-class-model-released-by,380203.8,168,0.29,0,0.02,2026-08-31T03:59:00Z
2487205,"Next Mythos-Class Model released by August 31, 2026?",next-mythos-class-model-released-by,380203.8,24,0.275,0,0.02,2026-08-31T03:59:00Z
2487205,"Next Mythos-Class Model released by August 31, 2026?",next-mythos-class-model-released-by,380203.8,1,0.205,0,0.02,2026-08-31T03:59:00Z
2496475,"Will ""hate that i made you love me - Ariana Grande"" be the song of the summer?",2026-song-of-the-summer-20260610191834334,45252.32,168,0.045,0,0.03,2026-09-01T03:59:00Z
2496475,"Will ""hate that i made you love me - Ariana Grande"" be the song of the summer?",2026-song-of-the-summer-20260610191834334,45252.32,24,0.024,0,0.02,2026-09-01T03:59:00Z
2496475,"Will ""hate that i made you love me - Ariana Grande"" be the song of the summer?",2026-song-of-the-summer-20260610191834334,45252.32,1,0.027,0,0.02,2026-09-01T03:59:00Z
2501181,Spread: Atlanta Braves (-1.5),mlb-atl-cws-2026-06-11,81713.52,168,0.21,1,0.16,2026-08-20T18:10:00Z
2501181,Spread: Atlanta Braves (-1.5),mlb-atl-cws-2026-06-11,81713.52,24,0.395,1,0.16,2026-08-20T18:10:00Z
2501181,Spread: Atlanta Braves (-1.5),mlb-atl-cws-2026-06-11,81713.52,1,0.375,1,0.16,2026-08-20T18:10:00Z
2501182,Atlanta Braves vs. Chicago White Sox: O/U 8.5,mlb-atl-cws-2026-06-11,350938.21,168,0.595,0,0.16,2026-08-20T18:10:00Z
2501182,Atlanta Braves vs. Chicago White Sox: O/U 8.5,mlb-atl-cws-2026-06-11,350938.21,24,0.535,0,0.16,2026-08-20T18:10:00Z
2501182,Atlanta Braves vs. Chicago White Sox: O/U 8.5,mlb-atl-cws-2026-06-11,350938.21,1,0.525,0,0.16,2026-08-20T18:10:00Z
2501750,Atlanta Braves vs. Chicago White Sox: O/U 5.5,mlb-atl-cws-2026-06-11,10949.77,168,0.745,0,0.16,2026-08-20T18:10:00Z
2501750,Atlanta Braves vs. Chicago White Sox: O/U 5.5,mlb-atl-cws-2026-06-11,10949.77,24,0.695,0,0.16,2026-08-20T18:10:00Z
2501750,Atlanta Braves vs. Chicago White Sox: O/U 5.5,mlb-atl-cws-2026-06-11,10949.77,1,0.775,0,0.16,2026-08-20T18:10:00Z
2501920,Spread: Atlanta Braves (-2.5),mlb-atl-cws-2026-06-11,25030.64,168,0.325,0,0.16,2026-08-20T18:10:00Z
2501920,Spread: Atlanta Braves (-2.5),mlb-atl-cws-2026-06-11,25030.64,24,0.305,0,0.16,2026-08-20T18:10:00Z
2501920,Spread: Atlanta Braves (-2.5),mlb-atl-cws-2026-06-11,25030.64,1,0.285,0,0.16,2026-08-20T18:10:00Z
2507618,Kharg Island no longer under Iranian control by August 31?,kharg-island-no-longer-under-iranian-control-by-march-31,5917973.91,168,0.0045,0,0.03,2026-09-01T03:59:00Z
2507618,Kharg Island no longer under Iranian control by August 31?,kharg-island-no-longer-under-iranian-control-by-march-31,5917973.91,24,0.0005,0,0.02,2026-09-01T03:59:00Z
2507618,Kharg Island no longer under Iranian control by August 31?,kharg-island-no-longer-under-iranian-control-by-march-31,5917973.91,1,0.0005,0,0.02,2026-09-01T03:59:00Z
2517174,San Francisco Giants vs. Atlanta Braves,mlb-sf-atl-2026-06-18,733258.21,720,0.445,1,85.92,2026-09-07T22:05:00Z
2517174,San Francisco Giants vs. Atlanta Braves,mlb-sf-atl-2026-06-18,733258.21,168,0.355,1,0.08,2026-09-07T22:05:00Z
2534132,Spread: Cleveland Guardians (-1.5),mlb-det-cle-2026-06-14,22688.54,720,0.335,0,161.84,2026-09-04T18:10:00Z
2534132,Spread: Cleveland Guardians (-1.5),mlb-det-cle-2026-06-14,22688.54,168,0.36,0,0.16,2026-09-04T18:10:00Z
2534132,Spread: Cleveland Guardians (-1.5),mlb-det-cle-2026-06-14,22688.54,24,0.475,0,0.16,2026-09-04T18:10:00Z
2534132,Spread: Cleveland Guardians (-1.5),mlb-det-cle-2026-06-14,22688.54,1,0.37,0,0.16,2026-09-04T18:10:00Z
2534133,Detroit Tigers vs. Cleveland Guardians: O/U 7.5,mlb-det-cle-2026-06-14,12686.26,720,0.51,1,161.84,2026-09-04T18:10:00Z
2534133,Detroit Tigers vs. Cleveland Guardians: O/U 7.5,mlb-det-cle-2026-06-14,12686.26,168,0.63,1,0.16,2026-09-04T18:10:00Z
2534133,Detroit Tigers vs. Cleveland Guardians: O/U 7.5,mlb-det-cle-2026-06-14,12686.26,24,0.575,1,0.16,2026-09-04T18:10:00Z
2534133,Detroit Tigers vs. Cleveland Guardians: O/U 7.5,mlb-det-cle-2026-06-14,12686.26,1,0.57,1,0.16,2026-09-04T18:10:00Z
2534739,Detroit Tigers vs. Cleveland Guardians: O/U 8.5,mlb-det-cle-2026-06-14,29203.7,720,0.36,1,161.84,2026-09-04T18:10:00Z
2534739,Detroit Tigers vs. Cleveland Guardians: O/U 8.5,mlb-det-cle-2026-06-14,29203.7,168,0.355,1,0.16,2026-09-04T18:10:00Z
2534739,Detroit Tigers vs. Cleveland Guardians: O/U 8.5,mlb-det-cle-2026-06-14,29203.7,24,0.385,1,0.16,2026-09-04T18:10:00Z
2534739,Detroit Tigers vs. Cleveland Guardians: O/U 8.5,mlb-det-cle-2026-06-14,29203.7,1,0.485,1,0.16,2026-09-04T18:10:00Z
2553042,Will Emiliano Martinez join Chelsea?,where-will-emiliano-martinez-transfer-20260612234353773,13065.57,168,0.3415,1,0.02,2026-09-02T03:59:00Z
2553053,Will Emiliano Martinez stay at Aston Villa?,where-will-emiliano-martinez-transfer-20260612234353773,79291.96,168,0.425,0,0.02,2026-09-02T03:59:00Z
2553062,Will Leon Goretzka join AC Milan?,where-will-leon-goretzka-transfer-20260612231121906,10420.35,168,0.0325,0,0.02,2026-09-02T03:59:00Z
2553120,Will Aurelien Tchouameni stay at Real Madrid?,where-will-aurelien-tchouameni-transfer-20260612233725155,75475.64,168,0.964,1,0.02,2026-09-02T03:59:00Z
2553120,Will Aurelien Tchouameni stay at Real Madrid?,where-will-aurelien-tchouameni-transfer-20260612233725155,75475.64,24,0.9965,1,0.02,2026-09-02T03:59:00Z
2553120,Will Aurelien Tchouameni stay at Real Madrid?,where-will-aurelien-tchouameni-transfer-20260612233725155,75475.64,1,0.9995,1,0.02,2026-09-02T03:59:00Z
2554071,Will Nico Schlotterbeck join Manchester City?,where-will-nico-schlotterbeck-transfer-20260612234038080,17619.27,168,0.009,0,0.02,2026-09-02T03:59:00Z
2554071,Will Nico Schlotterbeck join Manchester City?,where-will-nico-schlotterbeck-transfer-20260612234038080,17619.27,24,0.0095,0,0.02,2026-09-02T03:59:00Z
2554071,Will Nico Schlotterbeck join Manchester City?,where-will-nico-schlotterbeck-transfer-20260612234038080,17619.27,1,0.008,0,0.02,2026-09-02T03:59:00Z
2554082,Will Nico Schlotterbeck stay at Borussia Dortmund?,where-will-nico-schlotterbeck-transfer-20260612234038080,11780.6,168,0.9875,1,0.02,2026-09-02T03:59:00Z
2554082,Will Nico Schlotterbeck stay at Borussia Dortmund?,where-will-nico-schlotterbeck-transfer-20260612234038080,11780.6,24,0.988,1,0.02,2026-09-02T03:59:00Z
2554082,Will Nico Schlotterbeck stay at Borussia Dortmund?,where-will-nico-schlotterbeck-transfer-20260612234038080,11780.6,1,0.9885,1,0.02,2026-09-02T03:59:00Z
2554098,Will Enzo Fernandez join Real Madrid?,where-will-enzo-fernandez-transfer-20260612231640461,54598.6,168,0.001,0,0.02,2026-09-02T03:59:00Z
2554098,Will Enzo Fernandez join Real Madrid?,where-will-enzo-fernandez-transfer-20260612231640461,54598.6,24,0.0005,0,0.02,2026-09-02T03:59:00Z
2554098,Will Enzo Fernandez join Real Madrid?,where-will-enzo-fernandez-transfer-20260612231640461,54598.6,1,0.0005,0,2.98,2026-09-02T03:59:00Z
2554099,Will Enzo Fernandez join Barcelona?,where-will-enzo-fernandez-transfer-20260612231640461,12746.21,168,0.0005,0,0.02,2026-09-02T03:59:00Z
2554099,Will Enzo Fernandez join Barcelona?,where-will-enzo-fernandez-transfer-20260612231640461,12746.21,24,0.0005,0,0.02,2026-09-02T03:59:00Z
2554099,Will Enzo Fernandez join Barcelona?,where-will-enzo-fernandez-transfer-20260612231640461,12746.21,1,0.0005,0,2.98,2026-09-02T03:59:00Z
2554100,Will Enzo Fernandez join Bayern Munich?,where-will-enzo-fernandez-transfer-20260612231640461,12600.68,168,0.001,0,0.02,2026-09-02T03:59:00Z
2554100,Will Enzo Fernandez join Bayern Munich?,where-will-enzo-fernandez-transfer-20260612231640461,12600.68,24,0.0005,0,0.02,2026-09-02T03:59:00Z
2554100,Will Enzo Fernandez join Bayern Munich?,where-will-enzo-fernandez-transfer-20260612231640461,12600.68,1,0.0005,0,2.98,2026-09-02T03:59:00Z
2554101,Will Enzo Fernandez join Atletico Madrid?,where-will-enzo-fernandez-transfer-20260612231640461,21697.12,168,0.0005,0,0.02,2026-09-02T03:59:00Z
2554101,Will Enzo Fernandez join Atletico Madrid?,where-will-enzo-fernandez-transfer-20260612231640461,21697.12,24,0.0005,0,0.02,2026-09-02T03:59:00Z
2554101,Will Enzo Fernandez join Atletico Madrid?,where-will-enzo-fernandez-transfer-20260612231640461,21697.12,1,0.0005,0,2.98,2026-09-02T03:59:00Z
2554102,Will Enzo Fernandez join Paris Saint-Germain?,where-will-enzo-fernandez-transfer-20260612231640461,12431.64,168,0.0005,0,0.02,2026-09-02T03:59:00Z
2554102,Will Enzo Fernandez join Paris Saint-Germain?,where-will-enzo-fernandez-transfer-20260612231640461,12431.64,24,0.0005,0,0.02,2026-09-02T03:59:00Z
2554102,Will Enzo Fernandez join Paris Saint-Germain?,where-will-enzo-fernandez-transfer-20260612231640461,12431.64,1,0.0005,0,2.98,2026-09-02T03:59:00Z
2554103,Will Enzo Fernandez join Manchester City?,where-will-enzo-fernandez-transfer-20260612231640461,182081.56,168,0.845,1,0.02,2026-09-02T03:59:00Z
2554103,Will Enzo Fernandez join Manchester City?,where-will-enzo-fernandez-transfer-20260612231640461,182081.56,24,0.86,1,0.02,2026-09-02T03:59:00Z
2554103,Will Enzo Fernandez join Manchester City?,where-will-enzo-fernandez-transfer-20260612231640461,182081.56,1,0.9995,1,2.98,2026-09-02T03:59:00Z
2554113,Will Enzo Fernandez stay at Chelsea?,where-will-enzo-fernandez-transfer-20260612231640461,193129.73,168,0.116,0,0.02,2026-09-02T03:59:00Z
2554113,Will Enzo Fernandez stay at Chelsea?,where-will-enzo-fernandez-transfer-20260612231640461,193129.73,24,0.133,0,0.02,2026-09-02T03:59:00Z
2554113,Will Enzo Fernandez stay at Chelsea?,where-will-enzo-fernandez-transfer-20260612231640461,193129.73,1,0.0005,0,2.98,2026-09-02T03:59:00Z
2555508,Will Julian Alvarez join Real Madrid?,where-will-julian-alvarez-transfer-20260612230221012,35560.78,168,0.0015,0,0.02,2026-09-02T03:59:00Z
2555508,Will Julian Alvarez join Real Madrid?,where-will-julian-alvarez-transfer-20260612230221012,35560.78,24,0.0005,0,0.02,2026-09-02T03:59:00Z
2555508,Will Julian Alvarez join Real Madrid?,where-will-julian-alvarez-transfer-20260612230221012,35560.78,1,0.0005,0,0.02,2026-09-02T03:59:00Z
2555509,Will Julian Alvarez join Barcelona?,where-will-julian-alvarez-transfer-20260612230221012,353334.75,168,0.1225,0,0.02,2026-09-02T03:59:00Z
2555509,Will Julian Alvarez join Barcelona?,where-will-julian-alvarez-transfer-20260612230221012,353334.75,24,0.0345,0,0.02,2026-09-02T03:59:00Z
2555509,Will Julian Alvarez join Barcelona?,where-will-julian-alvarez-transfer-20260612230221012,353334.75,1,0.0015,0,0.02,2026-09-02T03:59:00Z
2555510,Will Julian Alvarez join Manchester City?,where-will-julian-alvarez-transfer-20260612230221012,58934.89,168,0.0005,0,0.02,2026-09-02T03:59:00Z
2555510,Will Julian Alvarez join Manchester City?,where-will-julian-alvarez-transfer-20260612230221012,58934.89,24,0.0005,0,0.02,2026-09-02T03:59:00Z
2555510,Will Julian Alvarez join Manchester City?,where-will-julian-alvarez-transfer-20260612230221012,58934.89,1,0.0005,0,0.02,2026-09-02T03:59:00Z
2555511,Will Julian Alvarez join Chelsea?,where-will-julian-alvarez-transfer-20260612230221012,88179.2,168,0.0295,0,0.02,2026-09-02T03:59:00Z
2555511,Will Julian Alvarez join Chelsea?,where-will-julian-alvarez-transfer-20260612230221012,88179.2,24,0.004,0,0.02,2026-09-02T03:59:00Z
2555511,Will Julian Alvarez join Chelsea?,where-will-julian-alvarez-transfer-20260612230221012,88179.2,1,0.0005,0,0.02,2026-09-02T03:59:00Z
2555512,Will Julian Alvarez join Arsenal?,where-will-julian-alvarez-transfer-20260612230221012,286876.74,168,0.137,0,0.02,2026-09-02T03:59:00Z
2555512,Will Julian Alvarez join Arsenal?,where-will-julian-alvarez-transfer-20260612230221012,286876.74,24,0.0975,0,0.02,2026-09-02T03:59:00Z
2555512,Will Julian Alvarez join Arsenal?,where-will-julian-alvarez-transfer-20260612230221012,286876.74,1,0.0005,0,0.02,2026-09-02T03:59:00Z
2555530,Will Julian Alvarez stay at Atletico Madrid?,where-will-julian-alvarez-transfer-20260612230221012,411708.48,168,0.7045,1,0.02,2026-09-02T03:59:00Z
2555530,Will Julian Alvarez stay at Atletico Madrid?,where-will-julian-alvarez-transfer-20260612230221012,411708.48,24,0.8535,1,0.02,2026-09-02T03:59:00Z
2555530,Will Julian Alvarez stay at Atletico Madrid?,where-will-julian-alvarez-transfer-20260612230221012,411708.48,1,0.9975,1,0.02,2026-09-02T03:59:00Z
2555641,Will Eduardo Camavinga stay at Real Madrid?,where-will-eduardo-camavinga-transfer-20260612224955761,53246.74,168,0.917,1,0.02,2026-09-02T03:59:00Z
2555641,Will Eduardo Camavinga stay at Real Madrid?,where-will-eduardo-camavinga-transfer-20260612224955761,53246.74,24,0.994,1,0.02,2026-09-02T03:59:00Z
2555641,Will Eduardo Camavinga stay at Real Madrid?,where-will-eduardo-camavinga-transfer-20260612224955761,53246.74,1,0.997,1,0.02,2026-09-02T03:59:00Z
2555679,Will Bradley Barcola join Liverpool?,where-will-bradley-barcola-transfer-20260612224628256,72344.6,168,0.826,1,0.02,2026-09-02T03:59:00Z
2555684,Will Bradley Barcola join Arsenal?,where-will-bradley-barcola-transfer-20260612224628256,10159.36,168,0.037,0,0.02,2026-09-02T03:59:00Z
2555694,Will Bradley Barcola stay at Paris Saint-Germain?,where-will-bradley-barcola-transfer-20260612224628256,31137.11,168,0.141,0,0.02,2026-09-02T03:59:00Z
2555698,Will Jack Grealish join Everton?,where-will-jack-grealish-transfer-20260612224322458,41406.79,168,0.105,1,0.02,2026-09-02T03:59:00Z
2555698,Will Jack Grealish join Everton?,where-will-jack-grealish-transfer-20260612224322458,41406.79,24,0.989,1,0.02,2026-09-02T03:59:00Z
2555698,Will Jack Grealish join Everton?,where-will-jack-grealish-transfer-20260612224322458,41406.79,1,0.9995,1,2.98,2026-09-02T03:59:00Z
2555717,Will Jack Grealish stay at Manchester City?,where-will-jack-grealish-transfer-20260612224322458,21908.07,168,0.6815,0,0.02,2026-09-02T03:59:00Z
2555717,Will Jack Grealish stay at Manchester City?,where-will-jack-grealish-transfer-20260612224322458,21908.07,24,0.011,0,0.02,2026-09-02T03:59:00Z
2555717,Will Jack Grealish stay at Manchester City?,where-will-jack-grealish-transfer-20260612224322458,21908.07,1,0.0005,0,2.98,2026-09-02T03:59:00Z
2555747,Will Marcus Rashford stay at Manchester United?,where-will-marcus-rashford-transfer-20260612223855109,49623.42,168,0.918,1,0.02,2026-09-02T03:59:00Z
2555747,Will Marcus Rashford stay at Manchester United?,where-will-marcus-rashford-transfer-20260612223855109,49623.42,24,0.9865,1,0.02,2026-09-02T03:59:00Z
2555747,Will Marcus Rashford stay at Manchester United?,where-will-marcus-rashford-transfer-20260612223855109,49623.42,1,0.9995,1,0.02,2026-09-02T03:59:00Z
2555776,Will Bruno Fernandes stay at Manchester United?,where-will-bruno-fernandes-transfer-20260612223228777,35438.31,168,0.987,1,0.02,2026-09-02T03:59:00Z
2555776,Will Bruno Fernandes stay at Manchester United?,where-will-bruno-fernandes-transfer-20260612223228777,35438.31,24,0.998,1,0.02,2026-09-02T03:59:00Z
2555776,Will Bruno Fernandes stay at Manchester United?,where-will-bruno-fernandes-transfer-20260612223228777,35438.31,1,0.9995,1,0.02,2026-09-02T03:59:00Z
2555794,Will Rafael Leao join Fenerbahce?,where-will-rafael-leao-transfer-20260612222809594,29758.63,168,0.04,0,0.02,2026-09-02T03:59:00Z
2555804,Will Rafael Leao stay at AC Milan?,where-will-rafael-leao-transfer-20260612222809594,75000.07,168,0.2505,0,0.02,2026-09-02T03:59:00Z
2584814,Spread: Atlanta Braves (-1.5),mlb-sf-atl-2026-06-18,111420.97,168,0.215,0,0.08,2026-08-31T22:05:00Z
2584814,Spread: Atlanta Braves (-1.5),mlb-sf-atl-2026-06-18,111420.97,24,0.45,0,0.08,2026-08-31T22:05:00Z
2584814,Spread: Atlanta Braves (-1.5),mlb-sf-atl-2026-06-18,111420.97,1,0.465,0,0.08,2026-08-31T22:05:00Z
2584815,San Francisco Giants vs. Atlanta Braves: O/U 8.5,mlb-sf-atl-2026-06-18,209821.1,168,0.625,1,0.08,2026-08-31T22:05:00Z
2584815,San Francisco Giants vs. Atlanta Braves: O/U 8.5,mlb-sf-atl-2026-06-18,209821.1,24,0.51,1,0.08,2026-08-31T22:05:00Z
2584815,San Francisco Giants vs. Atlanta Braves: O/U 8.5,mlb-sf-atl-2026-06-18,209821.1,1,0.545,1,0.08,2026-08-31T22:05:00Z
2584822,San Francisco Giants vs. Atlanta Braves: 1st 5 Innings O/U 4.5,mlb-sf-atl-2026-06-18,21092.58,168,0.545,1,0.07,2026-08-31T22:05:00Z
2584822,San Francisco Giants vs. Atlanta Braves: 1st 5 Innings O/U 4.5,mlb-sf-atl-2026-06-18,21092.58,24,0.535,1,0.08,2026-08-31T22:05:00Z
2584822,San Francisco Giants vs. Atlanta Braves: 1st 5 Innings O/U 4.5,mlb-sf-atl-2026-06-18,21092.58,1,0.555,1,0.08,2026-08-31T22:05:00Z
2587794,Will the ECB announce a 50+ bps decrease at the September 2026 meeting?,ecb-interest-rates-september-2026-20260616222636097,15931.29,720,0.0005,0,24.02,2026-09-10T11:59:00Z
2587794,Will the ECB announce a 50+ bps decrease at the September 2026 meeting?,ecb-interest-rates-september-2026-20260616222636097,15931.29,168,0.0005,0,0.02,2026-09-10T11:59:00Z
2587794,Will the ECB announce a 50+ bps decrease at the September 2026 meeting?,ecb-interest-rates-september-2026-20260616222636097,15931.29,24,0.0005,0,0.02,2026-09-10T11:59:00Z
2587794,Will the ECB announce a 50+ bps decrease at the September 2026 meeting?,ecb-interest-rates-september-2026-20260616222636097,15931.29,1,0.0005,0,0.02,2026-09-10T11:59:00Z
2587795,Will the ECB announce a 25 bps decrease at the September 2026 meeting?,ecb-interest-rates-september-2026-20260616222636097,42418.68,720,0.002,0,24.02,2026-09-10T11:59:00Z
2587795,Will the ECB announce a 25 bps decrease at the September 2026 meeting?,ecb-interest-rates-september-2026-20260616222636097,42418.68,168,0.0005,0,0.02,2026-09-10T11:59:00Z
2587795,Will the ECB announce a 25 bps decrease at the September 2026 meeting?,ecb-interest-rates-september-2026-20260616222636097,42418.68,24,0.0005,0,0.02,2026-09-10T11:59:00Z
2587795,Will the ECB announce a 25 bps decrease at the September 2026 meeting?,ecb-interest-rates-september-2026-20260616222636097,42418.68,1,0.0005,0,0.02,2026-09-10T11:59:00Z
2587796,Will the ECB announce no change at the September 2026 meeting?,ecb-interest-rates-september-2026-20260616222636097,246074.5,720,0.13,0,24.02,2026-09-10T11:59:00Z
2587796,Will the ECB announce no change at the September 2026 meeting?,ecb-interest-rates-september-2026-20260616222636097,246074.5,168,0.0075,0,0.02,2026-09-10T11:59:00Z
2587796,Will the ECB announce no change at the September 2026 meeting?,ecb-interest-rates-september-2026-20260616222636097,246074.5,24,0.0045,0,0.02,2026-09-10T11:59:00Z
2587796,Will the ECB announce no change at the September 2026 meeting?,ecb-interest-rates-september-2026-20260616222636097,246074.5,1,0.0025,0,0.02,2026-09-10T11:59:00Z
2587797,Will the ECB announce a 25 bps increase at the September 2026 meeting?,ecb-interest-rates-september-2026-20260616222636097,193824.06,720,0.865,1,24.02,2026-09-10T11:59:00Z
2587797,Will the ECB announce a 25 bps increase at the September 2026 meeting?,ecb-interest-rates-september-2026-20260616222636097,193824.06,168,0.9925,1,0.02,2026-09-10T11:59:00Z
2587797,Will the ECB announce a 25 bps increase at the September 2026 meeting?,ecb-interest-rates-september-2026-20260616222636097,193824.06,24,0.9955,1,0.02,2026-09-10T11:59:00Z
2587797,Will the ECB announce a 25 bps increase at the September 2026 meeting?,ecb-interest-rates-september-2026-20260616222636097,193824.06,1,0.9965,1,0.02,2026-09-10T11:59:00Z
2587798,Will the ECB announce a 50+ bps increase at the September 2026 meeting?,ecb-interest-rates-september-2026-20260616222636097,103742.09,720,0.006,0,24.02,2026-09-10T11:59:00Z
2587798,Will the ECB announce a 50+ bps increase at the September 2026 meeting?,ecb-interest-rates-september-2026-20260616222636097,103742.09,168,0.0015,0,0.02,2026-09-10T11:59:00Z
2587798,Will the ECB announce a 50+ bps increase at the September 2026 meeting?,ecb-interest-rates-september-2026-20260616222636097,103742.09,24,0.0015,0,0.02,2026-09-10T11:59:00Z
2587798,Will the ECB announce a 50+ bps increase at the September 2026 meeting?,ecb-interest-rates-september-2026-20260616222636097,103742.09,1,0.0015,0,0.02,2026-09-10T11:59:00Z
2590184,San Francisco Giants vs. Atlanta Braves: O/U 7.5,mlb-sf-atl-2026-06-18,98045.04,168,0.61,1,0.08,2026-08-31T22:05:00Z
2590184,San Francisco Giants vs. Atlanta Braves: O/U 7.5,mlb-sf-atl-2026-06-18,98045.04,24,0.665,1,0.08,2026-08-31T22:05:00Z
2590184,San Francisco Giants vs. Atlanta Braves: O/U 7.5,mlb-sf-atl-2026-06-18,98045.04,1,0.615,1,0.08,2026-08-31T22:05:00Z
2590185,San Francisco Giants vs. Atlanta Braves: O/U 9.5,mlb-sf-atl-2026-06-18,52273.3,168,0.36,1,0.08,2026-08-31T22:05:00Z
2590185,San Francisco Giants vs. Atlanta Braves: O/U 9.5,mlb-sf-atl-2026-06-18,52273.3,24,0.375,1,0.08,2026-08-31T22:05:00Z
2590185,San Francisco Giants vs. Atlanta Braves: O/U 9.5,mlb-sf-atl-2026-06-18,52273.3,1,0.435,1,0.08,2026-08-31T22:05:00Z
2602052,"Russia x Ukraine ceasefire agreement by August 31, 2026?",russia-x-ukraine-ceasefire-agreement-by,586175.51,168,0.0155,0,0.03,2026-09-01T03:59:00Z
2602052,"Russia x Ukraine ceasefire agreement by August 31, 2026?",russia-x-ukraine-ceasefire-agreement-by,586175.51,24,0.001,0,0.02,2026-09-01T03:59:00Z
2602052,"Russia x Ukraine ceasefire agreement by August 31, 2026?",russia-x-ukraine-ceasefire-agreement-by,586175.51,1,0.0005,0,0.02,2026-09-01T03:59:00Z
2602067,"Ukraine election called by August 31, 2026?",ukraine-election-called-in-2025,210858.08,168,0.0075,0,0.03,2026-09-01T03:59:00Z
2602067,"Ukraine election called by August 31, 2026?",ukraine-election-called-in-2025,210858.08,24,0.0005,0,0.02,2026-09-01T03:59:00Z
2602067,"Ukraine election called by August 31, 2026?",ukraine-election-called-in-2025,210858.08,1,0.0005,0,0.02,2026-09-01T03:59:00Z
2602228,Will Zelenskyy talk to Putin by August 31?,will-zelenskyy-talk-to-putin-by-november-30-821,68745.74,168,0.0055,0,0.03,2026-09-01T03:59:00Z
2602228,Will Zelenskyy talk to Putin by August 31?,will-zelenskyy-talk-to-putin-by-november-30-821,68745.74,24,0.0005,0,0.02,2026-09-01T03:59:00Z
2602228,Will Zelenskyy talk to Putin by August 31?,will-zelenskyy-talk-to-putin-by-november-30-821,68745.74,1,0.0015,0,0.02,2026-09-01T03:59:00Z
2602277,Ukraine signs peace deal with Russia by August 31?,ukraine-signs-peace-deal-with-russia-by-august-31-20260619003108240,321701.84,168,0.009,0,0.03,2026-09-01T03:59:00Z
2602277,Ukraine signs peace deal with Russia by August 31?,ukraine-signs-peace-deal-with-russia-by-august-31-20260619003108240,321701.84,24,0.0005,0,0.02,2026-09-01T03:59:00Z
2602277,Ukraine signs peace deal with Russia by August 31?,ukraine-signs-peace-deal-with-russia-by-august-31-20260619003108240,321701.84,1,0.0005,0,0.02,2026-09-01T03:59:00Z
2602501,Ukraine agrees not to join NATO by August 31?,ukraine-agrees-not-to-join-nato-by-august-31-20260619004335094,30199.07,168,0.007,0,0.03,2026-09-01T03:59:00Z
2602501,Ukraine agrees not to join NATO by August 31?,ukraine-agrees-not-to-join-nato-by-august-31-20260619004335094,30199.07,24,0.0015,0,0.02,2026-09-01T03:59:00Z
2602501,Ukraine agrees not to join NATO by August 31?,ukraine-agrees-not-to-join-nato-by-august-31-20260619004335094,30199.07,1,0.004,0,0.02,2026-09-01T03:59:00Z
2602509,"Will Putin meet with Zelenskyy by August 31, 2026?",will-putin-meet-with-zelenskyy-by-august-31-2026-20260619004734475,98453.99,168,0.0025,0,0.03,2026-09-01T03:59:00Z
2602509,"Will Putin meet with Zelenskyy by August 31, 2026?",will-putin-meet-with-zelenskyy-by-august-31-2026-20260619004734475,98453.99,24,0.001,0,0.02,2026-09-01T03:59:00Z
2602509,"Will Putin meet with Zelenskyy by August 31, 2026?",will-putin-meet-with-zelenskyy-by-august-31-2026-20260619004734475,98453.99,1,0.0005,0,0.02,2026-09-01T03:59:00Z
2610025,Putin and Zelenskyy shake hands by August 31?,putin-and-zelenskyy-shake-hands-by-june-30,84248.44,168,0.004,0,0.03,2026-09-01T03:59:00Z
2610025,Putin and Zelenskyy shake hands by August 31?,putin-and-zelenskyy-shake-hands-by-june-30,84248.44,24,0.0005,0,0.02,2026-09-01T03:59:00Z
2610025,Putin and Zelenskyy shake hands by August 31?,putin-and-zelenskyy-shake-hands-by-june-30,84248.44,1,0.0005,0,0.02,2026-09-01T03:59:00Z
2610235,"Will Ukraine agree to cede territory to Russia by August 31, 2026?",will-ukraine-agree-to-cede-territory-to-russia-before-2027,67532.36,168,0.005,0,0.03,2026-09-01T03:59:00Z
2610235,"Will Ukraine agree to cede territory to Russia by August 31, 2026?",will-ukraine-agree-to-cede-territory-to-russia-before-2027,67532.36,24,0.001,0,0.02,2026-09-01T03:59:00Z
2610235,"Will Ukraine agree to cede territory to Russia by August 31, 2026?",will-ukraine-agree-to-cede-territory-to-russia-before-2027,67532.36,1,0.0005,0,0.02,2026-09-01T03:59:00Z
2633428,"US-Iran Final Nuclear Deal by August 13, 2026?",us-iran-final-nuclear-deal-by-20260621201254412,1144432.78,24,0.0005,0,0.02,2026-08-14T03:59:00Z
2633428,"US-Iran Final Nuclear Deal by August 13, 2026?",us-iran-final-nuclear-deal-by-20260621201254412,1144432.78,1,0.0005,0,0.02,2026-08-14T03:59:00Z
2633429,"US-Iran Final Nuclear Deal by August 18, 2026?",us-iran-final-nuclear-deal-by-20260621201254412,2730303.83,168,0.0035,0,8.02,2026-08-19T03:59:00Z
2633429,"US-Iran Final Nuclear Deal by August 18, 2026?",us-iran-final-nuclear-deal-by-20260621201254412,2730303.83,24,0.0015,0,0.02,2026-08-19T03:59:00Z
2633429,"US-Iran Final Nuclear Deal by August 18, 2026?",us-iran-final-nuclear-deal-by-20260621201254412,2730303.83,1,0.0005,0,0.02,2026-08-19T03:59:00Z
2633430,"US-Iran Final Nuclear Deal by August 31, 2026?",us-iran-final-nuclear-deal-by-20260621201254412,4562610.17,168,0.0035,0,0.03,2026-09-01T03:59:00Z
2633430,"US-Iran Final Nuclear Deal by August 31, 2026?",us-iran-final-nuclear-deal-by-20260621201254412,4562610.17,24,0.0005,0,0.02,2026-09-01T03:59:00Z
2633430,"US-Iran Final Nuclear Deal by August 31, 2026?",us-iran-final-nuclear-deal-by-20260621201254412,4562610.17,1,0.0005,0,0.02,2026-09-01T03:59:00Z
2641010,"Israel withdraws from Lebanon by August 31, 2026?",israel-withdraws-from-lebanon-by,669321.51,168,0.004,0,0.03,2026-09-01T03:59:00Z
2641010,"Israel withdraws from Lebanon by August 31, 2026?",israel-withdraws-from-lebanon-by,669321.51,24,0.0005,0,0.02,2026-09-01T03:59:00Z
2641010,"Israel withdraws from Lebanon by August 31, 2026?",israel-withdraws-from-lebanon-by,669321.51,1,0.0005,0,0.02,2026-09-01T03:59:00Z
2658302,Mojtaba Khamenei seen in public by August 31?,mojtaba-khamenei-public-appearance-by,532829.42,168,0.025,0,0.03,2026-09-01T03:59:00Z
2658302,Mojtaba Khamenei seen in public by August 31?,mojtaba-khamenei-public-appearance-by,532829.42,24,0.0055,0,0.02,2026-09-01T03:59:00Z
2658302,Mojtaba Khamenei seen in public by August 31?,mojtaba-khamenei-public-appearance-by,532829.42,1,0.0025,0,0.02,2026-09-01T03:59:00Z
2661522,Will the Bank of Russia decrease the key rate after the September Meeting?,bank-of-russia-decision-in-september-20260623013858993,83848.63,720,0.36,0,0.02,2026-09-11T23:59:00Z
2661522,Will the Bank of Russia decrease the key rate after the September Meeting?,bank-of-russia-decision-in-september-20260623013858993,83848.63,168,0.315,0,0.02,2026-09-11T23:59:00Z
2661522,Will the Bank of Russia decrease the key rate after the September Meeting?,bank-of-russia-decision-in-september-20260623013858993,83848.63,24,0.185,0,0.02,2026-09-11T23:59:00Z
2661523,Will the Bank of Russia make no change to the key rate after the September Meeting?,bank-of-russia-decision-in-september-20260623013858993,116484.48,720,0.64,1,0.02,2026-09-11T23:59:00Z
2661523,Will the Bank of Russia make no change to the key rate after the September Meeting?,bank-of-russia-decision-in-september-20260623013858993,116484.48,168,0.645,1,0.02,2026-09-11T23:59:00Z
2661523,Will the Bank of Russia make no change to the key rate after the September Meeting?,bank-of-russia-decision-in-september-20260623013858993,116484.48,24,0.805,1,0.02,2026-09-11T23:59:00Z
2661524,Will the Bank of Russia increase the key rate after the September Meeting?,bank-of-russia-decision-in-september-20260623013858993,362707.58,720,0.0145,0,0.02,2026-09-11T23:59:00Z
2661524,Will the Bank of Russia increase the key rate after the September Meeting?,bank-of-russia-decision-in-september-20260623013858993,362707.58,168,0.045,0,0.02,2026-09-11T23:59:00Z
2661524,Will the Bank of Russia increase the key rate after the September Meeting?,bank-of-russia-decision-in-september-20260623013858993,362707.58,24,0.0165,0,0.02,2026-09-11T23:59:00Z
2663611,US-Iran 60 day negotiation period extended?,us-iran-60-day-negotiation-period-extended-20260624044855448,2894249.76,168,0.245,0,0.02,2026-08-20T23:59:00Z
2663611,US-Iran 60 day negotiation period extended?,us-iran-60-day-negotiation-period-extended-20260624044855448,2894249.76,24,0.0135,0,0.02,2026-08-20T23:59:00Z
2663611,US-Iran 60 day negotiation period extended?,us-iran-60-day-negotiation-period-extended-20260624044855448,2894249.76,1,0.004,0,0.02,2026-08-20T23:59:00Z
2672029,"Will Donald Trump attend a US x Iran diplomatic meeting by August 31, 2026?",who-will-attend-a-round-of-us-iran-peace-by-august-31-20260623143114130,14128.96,168,0.011,0,0.03,2026-09-01T03:59:00Z
2672029,"Will Donald Trump attend a US x Iran diplomatic meeting by August 31, 2026?",who-will-attend-a-round-of-us-iran-peace-by-august-31-20260623143114130,14128.96,24,0.0015,0,0.02,2026-09-01T03:59:00Z
2672029,"Will Donald Trump attend a US x Iran diplomatic meeting by August 31, 2026?",who-will-attend-a-round-of-us-iran-peace-by-august-31-20260623143114130,14128.96,1,0.001,0,0.02,2026-09-01T03:59:00Z
2672031,"Will J.D. Vance attend a US x Iran diplomatic meeting by August 31, 2026?",who-will-attend-a-round-of-us-iran-peace-by-august-31-20260623143114130,25409.17,168,0.019,0,0.03,2026-09-01T03:59:00Z
2672031,"Will J.D. Vance attend a US x Iran diplomatic meeting by August 31, 2026?",who-will-attend-a-round-of-us-iran-peace-by-august-31-20260623143114130,25409.17,24,0.003,0,0.02,2026-09-01T03:59:00Z
2672031,"Will J.D. Vance attend a US x Iran diplomatic meeting by August 31, 2026?",who-will-attend-a-round-of-us-iran-peace-by-august-31-20260623143114130,25409.17,1,0.0015,0,0.02,2026-09-01T03:59:00Z
2672032,"Will Jared Kushner attend a US x Iran diplomatic meeting by August 31, 2026?",who-will-attend-a-round-of-us-iran-peace-by-august-31-20260623143114130,28640.19,168,0.0205,0,0.03,2026-09-01T03:59:00Z
2672032,"Will Jared Kushner attend a US x Iran diplomatic meeting by August 31, 2026?",who-will-attend-a-round-of-us-iran-peace-by-august-31-20260623143114130,28640.19,24,0.0025,0,0.02,2026-09-01T03:59:00Z
2672032,"Will Jared Kushner attend a US x Iran diplomatic meeting by August 31, 2026?",who-will-attend-a-round-of-us-iran-peace-by-august-31-20260623143114130,28640.19,1,0.002,0,0.02,2026-09-01T03:59:00Z
2672033,"Will Steve Witkoff attend a US x Iran diplomatic meeting by August 31, 2026?",who-will-attend-a-round-of-us-iran-peace-by-august-31-20260623143114130,27626.64,168,0.0165,0,0.03,2026-09-01T03:59:00Z
2672033,"Will Steve Witkoff attend a US x Iran diplomatic meeting by August 31, 2026?",who-will-attend-a-round-of-us-iran-peace-by-august-31-20260623143114130,27626.64,24,0.0005,0,0.02,2026-09-01T03:59:00Z
2672033,"Will Steve Witkoff attend a US x Iran diplomatic meeting by August 31, 2026?",who-will-attend-a-round-of-us-iran-peace-by-august-31-20260623143114130,27626.64,1,0.003,0,0.02,2026-09-01T03:59:00Z
2672036,"Will Mohammad Bagher Ghalibaf attend a US x Iran diplomatic meeting by August 31, 2026?",who-will-attend-a-round-of-us-iran-peace-by-august-31-20260623143114130,13930.33,168,0.0165,0,0.03,2026-09-01T03:59:00Z
2672036,"Will Mohammad Bagher Ghalibaf attend a US x Iran diplomatic meeting by August 31, 2026?",who-will-attend-a-round-of-us-iran-peace-by-august-31-20260623143114130,13930.33,24,0.002,0,0.02,2026-09-01T03:59:00Z
2672036,"Will Mohammad Bagher Ghalibaf attend a US x Iran diplomatic meeting by August 31, 2026?",who-will-attend-a-round-of-us-iran-peace-by-august-31-20260623143114130,13930.33,1,0.0005,0,0.02,2026-09-01T03:59:00Z
2676035,"Spain snap election called by August 31, 2026?",spain-snap-election-called-by,13226.56,168,0.011,0,0.03,2026-09-01T03:59:00Z
2676035,"Spain snap election called by August 31, 2026?",spain-snap-election-called-by,13226.56,24,0.0005,0,0.02,2026-09-01T03:59:00Z
2676035,"Spain snap election called by August 31, 2026?",spain-snap-election-called-by,13226.56,1,0.0005,0,0.02,2026-09-01T03:59:00Z
2682695,Will CopperTech Metals not IPO before September 2026?,coppertech-metals-ipo-closing-market-cap-20260625160623001,12090.2,168,0.983,1,0.03,2026-09-01T03:59:00Z
2682695,Will CopperTech Metals not IPO before September 2026?,coppertech-metals-ipo-closing-market-cap-20260625160623001,12090.2,24,0.981,1,0.02,2026-09-01T03:59:00Z
2682695,Will CopperTech Metals not IPO before September 2026?,coppertech-metals-ipo-closing-market-cap-20260625160623001,12090.2,1,0.986,1,0.02,2026-09-01T03:59:00Z
2686766,Iran charges Hormuz fees by August 31?,iran-charges-hormuz-fees-byptptpt-20260625175035466,1261684.38,168,0.034,0,0.03,2026-09-01T03:59:00Z
2686766,Iran charges Hormuz fees by August 31?,iran-charges-hormuz-fees-byptptpt-20260625175035466,1261684.38,24,0.0105,0,0.02,2026-09-01T03:59:00Z
2686766,Iran charges Hormuz fees by August 31?,iran-charges-hormuz-fees-byptptpt-20260625175035466,1261684.38,1,0.0055,0,0.02,2026-09-01T03:59:00Z
2686771,Iran full airspace closure by August 31?,iran-full-airspace-closure-byptptpt-20260625195253028,1543856.78,168,0.027,0,0.03,2026-09-01T03:59:00Z
2686771,Iran full airspace closure by August 31?,iran-full-airspace-closure-byptptpt-20260625195253028,1543856.78,24,0.013,0,0.02,2026-09-01T03:59:00Z
2686771,Iran full airspace closure by August 31?,iran-full-airspace-closure-byptptpt-20260625195253028,1543856.78,1,0.002,0,0.02,2026-09-01T03:59:00Z
2730712,Israel closes its airspace by August 31?,israel-closes-its-airspace-by,1561277.87,168,0.0235,0,0.03,2026-09-01T03:59:00Z
2730712,Israel closes its airspace by August 31?,israel-closes-its-airspace-by,1561277.87,24,0.0085,0,0.02,2026-09-01T03:59:00Z
2730712,Israel closes its airspace by August 31?,israel-closes-its-airspace-by,1561277.87,1,0.0015,0,0.02,2026-09-01T03:59:00Z
2732505,Another GTA VI trailer released by August 31?,another-gta-vi-trailer-released-by,798671.42,168,0.33,0,0.03,2026-09-01T03:59:00Z
2732505,Another GTA VI trailer released by August 31?,another-gta-vi-trailer-released-by,798671.42,24,0.0135,0,0.02,2026-09-01T03:59:00Z
2732505,Another GTA VI trailer released by August 31?,another-gta-vi-trailer-released-by,798671.42,1,0.004,0,0.02,2026-09-01T03:59:00Z
2734399,Will the Serbian National Assembly be dissolved by August 31?,serbia-parliament-dissolved-by-20260629164744649,56306.95,168,0.14,0,0.03,2026-09-01T03:59:00Z
2734399,Will the Serbian National Assembly be dissolved by August 31?,serbia-parliament-dissolved-by-20260629164744649,56306.95,24,0.0165,0,0.02,2026-09-01T03:59:00Z
2734399,Will the Serbian National Assembly be dissolved by August 31?,serbia-parliament-dissolved-by-20260629164744649,56306.95,1,0.0035,0,0.02,2026-09-01T03:59:00Z
2734706,"Will Jio Platforms IPO by August 31, 2026?",jio-platforms-ipo-byptptpt-20260629175823569,13788.49,168,0.055,0,0.03,2026-09-01T03:59:00Z
2734706,"Will Jio Platforms IPO by August 31, 2026?",jio-platforms-ipo-byptptpt-20260629175823569,13788.49,24,0.0005,0,0.02,2026-09-01T03:59:00Z
2734706,"Will Jio Platforms IPO by August 31, 2026?",jio-platforms-ipo-byptptpt-20260629175823569,13788.49,1,0.0005,0,0.02,2026-09-01T03:59:00Z
2761137,Will James Fishback win less than 10% of votes in the Florida Republican Governor primary?,james-fishback-vote-share-in-2026-florida-republican-governor-primary-20260701214154078,280544.05,168,0.33,0,12.02,2026-08-18T23:59:00Z
2761137,Will James Fishback win less than 10% of votes in the Florida Republican Governor primary?,james-fishback-vote-share-in-2026-florida-republican-governor-primary-20260701214154078,280544.05,24,0.525,0,0.03,2026-08-18T23:59:00Z
2761137,Will James Fishback win less than 10% of votes in the Florida Republican Governor primary?,james-fishback-vote-share-in-2026-florida-republican-governor-primary-20260701214154078,280544.05,1,0.495,0,0.02,2026-08-18T23:59:00Z
2761138,Will James Fishback win 10–15% of votes in the Florida Republican Governor primary?,james-fishback-vote-share-in-2026-florida-republican-governor-primary-20260701214154078,36005.64,168,0.385,1,12.02,2026-08-18T23:59:00Z
2761138,Will James Fishback win 10–15% of votes in the Florida Republican Governor primary?,james-fishback-vote-share-in-2026-florida-republican-governor-primary-20260701214154078,36005.64,24,0.365,1,0.03,2026-08-18T23:59:00Z
2761138,Will James Fishback win 10–15% of votes in the Florida Republican Governor primary?,james-fishback-vote-share-in-2026-florida-republican-governor-primary-20260701214154078,36005.64,1,0.285,1,0.02,2026-08-18T23:59:00Z
2761139,Will James Fishback win 15–20% of votes in the Florida Republican Governor primary?,james-fishback-vote-share-in-2026-florida-republican-governor-primary-20260701214154078,13550.6,168,0.11,0,12.02,2026-08-18T23:59:00Z
2761139,Will James Fishback win 15–20% of votes in the Florida Republican Governor primary?,james-fishback-vote-share-in-2026-florida-republican-governor-primary-20260701214154078,13550.6,24,0.105,0,0.03,2026-08-18T23:59:00Z
2761139,Will James Fishback win 15–20% of votes in the Florida Republican Governor primary?,james-fishback-vote-share-in-2026-florida-republican-governor-primary-20260701214154078,13550.6,1,0.09,0,0.02,2026-08-18T23:59:00Z
2761140,Will James Fishback win 20–25% of votes in the Florida Republican Governor primary?,james-fishback-vote-share-in-2026-florida-republican-governor-primary-20260701214154078,17596.7,168,0.052,0,12.02,2026-08-18T23:59:00Z
2761140,Will James Fishback win 20–25% of votes in the Florida Republican Governor primary?,james-fishback-vote-share-in-2026-florida-republican-governor-primary-20260701214154078,17596.7,24,0.0175,0,0.03,2026-08-18T23:59:00Z
2761140,Will James Fishback win 20–25% of votes in the Florida Republican Governor primary?,james-fishback-vote-share-in-2026-florida-republican-governor-primary-20260701214154078,17596.7,1,0.0275,0,0.02,2026-08-18T23:59:00Z
2761141,Will James Fishback win 25–30% of votes in the Florida Republican Governor primary?,james-fishback-vote-share-in-2026-florida-republican-governor-primary-20260701214154078,10829.37,168,0.016,0,12.02,2026-08-18T23:59:00Z
2761141,Will James Fishback win 25–30% of votes in the Florida Republican Governor primary?,james-fishback-vote-share-in-2026-florida-republican-governor-primary-20260701214154078,10829.37,24,0.013,0,0.03,2026-08-18T23:59:00Z
2761141,Will James Fishback win 25–30% of votes in the Florida Republican Governor primary?,james-fishback-vote-share-in-2026-florida-republican-governor-primary-20260701214154078,10829.37,1,0.0435,0,0.02,2026-08-18T23:59:00Z
2761142,Will James Fishback at least 30% of votes in the Florida Republican Governor primary?,james-fishback-vote-share-in-2026-florida-republican-governor-primary-20260701214154078,29054.47,168,0.0085,0,12.02,2026-08-18T23:59:00Z
2761142,Will James Fishback at least 30% of votes in the Florida Republican Governor primary?,james-fishback-vote-share-in-2026-florida-republican-governor-primary-20260701214154078,29054.47,24,0.011,0,0.02,2026-08-18T23:59:00Z
2761142,Will James Fishback at least 30% of votes in the Florida Republican Governor primary?,james-fishback-vote-share-in-2026-florida-republican-governor-primary-20260701214154078,29054.47,1,0.0115,0,0.02,2026-08-18T23:59:00Z
2773241,Will the Bank of Canada increase the target for the overnight rate by 25 bps at the September interest rate announcement?,bank-of-canada-decision-in-september-20260701223913897,18812.76,168,0.0015,0,0.01,2026-09-02T00:00:00Z
2773241,Will the Bank of Canada increase the target for the overnight rate by 25 bps at the September interest rate announcement?,bank-of-canada-decision-in-september-20260701223913897,18812.76,24,0.0015,0,0.01,2026-09-02T00:00:00Z
2773241,Will the Bank of Canada increase the target for the overnight rate by 25 bps at the September interest rate announcement?,bank-of-canada-decision-in-september-20260701223913897,18812.76,1,0.001,0,1.0,2026-09-02T00:00:00Z
2773242,Will the Bank of Canada make no change to the target for the overnight rate at the September interest rate announcement?,bank-of-canada-decision-in-september-20260701223913897,56653.06,168,0.9965,1,0.0,2026-09-02T00:00:00Z
2773242,Will the Bank of Canada make no change to the target for the overnight rate at the September interest rate announcement?,bank-of-canada-decision-in-september-20260701223913897,56653.06,24,0.9975,1,0.01,2026-09-02T00:00:00Z
2773242,Will the Bank of Canada make no change to the target for the overnight rate at the September interest rate announcement?,bank-of-canada-decision-in-september-20260701223913897,56653.06,1,0.998,1,1.0,2026-09-02T00:00:00Z
2774056,Strait of Hormuz traffic returns to normal by August 31?,strait-of-hormuz-traffic-returns-to-normal-by-august-31-20260702154212320,18063387.16,168,0.0025,0,0.03,2026-09-01T03:59:00Z
2774056,Strait of Hormuz traffic returns to normal by August 31?,strait-of-hormuz-traffic-returns-to-normal-by-august-31-20260702154212320,18063387.16,24,0.001,0,0.02,2026-09-01T03:59:00Z
2774056,Strait of Hormuz traffic returns to normal by August 31?,strait-of-hormuz-traffic-returns-to-normal-by-august-31-20260702154212320,18063387.16,1,0.0005,0,0.02,2026-09-01T03:59:00Z
2784601,Will US withdraw from NATO by August 31?,will-us-withdraw-from-nato-before-2027,22750.64,168,0.0045,0,0.03,2026-09-01T03:59:00Z
2784601,Will US withdraw from NATO by August 31?,will-us-withdraw-from-nato-before-2027,22750.64,24,0.0005,0,0.02,2026-09-01T03:59:00Z
2784601,Will US withdraw from NATO by August 31?,will-us-withdraw-from-nato-before-2027,22750.64,1,0.0005,0,0.02,2026-09-01T03:59:00Z
2786063,Putin meets with Iranian officials by August 31?,putin-meets-with-iranian-officials-by-august-31-20260702174616624,263480.39,168,0.159,1,0.03,2026-09-01T03:59:00Z
2786063,Putin meets with Iranian officials by August 31?,putin-meets-with-iranian-officials-by-august-31-20260702174616624,263480.39,24,0.357,1,0.02,2026-09-01T03:59:00Z
2786063,Putin meets with Iranian officials by August 31?,putin-meets-with-iranian-officials-by-august-31-20260702174616624,263480.39,1,0.3615,1,0.02,2026-09-01T03:59:00Z
2820206,Will Iran announce withdrawal from MOU negotiations by August 15?,iran-announces-withdrawal-from-mou-negotiations-byptptpt-20260622191732319,1530015.73,24,0.0035,0,0.02,2026-08-15T23:59:00Z
2820206,Will Iran announce withdrawal from MOU negotiations by August 15?,iran-announces-withdrawal-from-mou-negotiations-byptptpt-20260622191732319,1530015.73,1,0.0245,0,0.02,2026-08-15T23:59:00Z
2822003,"Putin out as President of Russia by August 31, 2026?",putin-out-before-2027,1079267.56,168,0.0035,0,0.03,2026-09-01T03:59:00Z
2822003,"Putin out as President of Russia by August 31, 2026?",putin-out-before-2027,1079267.56,24,0.0005,0,0.02,2026-09-01T03:59:00Z
2822003,"Putin out as President of Russia by August 31, 2026?",putin-out-before-2027,1079267.56,1,0.0005,0,0.02,2026-09-01T03:59:00Z
2830896,Will Tarsier Pharma not IPO before September 2026?,tarsier-pharma-ipo-closing-market-cap-20260706015028159,11539.34,168,0.99,1,0.03,2026-09-01T03:59:00Z
2830896,Will Tarsier Pharma not IPO before September 2026?,tarsier-pharma-ipo-closing-market-cap-20260706015028159,11539.34,24,0.9665,1,0.02,2026-09-01T03:59:00Z
2830896,Will Tarsier Pharma not IPO before September 2026?,tarsier-pharma-ipo-closing-market-cap-20260706015028159,11539.34,1,0.9665,1,0.02,2026-09-01T03:59:00Z
2832140,Will Nigel Farage win the Clacton by-election?,clacton-by-election-winner-20260707143521303,1950322.36,24,0.991,1,0.0,2026-08-13T16:00:00Z
2832140,Will Nigel Farage win the Clacton by-election?,clacton-by-election-winner-20260707143521303,1950322.36,1,0.9885,1,0.0,2026-08-13T16:00:00Z
2832147,Will Count Binface win the Clacton by-election?,clacton-by-election-winner-20260707143521303,3692242.22,24,0.0105,0,0.0,2026-08-13T16:00:00Z
2832147,Will Count Binface win the Clacton by-election?,clacton-by-election-winner-20260707143521303,3692242.22,1,0.0125,0,0.0,2026-08-13T16:00:00Z
2839298,"Israel x Hezbollah diplomatic meeting by August 31, 2026?",israel-x-hezbollah-diplomatic-meeting-byptptpt-20260706181026740,90472.35,168,0.0065,0,0.03,2026-09-01T03:59:00Z
2839298,"Israel x Hezbollah diplomatic meeting by August 31, 2026?",israel-x-hezbollah-diplomatic-meeting-byptptpt-20260706181026740,90472.35,24,0.001,0,0.02,2026-09-01T03:59:00Z
2839298,"Israel x Hezbollah diplomatic meeting by August 31, 2026?",israel-x-hezbollah-diplomatic-meeting-byptptpt-20260706181026740,90472.35,1,0.001,0,0.02,2026-09-01T03:59:00Z
2840107,Will Nigel Farage up his vote share in Clacton?,will-nigel-farage-up-his-vote-share-in-clacton-20260707171746907,31748.28,24,0.9845,1,0.02,2026-08-13T23:59:00Z
2840107,Will Nigel Farage up his vote share in Clacton?,will-nigel-farage-up-his-vote-share-in-clacton-20260707171746907,31748.28,1,0.99,1,0.02,2026-08-13T23:59:00Z
2840108,Will Nigel Farage get second place in the Clacton by-election?,clacton-by-election-2nd-place-20260707214539733,89593.72,24,0.009,0,0.0,2026-08-13T16:00:00Z
2840108,Will Nigel Farage get second place in the Clacton by-election?,clacton-by-election-2nd-place-20260707214539733,89593.72,1,0.0095,0,0.0,2026-08-13T16:00:00Z
2840115,Will Count Binface get second place in the Clacton by-election?,clacton-by-election-2nd-place-20260707214539733,581180.92,24,0.988,1,0.0,2026-08-13T16:00:00Z
2840115,Will Count Binface get second place in the Clacton by-election?,clacton-by-election-2nd-place-20260707214539733,581180.92,1,0.971,1,0.0,2026-08-13T16:00:00Z
2840116,Will Laurence Fox get second place in the Clacton by-election?,clacton-by-election-2nd-place-20260707214539733,28263.67,24,0.002,0,0.0,2026-08-13T16:00:00Z
2840116,Will Laurence Fox get second place in the Clacton by-election?,clacton-by-election-2nd-place-20260707214539733,28263.67,1,0.0035,0,0.0,2026-08-13T16:00:00Z
2849008,Will the US announce withdrawal from MOU negotiations by August 31?,us-announces-withdrawal-from-mou-negotiations-byptptpt-20260622192051747,472591.82,168,0.0255,0,0.03,2026-09-01T03:59:00Z
2849008,Will the US announce withdrawal from MOU negotiations by August 31?,us-announces-withdrawal-from-mou-negotiations-byptptpt-20260622192051747,472591.82,24,0.014,0,0.02,2026-09-01T03:59:00Z
2849008,Will the US announce withdrawal from MOU negotiations by August 31?,us-announces-withdrawal-from-mou-negotiations-byptptpt-20260622192051747,472591.82,1,0.0015,0,0.02,2026-09-01T03:59:00Z
2849356,US reissues Iran oil sanction relief by August 31?,us-reissues-iran-oil-sales-sanction-relief-byptptpt-20260708142359046,241388.74,168,0.03,0,0.03,2026-09-01T03:59:00Z
2849356,US reissues Iran oil sanction relief by August 31?,us-reissues-iran-oil-sales-sanction-relief-byptptpt-20260708142359046,241388.74,24,0.0045,0,0.02,2026-09-01T03:59:00Z
2849356,US reissues Iran oil sanction relief by August 31?,us-reissues-iran-oil-sales-sanction-relief-byptptpt-20260708142359046,241388.74,1,0.0075,0,0.02,2026-09-01T03:59:00Z
2850825,"Will GPT-6 be released by August 31, 2026?",gpt-6-released-by,297817.39,168,0.0125,0,0.03,2026-09-01T03:59:00Z
2850825,"Will GPT-6 be released by August 31, 2026?",gpt-6-released-by,297817.39,24,0.0035,0,0.02,2026-09-01T03:59:00Z
2850825,"Will GPT-6 be released by August 31, 2026?",gpt-6-released-by,297817.39,1,0.0015,0,0.02,2026-09-01T03:59:00Z
2851406,Israel military action against Greater Beirut by August 31?,israel-military-action-against-beirut-byptptpt-20260708221422557,192569.68,168,0.047,0,0.02,2026-08-31T20:59:00Z
2851406,Israel military action against Greater Beirut by August 31?,israel-military-action-against-beirut-byptptpt-20260708221422557,192569.68,24,0.013,0,0.02,2026-08-31T20:59:00Z
2851406,Israel military action against Greater Beirut by August 31?,israel-military-action-against-beirut-byptptpt-20260708221422557,192569.68,1,0.0125,0,0.02,2026-08-31T20:59:00Z
2853113,"IAEA visits Isfahan, Fordow, or Natanz nuclear site by August 31?",iaea-visits-isfahan-fordow-or-natanz-nuclear-site-by-july-31-20260624040209014,60074.67,168,0.006,0,0.03,2026-09-01T03:59:00Z
2853113,"IAEA visits Isfahan, Fordow, or Natanz nuclear site by August 31?",iaea-visits-isfahan-fordow-or-natanz-nuclear-site-by-july-31-20260624040209014,60074.67,24,0.001,0,0.02,2026-09-01T03:59:00Z
2853113,"IAEA visits Isfahan, Fordow, or Natanz nuclear site by August 31?",iaea-visits-isfahan-fordow-or-natanz-nuclear-site-by-july-31-20260624040209014,60074.67,1,0.001,0,0.02,2026-09-01T03:59:00Z
2853119,"Iran agrees to surrender enriched uranium stockpile by August 31, 2026?",iran-agrees-to-surrender-enriched-uranium-stockpile-by,147822.02,168,0.004,0,0.03,2026-09-01T03:59:00Z
2853119,"Iran agrees to surrender enriched uranium stockpile by August 31, 2026?",iran-agrees-to-surrender-enriched-uranium-stockpile-by,147822.02,24,0.0015,0,0.02,2026-09-01T03:59:00Z
2853119,"Iran agrees to surrender enriched uranium stockpile by August 31, 2026?",iran-agrees-to-surrender-enriched-uranium-stockpile-by,147822.02,1,0.0005,0,0.02,2026-09-01T03:59:00Z
2853384,"Will GPT-6 be released by August 14, 2026?",gpt-6-released-by,171415.4,24,0.0015,0,0.02,2026-08-15T03:59:00Z
2853384,"Will GPT-6 be released by August 14, 2026?",gpt-6-released-by,171415.4,1,0.006,0,0.02,2026-08-15T03:59:00Z
2853462,"Will GPT-6 be released by August 21, 2026?",gpt-6-released-by,190368.81,168,0.0195,0,0.02,2026-08-22T03:59:00Z
2853462,"Will GPT-6 be released by August 21, 2026?",gpt-6-released-by,190368.81,24,0.006,0,0.03,2026-08-22T03:59:00Z
2853462,"Will GPT-6 be released by August 21, 2026?",gpt-6-released-by,190368.81,1,0.0005,0,0.02,2026-08-22T03:59:00Z
2853670,"Will ""PAW Patrol: The Dino Movie"" Opening Weekend Box Office be between 15m and 20m?",paw-patrol-the-dino-movie-opening-weekend-box-office-20260708164748952,11504.9,24,0.388,0,0.02,2026-08-16T23:59:00Z
2853670,"Will ""PAW Patrol: The Dino Movie"" Opening Weekend Box Office be between 15m and 20m?",paw-patrol-the-dino-movie-opening-weekend-box-office-20260708164748952,11504.9,1,0.0085,0,0.02,2026-08-16T23:59:00Z
2853671,"Will ""PAW Patrol: The Dino Movie"" Opening Weekend Box Office be between 20m and 25m?",paw-patrol-the-dino-movie-opening-weekend-box-office-20260708164748952,12430.1,24,0.584,1,0.02,2026-08-16T23:59:00Z
2853671,"Will ""PAW Patrol: The Dino Movie"" Opening Weekend Box Office be between 20m and 25m?",paw-patrol-the-dino-movie-opening-weekend-box-office-20260708164748952,12430.1,1,0.991,1,0.02,2026-08-16T23:59:00Z
2853672,"Will ""PAW Patrol: The Dino Movie"" Opening Weekend Box Office be between 25m and 30m?",paw-patrol-the-dino-movie-opening-weekend-box-office-20260708164748952,13783.2,24,0.0025,0,0.02,2026-08-16T23:59:00Z
2853672,"Will ""PAW Patrol: The Dino Movie"" Opening Weekend Box Office be between 25m and 30m?",paw-patrol-the-dino-movie-opening-weekend-box-office-20260708164748952,13783.2,1,0.0005,0,0.02,2026-08-16T23:59:00Z
2853673,"Will ""PAW Patrol: The Dino Movie"" Opening Weekend Box Office be at least 30m?",paw-patrol-the-dino-movie-opening-weekend-box-office-20260708164748952,12531.18,24,0.0015,0,0.02,2026-08-16T23:59:00Z
2853673,"Will ""PAW Patrol: The Dino Movie"" Opening Weekend Box Office be at least 30m?",paw-patrol-the-dino-movie-opening-weekend-box-office-20260708164748952,12531.18,1,0.0005,0,0.02,2026-08-16T23:59:00Z
2858754,Panthers vs. Bills,nfl-car-buf-2026-08-15,128034.42,24,0.405,0,0.01,2026-08-15T17:00:00Z
2858754,Panthers vs. Bills,nfl-car-buf-2026-08-15,128034.42,1,0.385,0,0.0,2026-08-15T17:00:00Z
2858763,Eagles vs. Ravens,nfl-phi-bal-2026-08-15,113595.53,24,0.635,0,0.0,2026-08-15T23:00:00Z
2858763,Eagles vs. Ravens,nfl-phi-bal-2026-08-15,113595.53,1,0.615,0,0.0,2026-08-15T23:00:00Z
2858775,Packers vs. Steelers,nfl-gb-pit-2026-08-13,204392.57,24,0.585,0,0.0,2026-08-13T23:00:00Z
2858775,Packers vs. Steelers,nfl-gb-pit-2026-08-13,204392.57,1,0.585,0,0.0,2026-08-13T23:00:00Z
2858788,Lions vs. Bengals,nfl-det-cin-2026-08-13,167849.59,24,0.295,0,0.0,2026-08-13T23:00:00Z
2858788,Lions vs. Bengals,nfl-det-cin-2026-08-13,167849.59,1,0.285,0,0.0,2026-08-13T23:00:00Z
2858797,Chargers vs. Texans,nfl-lac-hou-2026-08-14,147102.48,24,0.465,1,0.01,2026-08-14T00:00:00Z
2858797,Chargers vs. Texans,nfl-lac-hou-2026-08-14,147102.48,1,0.515,1,0.0,2026-08-14T00:00:00Z
2858805,Jaguars vs. Saints,nfl-jax-no-2026-08-15,178056.65,24,0.43,1,0.0,2026-08-15T20:00:00Z
2858805,Jaguars vs. Saints,nfl-jax-no-2026-08-15,178056.65,1,0.425,1,0.0,2026-08-15T20:00:00Z
2858814,Broncos vs. Falcons,nfl-den-atl-2026-08-14,99825.84,24,0.65,1,0.0,2026-08-14T23:00:00Z
2858814,Broncos vs. Falcons,nfl-den-atl-2026-08-14,99825.84,1,0.635,1,0.0,2026-08-14T23:00:00Z
2858834,Buccaneers vs. Jets,nfl-tb-nyj-2026-08-14,285259.55,24,0.295,1,0.0,2026-08-14T23:00:00Z
2858834,Buccaneers vs. Jets,nfl-tb-nyj-2026-08-14,285259.55,1,0.305,1,0.01,2026-08-14T23:00:00Z
2858842,Dolphins vs. Commanders,nfl-mia-was-2026-08-14,128572.47,24,0.615,0,0.0,2026-08-14T23:00:00Z
2858842,Dolphins vs. Commanders,nfl-mia-was-2026-08-14,128572.47,1,0.625,0,0.0,2026-08-14T23:00:00Z
2858850,Vikings vs. Giants,nfl-min-nyg-2026-08-15,236270.27,24,0.565,1,0.01,2026-08-15T17:00:00Z
2858850,Vikings vs. Giants,nfl-min-nyg-2026-08-15,236270.27,1,0.535,1,0.0,2026-08-15T17:00:00Z
2858856,Rams vs. Chiefs,nfl-la-kc-2026-08-15,303870.24,24,0.44,1,0.0,2026-08-15T20:00:00Z
2858856,Rams vs. Chiefs,nfl-la-kc-2026-08-15,303870.24,1,0.445,1,0.0,2026-08-15T20:00:00Z
2858873,Cardinals vs. Raiders,nfl-ari-lv-2026-08-14,191640.45,24,0.455,1,0.01,2026-08-14T00:00:00Z
2858873,Cardinals vs. Raiders,nfl-ari-lv-2026-08-14,191640.45,1,0.385,1,0.0,2026-08-14T00:00:00Z
2858878,Browns vs. Bears,nfl-cle-chi-2026-08-15,532240.74,24,0.61,0,0.01,2026-08-15T17:00:00Z
2858878,Browns vs. Bears,nfl-cle-chi-2026-08-15,532240.74,1,0.605,0,0.0,2026-08-15T17:00:00Z
2858884,Titans vs. 49ers,nfl-ten-sf-2026-08-14,439651.36,24,0.665,1,0.0,2026-08-14T01:00:00Z
2858884,Titans vs. 49ers,nfl-ten-sf-2026-08-14,439651.36,1,0.715,1,0.0,2026-08-14T01:00:00Z
2869647,Raiders vs. Texans,nfl-lv-hou-2026-08-21,570244.59,168,0.5,1,0.01,2026-08-21T00:00:00Z
2869647,Raiders vs. Texans,nfl-lv-hou-2026-08-21,570244.59,24,0.525,1,0.01,2026-08-21T00:00:00Z
2869647,Raiders vs. Texans,nfl-lv-hou-2026-08-21,570244.59,1,0.545,1,0.01,2026-08-21T00:00:00Z
2869657,49ers vs. Chargers,nfl-sf-lac-2026-08-21,941064.94,168,0.47,1,0.0,2026-08-21T02:00:00Z
2869657,49ers vs. Chargers,nfl-sf-lac-2026-08-21,941064.94,24,0.52,1,0.01,2026-08-21T02:00:00Z
2869657,49ers vs. Chargers,nfl-sf-lac-2026-08-21,941064.94,1,0.475,1,0.01,2026-08-21T02:00:00Z
2870680,Will the Reserve Bank of New Zealand increase the official cash rate after the September decision?,reserve-bank-of-new-zealand-decision-in-september-20260710022000963,15660.36,168,0.97,1,0.02,2026-09-02T23:59:00Z
2870680,Will the Reserve Bank of New Zealand increase the official cash rate after the September decision?,reserve-bank-of-new-zealand-decision-in-september-20260710022000963,15660.36,24,0.985,1,0.02,2026-09-02T23:59:00Z
2870681,Will the Reserve Bank of New Zealand make no change to the official cash rate after the September decision?,reserve-bank-of-new-zealand-decision-in-september-20260710022000963,17787.51,168,0.0325,0,0.02,2026-09-02T23:59:00Z
2870681,Will the Reserve Bank of New Zealand make no change to the official cash rate after the September decision?,reserve-bank-of-new-zealand-decision-in-september-20260710022000963,17787.51,24,0.0065,0,0.02,2026-09-02T23:59:00Z
2870692,Will the Bank of Israel decrease the Bank of Israel Interest Rate after the September decision?,bank-of-israel-decision-in-september-20260710022159182,36763.37,168,0.095,1,0.02,2026-09-01T23:59:00Z
2870692,Will the Bank of Israel decrease the Bank of Israel Interest Rate after the September decision?,bank-of-israel-decision-in-september-20260710022159182,36763.37,24,0.155,1,0.03,2026-09-01T23:59:00Z
2870693,Will the Bank of Israel make no change to the Bank of Israel Interest Rate after the September decision?,bank-of-israel-decision-in-september-20260710022159182,44603.87,168,0.915,0,0.02,2026-09-01T23:59:00Z
2870693,Will the Bank of Israel make no change to the Bank of Israel Interest Rate after the September decision?,bank-of-israel-decision-in-september-20260710022159182,44603.87,24,0.84,0,0.03,2026-09-01T23:59:00Z
2870694,Will the Bank of Israel increase the Bank of Israel Interest Rate after the September decision?,bank-of-israel-decision-in-september-20260710022159182,13076.9,168,0.004,0,0.02,2026-09-01T23:59:00Z
2870694,Will the Bank of Israel increase the Bank of Israel Interest Rate after the September decision?,bank-of-israel-decision-in-september-20260710022159182,13076.9,24,0.0005,0,0.02,2026-09-01T23:59:00Z
2874958,Will Justin Bieber's monthly listeners figure hit 150m by August 31?,justin-bieber-monthly-listeners-hits-by-august-31-20260710220109217,17016.93,168,0.0045,0,0.03,2026-09-01T03:59:00Z
2874958,Will Justin Bieber's monthly listeners figure hit 150m by August 31?,justin-bieber-monthly-listeners-hits-by-august-31-20260710220109217,17016.93,24,0.0045,0,0.02,2026-09-01T03:59:00Z
2874958,Will Justin Bieber's monthly listeners figure hit 150m by August 31?,justin-bieber-monthly-listeners-hits-by-august-31-20260710220109217,17016.93,1,0.0005,0,0.02,2026-09-01T03:59:00Z
2875012,Will Jay Collins finish second in the Florida Republican Governor primary?,florida-governor-republican-primary-second-place-20260710143927093,81042.25,168,0.755,1,12.02,2026-08-18T23:59:00Z
2875012,Will Jay Collins finish second in the Florida Republican Governor primary?,florida-governor-republican-primary-second-place-20260710143927093,81042.25,24,0.82,1,0.02,2026-08-18T23:59:00Z
2875012,Will Jay Collins finish second in the Florida Republican Governor primary?,florida-governor-republican-primary-second-place-20260710143927093,81042.25,1,0.705,1,0.02,2026-08-18T23:59:00Z
2875013,Will Byron Donalds finish second in the Florida Republican Governor primary?,florida-governor-republican-primary-second-place-20260710143927093,13181.99,168,0.0025,0,12.02,2026-08-18T23:59:00Z
2875013,Will Byron Donalds finish second in the Florida Republican Governor primary?,florida-governor-republican-primary-second-place-20260710143927093,13181.99,24,0.004,0,0.02,2026-08-18T23:59:00Z
2875013,Will Byron Donalds finish second in the Florida Republican Governor primary?,florida-governor-republican-primary-second-place-20260710143927093,13181.99,1,0.0075,0,0.02,2026-08-18T23:59:00Z
2875014,Will Paul Renner finish second in the Florida Republican Governor primary?,florida-governor-republican-primary-second-place-20260710143927093,20533.77,168,0.005,0,12.02,2026-08-18T23:59:00Z
2875014,Will Paul Renner finish second in the Florida Republican Governor primary?,florida-governor-republican-primary-second-place-20260710143927093,20533.77,24,0.008,0,0.03,2026-08-18T23:59:00Z
2875014,Will Paul Renner finish second in the Florida Republican Governor primary?,florida-governor-republican-primary-second-place-20260710143927093,20533.77,1,0.003,0,0.02,2026-08-18T23:59:00Z
2875015,Will James Fishback finish second in the Florida Republican Governor primary?,florida-governor-republican-primary-second-place-20260710143927093,79787.33,168,0.215,0,12.02,2026-08-18T23:59:00Z
2875015,Will James Fishback finish second in the Florida Republican Governor primary?,florida-governor-republican-primary-second-place-20260710143927093,79787.33,24,0.17,0,0.03,2026-08-18T23:59:00Z
2875015,Will James Fishback finish second in the Florida Republican Governor primary?,florida-governor-republican-primary-second-place-20260710143927093,79787.33,1,0.305,0,0.02,2026-08-18T23:59:00Z
2883845,Will CD Coquimbo Unido win on 2026-07-25?,chi1-ccu-cu1-2026-07-25,25492.59,168,0.69,1,0.01,2026-09-02T22:00:00Z
2883845,Will CD Coquimbo Unido win on 2026-07-25?,chi1-ccu-cu1-2026-07-25,25492.59,24,0.615,1,0.01,2026-09-02T22:00:00Z
2883845,Will CD Coquimbo Unido win on 2026-07-25?,chi1-ccu-cu1-2026-07-25,25492.59,1,0.615,1,0.01,2026-09-02T22:00:00Z
2893986,Ravens vs. Vikings,nfl-bal-min-2026-08-22,251162.1,168,0.475,1,0.01,2026-08-22T17:00:00Z
2893986,Ravens vs. Vikings,nfl-bal-min-2026-08-22,251162.1,24,0.395,1,0.0,2026-08-22T17:00:00Z
2893986,Ravens vs. Vikings,nfl-bal-min-2026-08-22,251162.1,1,0.395,1,0.0,2026-08-22T17:00:00Z
2894004,Bills vs. Browns,nfl-buf-cle-2026-08-22,194030.65,168,0.495,1,0.01,2026-08-22T17:00:00Z
2894004,Bills vs. Browns,nfl-buf-cle-2026-08-22,194030.65,24,0.415,1,0.0,2026-08-22T17:00:00Z
2894004,Bills vs. Browns,nfl-buf-cle-2026-08-22,194030.65,1,0.395,1,0.0,2026-08-22T17:00:00Z
2894022,Jets vs. Steelers,nfl-nyj-pit-2026-08-21,470419.87,168,0.5,1,0.0,2026-08-21T23:00:00Z
2894022,Jets vs. Steelers,nfl-nyj-pit-2026-08-21,470419.87,24,0.535,1,0.0,2026-08-21T23:00:00Z
2894022,Jets vs. Steelers,nfl-nyj-pit-2026-08-21,470419.87,1,0.455,1,0.0,2026-08-21T23:00:00Z
2894043,Panthers vs. Jaguars,nfl-car-jax-2026-08-21,204450.36,168,0.5,1,0.5,2026-08-21T23:30:00Z
2894043,Panthers vs. Jaguars,nfl-car-jax-2026-08-21,204450.36,24,0.535,1,0.5,2026-08-21T23:30:00Z
2894043,Panthers vs. Jaguars,nfl-car-jax-2026-08-21,204450.36,1,0.555,1,0.5,2026-08-21T23:30:00Z
2894062,Bears vs. Bengals,nfl-chi-cin-2026-08-22,155763.04,168,0.48,0,0.0,2026-08-22T23:00:00Z
2894062,Bears vs. Bengals,nfl-chi-cin-2026-08-22,155763.04,24,0.535,0,0.01,2026-08-22T23:00:00Z
2894062,Bears vs. Bengals,nfl-chi-cin-2026-08-22,155763.04,1,0.575,0,0.0,2026-08-22T23:00:00Z
2894089,Falcons vs. Colts,nfl-atl-ind-2026-08-22,30303.04,168,0.505,1,0.01,2026-08-22T17:00:00Z
2894089,Falcons vs. Colts,nfl-atl-ind-2026-08-22,30303.04,24,0.355,1,0.0,2026-08-22T17:00:00Z
2894089,Falcons vs. Colts,nfl-atl-ind-2026-08-22,30303.04,1,0.355,1,0.0,2026-08-22T17:00:00Z
2894115,Saints vs. Rams,nfl-no-la-2026-08-22,320047.36,168,0.49,0,0.0,2026-08-22T20:00:00Z
2894115,Saints vs. Rams,nfl-no-la-2026-08-22,320047.36,24,0.515,0,0.01,2026-08-22T20:00:00Z
2894115,Saints vs. Rams,nfl-no-la-2026-08-22,320047.36,1,0.525,0,0.01,2026-08-22T20:00:00Z
2894136,Giants vs. Dolphins,nfl-nyg-mia-2026-08-22,66214.37,168,0.49,1,0.0,2026-08-22T20:00:00Z
2894136,Giants vs. Dolphins,nfl-nyg-mia-2026-08-22,66214.37,24,0.6,1,0.0,2026-08-22T20:00:00Z
2894136,Giants vs. Dolphins,nfl-nyg-mia-2026-08-22,66214.37,1,0.625,1,0.0,2026-08-22T20:00:00Z
2894162,Eagles vs. Patriots,nfl-phi-ne-2026-08-22,667179.67,168,0.5,0,0.0,2026-08-22T23:00:00Z
2894162,Eagles vs. Patriots,nfl-phi-ne-2026-08-22,667179.67,24,0.535,0,0.01,2026-08-22T23:00:00Z
2894162,Eagles vs. Patriots,nfl-phi-ne-2026-08-22,667179.67,1,0.535,0,0.0,2026-08-22T23:00:00Z
2894176,Chiefs vs. Buccaneers,nfl-kc-tb-2026-08-22,129015.42,168,0.51,0,0.5,2026-08-22T23:30:00Z
2894176,Chiefs vs. Buccaneers,nfl-kc-tb-2026-08-22,129015.42,24,0.31,0,0.49,2026-08-22T23:30:00Z
2894176,Chiefs vs. Buccaneers,nfl-kc-tb-2026-08-22,129015.42,1,0.345,0,0.5,2026-08-22T23:30:00Z
2894183,Commanders vs. Lions,nfl-was-det-2026-08-22,726097.08,168,0.47,0,0.0,2026-08-22T16:00:00Z
2894183,Commanders vs. Lions,nfl-was-det-2026-08-22,726097.08,24,0.48,0,0.01,2026-08-22T16:00:00Z
2894183,Commanders vs. Lions,nfl-was-det-2026-08-22,726097.08,1,0.535,0,0.01,2026-08-22T16:00:00Z
2894190,Packers vs. Broncos,nfl-gb-den-2026-08-22,108879.44,168,0.47,1,0.0,2026-08-22T01:00:00Z
2894190,Packers vs. Broncos,nfl-gb-den-2026-08-22,108879.44,24,0.31,1,0.01,2026-08-22T01:00:00Z
2894190,Packers vs. Broncos,nfl-gb-den-2026-08-22,108879.44,1,0.295,1,0.01,2026-08-22T01:00:00Z
2894197,Cowboys vs. Cardinals,nfl-dal-ari-2026-08-23,185323.02,168,0.525,1,0.0,2026-08-23T02:00:00Z
2894197,Cowboys vs. Cardinals,nfl-dal-ari-2026-08-23,185323.02,24,0.495,1,0.0,2026-08-23T02:00:00Z
2894197,Cowboys vs. Cardinals,nfl-dal-ari-2026-08-23,185323.02,1,0.505,1,0.0,2026-08-23T02:00:00Z
2896067,Will Nancy Mace be the new Republican nominee for Senate in South Carolina?,south-carolina-republican-senate-special-primary-winner-20260712135206676,12261.62,168,0.0005,0,0.02,2026-08-25T23:59:00Z
2896067,Will Nancy Mace be the new Republican nominee for Senate in South Carolina?,south-carolina-republican-senate-special-primary-winner-20260712135206676,12261.62,24,0.0005,0,0.02,2026-08-25T23:59:00Z
2896067,Will Nancy Mace be the new Republican nominee for Senate in South Carolina?,south-carolina-republican-senate-special-primary-winner-20260712135206676,12261.62,1,0.0005,0,0.02,2026-08-25T23:59:00Z
2896069,Will Mark Lynch be the new Republican nominee for Senate in South Carolina?,south-carolina-republican-senate-special-primary-winner-20260712135206676,26817.96,168,0.0005,0,0.02,2026-08-25T23:59:00Z
2896069,Will Mark Lynch be the new Republican nominee for Senate in South Carolina?,south-carolina-republican-senate-special-primary-winner-20260712135206676,26817.96,24,0.0005,0,0.02,2026-08-25T23:59:00Z
2896069,Will Mark Lynch be the new Republican nominee for Senate in South Carolina?,south-carolina-republican-senate-special-primary-winner-20260712135206676,26817.96,1,0.0005,0,0.02,2026-08-25T23:59:00Z
2896071,Will Ralph Norman be the new Republican nominee for Senate in South Carolina?,south-carolina-republican-senate-special-primary-winner-20260712135206676,1322260.55,168,0.12,0,0.02,2026-08-25T23:59:00Z
2896071,Will Ralph Norman be the new Republican nominee for Senate in South Carolina?,south-carolina-republican-senate-special-primary-winner-20260712135206676,1322260.55,24,0.325,0,0.02,2026-08-25T23:59:00Z
2896071,Will Ralph Norman be the new Republican nominee for Senate in South Carolina?,south-carolina-republican-senate-special-primary-winner-20260712135206676,1322260.55,1,0.435,0,0.02,2026-08-25T23:59:00Z
2896073,Will Russell Fry be the new Republican nominee for Senate in South Carolina?,south-carolina-republican-senate-special-primary-winner-20260712135206676,287282.7,168,0.0005,0,0.02,2026-08-25T23:59:00Z
2896073,Will Russell Fry be the new Republican nominee for Senate in South Carolina?,south-carolina-republican-senate-special-primary-winner-20260712135206676,287282.7,24,0.0005,0,0.02,2026-08-25T23:59:00Z
2896073,Will Russell Fry be the new Republican nominee for Senate in South Carolina?,south-carolina-republican-senate-special-primary-winner-20260712135206676,287282.7,1,0.0005,0,0.02,2026-08-25T23:59:00Z
2896075,Will Pamela Evette be the new Republican nominee for Senate in South Carolina?,south-carolina-republican-senate-special-primary-winner-20260712135206676,21355.87,168,0.0005,0,0.02,2026-08-25T23:59:00Z
2896075,Will Pamela Evette be the new Republican nominee for Senate in South Carolina?,south-carolina-republican-senate-special-primary-winner-20260712135206676,21355.87,24,0.0005,0,0.02,2026-08-25T23:59:00Z
2896075,Will Pamela Evette be the new Republican nominee for Senate in South Carolina?,south-carolina-republican-senate-special-primary-winner-20260712135206676,21355.87,1,0.0005,0,0.03,2026-08-25T23:59:00Z
2896080,Will Darline Graham Nordone be the new republican nominee for Senate in South Carolina?,south-carolina-republican-senate-special-primary-winner-20260712135206676,2445816.8,168,0.881,1,0.02,2026-08-25T23:59:00Z
2896080,Will Darline Graham Nordone be the new republican nominee for Senate in South Carolina?,south-carolina-republican-senate-special-primary-winner-20260712135206676,2445816.8,24,0.6815,1,0.02,2026-08-25T23:59:00Z
2896080,Will Darline Graham Nordone be the new republican nominee for Senate in South Carolina?,south-carolina-republican-senate-special-primary-winner-20260712135206676,2445816.8,1,0.5695,1,0.03,2026-08-25T23:59:00Z
2896081,Will Mark Sanford be the new republican nominee for Senate in South Carolina?,south-carolina-republican-senate-special-primary-winner-20260712135206676,371025.48,168,0.0015,0,0.02,2026-08-25T23:59:00Z
2896081,Will Mark Sanford be the new republican nominee for Senate in South Carolina?,south-carolina-republican-senate-special-primary-winner-20260712135206676,371025.48,24,0.0005,0,0.02,2026-08-25T23:59:00Z
2896081,Will Mark Sanford be the new republican nominee for Senate in South Carolina?,south-carolina-republican-senate-special-primary-winner-20260712135206676,371025.48,1,0.0005,0,0.02,2026-08-25T23:59:00Z
2905282,Seahawks vs. Titans,nfl-sea-ten-2026-08-24,1124686.48,168,0.545,0,0.01,2026-08-24T00:00:00Z
2905282,Seahawks vs. Titans,nfl-sea-ten-2026-08-24,1124686.48,24,0.345,0,0.0,2026-08-24T00:00:00Z
2905282,Seahawks vs. Titans,nfl-sea-ten-2026-08-24,1124686.48,1,0.425,0,0.01,2026-08-24T00:00:00Z
2907312,"US charges Hormuz fees by August 31, 2026?",us-charges-hormuz-fees-byptptpt-20260713151243232,181151.99,168,0.0055,0,0.03,2026-09-01T03:59:00Z
2907312,"US charges Hormuz fees by August 31, 2026?",us-charges-hormuz-fees-byptptpt-20260713151243232,181151.99,24,0.001,0,0.02,2026-09-01T03:59:00Z
2907312,"US charges Hormuz fees by August 31, 2026?",us-charges-hormuz-fees-byptptpt-20260713151243232,181151.99,1,0.0005,0,0.02,2026-09-01T03:59:00Z
2910437,"US announces end of Iranian blockade by August 15, 2026?",us-announces-end-of-iranian-blockade-byptptpt-20260713152715080,3291960.57,24,0.0095,0,0.02,2026-08-16T03:59:00Z
2910437,"US announces end of Iranian blockade by August 15, 2026?",us-announces-end-of-iranian-blockade-byptptpt-20260713152715080,3291960.57,1,0.0015,0,0.02,2026-08-16T03:59:00Z
2910438,"US announces end of Iranian blockade by August 31, 2026?",us-announces-end-of-iranian-blockade-byptptpt-20260713152715080,4936927.52,168,0.0305,0,0.03,2026-09-01T03:59:00Z
2910438,"US announces end of Iranian blockade by August 31, 2026?",us-announces-end-of-iranian-blockade-byptptpt-20260713152715080,4936927.52,24,0.004,0,0.02,2026-09-01T03:59:00Z
2910438,"US announces end of Iranian blockade by August 31, 2026?",us-announces-end-of-iranian-blockade-byptptpt-20260713152715080,4936927.52,1,0.0015,0,0.02,2026-09-01T03:59:00Z
2911832,"US x Iran diplomatic meeting by August 31, 2026?",next-round-of-us-iran-peace-talks-byptptpt-20260623022722982,1506145.0,168,0.02,0,0.03,2026-09-01T03:59:00Z
2911832,"US x Iran diplomatic meeting by August 31, 2026?",next-round-of-us-iran-peace-talks-byptptpt-20260623022722982,1506145.0,24,0.0025,0,0.02,2026-09-01T03:59:00Z
2911832,"US x Iran diplomatic meeting by August 31, 2026?",next-round-of-us-iran-peace-talks-byptptpt-20260623022722982,1506145.0,1,0.0005,0,0.02,2026-09-01T03:59:00Z
2911874,Bab el-Mandeb Strait effectively closed by August 31?,bab-el-mandeb-strait-effectively-closed-by,2558815.76,168,0.012,0,0.03,2026-09-01T03:59:00Z
2911874,Bab el-Mandeb Strait effectively closed by August 31?,bab-el-mandeb-strait-effectively-closed-by,2558815.76,24,0.0015,0,0.02,2026-09-01T03:59:00Z
2911874,Bab el-Mandeb Strait effectively closed by August 31?,bab-el-mandeb-strait-effectively-closed-by,2558815.76,1,0.0015,0,0.02,2026-09-01T03:59:00Z
2915349,Will Adilet win the second most seats in the 2026 Kazakh Kurultai elections?,kazakhstan-kurultai-election-2nd-place-20260713225045611,19961.8,168,0.0025,0,0.02,2026-08-23T23:59:00Z
2915349,Will Adilet win the second most seats in the 2026 Kazakh Kurultai elections?,kazakhstan-kurultai-election-2nd-place-20260713225045611,19961.8,24,0.0005,0,0.02,2026-08-23T23:59:00Z
2915349,Will Adilet win the second most seats in the 2026 Kazakh Kurultai elections?,kazakhstan-kurultai-election-2nd-place-20260713225045611,19961.8,1,0.0005,0,0.02,2026-08-23T23:59:00Z
2915350,Will Auyl win the second most seats in the 2026 Kazakh Kurultai elections?,kazakhstan-kurultai-election-2nd-place-20260713225045611,83760.59,168,0.73,1,0.02,2026-08-23T23:59:00Z
2915350,Will Auyl win the second most seats in the 2026 Kazakh Kurultai elections?,kazakhstan-kurultai-election-2nd-place-20260713225045611,83760.59,24,0.78,1,0.02,2026-08-23T23:59:00Z
2915350,Will Auyl win the second most seats in the 2026 Kazakh Kurultai elections?,kazakhstan-kurultai-election-2nd-place-20260713225045611,83760.59,1,0.9845,1,0.02,2026-08-23T23:59:00Z
2915352,Will Aq Jol win the second most seats in the 2026 Kazakh Kurultai elections?,kazakhstan-kurultai-election-2nd-place-20260713225045611,12078.68,168,0.116,0,0.02,2026-08-23T23:59:00Z
2915352,Will Aq Jol win the second most seats in the 2026 Kazakh Kurultai elections?,kazakhstan-kurultai-election-2nd-place-20260713225045611,12078.68,24,0.086,0,0.02,2026-08-23T23:59:00Z
2915352,Will Aq Jol win the second most seats in the 2026 Kazakh Kurultai elections?,kazakhstan-kurultai-election-2nd-place-20260713225045611,12078.68,1,0.021,0,0.02,2026-08-23T23:59:00Z
2925999,"Will Russia capture Bilytske by August 31, 2026?",will-russia-capture-bilytske-by,48070.96,168,0.0265,0,0.03,2026-09-01T03:59:00Z
2925999,"Will Russia capture Bilytske by August 31, 2026?",will-russia-capture-bilytske-by,48070.96,24,0.0355,0,0.02,2026-09-01T03:59:00Z
2925999,"Will Russia capture Bilytske by August 31, 2026?",will-russia-capture-bilytske-by,48070.96,1,0.0185,0,0.02,2026-09-01T03:59:00Z
2926628,"Will the next Google Gemini Pro model be released by August 31, 2026?",next-google-gemini-pro-model-released-byptptpt,347191.58,168,0.0645,0,0.03,2026-09-01T03:59:00Z
2926628,"Will the next Google Gemini Pro model be released by August 31, 2026?",next-google-gemini-pro-model-released-byptptpt,347191.58,24,0.0075,0,0.02,2026-09-01T03:59:00Z
2926628,"Will the next Google Gemini Pro model be released by August 31, 2026?",next-google-gemini-pro-model-released-byptptpt,347191.58,1,0.0045,0,0.02,2026-09-01T03:59:00Z
2928823,Will US crude oil reserves fall to 285M by August 31?,will-us-crude-oil-reserves-fall-to-by-august-28-20260714142248732,49830.96,720,0.365,0,60.02,2026-09-08T23:59:00Z
2928823,Will US crude oil reserves fall to 285M by August 31?,will-us-crude-oil-reserves-fall-to-by-august-28-20260714142248732,49830.96,168,0.0155,0,0.02,2026-09-08T23:59:00Z
2928824,Will US crude oil reserves fall to 270M by August 31?,will-us-crude-oil-reserves-fall-to-by-august-28-20260714142248732,11033.83,168,0.0115,0,0.01,2026-08-28T00:00:00Z
2928824,Will US crude oil reserves fall to 270M by August 31?,will-us-crude-oil-reserves-fall-to-by-august-28-20260714142248732,11033.83,24,0.006,0,0.01,2026-08-28T00:00:00Z
2928824,Will US crude oil reserves fall to 270M by August 31?,will-us-crude-oil-reserves-fall-to-by-august-28-20260714142248732,11033.83,1,0.0065,0,0.01,2026-08-28T00:00:00Z
2929095,Will Argentina's monthly inflation in July 2026 be between 1.8% and 2.0%?,argentina-monthly-inflation-july-20260714204403042,11678.91,24,0.66,0,0.02,2026-08-13T15:59:00Z
2929095,Will Argentina's monthly inflation in July 2026 be between 1.8% and 2.0%?,argentina-monthly-inflation-july-20260714204403042,11678.91,1,0.7,0,0.02,2026-08-13T15:59:00Z
2941257,Will NVIDIA be the third-largest company in the world by market cap on August 31?,3rd-largest-company-end-of-august-20260715203029875,102566.13,168,0.004,0,0.02,2026-08-31T23:59:00Z
2941257,Will NVIDIA be the third-largest company in the world by market cap on August 31?,3rd-largest-company-end-of-august-20260715203029875,102566.13,24,0.0005,0,0.02,2026-08-31T23:59:00Z
2941257,Will NVIDIA be the third-largest company in the world by market cap on August 31?,3rd-largest-company-end-of-august-20260715203029875,102566.13,1,0.0005,0,0.98,2026-08-31T23:59:00Z
2941258,Will Microsoft be the third-largest company in the world by market cap on August 31?,3rd-largest-company-end-of-august-20260715203029875,61015.94,168,0.0085,0,0.02,2026-08-31T23:59:00Z
2941258,Will Microsoft be the third-largest company in the world by market cap on August 31?,3rd-largest-company-end-of-august-20260715203029875,61015.94,24,0.006,0,0.02,2026-08-31T23:59:00Z
2941258,Will Microsoft be the third-largest company in the world by market cap on August 31?,3rd-largest-company-end-of-august-20260715203029875,61015.94,1,0.0005,0,0.98,2026-08-31T23:59:00Z
2941259,Will Apple be the third-largest company in the world by market cap on August 31?,3rd-largest-company-end-of-august-20260715203029875,78717.98,168,0.0395,0,0.02,2026-08-31T23:59:00Z
2941259,Will Apple be the third-largest company in the world by market cap on August 31?,3rd-largest-company-end-of-august-20260715203029875,78717.98,24,0.0015,0,0.02,2026-08-31T23:59:00Z
2941259,Will Apple be the third-largest company in the world by market cap on August 31?,3rd-largest-company-end-of-august-20260715203029875,78717.98,1,0.0005,0,0.98,2026-08-31T23:59:00Z
2941260,Will Alphabet be the third-largest company in the world by market cap on August 31?,3rd-largest-company-end-of-august-20260715203029875,104733.97,168,0.945,1,0.02,2026-08-31T23:59:00Z
2941260,Will Alphabet be the third-largest company in the world by market cap on August 31?,3rd-largest-company-end-of-august-20260715203029875,104733.97,24,0.984,1,0.02,2026-08-31T23:59:00Z
2941260,Will Alphabet be the third-largest company in the world by market cap on August 31?,3rd-largest-company-end-of-august-20260715203029875,104733.97,1,0.9995,1,0.98,2026-08-31T23:59:00Z
2941263,Will Amazon be the third-largest company in the world by market cap on August 31?,3rd-largest-company-end-of-august-20260715203029875,10376.46,168,0.0005,0,0.02,2026-08-31T23:59:00Z
2941263,Will Amazon be the third-largest company in the world by market cap on August 31?,3rd-largest-company-end-of-august-20260715203029875,10376.46,24,0.0005,0,0.02,2026-08-31T23:59:00Z
2941263,Will Amazon be the third-largest company in the world by market cap on August 31?,3rd-largest-company-end-of-august-20260715203029875,10376.46,1,0.0005,0,0.98,2026-08-31T23:59:00Z
2941286,Will NVIDIA be the second-largest company in the world by market cap on August 31?,2nd-largest-company-end-of-august-20260715202554129,114784.6,168,0.0145,0,0.02,2026-08-31T23:59:00Z
2941286,Will NVIDIA be the second-largest company in the world by market cap on August 31?,2nd-largest-company-end-of-august-20260715202554129,114784.6,24,0.0025,0,0.02,2026-08-31T23:59:00Z
2941286,Will NVIDIA be the second-largest company in the world by market cap on August 31?,2nd-largest-company-end-of-august-20260715202554129,114784.6,1,0.0005,0,0.98,2026-08-31T23:59:00Z
2941287,Will Microsoft be the second-largest company in the world by market cap on August 31?,2nd-largest-company-end-of-august-20260715202554129,36049.69,168,0.0005,0,0.02,2026-08-31T23:59:00Z
2941287,Will Microsoft be the second-largest company in the world by market cap on August 31?,2nd-largest-company-end-of-august-20260715202554129,36049.69,24,0.0005,0,0.02,2026-08-31T23:59:00Z
2941287,Will Microsoft be the second-largest company in the world by market cap on August 31?,2nd-largest-company-end-of-august-20260715202554129,36049.69,1,0.0005,0,0.98,2026-08-31T23:59:00Z
2941288,Will Apple be the second-largest company in the world by market cap on August 31?,2nd-largest-company-end-of-august-20260715202554129,189649.48,168,0.93,1,0.02,2026-08-31T23:59:00Z
2941288,Will Apple be the second-largest company in the world by market cap on August 31?,2nd-largest-company-end-of-august-20260715202554129,189649.48,24,0.9965,1,0.02,2026-08-31T23:59:00Z
2941288,Will Apple be the second-largest company in the world by market cap on August 31?,2nd-largest-company-end-of-august-20260715202554129,189649.48,1,0.9995,1,0.98,2026-08-31T23:59:00Z
2941289,Will Alphabet be the second-largest company in the world by market cap on August 31?,2nd-largest-company-end-of-august-20260715202554129,178155.61,168,0.062,0,0.02,2026-08-31T23:59:00Z
2941289,Will Alphabet be the second-largest company in the world by market cap on August 31?,2nd-largest-company-end-of-august-20260715202554129,178155.61,24,0.005,0,0.02,2026-08-31T23:59:00Z
2941289,Will Alphabet be the second-largest company in the world by market cap on August 31?,2nd-largest-company-end-of-august-20260715202554129,178155.61,1,0.0005,0,0.98,2026-08-31T23:59:00Z
2941315,Will NVIDIA be the largest company in the world by market cap on August 31?,largest-company-end-of-august-20260715202138598,779953.75,168,0.9685,1,0.02,2026-08-31T23:59:00Z
2941315,Will NVIDIA be the largest company in the world by market cap on August 31?,largest-company-end-of-august-20260715202138598,779953.75,24,0.998,1,0.02,2026-08-31T23:59:00Z
2941315,Will NVIDIA be the largest company in the world by market cap on August 31?,largest-company-end-of-august-20260715202138598,779953.75,1,0.9995,1,0.98,2026-08-31T23:59:00Z
2941316,Will Microsoft be the largest company in the world by market cap on August 31?,largest-company-end-of-august-20260715202138598,275761.0,168,0.0005,0,0.02,2026-08-31T23:59:00Z
2941316,Will Microsoft be the largest company in the world by market cap on August 31?,largest-company-end-of-august-20260715202138598,275761.0,24,0.0005,0,0.02,2026-08-31T23:59:00Z
2941316,Will Microsoft be the largest company in the world by market cap on August 31?,largest-company-end-of-august-20260715202138598,275761.0,1,0.0005,0,0.98,2026-08-31T23:59:00Z
2941317,Will Apple be the largest company in the world by market cap on August 31?,largest-company-end-of-august-20260715202138598,526940.08,168,0.0315,0,0.02,2026-08-31T23:59:00Z
2941317,Will Apple be the largest company in the world by market cap on August 31?,largest-company-end-of-august-20260715202138598,526940.08,24,0.0005,0,0.02,2026-08-31T23:59:00Z
2941317,Will Apple be the largest company in the world by market cap on August 31?,largest-company-end-of-august-20260715202138598,526940.08,1,0.0005,0,0.98,2026-08-31T23:59:00Z
2941318,Will Alphabet be the largest company in the world by market cap on August 31?,largest-company-end-of-august-20260715202138598,506642.24,168,0.0025,0,0.02,2026-08-31T23:59:00Z
2941318,Will Alphabet be the largest company in the world by market cap on August 31?,largest-company-end-of-august-20260715202138598,506642.24,24,0.0005,0,0.02,2026-08-31T23:59:00Z
2941318,Will Alphabet be the largest company in the world by market cap on August 31?,largest-company-end-of-august-20260715202138598,506642.24,1,0.0005,0,0.98,2026-08-31T23:59:00Z
2941319,Will Tesla be the largest company in the world by market cap on August 31?,largest-company-end-of-august-20260715202138598,226000.6,168,0.0005,0,0.02,2026-08-31T23:59:00Z
2941319,Will Tesla be the largest company in the world by market cap on August 31?,largest-company-end-of-august-20260715202138598,226000.6,24,0.0005,0,0.02,2026-08-31T23:59:00Z
2941319,Will Tesla be the largest company in the world by market cap on August 31?,largest-company-end-of-august-20260715202138598,226000.6,1,0.0005,0,0.98,2026-08-31T23:59:00Z
2941320,Will Saudi Aramco be the largest company in the world by market cap on August 31?,largest-company-end-of-august-20260715202138598,176480.74,168,0.0005,0,0.02,2026-08-31T23:59:00Z
2941320,Will Saudi Aramco be the largest company in the world by market cap on August 31?,largest-company-end-of-august-20260715202138598,176480.74,24,0.0005,0,0.02,2026-08-31T23:59:00Z
2941320,Will Saudi Aramco be the largest company in the world by market cap on August 31?,largest-company-end-of-august-20260715202138598,176480.74,1,0.0005,0,0.98,2026-08-31T23:59:00Z
2941321,Will Amazon be the largest company in the world by market cap on August 31?,largest-company-end-of-august-20260715202138598,275772.67,168,0.0005,0,0.02,2026-08-31T23:59:00Z
2941321,Will Amazon be the largest company in the world by market cap on August 31?,largest-company-end-of-august-20260715202138598,275772.67,24,0.0005,0,0.02,2026-08-31T23:59:00Z
2941321,Will Amazon be the largest company in the world by market cap on August 31?,largest-company-end-of-august-20260715202138598,275772.67,1,0.0005,0,0.98,2026-08-31T23:59:00Z
2941322,Will Broadcom be the largest company in the world by market cap on August 31?,largest-company-end-of-august-20260715202138598,153957.14,168,0.0005,0,0.02,2026-08-31T23:59:00Z
2941322,Will Broadcom be the largest company in the world by market cap on August 31?,largest-company-end-of-august-20260715202138598,153957.14,24,0.0005,0,0.02,2026-08-31T23:59:00Z
2941322,Will Broadcom be the largest company in the world by market cap on August 31?,largest-company-end-of-august-20260715202138598,153957.14,1,0.0005,0,0.98,2026-08-31T23:59:00Z
2952488,Israel x Iran ceasefire continues through August 15?,israel-x-iran-ceasefire-continues-throughptptpt-20260716224448963,2534770.35,24,0.993,1,0.02,2026-08-15T23:59:00Z
2952488,Israel x Iran ceasefire continues through August 15?,israel-x-iran-ceasefire-continues-throughptptpt-20260716224448963,2534770.35,1,0.9985,1,0.02,2026-08-15T23:59:00Z
2952493,Israel x Iran ceasefire continues through August 31?,israel-x-iran-ceasefire-continues-throughptptpt-20260716224448963,3333310.6,168,0.9725,1,0.48,2026-08-31T20:29:00Z
2952493,Israel x Iran ceasefire continues through August 31?,israel-x-iran-ceasefire-continues-throughptptpt-20260716224448963,3333310.6,24,0.974,1,0.48,2026-08-31T20:29:00Z
2952493,Israel x Iran ceasefire continues through August 31?,israel-x-iran-ceasefire-continues-throughptptpt-20260716224448963,3333310.6,1,0.992,1,0.48,2026-08-31T20:29:00Z
2954620,Will the total domestic gross for The Odyssey be between 300m and 350m by August 31?,the-odyssey-total-domestic-gross-by-august-31-20260716181154228,13180.67,168,0.004,0,0.03,2026-09-01T03:59:00Z
2954620,Will the total domestic gross for The Odyssey be between 300m and 350m by August 31?,the-odyssey-total-domestic-gross-by-august-31-20260716181154228,13180.67,24,0.0035,0,0.02,2026-09-01T03:59:00Z
2954620,Will the total domestic gross for The Odyssey be between 300m and 350m by August 31?,the-odyssey-total-domestic-gross-by-august-31-20260716181154228,13180.67,1,0.002,0,0.02,2026-09-01T03:59:00Z
2954621,Will the total domestic gross for The Odyssey be at least 350m by August 31?,the-odyssey-total-domestic-gross-by-august-31-20260716181154228,31839.16,168,0.996,1,0.03,2026-09-01T03:59:00Z
2954621,Will the total domestic gross for The Odyssey be at least 350m by August 31?,the-odyssey-total-domestic-gross-by-august-31-20260716181154228,31839.16,24,0.991,1,0.02,2026-09-01T03:59:00Z
2954621,Will the total domestic gross for The Odyssey be at least 350m by August 31?,the-odyssey-total-domestic-gross-by-august-31-20260716181154228,31839.16,1,0.9985,1,0.02,2026-09-01T03:59:00Z
2954882,Will OpenAI have the best Text-to-Image AI at the end of August 2026?,which-company-has-the-best-text-to-image-ai-end-of-august-20260716212635678,21588.44,168,0.9695,1,0.03,2026-09-01T03:59:00Z
2954882,Will OpenAI have the best Text-to-Image AI at the end of August 2026?,which-company-has-the-best-text-to-image-ai-end-of-august-20260716212635678,21588.44,24,0.9965,1,0.02,2026-09-01T03:59:00Z
2954910,Will Anthropic have the best Code Arena | WebDev AI at the end of August 2026?,which-company-has-the-best-code-arena-webdev-ai-model-end-of-august-20260716213053775,34777.26,168,0.9575,1,0.03,2026-09-01T03:59:00Z
2954910,Will Anthropic have the best Code Arena | WebDev AI at the end of August 2026?,which-company-has-the-best-code-arena-webdev-ai-model-end-of-august-20260716213053775,34777.26,24,0.963,1,0.02,2026-09-01T03:59:00Z
2954946,Will Alibaba have the best Chinese AI model at the end of August 2026?,best-chinese-ai-company-end-of-august-20260717004241592,266067.74,168,0.946,1,0.03,2026-09-01T03:59:00Z
2954946,Will Alibaba have the best Chinese AI model at the end of August 2026?,best-chinese-ai-company-end-of-august-20260717004241592,266067.74,24,0.985,1,0.02,2026-09-01T03:59:00Z
2954947,Will Moonshot have the best Chinese AI model at the end of August 2026?,best-chinese-ai-company-end-of-august-20260717004241592,88488.72,168,0.0115,0,0.03,2026-09-01T03:59:00Z
2954947,Will Moonshot have the best Chinese AI model at the end of August 2026?,best-chinese-ai-company-end-of-august-20260717004241592,88488.72,24,0.0115,0,0.02,2026-09-01T03:59:00Z
2954948,Will Baidu have the best Chinese AI model at the end of August 2026?,best-chinese-ai-company-end-of-august-20260717004241592,98242.01,168,0.0015,0,0.03,2026-09-01T03:59:00Z
2954948,Will Baidu have the best Chinese AI model at the end of August 2026?,best-chinese-ai-company-end-of-august-20260717004241592,98242.01,24,0.0005,0,0.02,2026-09-01T03:59:00Z
2954949,Will Z.ai have the best Chinese AI model at the end of August 2026?,best-chinese-ai-company-end-of-august-20260717004241592,162079.37,168,0.038,0,0.03,2026-09-01T03:59:00Z
2954949,Will Z.ai have the best Chinese AI model at the end of August 2026?,best-chinese-ai-company-end-of-august-20260717004241592,162079.37,24,0.0015,0,0.02,2026-09-01T03:59:00Z
2954950,Will Xiaomi have the best Chinese AI model at the end of August 2026?,best-chinese-ai-company-end-of-august-20260717004241592,56729.11,168,0.0035,0,0.03,2026-09-01T03:59:00Z
2954950,Will Xiaomi have the best Chinese AI model at the end of August 2026?,best-chinese-ai-company-end-of-august-20260717004241592,56729.11,24,0.0015,0,0.02,2026-09-01T03:59:00Z
2954951,Will DeepSeek have the best Chinese AI model at the end of August 2026?,best-chinese-ai-company-end-of-august-20260717004241592,146527.18,168,0.002,0,0.03,2026-09-01T03:59:00Z
2954951,Will DeepSeek have the best Chinese AI model at the end of August 2026?,best-chinese-ai-company-end-of-august-20260717004241592,146527.18,24,0.0005,0,0.02,2026-09-01T03:59:00Z
2954952,Will Bytedance have the best Chinese AI model at the end of August 2026?,best-chinese-ai-company-end-of-august-20260717004241592,67995.73,168,0.0015,0,0.03,2026-09-01T03:59:00Z
2954952,Will Bytedance have the best Chinese AI model at the end of August 2026?,best-chinese-ai-company-end-of-august-20260717004241592,67995.73,24,0.0005,0,0.02,2026-09-01T03:59:00Z
2954953,Will MiniMax have the best Chinese AI model at the end of August 2026?,best-chinese-ai-company-end-of-august-20260717004241592,87381.44,168,0.0035,0,0.03,2026-09-01T03:59:00Z
2954953,Will MiniMax have the best Chinese AI model at the end of August 2026?,best-chinese-ai-company-end-of-august-20260717004241592,87381.44,24,0.0015,0,0.02,2026-09-01T03:59:00Z
2954954,Will Meituan have the best Chinese AI model at the end of August 2026?,best-chinese-ai-company-end-of-august-20260717004241592,20577.72,168,0.0005,0,0.03,2026-09-01T03:59:00Z
2954954,Will Meituan have the best Chinese AI model at the end of August 2026?,best-chinese-ai-company-end-of-august-20260717004241592,20577.72,24,0.0005,0,0.02,2026-09-01T03:59:00Z
2954955,Will Tencent have the best Chinese AI model at the end of August 2026?,best-chinese-ai-company-end-of-august-20260717004241592,73358.78,168,0.0015,0,0.03,2026-09-01T03:59:00Z
2954955,Will Tencent have the best Chinese AI model at the end of August 2026?,best-chinese-ai-company-end-of-august-20260717004241592,73358.78,24,0.0015,0,0.02,2026-09-01T03:59:00Z
2954956,Will StepFun have the best Chinese AI model at the end of August 2026?,best-chinese-ai-company-end-of-august-20260717004241592,28904.83,168,0.0005,0,0.03,2026-09-01T03:59:00Z
2954956,Will StepFun have the best Chinese AI model at the end of August 2026?,best-chinese-ai-company-end-of-august-20260717004241592,28904.83,24,0.0005,0,0.02,2026-09-01T03:59:00Z
2954993,Will Anthropic have the best Math AI model at the end of August 2026?,which-company-has-the-best-text-arena-math-ai-model-end-of-august-20260717012538240,35580.96,168,0.9875,1,0.03,2026-09-01T03:59:00Z
2954993,Will Anthropic have the best Math AI model at the end of August 2026?,which-company-has-the-best-text-arena-math-ai-model-end-of-august-20260717012538240,35580.96,24,0.991,1,0.02,2026-09-01T03:59:00Z
2954994,Will Google have the best Math AI model at the end of August 2026?,which-company-has-the-best-text-arena-math-ai-model-end-of-august-20260717012538240,20657.59,168,0.0045,0,0.03,2026-09-01T03:59:00Z
2954994,Will Google have the best Math AI model at the end of August 2026?,which-company-has-the-best-text-arena-math-ai-model-end-of-august-20260717012538240,20657.59,24,0.0045,0,0.02,2026-09-01T03:59:00Z
2954997,Will OpenAI have the best Math AI model at the end of August 2026?,which-company-has-the-best-text-arena-math-ai-model-end-of-august-20260717012538240,14356.48,168,0.0095,0,0.03,2026-09-01T03:59:00Z
2954997,Will OpenAI have the best Math AI model at the end of August 2026?,which-company-has-the-best-text-arena-math-ai-model-end-of-august-20260717012538240,14356.48,24,0.0135,0,0.02,2026-09-01T03:59:00Z
2955043,Will Anthropic have the best AI model at the end of August 2026?,which-company-has-best-ai-model-end-of-august-20260717015626546,526709.16,168,0.985,1,0.03,2026-09-01T03:59:00Z
2955043,Will Anthropic have the best AI model at the end of August 2026?,which-company-has-best-ai-model-end-of-august-20260717015626546,526709.16,24,0.9925,1,0.02,2026-09-01T03:59:00Z
2955044,Will Meta have the best AI model at the end of August 2026?,which-company-has-best-ai-model-end-of-august-20260717015626546,187472.32,168,0.0005,0,0.03,2026-09-01T03:59:00Z
2955044,Will Meta have the best AI model at the end of August 2026?,which-company-has-best-ai-model-end-of-august-20260717015626546,187472.32,24,0.0005,0,0.02,2026-09-01T03:59:00Z
2955045,Will Google have the best AI model at the end of August 2026?,which-company-has-best-ai-model-end-of-august-20260717015626546,254942.18,168,0.0035,0,0.03,2026-09-01T03:59:00Z
2955045,Will Google have the best AI model at the end of August 2026?,which-company-has-best-ai-model-end-of-august-20260717015626546,254942.18,24,0.001,0,0.02,2026-09-01T03:59:00Z
2955046,Will Alibaba have the best AI model at the end of August 2026?,which-company-has-best-ai-model-end-of-august-20260717015626546,166772.79,168,0.0005,0,0.03,2026-09-01T03:59:00Z
2955046,Will Alibaba have the best AI model at the end of August 2026?,which-company-has-best-ai-model-end-of-august-20260717015626546,166772.79,24,0.0005,0,0.02,2026-09-01T03:59:00Z
2955047,Will Moonshot have the best AI model at the end of August 2026?,which-company-has-best-ai-model-end-of-august-20260717015626546,119985.43,168,0.0005,0,0.03,2026-09-01T03:59:00Z
2955047,Will Moonshot have the best AI model at the end of August 2026?,which-company-has-best-ai-model-end-of-august-20260717015626546,119985.43,24,0.0005,0,0.02,2026-09-01T03:59:00Z
2955048,Will OpenAI have the best AI model at the end of August 2026?,which-company-has-best-ai-model-end-of-august-20260717015626546,253449.34,168,0.0145,0,0.03,2026-09-01T03:59:00Z
2955048,Will OpenAI have the best AI model at the end of August 2026?,which-company-has-best-ai-model-end-of-august-20260717015626546,253449.34,24,0.0015,0,0.02,2026-09-01T03:59:00Z
2955049,Will Baidu have the best AI model at the end of August 2026?,which-company-has-best-ai-model-end-of-august-20260717015626546,35031.71,168,0.0005,0,0.03,2026-09-01T03:59:00Z
2955049,Will Baidu have the best AI model at the end of August 2026?,which-company-has-best-ai-model-end-of-august-20260717015626546,35031.71,24,0.0005,0,0.02,2026-09-01T03:59:00Z
2955050,Will Z.ai have the best AI model at the end of August 2026?,which-company-has-best-ai-model-end-of-august-20260717015626546,238039.32,168,0.0005,0,0.03,2026-09-01T03:59:00Z
2955050,Will Z.ai have the best AI model at the end of August 2026?,which-company-has-best-ai-model-end-of-august-20260717015626546,238039.32,24,0.0005,0,0.02,2026-09-01T03:59:00Z
2955051,Will Xiaomi have the best AI model at the end of August 2026?,which-company-has-best-ai-model-end-of-august-20260717015626546,50863.34,168,0.0005,0,0.03,2026-09-01T03:59:00Z
2955051,Will Xiaomi have the best AI model at the end of August 2026?,which-company-has-best-ai-model-end-of-august-20260717015626546,50863.34,24,0.0005,0,0.02,2026-09-01T03:59:00Z
2955052,Will SpaceXAI have the best AI model at the end of August 2026?,which-company-has-best-ai-model-end-of-august-20260717015626546,222110.61,168,0.0005,0,0.03,2026-09-01T03:59:00Z
2955052,Will SpaceXAI have the best AI model at the end of August 2026?,which-company-has-best-ai-model-end-of-august-20260717015626546,222110.61,24,0.0005,0,0.02,2026-09-01T03:59:00Z
2955053,Will DeepSeek have the best AI model at the end of August 2026?,which-company-has-best-ai-model-end-of-august-20260717015626546,300795.37,168,0.0005,0,0.03,2026-09-01T03:59:00Z
2955053,Will DeepSeek have the best AI model at the end of August 2026?,which-company-has-best-ai-model-end-of-august-20260717015626546,300795.37,24,0.0005,0,0.02,2026-09-01T03:59:00Z
2955054,Will Amazon have the best AI model at the end of August 2026?,which-company-has-best-ai-model-end-of-august-20260717015626546,19777.62,168,0.0005,0,0.03,2026-09-01T03:59:00Z
2955054,Will Amazon have the best AI model at the end of August 2026?,which-company-has-best-ai-model-end-of-august-20260717015626546,19777.62,24,0.0005,0,0.02,2026-09-01T03:59:00Z
2955055,Will Bytedance have the best AI model at the end of August 2026?,which-company-has-best-ai-model-end-of-august-20260717015626546,675513.91,168,0.0005,0,0.03,2026-09-01T03:59:00Z
2955055,Will Bytedance have the best AI model at the end of August 2026?,which-company-has-best-ai-model-end-of-august-20260717015626546,675513.91,24,0.0005,0,0.02,2026-09-01T03:59:00Z
2955056,Will Nvidia have the best AI model at the end of August 2026?,which-company-has-best-ai-model-end-of-august-20260717015626546,22115.49,168,0.0005,0,0.03,2026-09-01T03:59:00Z
2955056,Will Nvidia have the best AI model at the end of August 2026?,which-company-has-best-ai-model-end-of-august-20260717015626546,22115.49,24,0.0005,0,0.02,2026-09-01T03:59:00Z
2955057,Will Thinky have the best AI model at the end of August 2026?,which-company-has-best-ai-model-end-of-august-20260717015626546,24083.84,168,0.0005,0,0.03,2026-09-01T03:59:00Z
2955057,Will Thinky have the best AI model at the end of August 2026?,which-company-has-best-ai-model-end-of-august-20260717015626546,24083.84,24,0.0005,0,0.02,2026-09-01T03:59:00Z
2955058,Will MiniMax have the best AI model at the end of August 2026?,which-company-has-best-ai-model-end-of-august-20260717015626546,38167.55,168,0.0005,0,0.03,2026-09-01T03:59:00Z
2955058,Will MiniMax have the best AI model at the end of August 2026?,which-company-has-best-ai-model-end-of-august-20260717015626546,38167.55,24,0.0005,0,0.02,2026-09-01T03:59:00Z
2955059,Will Mistral have the best AI model at the end of August 2026?,which-company-has-best-ai-model-end-of-august-20260717015626546,25350.8,168,0.0005,0,0.03,2026-09-01T03:59:00Z
2955059,Will Mistral have the best AI model at the end of August 2026?,which-company-has-best-ai-model-end-of-august-20260717015626546,25350.8,24,0.0005,0,0.02,2026-09-01T03:59:00Z
2955060,Will Meituan have the best AI model at the end of August 2026?,which-company-has-best-ai-model-end-of-august-20260717015626546,23802.76,168,0.0005,0,0.03,2026-09-01T03:59:00Z
2955060,Will Meituan have the best AI model at the end of August 2026?,which-company-has-best-ai-model-end-of-august-20260717015626546,23802.76,24,0.0005,0,0.02,2026-09-01T03:59:00Z
2955061,Will Tencent have the best AI model at the end of August 2026?,which-company-has-best-ai-model-end-of-august-20260717015626546,14362.83,168,0.0005,0,0.03,2026-09-01T03:59:00Z
2955061,Will Tencent have the best AI model at the end of August 2026?,which-company-has-best-ai-model-end-of-august-20260717015626546,14362.83,24,0.0005,0,0.02,2026-09-01T03:59:00Z
2955062,Will StepFun have the best AI model at the end of August 2026?,which-company-has-best-ai-model-end-of-august-20260717015626546,24992.74,168,0.0005,0,0.03,2026-09-01T03:59:00Z
2955062,Will StepFun have the best AI model at the end of August 2026?,which-company-has-best-ai-model-end-of-august-20260717015626546,24992.74,24,0.0005,0,0.02,2026-09-01T03:59:00Z
2955063,Will Microsoft have the best AI model at the end of August 2026?,which-company-has-best-ai-model-end-of-august-20260717015626546,42523.58,168,0.0005,0,0.03,2026-09-01T03:59:00Z
2955063,Will Microsoft have the best AI model at the end of August 2026?,which-company-has-best-ai-model-end-of-august-20260717015626546,42523.58,24,0.0005,0,0.02,2026-09-01T03:59:00Z
2955117,Will Google have the best Text-to-Video AI at the end of August 2026?,which-company-has-the-best-text-to-video-ai-end-of-august-20260717022544476,13005.25,168,0.972,1,0.03,2026-09-01T03:59:00Z
2955117,Will Google have the best Text-to-Video AI at the end of August 2026?,which-company-has-the-best-text-to-video-ai-end-of-august-20260717022544476,13005.25,24,0.9735,1,0.02,2026-09-01T03:59:00Z
2958685,Steelers vs. Bills,nfl-pit-buf-2026-08-27,273522.59,168,0.34,0,0.01,2026-08-27T23:00:00Z
2958685,Steelers vs. Bills,nfl-pit-buf-2026-08-27,273522.59,24,0.42,0,0.01,2026-08-27T23:00:00Z
2958685,Steelers vs. Bills,nfl-pit-buf-2026-08-27,273522.59,1,0.405,0,0.0,2026-08-27T23:00:00Z
2958686,Patriots vs. Browns,nfl-ne-cle-2026-08-28,77344.71,168,0.64,0,0.01,2026-08-28T00:00:00Z
2958686,Patriots vs. Browns,nfl-ne-cle-2026-08-28,77344.71,24,0.565,0,0.01,2026-08-28T00:00:00Z
2958686,Patriots vs. Browns,nfl-ne-cle-2026-08-28,77344.71,1,0.565,0,0.01,2026-08-28T00:00:00Z
2958687,Rams vs. Chargers,nfl-la-lac-2026-08-28,1077983.45,168,0.35,1,0.0,2026-08-28T02:00:00Z
2958687,Rams vs. Chargers,nfl-la-lac-2026-08-28,1077983.45,24,0.385,1,0.01,2026-08-28T02:00:00Z
2958687,Rams vs. Chargers,nfl-la-lac-2026-08-28,1077983.45,1,0.395,1,0.01,2026-08-28T02:00:00Z
2958690,49ers vs. Raiders,nfl-sf-lv-2026-08-28,2243393.23,168,0.5,1,0.01,2026-08-28T00:00:00Z
2958690,49ers vs. Raiders,nfl-sf-lv-2026-08-28,2243393.23,24,0.395,1,0.01,2026-08-28T00:00:00Z
2958690,49ers vs. Raiders,nfl-sf-lv-2026-08-28,2243393.23,1,0.405,1,0.01,2026-08-28T00:00:00Z
2963274,"Will the number of votes cast in the 2026 Clacton by-election be between 10,000-20,000?",clacton-by-election-turnout-20260717155703438,16258.31,24,0.0675,0,0.02,2026-08-13T23:59:00Z
2963274,"Will the number of votes cast in the 2026 Clacton by-election be between 10,000-20,000?",clacton-by-election-turnout-20260717155703438,16258.31,1,0.002,0,0.02,2026-08-13T23:59:00Z
2963275,"Will the number of votes cast in the 2026 Clacton by-election be between 20,000-30,000?",clacton-by-election-turnout-20260717155703438,11654.44,24,0.755,0,0.02,2026-08-13T23:59:00Z
2963275,"Will the number of votes cast in the 2026 Clacton by-election be between 20,000-30,000?",clacton-by-election-turnout-20260717155703438,11654.44,1,0.027,0,0.02,2026-08-13T23:59:00Z
2963276,"Will the number of votes cast in the 2026 Clacton by-election be between 30,000-40,000?",clacton-by-election-turnout-20260717155703438,18749.25,24,0.16,1,0.02,2026-08-13T23:59:00Z
2963276,"Will the number of votes cast in the 2026 Clacton by-election be between 30,000-40,000?",clacton-by-election-turnout-20260717155703438,18749.25,1,0.9735,1,0.02,2026-08-13T23:59:00Z
2964984,Will Praggnanandhaa Rameshbabu Win the Sinquefield Cup?,sinquefield-cup-winner-20260716212706135,14823.09,168,0.125,0,0.02,2026-08-21T23:59:00Z
2964993,Will Vincent Keymer Win the Sinquefield Cup?,sinquefield-cup-winner-20260716212706135,12875.01,168,0.125,0,0.02,2026-08-21T23:59:00Z
2965046,Will Michael Olise Transfer to Real Madrid?,will-michael-olise-transfer-to-real-madrid-20260717222856707,49855.4,168,0.0055,0,0.02,2026-08-31T23:59:00Z
2965046,Will Michael Olise Transfer to Real Madrid?,will-michael-olise-transfer-to-real-madrid-20260717222856707,49855.4,24,0.002,0,0.02,2026-08-31T23:59:00Z
2965046,Will Michael Olise Transfer to Real Madrid?,will-michael-olise-transfer-to-real-madrid-20260717222856707,49855.4,1,0.003,0,0.02,2026-08-31T23:59:00Z
2966554,Will the total domestic gross for Spider-Man: Brand New Day be less than 400m by August 31?,spider-man-brand-new-day-total-domestic-gross-by-august-31-20260716181307512,53814.99,168,0.0005,0,0.03,2026-09-01T03:59:00Z
2966554,Will the total domestic gross for Spider-Man: Brand New Day be less than 400m by August 31?,spider-man-brand-new-day-total-domestic-gross-by-august-31-20260716181307512,53814.99,24,0.0005,0,0.02,2026-09-01T03:59:00Z
2966554,Will the total domestic gross for Spider-Man: Brand New Day be less than 400m by August 31?,spider-man-brand-new-day-total-domestic-gross-by-august-31-20260716181307512,53814.99,1,0.0005,0,0.02,2026-09-01T03:59:00Z
2966555,Will the total domestic gross for Spider-Man: Brand New Day be between 400m and 500m by August 31?,spider-man-brand-new-day-total-domestic-gross-by-august-31-20260716181307512,36669.86,168,0.0005,0,0.03,2026-09-01T03:59:00Z
2966555,Will the total domestic gross for Spider-Man: Brand New Day be between 400m and 500m by August 31?,spider-man-brand-new-day-total-domestic-gross-by-august-31-20260716181307512,36669.86,24,0.0005,0,0.02,2026-09-01T03:59:00Z
2966555,Will the total domestic gross for Spider-Man: Brand New Day be between 400m and 500m by August 31?,spider-man-brand-new-day-total-domestic-gross-by-august-31-20260716181307512,36669.86,1,0.0005,0,0.02,2026-09-01T03:59:00Z
2966556,Will the total domestic gross for Spider-Man: Brand New Day be between 500m and 600m by August 31?,spider-man-brand-new-day-total-domestic-gross-by-august-31-20260716181307512,32489.0,168,0.0005,0,0.03,2026-09-01T03:59:00Z
2966556,Will the total domestic gross for Spider-Man: Brand New Day be between 500m and 600m by August 31?,spider-man-brand-new-day-total-domestic-gross-by-august-31-20260716181307512,32489.0,24,0.0005,0,0.02,2026-09-01T03:59:00Z
2966556,Will the total domestic gross for Spider-Man: Brand New Day be between 500m and 600m by August 31?,spider-man-brand-new-day-total-domestic-gross-by-august-31-20260716181307512,32489.0,1,0.0005,0,0.02,2026-09-01T03:59:00Z
2966557,Will the total domestic gross for Spider-Man: Brand New Day be between 600m and 700m by August 31?,spider-man-brand-new-day-total-domestic-gross-by-august-31-20260716181307512,46259.49,168,0.0005,0,0.03,2026-09-01T03:59:00Z
2966557,Will the total domestic gross for Spider-Man: Brand New Day be between 600m and 700m by August 31?,spider-man-brand-new-day-total-domestic-gross-by-august-31-20260716181307512,46259.49,24,0.0005,0,0.02,2026-09-01T03:59:00Z
2966557,Will the total domestic gross for Spider-Man: Brand New Day be between 600m and 700m by August 31?,spider-man-brand-new-day-total-domestic-gross-by-august-31-20260716181307512,46259.49,1,0.0005,0,0.02,2026-09-01T03:59:00Z
2966558,Will the total domestic gross for Spider-Man: Brand New Day be between 700m and 800m by August 31?,spider-man-brand-new-day-total-domestic-gross-by-august-31-20260716181307512,139846.36,168,0.0005,0,0.03,2026-09-01T03:59:00Z
2966558,Will the total domestic gross for Spider-Man: Brand New Day be between 700m and 800m by August 31?,spider-man-brand-new-day-total-domestic-gross-by-august-31-20260716181307512,139846.36,24,0.0005,0,0.02,2026-09-01T03:59:00Z
2966558,Will the total domestic gross for Spider-Man: Brand New Day be between 700m and 800m by August 31?,spider-man-brand-new-day-total-domestic-gross-by-august-31-20260716181307512,139846.36,1,0.0005,0,0.02,2026-09-01T03:59:00Z
2966559,Will the total domestic gross for Spider-Man: Brand New Day be between 800m and 900m by August 31?,spider-man-brand-new-day-total-domestic-gross-by-august-31-20260716181307512,648066.04,168,0.9,1,0.03,2026-09-01T03:59:00Z
2966559,Will the total domestic gross for Spider-Man: Brand New Day be between 800m and 900m by August 31?,spider-man-brand-new-day-total-domestic-gross-by-august-31-20260716181307512,648066.04,24,0.999,1,0.02,2026-09-01T03:59:00Z
2966559,Will the total domestic gross for Spider-Man: Brand New Day be between 800m and 900m by August 31?,spider-man-brand-new-day-total-domestic-gross-by-august-31-20260716181307512,648066.04,1,0.9995,1,0.02,2026-09-01T03:59:00Z
2966560,Will the total domestic gross for Spider-Man: Brand New Day be at least 900m by August 31?,spider-man-brand-new-day-total-domestic-gross-by-august-31-20260716181307512,1271527.12,168,0.1025,0,0.03,2026-09-01T03:59:00Z
2966560,Will the total domestic gross for Spider-Man: Brand New Day be at least 900m by August 31?,spider-man-brand-new-day-total-domestic-gross-by-august-31-20260716181307512,1271527.12,24,0.003,0,0.02,2026-09-01T03:59:00Z
2966560,Will the total domestic gross for Spider-Man: Brand New Day be at least 900m by August 31?,spider-man-brand-new-day-total-domestic-gross-by-august-31-20260716181307512,1271527.12,1,0.0005,0,0.02,2026-09-01T03:59:00Z
2971640,Commanders vs. Ravens,nfl-was-bal-2026-08-28,268608.89,168,0.47,0,0.0,2026-08-28T22:00:00Z
2971640,Commanders vs. Ravens,nfl-was-bal-2026-08-28,268608.89,24,0.405,0,0.0,2026-08-28T22:00:00Z
2971640,Commanders vs. Ravens,nfl-was-bal-2026-08-28,268608.89,1,0.405,0,0.01,2026-08-28T22:00:00Z
2971647,Texans vs. Panthers,nfl-hou-car-2026-08-28,195262.75,168,0.5,0,0.01,2026-08-28T23:00:00Z
2971647,Texans vs. Panthers,nfl-hou-car-2026-08-28,195262.75,24,0.505,0,0.01,2026-08-28T23:00:00Z
2971647,Texans vs. Panthers,nfl-hou-car-2026-08-28,195262.75,1,0.515,0,0.0,2026-08-28T23:00:00Z
2971655,Buccaneers vs. Jaguars,nfl-tb-jax-2026-08-28,99780.67,168,0.52,0,0.49,2026-08-28T23:30:00Z
2971655,Buccaneers vs. Jaguars,nfl-tb-jax-2026-08-28,99780.67,24,0.59,0,0.49,2026-08-28T23:30:00Z
2971655,Buccaneers vs. Jaguars,nfl-tb-jax-2026-08-28,99780.67,1,0.585,0,0.5,2026-08-28T23:30:00Z
2971662,Bengals vs. Eagles,nfl-cin-phi-2026-08-29,97959.35,168,0.505,1,0.01,2026-08-29T00:00:00Z
2971662,Bengals vs. Eagles,nfl-cin-phi-2026-08-29,97959.35,24,0.43,1,0.01,2026-08-29T00:00:00Z
2971662,Bengals vs. Eagles,nfl-cin-phi-2026-08-29,97959.35,1,0.405,1,0.0,2026-08-29T00:00:00Z
2971663,Falcons vs. Dolphins,nfl-atl-mia-2026-08-28,109439.06,168,0.49,1,0.01,2026-08-28T23:00:00Z
2971663,Falcons vs. Dolphins,nfl-atl-mia-2026-08-28,109439.06,24,0.645,1,0.0,2026-08-28T23:00:00Z
2971663,Falcons vs. Dolphins,nfl-atl-mia-2026-08-28,109439.06,1,0.665,1,0.0,2026-08-28T23:00:00Z
2971665,Giants vs. Jets,nfl-nyg-nyj-2026-08-28,152144.55,168,0.46,1,0.49,2026-08-28T23:30:00Z
2971665,Giants vs. Jets,nfl-nyg-nyj-2026-08-28,152144.55,24,0.595,1,0.49,2026-08-28T23:30:00Z
2971665,Giants vs. Jets,nfl-nyg-nyj-2026-08-28,152144.55,1,0.605,1,0.5,2026-08-28T23:30:00Z
2971668,Vikings vs. Broncos,nfl-min-den-2026-08-29,38256.18,168,0.32,0,0.01,2026-08-29T01:00:00Z
2971668,Vikings vs. Broncos,nfl-min-den-2026-08-29,38256.18,24,0.365,0,0.01,2026-08-29T01:00:00Z
2971668,Vikings vs. Broncos,nfl-min-den-2026-08-29,38256.18,1,0.355,0,0.01,2026-08-29T01:00:00Z
2971673,Cardinals vs. Packers,nfl-ari-gb-2026-08-29,258106.04,168,0.45,0,0.01,2026-08-29T00:00:00Z
2971673,Cardinals vs. Packers,nfl-ari-gb-2026-08-29,258106.04,24,0.49,0,0.01,2026-08-29T00:00:00Z
2971673,Cardinals vs. Packers,nfl-ari-gb-2026-08-29,258106.04,1,0.485,0,0.01,2026-08-29T00:00:00Z
2971677,Saints vs. Cowboys,nfl-no-dal-2026-08-29,393266.07,168,0.32,1,0.0,2026-08-29T00:00:00Z
2971677,Saints vs. Cowboys,nfl-no-dal-2026-08-29,393266.07,24,0.425,1,0.0,2026-08-29T00:00:00Z
2971677,Saints vs. Cowboys,nfl-no-dal-2026-08-29,393266.07,1,0.385,1,0.0,2026-08-29T00:00:00Z
2976202,Iran full airspace closure by August 15?,iran-full-airspace-closure-byptptpt-20260625195253028,770665.35,24,0.0025,0,0.02,2026-08-16T03:59:00Z
2976202,Iran full airspace closure by August 15?,iran-full-airspace-closure-byptptpt-20260625195253028,770665.35,1,0.0015,0,0.02,2026-08-16T03:59:00Z
2977247,Israel closes its airspace by August 15?,israel-closes-its-airspace-by,1008696.14,24,0.0065,0,0.02,2026-08-16T03:59:00Z
2977247,Israel closes its airspace by August 15?,israel-closes-its-airspace-by,1008696.14,1,0.0005,0,0.02,2026-08-16T03:59:00Z
2987408,Lions vs. Colts,nfl-det-ind-2026-08-29,335121.78,168,0.43,1,0.0,2026-08-29T17:00:00Z
2987408,Lions vs. Colts,nfl-det-ind-2026-08-29,335121.78,24,0.37,1,0.0,2026-08-29T17:00:00Z
2987408,Lions vs. Colts,nfl-det-ind-2026-08-29,335121.78,1,0.415,1,0.0,2026-08-29T17:00:00Z
2987412,Bears vs. Titans,nfl-chi-ten-2026-08-29,132298.64,168,0.495,1,0.0,2026-08-29T22:00:00Z
2987412,Bears vs. Titans,nfl-chi-ten-2026-08-29,132298.64,24,0.415,1,0.0,2026-08-29T22:00:00Z
2987412,Bears vs. Titans,nfl-chi-ten-2026-08-29,132298.64,1,0.505,1,0.01,2026-08-29T22:00:00Z
2992279,Will CD Limache win on 2026-08-01?,chi1-cdl-cdu-2026-08-01,78148.34,168,0.325,1,0.5,2026-09-03T00:30:00Z
2992279,Will CD Limache win on 2026-08-01?,chi1-cdl-cdu-2026-08-01,78148.34,24,0.395,1,0.5,2026-09-03T00:30:00Z
2992279,Will CD Limache win on 2026-08-01?,chi1-cdl-cdu-2026-08-01,78148.34,1,0.315,1,0.5,2026-09-03T00:30:00Z
2992282,Will CD Ñublense win on 2026-08-01?,chi1-cdl-cdu-2026-08-01,28625.61,168,0.225,0,0.49,2026-09-03T00:30:00Z
2992282,Will CD Ñublense win on 2026-08-01?,chi1-cdl-cdu-2026-08-01,28625.61,24,0.33,0,0.49,2026-09-03T00:30:00Z
2992282,Will CD Ñublense win on 2026-08-01?,chi1-cdl-cdu-2026-08-01,28625.61,1,0.415,0,0.5,2026-09-03T00:30:00Z
2995848,Will Mojtaba Khamenei leave Iran by August 31?,will-mojtaba-khamenei-leave-iran-byptptpt-20260720003505489,75011.17,168,0.004,0,0.03,2026-09-01T03:59:00Z
2995848,Will Mojtaba Khamenei leave Iran by August 31?,will-mojtaba-khamenei-leave-iran-byptptpt-20260720003505489,75011.17,24,0.0025,0,0.02,2026-09-01T03:59:00Z
2995848,Will Mojtaba Khamenei leave Iran by August 31?,will-mojtaba-khamenei-leave-iran-byptptpt-20260720003505489,75011.17,1,0.0015,0,0.02,2026-09-01T03:59:00Z
2995850,Will a European country take military action on Iran by August 31?,european-military-action-on-iran-byptptpt-20260720022428140,163215.57,168,0.0055,0,0.02,2026-08-31T21:59:00Z
2995850,Will a European country take military action on Iran by August 31?,european-military-action-on-iran-byptptpt-20260720022428140,163215.57,24,0.0015,0,0.02,2026-08-31T21:59:00Z
2995850,Will a European country take military action on Iran by August 31?,european-military-action-on-iran-byptptpt-20260720022428140,163215.57,1,0.0035,0,0.02,2026-08-31T21:59:00Z
2995866,Iran invades Kuwait by August 31?,iran-invades-kuwait-byptptpt-20260720015031544,847904.98,168,0.0045,0,0.03,2026-09-01T03:59:00Z
2995866,Iran invades Kuwait by August 31?,iran-invades-kuwait-byptptpt-20260720015031544,847904.98,24,0.0015,0,0.02,2026-09-01T03:59:00Z
2995866,Iran invades Kuwait by August 31?,iran-invades-kuwait-byptptpt-20260720015031544,847904.98,1,0.002,0,0.02,2026-09-01T03:59:00Z
3002443,Will Israeli forces withdraw from beyond the Litani River by August 31?,israeli-forces-withdraw-from-beyond-the-litani-river-by-20260607234645733,106617.12,168,0.0045,0,0.03,2026-09-01T03:59:00Z
3002443,Will Israeli forces withdraw from beyond the Litani River by August 31?,israeli-forces-withdraw-from-beyond-the-litani-river-by-20260607234645733,106617.12,24,0.0015,0,0.02,2026-09-01T03:59:00Z
3002443,Will Israeli forces withdraw from beyond the Litani River by August 31?,israeli-forces-withdraw-from-beyond-the-litani-river-by-20260607234645733,106617.12,1,0.001,0,0.02,2026-09-01T03:59:00Z
3005947,"Total Internet Blackout in Iran by August 31, 2026?",total-internet-blackout-in-iran-byptptpt-20260720155238426,176216.17,168,0.0195,0,0.02,2026-08-31T23:59:00Z
3005947,"Total Internet Blackout in Iran by August 31, 2026?",total-internet-blackout-in-iran-byptptpt-20260720155238426,176216.17,24,0.008,0,0.02,2026-08-31T23:59:00Z
3005947,"Total Internet Blackout in Iran by August 31, 2026?",total-internet-blackout-in-iran-byptptpt-20260720155238426,176216.17,1,0.0035,0,0.02,2026-08-31T23:59:00Z
3006430,Will Keith Gross be the FL-02 Republican nominee?,fl-02-republican-primary-winner-20260717204308964,30062.55,168,0.325,0,12.02,2026-08-18T23:59:00Z
3006430,Will Keith Gross be the FL-02 Republican nominee?,fl-02-republican-primary-winner-20260717204308964,30062.55,24,0.175,0,0.02,2026-08-18T23:59:00Z
3006430,Will Keith Gross be the FL-02 Republican nominee?,fl-02-republican-primary-winner-20260717204308964,30062.55,1,0.14,0,0.02,2026-08-18T23:59:00Z
3006436,Will Austin Rogers be the FL-02 Republican nominee?,fl-02-republican-primary-winner-20260717204308964,43118.58,168,0.535,1,12.02,2026-08-18T23:59:00Z
3006436,Will Austin Rogers be the FL-02 Republican nominee?,fl-02-republican-primary-winner-20260717204308964,43118.58,24,0.815,1,0.03,2026-08-18T23:59:00Z
3006436,Will Austin Rogers be the FL-02 Republican nominee?,fl-02-republican-primary-winner-20260717204308964,43118.58,1,0.835,1,0.02,2026-08-18T23:59:00Z
3006459,Will John Rutherford be the FL-05 Republican nominee?,fl-05-republican-primary-winner-20260717204621884,11835.48,168,0.9655,1,12.02,2026-08-18T23:59:00Z
3006459,Will John Rutherford be the FL-05 Republican nominee?,fl-05-republican-primary-winner-20260717204621884,11835.48,24,0.942,1,0.02,2026-08-18T23:59:00Z
3006459,Will John Rutherford be the FL-05 Republican nominee?,fl-05-republican-primary-winner-20260717204621884,11835.48,1,0.974,1,0.02,2026-08-18T23:59:00Z
3006464,Will Ryan Elijah be the FL-07 Republican nominee?,fl-07-republican-primary-winner-20260717204847811,28273.46,168,0.58,1,12.02,2026-08-18T23:59:00Z
3006464,Will Ryan Elijah be the FL-07 Republican nominee?,fl-07-republican-primary-winner-20260717204847811,28273.46,24,0.875,1,0.03,2026-08-18T23:59:00Z
3006464,Will Ryan Elijah be the FL-07 Republican nominee?,fl-07-republican-primary-winner-20260717204847811,28273.46,1,0.865,1,0.02,2026-08-18T23:59:00Z
3006466,Will Cory Mills be the FL-07 Republican nominee?,fl-07-republican-primary-winner-20260717204847811,34428.69,168,0.425,0,12.02,2026-08-18T23:59:00Z
3006466,Will Cory Mills be the FL-07 Republican nominee?,fl-07-republican-primary-winner-20260717204847811,34428.69,24,0.11,0,0.03,2026-08-18T23:59:00Z
3006466,Will Cory Mills be the FL-07 Republican nominee?,fl-07-republican-primary-winner-20260717204847811,34428.69,1,0.135,0,0.02,2026-08-18T23:59:00Z
3007803,Will Anthropic have the best AI Agent at the end of August 2026?,which-company-has-the-best-ai-agent-end-of-august-20260716210246314,22775.51,168,0.9675,1,0.03,2026-09-01T03:59:00Z
3007803,Will Anthropic have the best AI Agent at the end of August 2026?,which-company-has-the-best-ai-agent-end-of-august-20260716210246314,22775.51,24,0.9895,1,0.02,2026-09-01T03:59:00Z
3007804,Will OpenAI have the best AI Agent at the end of August 2026?,which-company-has-the-best-ai-agent-end-of-august-20260716210246314,31029.97,168,0.02,0,0.03,2026-09-01T03:59:00Z
3007804,Will OpenAI have the best AI Agent at the end of August 2026?,which-company-has-the-best-ai-agent-end-of-august-20260716210246314,31029.97,24,0.004,0,0.02,2026-09-01T03:59:00Z
3007820,Will Microsoft have the best AI Agent at the end of August 2026?,which-company-has-the-best-ai-agent-end-of-august-20260716210246314,11339.65,168,0.0025,0,0.03,2026-09-01T03:59:00Z
3007820,Will Microsoft have the best AI Agent at the end of August 2026?,which-company-has-the-best-ai-agent-end-of-august-20260716210246314,11339.65,24,0.003,0,0.02,2026-09-01T03:59:00Z
3008457,Will Moonshot be the second-best Code Arena | WebDev AI lab at the end of August 2026?,second-best-code-arena-webdev-ai-lab-end-of-august-20260720215424125,44692.05,168,0.7815,1,0.03,2026-09-01T03:59:00Z
3008457,Will Moonshot be the second-best Code Arena | WebDev AI lab at the end of August 2026?,second-best-code-arena-webdev-ai-lab-end-of-august-20260720215424125,44692.05,24,0.943,1,0.02,2026-09-01T03:59:00Z
3008458,Will Anthropic be the second-best Code Arena | WebDev AI lab at the end of August 2026?,second-best-code-arena-webdev-ai-lab-end-of-august-20260720215424125,25394.16,168,0.037,0,0.03,2026-09-01T03:59:00Z
3008458,Will Anthropic be the second-best Code Arena | WebDev AI lab at the end of August 2026?,second-best-code-arena-webdev-ai-lab-end-of-august-20260720215424125,25394.16,24,0.0125,0,0.02,2026-09-01T03:59:00Z
3008565,Will OpenAI be the third-best Code Arena | WebDev AI lab at the end of August 2026?,third-best-code-arena-webdev-ai-lab-end-of-august-20260720220546729,16737.01,168,0.0015,0,0.03,2026-09-01T03:59:00Z
3008565,Will OpenAI be the third-best Code Arena | WebDev AI lab at the end of August 2026?,third-best-code-arena-webdev-ai-lab-end-of-august-20260720220546729,16737.01,24,0.0015,0,0.02,2026-09-01T03:59:00Z
3008570,Will Alibaba be the third-best Code Arena | WebDev AI lab at the end of August 2026?,third-best-code-arena-webdev-ai-lab-end-of-august-20260720220546729,13753.25,168,0.885,1,0.03,2026-09-01T03:59:00Z
3008570,Will Alibaba be the third-best Code Arena | WebDev AI lab at the end of August 2026?,third-best-code-arena-webdev-ai-lab-end-of-august-20260720220546729,13753.25,24,0.9685,1,0.02,2026-09-01T03:59:00Z
3008603,Will Alibaba be the second-best Chinese AI company at the end of August 2026?,second-best-chinese-ai-company-end-of-august-20260717141100971,17128.18,168,0.042,0,0.03,2026-09-01T03:59:00Z
3008603,Will Alibaba be the second-best Chinese AI company at the end of August 2026?,second-best-chinese-ai-company-end-of-august-20260717141100971,17128.18,24,0.0145,0,0.02,2026-09-01T03:59:00Z
3008604,Will Moonshot be the second-best Chinese AI company at the end of August 2026?,second-best-chinese-ai-company-end-of-august-20260717141100971,45422.13,168,0.331,1,0.03,2026-09-01T03:59:00Z
3008604,Will Moonshot be the second-best Chinese AI company at the end of August 2026?,second-best-chinese-ai-company-end-of-august-20260717141100971,45422.13,24,0.974,1,0.02,2026-09-01T03:59:00Z
3008606,Will Z.ai be the second-best Chinese AI company at the end of August 2026?,second-best-chinese-ai-company-end-of-august-20260717141100971,33591.57,168,0.5565,0,0.03,2026-09-01T03:59:00Z
3008606,Will Z.ai be the second-best Chinese AI company at the end of August 2026?,second-best-chinese-ai-company-end-of-august-20260717141100971,33591.57,24,0.018,0,0.02,2026-09-01T03:59:00Z
3008612,Will Tencent be the second-best Chinese AI company at the end of August 2026?,second-best-chinese-ai-company-end-of-august-20260717141100971,12071.09,168,0.0005,0,0.03,2026-09-01T03:59:00Z
3008612,Will Tencent be the second-best Chinese AI company at the end of August 2026?,second-best-chinese-ai-company-end-of-august-20260717141100971,12071.09,24,0.0005,0,0.02,2026-09-01T03:59:00Z
3008628,Will Alibaba be the third-best Chinese AI company at the end of August 2026?,third-best-chinese-ai-company-end-of-august-20260717141230386,16211.17,168,0.019,0,0.03,2026-09-01T03:59:00Z
3008628,Will Alibaba be the third-best Chinese AI company at the end of August 2026?,third-best-chinese-ai-company-end-of-august-20260717141230386,16211.17,24,0.006,0,0.02,2026-09-01T03:59:00Z
3008629,Will Moonshot be the third-best Chinese AI company at the end of August 2026?,third-best-chinese-ai-company-end-of-august-20260717141230386,10366.7,168,0.6415,0,0.03,2026-09-01T03:59:00Z
3008629,Will Moonshot be the third-best Chinese AI company at the end of August 2026?,third-best-chinese-ai-company-end-of-august-20260717141230386,10366.7,24,0.04,0,0.02,2026-09-01T03:59:00Z
3008630,Will Baidu be the third-best Chinese AI company at the end of August 2026?,third-best-chinese-ai-company-end-of-august-20260717141230386,14989.52,168,0.0115,0,0.03,2026-09-01T03:59:00Z
3008630,Will Baidu be the third-best Chinese AI company at the end of August 2026?,third-best-chinese-ai-company-end-of-august-20260717141230386,14989.52,24,0.0145,0,0.02,2026-09-01T03:59:00Z
3008631,Will Z.ai be the third-best Chinese AI company at the end of August 2026?,third-best-chinese-ai-company-end-of-august-20260717141230386,17232.12,168,0.305,1,0.03,2026-09-01T03:59:00Z
3008631,Will Z.ai be the third-best Chinese AI company at the end of August 2026?,third-best-chinese-ai-company-end-of-august-20260717141230386,17232.12,24,0.9655,1,0.02,2026-09-01T03:59:00Z
3008670,Will Google be the second-best Math AI lab at the end of August 2026?,second-best-text-arena-math-ai-lab-end-of-august-20260720224944657,34154.04,168,0.955,1,0.03,2026-09-01T03:59:00Z
3008670,Will Google be the second-best Math AI lab at the end of August 2026?,second-best-text-arena-math-ai-lab-end-of-august-20260720224944657,34154.04,24,0.985,1,0.02,2026-09-01T03:59:00Z
3008672,Will Alibaba be the second-best Math AI lab at the end of August 2026?,second-best-text-arena-math-ai-lab-end-of-august-20260720224944657,16300.6,168,0.011,0,0.03,2026-09-01T03:59:00Z
3008672,Will Alibaba be the second-best Math AI lab at the end of August 2026?,second-best-text-arena-math-ai-lab-end-of-august-20260720224944657,16300.6,24,0.003,0,0.02,2026-09-01T03:59:00Z
3008755,Will Google be the third-best Math AI lab at the end of August 2026?,third-best-text-arena-math-ai-lab-end-of-august-20260720230105162,15457.49,168,0.0535,0,0.03,2026-09-01T03:59:00Z
3008755,Will Google be the third-best Math AI lab at the end of August 2026?,third-best-text-arena-math-ai-lab-end-of-august-20260720230105162,15457.49,24,0.029,0,0.02,2026-09-01T03:59:00Z
3008757,Will Alibaba be the third-best Math AI lab at the end of August 2026?,third-best-text-arena-math-ai-lab-end-of-august-20260720230105162,24480.65,168,0.885,1,0.03,2026-09-01T03:59:00Z
3008757,Will Alibaba be the third-best Math AI lab at the end of August 2026?,third-best-text-arena-math-ai-lab-end-of-august-20260720230105162,24480.65,24,0.955,1,0.02,2026-09-01T03:59:00Z
3008810,Will Meta be the second-best AI lab at the end of August 2026?,second-best-ai-lab-end-of-august-20260720230627650,15574.43,168,0.1195,0,0.03,2026-09-01T03:59:00Z
3008810,Will Meta be the second-best AI lab at the end of August 2026?,second-best-ai-lab-end-of-august-20260720230627650,15574.43,24,0.012,0,0.02,2026-09-01T03:59:00Z
3008811,Will Google be the second-best AI lab at the end of August 2026?,second-best-ai-lab-end-of-august-20260720230627650,32172.86,168,0.825,1,0.03,2026-09-01T03:59:00Z
3008811,Will Google be the second-best AI lab at the end of August 2026?,second-best-ai-lab-end-of-august-20260720230627650,32172.86,24,0.977,1,0.02,2026-09-01T03:59:00Z
3008812,Will Alibaba be the second-best AI lab at the end of August 2026?,second-best-ai-lab-end-of-august-20260720230627650,32172.57,168,0.0195,0,0.03,2026-09-01T03:59:00Z
3008812,Will Alibaba be the second-best AI lab at the end of August 2026?,second-best-ai-lab-end-of-august-20260720230627650,32172.57,24,0.0075,0,0.02,2026-09-01T03:59:00Z
3008843,Will Meta be the third-best AI lab at the end of August 2026?,third-best-ai-lab-end-of-august-20260720230611802,21313.13,168,0.82,1,0.03,2026-09-01T03:59:00Z
3008843,Will Meta be the third-best AI lab at the end of August 2026?,third-best-ai-lab-end-of-august-20260720230611802,21313.13,24,0.935,1,0.02,2026-09-01T03:59:00Z
3008844,Will Google be the third-best AI lab at the end of August 2026?,third-best-ai-lab-end-of-august-20260720230611802,14704.83,168,0.12,0,0.03,2026-09-01T03:59:00Z
3008844,Will Google be the third-best AI lab at the end of August 2026?,third-best-ai-lab-end-of-august-20260720230611802,14704.83,24,0.031,0,0.02,2026-09-01T03:59:00Z
3008875,Will Meta be the #2 AI lab at the end of August 2026?,2-ai-lab-end-of-august-style-control-on-20260720231255330,27319.28,168,0.925,1,0.03,2026-09-01T03:59:00Z
3008875,Will Meta be the #2 AI lab at the end of August 2026?,2-ai-lab-end-of-august-style-control-on-20260720231255330,27319.28,24,0.984,1,0.02,2026-09-01T03:59:00Z
3008876,Will Google be the #2 AI lab at the end of August 2026?,2-ai-lab-end-of-august-style-control-on-20260720231255330,18831.76,168,0.035,0,0.03,2026-09-01T03:59:00Z
3008876,Will Google be the #2 AI lab at the end of August 2026?,2-ai-lab-end-of-august-style-control-on-20260720231255330,18831.76,24,0.0145,0,0.02,2026-09-01T03:59:00Z
3008885,Will Meta be the #3 AI Lab at the end of August 2026 (Style Control On)?,3-ai-lab-end-of-august-style-control-on-20260720231335327,13082.33,168,0.0465,0,0.03,2026-09-01T03:59:00Z
3008885,Will Meta be the #3 AI Lab at the end of August 2026 (Style Control On)?,3-ai-lab-end-of-august-style-control-on-20260720231335327,13082.33,24,0.04,0,0.02,2026-09-01T03:59:00Z
3008887,Will Google be the #3 AI Lab at the end of August 2026 (Style Control On)?,3-ai-lab-end-of-august-style-control-on-20260720231335327,17093.91,168,0.4,1,0.03,2026-09-01T03:59:00Z
3008887,Will Google be the #3 AI Lab at the end of August 2026 (Style Control On)?,3-ai-lab-end-of-august-style-control-on-20260720231335327,17093.91,24,0.925,1,0.02,2026-09-01T03:59:00Z
3008894,Will Alibaba be the #3 AI Lab at the end of August 2026 (Style Control On)?,3-ai-lab-end-of-august-style-control-on-20260720231335327,11865.22,168,0.0205,0,0.03,2026-09-01T03:59:00Z
3008894,Will Alibaba be the #3 AI Lab at the end of August 2026 (Style Control On)?,3-ai-lab-end-of-august-style-control-on-20260720231335327,11865.22,24,0.0015,0,0.02,2026-09-01T03:59:00Z
3009227,Greater Tunb Island no longer under Iranian control by August 31?,greater-tunb-island-no-longer-under-iranian-control-byptptpt-20260720014332851,32159.21,168,0.0035,0,0.03,2026-09-01T03:59:00Z
3009227,Greater Tunb Island no longer under Iranian control by August 31?,greater-tunb-island-no-longer-under-iranian-control-byptptpt-20260720014332851,32159.21,24,0.004,0,0.02,2026-09-01T03:59:00Z
3009227,Greater Tunb Island no longer under Iranian control by August 31?,greater-tunb-island-no-longer-under-iranian-control-byptptpt-20260720014332851,32159.21,1,0.0045,0,0.02,2026-09-01T03:59:00Z
3009229,Abu Musa Island no longer under Iranian control by August 31?,abu-musa-island-no-longer-under-iranian-control-byptptpt-20260720011758214,86730.88,168,0.005,0,0.03,2026-09-01T03:59:00Z
3009229,Abu Musa Island no longer under Iranian control by August 31?,abu-musa-island-no-longer-under-iranian-control-byptptpt-20260720011758214,86730.88,24,0.0005,0,0.02,2026-09-01T03:59:00Z
3009229,Abu Musa Island no longer under Iranian control by August 31?,abu-musa-island-no-longer-under-iranian-control-byptptpt-20260720011758214,86730.88,1,0.0005,0,0.02,2026-09-01T03:59:00Z
3009265,Hormuz Island no longer under Iranian control by August 31?,hormuz-island-no-longer-under-iranian-control-byptptpt-20260720014603391,58540.75,168,0.0045,0,0.03,2026-09-01T03:59:00Z
3009265,Hormuz Island no longer under Iranian control by August 31?,hormuz-island-no-longer-under-iranian-control-byptptpt-20260720014603391,58540.75,24,0.0015,0,0.02,2026-09-01T03:59:00Z
3009265,Hormuz Island no longer under Iranian control by August 31?,hormuz-island-no-longer-under-iranian-control-byptptpt-20260720014603391,58540.75,1,0.0005,0,0.02,2026-09-01T03:59:00Z
3009267,Hengam Island no longer under Iranian control by August 31?,hengam-island-no-longer-under-iranian-control-byptptpt-20260720014859845,178292.18,168,0.006,0,0.03,2026-09-01T03:59:00Z
3009267,Hengam Island no longer under Iranian control by August 31?,hengam-island-no-longer-under-iranian-control-byptptpt-20260720014859845,178292.18,24,0.0005,0,0.02,2026-09-01T03:59:00Z
3009267,Hengam Island no longer under Iranian control by August 31?,hengam-island-no-longer-under-iranian-control-byptptpt-20260720014859845,178292.18,1,0.001,0,0.02,2026-09-01T03:59:00Z
3009269,Farsi Island no longer under Iranian control by August 31?,farsi-island-no-longer-under-iranian-control-byptptpt-20260720015111488,168377.92,168,0.006,0,0.03,2026-09-01T03:59:00Z
3009269,Farsi Island no longer under Iranian control by August 31?,farsi-island-no-longer-under-iranian-control-byptptpt-20260720015111488,168377.92,24,0.0005,0,0.02,2026-09-01T03:59:00Z
3009269,Farsi Island no longer under Iranian control by August 31?,farsi-island-no-longer-under-iranian-control-byptptpt-20260720015111488,168377.92,1,0.0005,0,0.02,2026-09-01T03:59:00Z
3017684,Iran leadership change by August 31?,iran-leadership-change-by,1599414.12,168,0.0045,0,0.03,2026-09-01T03:59:00Z
3017684,Iran leadership change by August 31?,iran-leadership-change-by,1599414.12,24,0.0015,0,0.02,2026-09-01T03:59:00Z
3017684,Iran leadership change by August 31?,iran-leadership-change-by,1599414.12,1,0.0005,0,0.02,2026-09-01T03:59:00Z
3025960,"Mykhailo Fedorov reinstated as Ukrainian Defense Minister by August 31, 2026?",mykhailo-fedorov-reinstated-as-ukrainian-defense-minister-byptptpt-20260716185015029,185599.23,168,0.003,0,0.02,2026-08-31T20:59:00Z
3025960,"Mykhailo Fedorov reinstated as Ukrainian Defense Minister by August 31, 2026?",mykhailo-fedorov-reinstated-as-ukrainian-defense-minister-byptptpt-20260716185015029,185599.23,24,0.0005,0,0.02,2026-08-31T20:59:00Z
3025960,"Mykhailo Fedorov reinstated as Ukrainian Defense Minister by August 31, 2026?",mykhailo-fedorov-reinstated-as-ukrainian-defense-minister-byptptpt-20260716185015029,185599.23,1,0.0005,0,0.02,2026-08-31T20:59:00Z
3035505,CD Limache vs. CD Ñublense: O/U 1.5,chi1-cdl-cdu-2026-08-01-more-markets,11897.63,168,0.535,1,0.49,2026-09-03T00:30:00Z
3035505,CD Limache vs. CD Ñublense: O/U 1.5,chi1-cdl-cdu-2026-08-01-more-markets,11897.63,24,0.775,1,0.49,2026-09-03T00:30:00Z
3035505,CD Limache vs. CD Ñublense: O/U 1.5,chi1-cdl-cdu-2026-08-01-more-markets,11897.63,1,0.78,1,0.5,2026-09-03T00:30:00Z
3055010,"Will Houthis successfully target shipping on August 17, 2026?",houthis-successfully-target-shipping-onptptpt-20260722225036915,15828.42,168,0.06,1,36.02,2026-08-17T23:59:00Z
3055010,"Will Houthis successfully target shipping on August 17, 2026?",houthis-successfully-target-shipping-onptptpt-20260722225036915,15828.42,24,0.0525,1,0.02,2026-08-17T23:59:00Z
3055010,"Will Houthis successfully target shipping on August 17, 2026?",houthis-successfully-target-shipping-onptptpt-20260722225036915,15828.42,1,0.0965,1,0.02,2026-08-17T23:59:00Z
3055393,Will Madonna's monthly listeners figure hit 58m by August 31?,madonna-monthly-listeners-hits-by-august-31-20260721170826349,13609.43,168,0.029,0,0.03,2026-09-01T03:59:00Z
3055393,Will Madonna's monthly listeners figure hit 58m by August 31?,madonna-monthly-listeners-hits-by-august-31-20260721170826349,13609.43,24,0.0215,0,0.02,2026-09-01T03:59:00Z
3055393,Will Madonna's monthly listeners figure hit 58m by August 31?,madonna-monthly-listeners-hits-by-august-31-20260721170826349,13609.43,1,0.011,0,0.02,2026-09-01T03:59:00Z
3069670,Will Chuck Gray be the WY-AL Republican nominee?,wy-al-republican-primary-winner-20260723165335296,88063.23,168,0.355,1,12.02,2026-08-18T23:59:00Z
3069670,Will Chuck Gray be the WY-AL Republican nominee?,wy-al-republican-primary-winner-20260723165335296,88063.23,24,0.735,1,0.02,2026-08-18T23:59:00Z
3069670,Will Chuck Gray be the WY-AL Republican nominee?,wy-al-republican-primary-winner-20260723165335296,88063.23,1,0.715,1,0.02,2026-08-18T23:59:00Z
3069674,Will Kevin Christensen be the WY-AL Republican nominee?,wy-al-republican-primary-winner-20260723165335296,10909.47,168,0.0965,0,12.02,2026-08-18T23:59:00Z
3069674,Will Kevin Christensen be the WY-AL Republican nominee?,wy-al-republican-primary-winner-20260723165335296,10909.47,24,0.0355,0,0.03,2026-08-18T23:59:00Z
3069674,Will Kevin Christensen be the WY-AL Republican nominee?,wy-al-republican-primary-winner-20260723165335296,10909.47,1,0.0155,0,0.02,2026-08-18T23:59:00Z
3069676,Will Steve Friess be the WY-AL Republican nominee?,wy-al-republican-primary-winner-20260723165335296,66633.65,168,0.52,0,12.02,2026-08-18T23:59:00Z
3069676,Will Steve Friess be the WY-AL Republican nominee?,wy-al-republican-primary-winner-20260723165335296,66633.65,24,0.23,0,0.03,2026-08-18T23:59:00Z
3069676,Will Steve Friess be the WY-AL Republican nominee?,wy-al-republican-primary-winner-20260723165335296,66633.65,1,0.275,0,0.02,2026-08-18T23:59:00Z
3069703,Will Carey Baker be the FL-11 Republican nominee?,fl-11-republican-primary-winner-20260723173936216,11595.57,168,0.275,0,12.02,2026-08-18T23:59:00Z
3069703,Will Carey Baker be the FL-11 Republican nominee?,fl-11-republican-primary-winner-20260723173936216,11595.57,24,0.225,0,0.02,2026-08-18T23:59:00Z
3069703,Will Carey Baker be the FL-11 Republican nominee?,fl-11-republican-primary-winner-20260723173936216,11595.57,1,0.085,0,0.02,2026-08-18T23:59:00Z
3069706,Will Joe Strada be the FL-11 Republican nominee?,fl-11-republican-primary-winner-20260723173936216,17436.78,168,0.685,1,12.02,2026-08-18T23:59:00Z
3069706,Will Joe Strada be the FL-11 Republican nominee?,fl-11-republican-primary-winner-20260723173936216,17436.78,24,0.765,1,0.02,2026-08-18T23:59:00Z
3069706,Will Joe Strada be the FL-11 Republican nominee?,fl-11-republican-primary-winner-20260723173936216,17436.78,1,0.915,1,0.02,2026-08-18T23:59:00Z
3069714,Will Mike Beltran be the FL-14 Republican nominee?,fl-14-republican-primary-winner-20260723180614386,31497.62,168,0.35,1,12.02,2026-08-18T23:59:00Z
3069714,Will Mike Beltran be the FL-14 Republican nominee?,fl-14-republican-primary-winner-20260723180614386,31497.62,24,0.715,1,0.02,2026-08-18T23:59:00Z
3069714,Will Mike Beltran be the FL-14 Republican nominee?,fl-14-republican-primary-winner-20260723180614386,31497.62,1,0.815,1,0.02,2026-08-18T23:59:00Z
3069719,Will Kevin Steele be the FL-14 Republican nominee?,fl-14-republican-primary-winner-20260723180614386,21547.01,168,0.555,0,12.02,2026-08-18T23:59:00Z
3069719,Will Kevin Steele be the FL-14 Republican nominee?,fl-14-republican-primary-winner-20260723180614386,21547.01,24,0.255,0,0.02,2026-08-18T23:59:00Z
3069719,Will Kevin Steele be the FL-14 Republican nominee?,fl-14-republican-primary-winner-20260723180614386,21547.01,1,0.2,0,0.02,2026-08-18T23:59:00Z
3069744,Will Casey Askar be the FL-22 Republican nominee?,fl-22-republican-primary-winner-20260723181248781,21892.17,168,0.055,1,12.02,2026-08-18T23:59:00Z
3069744,Will Casey Askar be the FL-22 Republican nominee?,fl-22-republican-primary-winner-20260723181248781,21892.17,24,0.209,1,0.03,2026-08-18T23:59:00Z
3069744,Will Casey Askar be the FL-22 Republican nominee?,fl-22-republican-primary-winner-20260723181248781,21892.17,1,0.4515,1,0.02,2026-08-18T23:59:00Z
3069745,Will David Burck be the FL-22 Republican nominee?,fl-22-republican-primary-winner-20260723181248781,22301.36,168,0.3975,0,12.02,2026-08-18T23:59:00Z
3069745,Will David Burck be the FL-22 Republican nominee?,fl-22-republican-primary-winner-20260723181248781,22301.36,24,0.105,0,0.03,2026-08-18T23:59:00Z
3069745,Will David Burck be the FL-22 Republican nominee?,fl-22-republican-primary-winner-20260723181248781,22301.36,1,0.1525,0,0.02,2026-08-18T23:59:00Z
3069746,Will Michael Carbonara be the FL-22 Republican nominee?,fl-22-republican-primary-winner-20260723181248781,55775.65,168,0.465,0,12.02,2026-08-18T23:59:00Z
3069746,Will Michael Carbonara be the FL-22 Republican nominee?,fl-22-republican-primary-winner-20260723181248781,55775.65,24,0.29,0,0.03,2026-08-18T23:59:00Z
3069746,Will Michael Carbonara be the FL-22 Republican nominee?,fl-22-republican-primary-winner-20260723181248781,55775.65,1,0.26,0,0.02,2026-08-18T23:59:00Z
3069749,Will Belinda Keiser be the FL-22 Republican nominee?,fl-22-republican-primary-winner-20260723181248781,17638.6,168,0.115,0,12.02,2026-08-18T23:59:00Z
3069749,Will Belinda Keiser be the FL-22 Republican nominee?,fl-22-republican-primary-winner-20260723181248781,17638.6,24,0.33,0,0.03,2026-08-18T23:59:00Z
3069749,Will Belinda Keiser be the FL-22 Republican nominee?,fl-22-republican-primary-winner-20260723181248781,17638.6,1,0.165,0,0.02,2026-08-18T23:59:00Z
3069760,Will George Moraitis be the FL-25 Republican nominee?,fl-25-republican-primary-winner-20260723181519479,14956.79,168,0.075,0,12.02,2026-08-18T23:59:00Z
3069760,Will George Moraitis be the FL-25 Republican nominee?,fl-25-republican-primary-winner-20260723181519479,14956.79,24,0.08,0,0.03,2026-08-18T23:59:00Z
3069760,Will George Moraitis be the FL-25 Republican nominee?,fl-25-republican-primary-winner-20260723181519479,14956.79,1,0.07,0,0.02,2026-08-18T23:59:00Z
3069761,Will Scott Singer be the FL-25 Republican nominee?,fl-25-republican-primary-winner-20260723181519479,61217.04,168,0.71,1,12.02,2026-08-18T23:59:00Z
3069761,Will Scott Singer be the FL-25 Republican nominee?,fl-25-republican-primary-winner-20260723181519479,61217.04,24,0.815,1,0.02,2026-08-18T23:59:00Z
3069761,Will Scott Singer be the FL-25 Republican nominee?,fl-25-republican-primary-winner-20260723181519479,61217.04,1,0.825,1,0.02,2026-08-18T23:59:00Z
3075568,Will Alex Palou win the 2026 NTT IndyCar Series?,ntt-indycar-series-2026-champion-20260722191142057,20440.67,720,0.935,1,108.02,2026-09-06T23:59:00Z
3075568,Will Alex Palou win the 2026 NTT IndyCar Series?,ntt-indycar-series-2026-champion-20260722191142057,20440.67,168,0.9715,1,0.02,2026-09-06T23:59:00Z
3075568,Will Alex Palou win the 2026 NTT IndyCar Series?,ntt-indycar-series-2026-champion-20260722191142057,20440.67,24,0.9995,1,0.02,2026-09-06T23:59:00Z
3075568,Will Alex Palou win the 2026 NTT IndyCar Series?,ntt-indycar-series-2026-champion-20260722191142057,20440.67,1,0.9995,1,0.02,2026-09-06T23:59:00Z
3076461,Will Elon Musk post 700-719 tweets in August 2026?,elon-musk-of-tweets-august-2026,11523.97,168,0.0005,0,0.01,2026-09-01T04:00:00Z
3076464,Will Elon Musk post 720-739 tweets in August 2026?,elon-musk-of-tweets-august-2026,13351.2,168,0.0005,0,0.01,2026-09-01T04:00:00Z
3076468,Will Elon Musk post 740-759 tweets in August 2026?,elon-musk-of-tweets-august-2026,14068.98,168,0.0005,0,0.01,2026-09-01T04:00:00Z
3076470,Will Elon Musk post 760-779 tweets in August 2026?,elon-musk-of-tweets-august-2026,28291.34,168,0.0005,0,0.01,2026-09-01T04:00:00Z
3076475,Will Elon Musk post 780-799 tweets in August 2026?,elon-musk-of-tweets-august-2026,36057.96,168,0.0025,0,0.01,2026-09-01T04:00:00Z
3076478,Will Elon Musk post 800-839 tweets in August 2026?,elon-musk-of-tweets-august-2026,97040.26,168,0.0325,0,0.01,2026-09-01T04:00:00Z
3076479,Will Elon Musk post 840-879 tweets in August 2026?,elon-musk-of-tweets-august-2026,183591.2,168,0.1485,0,0.01,2026-09-01T04:00:00Z
3076479,Will Elon Musk post 840-879 tweets in August 2026?,elon-musk-of-tweets-august-2026,183591.2,24,0.1865,0,0.0,2026-09-01T04:00:00Z
3076479,Will Elon Musk post 840-879 tweets in August 2026?,elon-musk-of-tweets-august-2026,183591.2,1,0.0015,0,0.01,2026-09-01T04:00:00Z
3076480,Will Elon Musk post 880-919 tweets in August 2026?,elon-musk-of-tweets-august-2026,65846.88,168,0.245,1,0.01,2026-09-01T04:00:00Z
3076480,Will Elon Musk post 880-919 tweets in August 2026?,elon-musk-of-tweets-august-2026,65846.88,24,0.755,1,0.0,2026-09-01T04:00:00Z
3076480,Will Elon Musk post 880-919 tweets in August 2026?,elon-musk-of-tweets-august-2026,65846.88,1,0.9985,1,0.01,2026-09-01T04:00:00Z
3076481,Will Elon Musk post 920-959 tweets in August 2026?,elon-musk-of-tweets-august-2026,50443.42,168,0.2415,0,0.01,2026-09-01T04:00:00Z
3076481,Will Elon Musk post 920-959 tweets in August 2026?,elon-musk-of-tweets-august-2026,50443.42,24,0.037,0,0.0,2026-09-01T04:00:00Z
3076481,Will Elon Musk post 920-959 tweets in August 2026?,elon-musk-of-tweets-august-2026,50443.42,1,0.0005,0,0.0,2026-09-01T04:00:00Z
3076482,Will Elon Musk post 960-999 tweets in August 2026?,elon-musk-of-tweets-august-2026,38869.79,168,0.176,0,0.01,2026-09-01T04:00:00Z
3076482,Will Elon Musk post 960-999 tweets in August 2026?,elon-musk-of-tweets-august-2026,38869.79,24,0.003,0,0.0,2026-09-01T04:00:00Z
3076482,Will Elon Musk post 960-999 tweets in August 2026?,elon-musk-of-tweets-august-2026,38869.79,1,0.0005,0,0.0,2026-09-01T04:00:00Z
3076483,Will Elon Musk post 1000+ tweets in August 2026?,elon-musk-of-tweets-august-2026,32074.81,168,0.149,0,0.01,2026-09-01T04:00:00Z
3076483,Will Elon Musk post 1000+ tweets in August 2026?,elon-musk-of-tweets-august-2026,32074.81,24,0.0015,0,0.0,2026-09-01T04:00:00Z
3076483,Will Elon Musk post 1000+ tweets in August 2026?,elon-musk-of-tweets-august-2026,32074.81,1,0.0005,0,0.0,2026-09-01T04:00:00Z
3081654,Will Ademola Adeleke win the 2026 Osun State gubernatorial elections?,osun-state-gubernatorial-election-winner-20260722191218748,37593.09,24,0.8,1,0.02,2026-08-15T23:59:00Z
3081654,Will Ademola Adeleke win the 2026 Osun State gubernatorial elections?,osun-state-gubernatorial-election-winner-20260722191218748,37593.09,1,0.945,1,0.02,2026-08-15T23:59:00Z
3081659,Will Bola Oyebamiji win the 2026 Osun State gubernatorial elections?,osun-state-gubernatorial-election-winner-20260722191218748,34072.69,24,0.205,0,0.02,2026-08-15T23:59:00Z
3081659,Will Bola Oyebamiji win the 2026 Osun State gubernatorial elections?,osun-state-gubernatorial-election-winner-20260722191218748,34072.69,1,0.0395,0,0.02,2026-08-15T23:59:00Z
3089557,Will Russia capture Novyi Donbas by August 31?,will-russia-capture-novyi-donbas-byptptpt-20260724163321934,51551.35,168,0.09,0,0.03,2026-09-01T03:59:00Z
3089557,Will Russia capture Novyi Donbas by August 31?,will-russia-capture-novyi-donbas-byptptpt-20260724163321934,51551.35,24,0.0355,0,0.02,2026-09-01T03:59:00Z
3089557,Will Russia capture Novyi Donbas by August 31?,will-russia-capture-novyi-donbas-byptptpt-20260724163321934,51551.35,1,0.0005,0,0.02,2026-09-01T03:59:00Z
3089566,Will Russia capture Kucheriv Yar by August 31?,will-russia-capture-kucheriv-yar-byptptpt-20260724165221452,131365.83,168,0.0705,0,0.03,2026-09-01T03:59:00Z
3089566,Will Russia capture Kucheriv Yar by August 31?,will-russia-capture-kucheriv-yar-byptptpt-20260724165221452,131365.83,24,0.0225,0,0.02,2026-09-01T03:59:00Z
3089566,Will Russia capture Kucheriv Yar by August 31?,will-russia-capture-kucheriv-yar-byptptpt-20260724165221452,131365.83,1,0.003,0,0.02,2026-09-01T03:59:00Z
3091050,"US x Iran diplomatic meeting by August 15, 2026?",next-round-of-us-iran-peace-talks-byptptpt-20260623022722982,501971.09,24,0.0035,0,0.02,2026-08-16T03:59:00Z
3091050,"US x Iran diplomatic meeting by August 15, 2026?",next-round-of-us-iran-peace-talks-byptptpt-20260623022722982,501971.09,1,0.0015,0,0.02,2026-08-16T03:59:00Z
3092982,Will The Left win the third most seats in the 2026 Sachsen-Anhalt parliamentary elections?,sachsen-anhalt-parliamentary-elections-3rd-place-20260722225837804,13604.85,720,0.9655,0,108.02,2026-09-06T23:59:00Z
3092982,Will The Left win the third most seats in the 2026 Sachsen-Anhalt parliamentary elections?,sachsen-anhalt-parliamentary-elections-3rd-place-20260722225837804,13604.85,168,0.9455,0,0.02,2026-09-06T23:59:00Z
3092982,Will The Left win the third most seats in the 2026 Sachsen-Anhalt parliamentary elections?,sachsen-anhalt-parliamentary-elections-3rd-place-20260722225837804,13604.85,24,0.9585,0,0.02,2026-09-06T23:59:00Z
3092982,Will The Left win the third most seats in the 2026 Sachsen-Anhalt parliamentary elections?,sachsen-anhalt-parliamentary-elections-3rd-place-20260722225837804,13604.85,1,0.026,0,0.02,2026-09-06T23:59:00Z
3093329,Will AfD win fewer than 34 seats in the 2026 Sachsen-Anhalt parliamentary elections?,sachsen-anhalt-parliamentary-elections-afd-of-seats-20260722230807017,30692.15,720,0.044,0,108.02,2026-09-06T23:59:00Z
3093329,Will AfD win fewer than 34 seats in the 2026 Sachsen-Anhalt parliamentary elections?,sachsen-anhalt-parliamentary-elections-afd-of-seats-20260722230807017,30692.15,168,0.0125,0,0.02,2026-09-06T23:59:00Z
3093329,Will AfD win fewer than 34 seats in the 2026 Sachsen-Anhalt parliamentary elections?,sachsen-anhalt-parliamentary-elections-afd-of-seats-20260722230807017,30692.15,24,0.0025,0,0.02,2026-09-06T23:59:00Z
3093329,Will AfD win fewer than 34 seats in the 2026 Sachsen-Anhalt parliamentary elections?,sachsen-anhalt-parliamentary-elections-afd-of-seats-20260722230807017,30692.15,1,0.0005,0,0.02,2026-09-06T23:59:00Z
3093330,Will AfD win 34-37 seats in the 2026 Sachsen-Anhalt parliamentary elections?,sachsen-anhalt-parliamentary-elections-afd-of-seats-20260722230807017,97135.02,720,0.1185,0,108.02,2026-09-06T23:59:00Z
3093330,Will AfD win 34-37 seats in the 2026 Sachsen-Anhalt parliamentary elections?,sachsen-anhalt-parliamentary-elections-afd-of-seats-20260722230807017,97135.02,168,0.05,0,0.02,2026-09-06T23:59:00Z
3093330,Will AfD win 34-37 seats in the 2026 Sachsen-Anhalt parliamentary elections?,sachsen-anhalt-parliamentary-elections-afd-of-seats-20260722230807017,97135.02,24,0.0695,0,0.02,2026-09-06T23:59:00Z
3093330,Will AfD win 34-37 seats in the 2026 Sachsen-Anhalt parliamentary elections?,sachsen-anhalt-parliamentary-elections-afd-of-seats-20260722230807017,97135.02,1,0.0005,0,0.02,2026-09-06T23:59:00Z
3093331,Will AfD win 38-41 seats in the 2026 Sachsen-Anhalt parliamentary elections?,sachsen-anhalt-parliamentary-elections-afd-of-seats-20260722230807017,94492.3,720,0.56,1,108.02,2026-09-06T23:59:00Z
3093331,Will AfD win 38-41 seats in the 2026 Sachsen-Anhalt parliamentary elections?,sachsen-anhalt-parliamentary-elections-afd-of-seats-20260722230807017,94492.3,168,0.775,1,0.02,2026-09-06T23:59:00Z
3093331,Will AfD win 38-41 seats in the 2026 Sachsen-Anhalt parliamentary elections?,sachsen-anhalt-parliamentary-elections-afd-of-seats-20260722230807017,94492.3,24,0.735,1,0.02,2026-09-06T23:59:00Z
3093331,Will AfD win 38-41 seats in the 2026 Sachsen-Anhalt parliamentary elections?,sachsen-anhalt-parliamentary-elections-afd-of-seats-20260722230807017,94492.3,1,0.9965,1,0.02,2026-09-06T23:59:00Z
3093332,Will AfD win 42-45 seats in the 2026 Sachsen-Anhalt parliamentary elections?,sachsen-anhalt-parliamentary-elections-afd-of-seats-20260722230807017,90476.97,720,0.185,0,108.02,2026-09-06T23:59:00Z
3093332,Will AfD win 42-45 seats in the 2026 Sachsen-Anhalt parliamentary elections?,sachsen-anhalt-parliamentary-elections-afd-of-seats-20260722230807017,90476.97,168,0.165,0,0.02,2026-09-06T23:59:00Z
3093332,Will AfD win 42-45 seats in the 2026 Sachsen-Anhalt parliamentary elections?,sachsen-anhalt-parliamentary-elections-afd-of-seats-20260722230807017,90476.97,24,0.175,0,0.02,2026-09-06T23:59:00Z
3093332,Will AfD win 42-45 seats in the 2026 Sachsen-Anhalt parliamentary elections?,sachsen-anhalt-parliamentary-elections-afd-of-seats-20260722230807017,90476.97,1,0.002,0,0.02,2026-09-06T23:59:00Z
3093333,Will AfD win 46-49 seats in the 2026 Sachsen-Anhalt parliamentary elections?,sachsen-anhalt-parliamentary-elections-afd-of-seats-20260722230807017,56248.85,720,0.1,0,108.02,2026-09-06T23:59:00Z
3093333,Will AfD win 46-49 seats in the 2026 Sachsen-Anhalt parliamentary elections?,sachsen-anhalt-parliamentary-elections-afd-of-seats-20260722230807017,56248.85,168,0.0235,0,0.02,2026-09-06T23:59:00Z
3093333,Will AfD win 46-49 seats in the 2026 Sachsen-Anhalt parliamentary elections?,sachsen-anhalt-parliamentary-elections-afd-of-seats-20260722230807017,56248.85,24,0.0415,0,0.02,2026-09-06T23:59:00Z
3093333,Will AfD win 46-49 seats in the 2026 Sachsen-Anhalt parliamentary elections?,sachsen-anhalt-parliamentary-elections-afd-of-seats-20260722230807017,56248.85,1,0.0005,0,0.02,2026-09-06T23:59:00Z
3093334,Will AfD win 50 or more seats in the 2026 Sachsen-Anhalt parliamentary elections?,sachsen-anhalt-parliamentary-elections-afd-of-seats-20260722230807017,53993.7,720,0.0505,0,108.02,2026-09-06T23:59:00Z
3093334,Will AfD win 50 or more seats in the 2026 Sachsen-Anhalt parliamentary elections?,sachsen-anhalt-parliamentary-elections-afd-of-seats-20260722230807017,53993.7,168,0.0065,0,0.02,2026-09-06T23:59:00Z
3093334,Will AfD win 50 or more seats in the 2026 Sachsen-Anhalt parliamentary elections?,sachsen-anhalt-parliamentary-elections-afd-of-seats-20260722230807017,53993.7,24,0.0035,0,0.02,2026-09-06T23:59:00Z
3093334,Will AfD win 50 or more seats in the 2026 Sachsen-Anhalt parliamentary elections?,sachsen-anhalt-parliamentary-elections-afd-of-seats-20260722230807017,53993.7,1,0.0005,0,0.02,2026-09-06T23:59:00Z
3094307,Will the total domestic gross for The Odyssey be less than 490m by August 31?,the-odyssey-total-domestic-gross-by-august-31-higher-strikes-20260723204527748,17499.59,168,0.0005,0,0.03,2026-09-01T03:59:00Z
3094307,Will the total domestic gross for The Odyssey be less than 490m by August 31?,the-odyssey-total-domestic-gross-by-august-31-higher-strikes-20260723204527748,17499.59,24,0.0005,0,0.02,2026-09-01T03:59:00Z
3094307,Will the total domestic gross for The Odyssey be less than 490m by August 31?,the-odyssey-total-domestic-gross-by-august-31-higher-strikes-20260723204527748,17499.59,1,0.0005,0,0.02,2026-09-01T03:59:00Z
3094308,Will the total domestic gross for The Odyssey be between 490m and 510m by August 31?,the-odyssey-total-domestic-gross-by-august-31-higher-strikes-20260723204527748,15964.61,168,0.0005,0,0.03,2026-09-01T03:59:00Z
3094308,Will the total domestic gross for The Odyssey be between 490m and 510m by August 31?,the-odyssey-total-domestic-gross-by-august-31-higher-strikes-20260723204527748,15964.61,24,0.0005,0,0.02,2026-09-01T03:59:00Z
3094308,Will the total domestic gross for The Odyssey be between 490m and 510m by August 31?,the-odyssey-total-domestic-gross-by-august-31-higher-strikes-20260723204527748,15964.61,1,0.0005,0,0.02,2026-09-01T03:59:00Z
3094309,Will the total domestic gross for The Odyssey be between 510m and 530m by August 31?,the-odyssey-total-domestic-gross-by-august-31-higher-strikes-20260723204527748,26012.36,168,0.0005,0,0.03,2026-09-01T03:59:00Z
3094309,Will the total domestic gross for The Odyssey be between 510m and 530m by August 31?,the-odyssey-total-domestic-gross-by-august-31-higher-strikes-20260723204527748,26012.36,24,0.0005,0,0.02,2026-09-01T03:59:00Z
3094309,Will the total domestic gross for The Odyssey be between 510m and 530m by August 31?,the-odyssey-total-domestic-gross-by-august-31-higher-strikes-20260723204527748,26012.36,1,0.0005,0,0.02,2026-09-01T03:59:00Z
3094310,Will the total domestic gross for The Odyssey be between 530m and 550m by August 31?,the-odyssey-total-domestic-gross-by-august-31-higher-strikes-20260723204527748,80731.63,168,0.0005,0,0.03,2026-09-01T03:59:00Z
3094310,Will the total domestic gross for The Odyssey be between 530m and 550m by August 31?,the-odyssey-total-domestic-gross-by-august-31-higher-strikes-20260723204527748,80731.63,24,0.0005,0,0.02,2026-09-01T03:59:00Z
3094310,Will the total domestic gross for The Odyssey be between 530m and 550m by August 31?,the-odyssey-total-domestic-gross-by-august-31-higher-strikes-20260723204527748,80731.63,1,0.0005,0,0.02,2026-09-01T03:59:00Z
3094311,Will the total domestic gross for The Odyssey be between 550m and 570m by August 31?,the-odyssey-total-domestic-gross-by-august-31-higher-strikes-20260723204527748,136266.8,168,0.92,1,0.03,2026-09-01T03:59:00Z
3094311,Will the total domestic gross for The Odyssey be between 550m and 570m by August 31?,the-odyssey-total-domestic-gross-by-august-31-higher-strikes-20260723204527748,136266.8,24,0.994,1,0.02,2026-09-01T03:59:00Z
3094311,Will the total domestic gross for The Odyssey be between 550m and 570m by August 31?,the-odyssey-total-domestic-gross-by-august-31-higher-strikes-20260723204527748,136266.8,1,0.9985,1,0.02,2026-09-01T03:59:00Z
3094312,Will the total domestic gross for The Odyssey be at least 570m by August 31?,the-odyssey-total-domestic-gross-by-august-31-higher-strikes-20260723204527748,184658.87,168,0.0785,0,0.03,2026-09-01T03:59:00Z
3094312,Will the total domestic gross for The Odyssey be at least 570m by August 31?,the-odyssey-total-domestic-gross-by-august-31-higher-strikes-20260723204527748,184658.87,24,0.0025,0,0.02,2026-09-01T03:59:00Z
3094312,Will the total domestic gross for The Odyssey be at least 570m by August 31?,the-odyssey-total-domestic-gross-by-august-31-higher-strikes-20260723204527748,184658.87,1,0.0005,0,0.02,2026-09-01T03:59:00Z
3096127,"Will Meta Platforms, Inc. (META) hit (HIGH) $620 in August?",what-price-will-meta-hit-in-august-2026,10603.61,168,0.052,0,0.01,2026-09-01T03:59:59.999Z
3096127,"Will Meta Platforms, Inc. (META) hit (HIGH) $620 in August?",what-price-will-meta-hit-in-august-2026,10603.61,24,0.1005,0,0.0,2026-09-01T03:59:59.999Z
3096146,"Will Tesla, Inc. (TSLA) hit (HIGH) $375 in August?",what-price-will-tsla-hit-in-august-2026,17743.03,168,0.205,0,0.02,2026-09-01T03:59:59.999Z
3096146,"Will Tesla, Inc. (TSLA) hit (HIGH) $375 in August?",what-price-will-tsla-hit-in-august-2026,17743.03,24,0.025,0,0.0,2026-09-01T03:59:59.999Z
3096167,Will NVIDIA (NVDA) hit (HIGH) $248 in August?,what-price-will-nvda-hit-in-august-2026,15421.94,168,0.044,0,0.01,2026-09-01T03:59:59.999Z
3096167,Will NVIDIA (NVDA) hit (HIGH) $248 in August?,what-price-will-nvda-hit-in-august-2026,15421.94,24,0.005,0,0.0,2026-09-01T03:59:59.999Z
3096169,Will NVIDIA (NVDA) hit (HIGH) $240 in August?,what-price-will-nvda-hit-in-august-2026,45449.87,168,0.1,0,0.02,2026-09-01T03:59:59.999Z
3096169,Will NVIDIA (NVDA) hit (HIGH) $240 in August?,what-price-will-nvda-hit-in-august-2026,45449.87,24,0.0245,0,0.0,2026-09-01T03:59:59.999Z
3096170,Will NVIDIA (NVDA) hit (HIGH) $232 in August?,what-price-will-nvda-hit-in-august-2026,29393.5,168,0.315,0,0.02,2026-09-01T03:59:59.999Z
3096170,Will NVIDIA (NVDA) hit (HIGH) $232 in August?,what-price-will-nvda-hit-in-august-2026,29393.5,24,0.018,0,0.0,2026-09-01T03:59:59.999Z
3096177,Will NVIDIA (NVDA) hit (LOW) $184 in August?,what-price-will-nvda-hit-in-august-2026,10869.8,168,0.0895,0,0.02,2026-09-01T03:59:59.999Z
3096177,Will NVIDIA (NVDA) hit (LOW) $184 in August?,what-price-will-nvda-hit-in-august-2026,10869.8,24,0.0055,0,0.0,2026-09-01T03:59:59.999Z
3096178,Will NVIDIA (NVDA) hit (LOW) $176 in August?,what-price-will-nvda-hit-in-august-2026,17262.45,168,0.0385,0,0.01,2026-09-01T03:59:59.999Z
3096178,Will NVIDIA (NVDA) hit (LOW) $176 in August?,what-price-will-nvda-hit-in-august-2026,17262.45,24,0.005,0,0.0,2026-09-01T03:59:59.999Z
3096329,Will S&P 500 (SPY) hit (HIGH) $800 in August?,what-price-will-spy-hit-in-august-2026,17553.7,168,0.024,0,0.01,2026-09-01T03:59:59.999Z
3096329,Will S&P 500 (SPY) hit (HIGH) $800 in August?,what-price-will-spy-hit-in-august-2026,17553.7,24,0.0045,0,0.0,2026-09-01T03:59:59.999Z
3096330,Will S&P 500 (SPY) hit (HIGH) $790 in August?,what-price-will-spy-hit-in-august-2026,36715.81,168,0.0425,0,0.01,2026-09-01T03:59:59.999Z
3096330,Will S&P 500 (SPY) hit (HIGH) $790 in August?,what-price-will-spy-hit-in-august-2026,36715.81,24,0.028,0,0.0,2026-09-01T03:59:59.999Z
3096331,Will S&P 500 (SPY) hit (HIGH) $780 in August?,what-price-will-spy-hit-in-august-2026,39329.53,168,0.155,0,0.02,2026-09-01T03:59:59.999Z
3096331,Will S&P 500 (SPY) hit (HIGH) $780 in August?,what-price-will-spy-hit-in-august-2026,39329.53,24,0.06,0,0.0,2026-09-01T03:59:59.999Z
3096336,Will S&P 500 (SPY) hit (LOW) $730 in August?,what-price-will-spy-hit-in-august-2026,20907.25,168,0.0345,0,0.02,2026-09-01T03:59:59.999Z
3096336,Will S&P 500 (SPY) hit (LOW) $730 in August?,what-price-will-spy-hit-in-august-2026,20907.25,24,0.012,0,0.0,2026-09-01T03:59:59.999Z
3096339,Will S&P 500 (SPY) hit (LOW) $700 in August?,what-price-will-spy-hit-in-august-2026,11598.49,168,0.004,0,0.01,2026-09-01T03:59:59.999Z
3096339,Will S&P 500 (SPY) hit (LOW) $700 in August?,what-price-will-spy-hit-in-august-2026,11598.49,24,0.002,0,0.0,2026-09-01T03:59:59.999Z
3096340,Will S&P 500 (SPY) hit (LOW) $690 in August?,what-price-will-spy-hit-in-august-2026,10453.9,168,0.0065,0,0.01,2026-09-01T03:59:59.999Z
3096340,Will S&P 500 (SPY) hit (LOW) $690 in August?,what-price-will-spy-hit-in-august-2026,10453.9,24,0.0035,0,0.0,2026-09-01T03:59:59.999Z
3096357,"Will Gold (XAUUSD) hit (HIGH) $4,700 in August?",what-price-will-xauusd-hit-in-august-2026,271897.73,168,0.7155,0,0.02,2026-09-01T03:59:59.999Z
3096357,"Will Gold (XAUUSD) hit (HIGH) $4,700 in August?",what-price-will-xauusd-hit-in-august-2026,271897.73,24,0.018,0,0.0,2026-09-01T03:59:59.999Z
3096364,"Will Gold (XAUUSD) hit (LOW) $4,000 in August?",what-price-will-xauusd-hit-in-august-2026,79845.8,168,0.028,0,0.01,2026-09-01T03:59:59.999Z
3096364,"Will Gold (XAUUSD) hit (LOW) $4,000 in August?",what-price-will-xauusd-hit-in-august-2026,79845.8,24,0.0015,0,0.0,2026-09-01T03:59:59.999Z
3096365,"Will Gold (XAUUSD) hit (LOW) $3,900 in August?",what-price-will-xauusd-hit-in-august-2026,92980.48,168,0.0115,0,0.01,2026-09-01T03:59:59.999Z
3096365,"Will Gold (XAUUSD) hit (LOW) $3,900 in August?",what-price-will-xauusd-hit-in-august-2026,92980.48,24,0.001,0,0.0,2026-09-01T03:59:59.999Z
3096366,"Will Gold (XAUUSD) hit (LOW) $3,800 in August?",what-price-will-xauusd-hit-in-august-2026,50531.55,168,0.0055,0,0.02,2026-09-01T03:59:59.999Z
3096366,"Will Gold (XAUUSD) hit (LOW) $3,800 in August?",what-price-will-xauusd-hit-in-august-2026,50531.55,24,0.0005,0,0.0,2026-09-01T03:59:59.999Z
3096367,"Will Gold (XAUUSD) hit (LOW) $3,700 in August?",what-price-will-xauusd-hit-in-august-2026,21911.88,168,0.0025,0,0.01,2026-09-01T03:59:59.999Z
3096367,"Will Gold (XAUUSD) hit (LOW) $3,700 in August?",what-price-will-xauusd-hit-in-august-2026,21911.88,24,0.0005,0,0.0,2026-09-01T03:59:59.999Z
3096368,"Will Gold (XAUUSD) hit (LOW) $3,600 in August?",what-price-will-xauusd-hit-in-august-2026,16147.29,168,0.0015,0,0.01,2026-09-01T03:59:59.999Z
3096368,"Will Gold (XAUUSD) hit (LOW) $3,600 in August?",what-price-will-xauusd-hit-in-august-2026,16147.29,24,0.0005,0,0.0,2026-09-01T03:59:59.999Z
3096369,"Will Gold (XAUUSD) hit (LOW) $3,500 in August?",what-price-will-xauusd-hit-in-august-2026,45637.87,168,0.0005,0,0.02,2026-09-01T03:59:59.999Z
3096369,"Will Gold (XAUUSD) hit (LOW) $3,500 in August?",what-price-will-xauusd-hit-in-august-2026,45637.87,24,0.0005,0,0.0,2026-09-01T03:59:59.999Z
3096370,"Will Gold (XAUUSD) hit (LOW) $3,400 in August?",what-price-will-xauusd-hit-in-august-2026,45607.01,168,0.0005,0,0.01,2026-09-01T03:59:59.999Z
3096370,"Will Gold (XAUUSD) hit (LOW) $3,400 in August?",what-price-will-xauusd-hit-in-august-2026,45607.01,24,0.0005,0,0.0,2026-09-01T03:59:59.999Z
3096382,Will Silver (XAGUSD) hit (HIGH) $72 in August?,what-price-will-xagusd-hit-in-august-2026,57825.38,168,0.31,0,0.02,2026-09-01T03:59:59.999Z
3096382,Will Silver (XAGUSD) hit (HIGH) $72 in August?,what-price-will-xagusd-hit-in-august-2026,57825.38,24,0.026,0,0.0,2026-09-01T03:59:59.999Z
3096390,Will Silver (XAGUSD) hit (LOW) $56 in August?,what-price-will-xagusd-hit-in-august-2026,21119.87,168,0.0115,0,0.01,2026-09-01T03:59:59.999Z
3096390,Will Silver (XAGUSD) hit (LOW) $56 in August?,what-price-will-xagusd-hit-in-august-2026,21119.87,24,0.0065,0,0.0,2026-09-01T03:59:59.999Z
3096391,Will Silver (XAGUSD) hit (LOW) $54 in August?,what-price-will-xagusd-hit-in-august-2026,25164.17,168,0.026,0,0.01,2026-09-01T03:59:59.999Z
3096391,Will Silver (XAGUSD) hit (LOW) $54 in August?,what-price-will-xagusd-hit-in-august-2026,25164.17,24,0.0055,0,0.0,2026-09-01T03:59:59.999Z
3096392,Will Silver (XAGUSD) hit (LOW) $52 in August?,what-price-will-xagusd-hit-in-august-2026,15581.08,168,0.019,0,0.02,2026-09-01T03:59:59.999Z
3096392,Will Silver (XAGUSD) hit (LOW) $52 in August?,what-price-will-xagusd-hit-in-august-2026,15581.08,24,0.0045,0,0.0,2026-09-01T03:59:59.999Z
3096393,Will Silver (XAGUSD) hit (LOW) $50 in August?,what-price-will-xagusd-hit-in-august-2026,15141.82,168,0.014,0,0.01,2026-09-01T03:59:59.999Z
3096393,Will Silver (XAGUSD) hit (LOW) $50 in August?,what-price-will-xagusd-hit-in-august-2026,15141.82,24,0.0005,0,0.0,2026-09-01T03:59:59.999Z
3096394,Will Silver (XAGUSD) hit (LOW) $48 in August?,what-price-will-xagusd-hit-in-august-2026,11372.75,168,0.0125,0,0.01,2026-09-01T03:59:59.999Z
3096394,Will Silver (XAGUSD) hit (LOW) $48 in August?,what-price-will-xagusd-hit-in-august-2026,11372.75,24,0.0005,0,0.0,2026-09-01T03:59:59.999Z
3096407,Will WTI Crude Oil (WTI) hit (HIGH) $150 in August?,what-price-will-wti-hit-in-august-2026,471196.49,168,0.0025,0,0.01,2026-09-01T03:59:59.999Z
3096407,Will WTI Crude Oil (WTI) hit (HIGH) $150 in August?,what-price-will-wti-hit-in-august-2026,471196.49,24,0.0005,0,0.0,2026-09-01T03:59:59.999Z
3096408,Will WTI Crude Oil (WTI) hit (HIGH) $140 in August?,what-price-will-wti-hit-in-august-2026,407020.7,168,0.0025,0,0.01,2026-09-01T03:59:59.999Z
3096408,Will WTI Crude Oil (WTI) hit (HIGH) $140 in August?,what-price-will-wti-hit-in-august-2026,407020.7,24,0.0005,0,0.0,2026-09-01T03:59:59.999Z
3096409,Will WTI Crude Oil (WTI) hit (HIGH) $130 in August?,what-price-will-wti-hit-in-august-2026,416242.32,168,0.0035,0,0.02,2026-09-01T03:59:59.999Z
3096409,Will WTI Crude Oil (WTI) hit (HIGH) $130 in August?,what-price-will-wti-hit-in-august-2026,416242.32,24,0.001,0,0.0,2026-09-01T03:59:59.999Z
3096410,Will WTI Crude Oil (WTI) hit (HIGH) $120 in August?,what-price-will-wti-hit-in-august-2026,494016.49,168,0.0055,0,0.02,2026-09-01T03:59:59.999Z
3096410,Will WTI Crude Oil (WTI) hit (HIGH) $120 in August?,what-price-will-wti-hit-in-august-2026,494016.49,24,0.0005,0,0.0,2026-09-01T03:59:59.999Z
3096411,Will WTI Crude Oil (WTI) hit (HIGH) $110 in August?,what-price-will-wti-hit-in-august-2026,664271.33,168,0.01,0,0.01,2026-09-01T03:59:59.999Z
3096411,Will WTI Crude Oil (WTI) hit (HIGH) $110 in August?,what-price-will-wti-hit-in-august-2026,664271.33,24,0.0015,0,0.0,2026-09-01T03:59:59.999Z
3096412,Will WTI Crude Oil (WTI) hit (HIGH) $100 in August?,what-price-will-wti-hit-in-august-2026,842305.49,168,0.042,0,0.01,2026-09-01T03:59:59.999Z
3096412,Will WTI Crude Oil (WTI) hit (HIGH) $100 in August?,what-price-will-wti-hit-in-august-2026,842305.49,24,0.005,0,0.0,2026-09-01T03:59:59.999Z
3096413,Will WTI Crude Oil (WTI) hit (HIGH) $90 in August?,what-price-will-wti-hit-in-august-2026,1462952.35,168,0.345,0,0.01,2026-09-01T03:59:59.999Z
3096413,Will WTI Crude Oil (WTI) hit (HIGH) $90 in August?,what-price-will-wti-hit-in-august-2026,1462952.35,24,0.035,0,0.0,2026-09-01T03:59:59.999Z
3096415,Will WTI Crude Oil (WTI) hit (LOW) $70 in August?,what-price-will-wti-hit-in-august-2026,520315.5,168,0.0195,0,0.02,2026-09-01T03:59:59.999Z
3096415,Will WTI Crude Oil (WTI) hit (LOW) $70 in August?,what-price-will-wti-hit-in-august-2026,520315.5,24,0.0015,0,0.0,2026-09-01T03:59:59.999Z
3096416,Will WTI Crude Oil (WTI) hit (LOW) $60 in August?,what-price-will-wti-hit-in-august-2026,669041.74,168,0.004,0,0.01,2026-09-01T03:59:59.999Z
3096416,Will WTI Crude Oil (WTI) hit (LOW) $60 in August?,what-price-will-wti-hit-in-august-2026,669041.74,24,0.001,0,0.0,2026-09-01T03:59:59.999Z
3096417,Will WTI Crude Oil (WTI) hit (LOW) $50 in August?,what-price-will-wti-hit-in-august-2026,67599.89,168,0.0005,0,0.02,2026-09-01T03:59:59.999Z
3096417,Will WTI Crude Oil (WTI) hit (LOW) $50 in August?,what-price-will-wti-hit-in-august-2026,67599.89,24,0.0005,0,0.0,2026-09-01T03:59:59.999Z
3096418,Will WTI Crude Oil (WTI) hit (LOW) $40 in August?,what-price-will-wti-hit-in-august-2026,50393.66,168,0.0005,0,0.01,2026-09-01T03:59:59.999Z
3096418,Will WTI Crude Oil (WTI) hit (LOW) $40 in August?,what-price-will-wti-hit-in-august-2026,50393.66,24,0.0005,0,0.0,2026-09-01T03:59:59.999Z
3096419,Will WTI Crude Oil (WTI) hit (LOW) $30 in August?,what-price-will-wti-hit-in-august-2026,49668.97,168,0.0005,0,0.02,2026-09-01T03:59:59.999Z
3096419,Will WTI Crude Oil (WTI) hit (LOW) $30 in August?,what-price-will-wti-hit-in-august-2026,49668.97,24,0.0005,0,0.0,2026-09-01T03:59:59.999Z
3096420,Will WTI Crude Oil (WTI) hit (LOW) $20 in August?,what-price-will-wti-hit-in-august-2026,50150.94,168,0.0005,0,0.01,2026-09-01T03:59:59.999Z
3096420,Will WTI Crude Oil (WTI) hit (LOW) $20 in August?,what-price-will-wti-hit-in-august-2026,50150.94,24,0.0005,0,0.0,2026-09-01T03:59:59.999Z
3096434,Will Natural Gas (NG) hit (HIGH) $3.20 in August?,what-price-will-ng-hit-in-august-2026,12051.24,168,0.05,0,0.01,2026-09-01T03:59:59.999Z
3096434,Will Natural Gas (NG) hit (HIGH) $3.20 in August?,what-price-will-ng-hit-in-august-2026,12051.24,24,0.0065,0,0.0,2026-09-01T03:59:59.999Z
3096436,Will Natural Gas (NG) hit (HIGH) $3.00 in August?,what-price-will-ng-hit-in-august-2026,37870.43,168,0.082,0,0.01,2026-09-01T03:59:59.999Z
3096436,Will Natural Gas (NG) hit (HIGH) $3.00 in August?,what-price-will-ng-hit-in-august-2026,37870.43,24,0.048,0,0.0,2026-09-01T03:59:59.999Z
3096440,Will Natural Gas (NG) hit (LOW) $2.60 in August?,what-price-will-ng-hit-in-august-2026,21452.25,168,0.1,0,0.01,2026-09-01T03:59:59.999Z
3096440,Will Natural Gas (NG) hit (LOW) $2.60 in August?,what-price-will-ng-hit-in-august-2026,21452.25,24,0.0055,0,0.0,2026-09-01T03:59:59.999Z
3099940,Will Lando Norris get pole position at the 2026 F1 Dutch Grand Prix?,f1-dutch-grand-prix-driver-pole-position-2026-08-22,11151.09,168,0.26,1,0.0,2026-08-29T14:00:00Z
3102462,Will WTI Crude Oil (WTI) hit (HIGH) $95 in August?,what-price-will-wti-hit-in-august-2026,1281556.72,168,0.09,0,0.01,2026-09-01T03:59:59.999Z
3102462,Will WTI Crude Oil (WTI) hit (HIGH) $95 in August?,what-price-will-wti-hit-in-august-2026,1281556.72,24,0.0165,0,0.0,2026-09-01T03:59:59.999Z
3102464,Will WTI Crude Oil (WTI) hit (HIGH) $105 in August?,what-price-will-wti-hit-in-august-2026,584696.83,168,0.0185,0,0.01,2026-09-01T03:59:59.999Z
3102464,Will WTI Crude Oil (WTI) hit (HIGH) $105 in August?,what-price-will-wti-hit-in-august-2026,584696.83,24,0.003,0,0.0,2026-09-01T03:59:59.999Z
3102466,Will WTI Crude Oil (WTI) hit (HIGH) $115 in August?,what-price-will-wti-hit-in-august-2026,489386.61,168,0.0065,0,0.01,2026-09-01T03:59:59.999Z
3102466,Will WTI Crude Oil (WTI) hit (HIGH) $115 in August?,what-price-will-wti-hit-in-august-2026,489386.61,24,0.0015,0,0.0,2026-09-01T03:59:59.999Z
3102467,Will WTI Crude Oil (WTI) hit (LOW) $65 in August?,what-price-will-wti-hit-in-august-2026,484638.6,168,0.007,0,0.02,2026-09-01T03:59:59.999Z
3102467,Will WTI Crude Oil (WTI) hit (LOW) $65 in August?,what-price-will-wti-hit-in-august-2026,484638.6,24,0.0005,0,0.0,2026-09-01T03:59:59.999Z
3120558,Will Robin Peguero be the FL-27 Democratic nominee?,fl-27-democratic-primary-winner-20260724190714940,15443.87,168,0.105,0,36.0,2026-08-18T00:00:00Z
3120558,Will Robin Peguero be the FL-27 Democratic nominee?,fl-27-democratic-primary-winner-20260724190714940,15443.87,24,0.155,0,0.0,2026-08-18T00:00:00Z
3120558,Will Robin Peguero be the FL-27 Democratic nominee?,fl-27-democratic-primary-winner-20260724190714940,15443.87,1,0.155,0,0.0,2026-08-18T00:00:00Z
3120559,Will Eliott Rodriguez be the FL-27 Democratic nominee?,fl-27-democratic-primary-winner-20260724190714940,28683.03,168,0.81,1,36.0,2026-08-18T00:00:00Z
3120559,Will Eliott Rodriguez be the FL-27 Democratic nominee?,fl-27-democratic-primary-winner-20260724190714940,28683.03,24,0.835,1,0.0,2026-08-18T00:00:00Z
3120559,Will Eliott Rodriguez be the FL-27 Democratic nominee?,fl-27-democratic-primary-winner-20260724190714940,28683.03,1,0.825,1,0.0,2026-08-18T00:00:00Z
3120568,Will Oliver Larkin be the FL-25 Democratic nominee?,fl-25-democratic-primary-winner-20260724190444061,55240.94,168,0.115,0,12.02,2026-08-18T23:59:00Z
3120568,Will Oliver Larkin be the FL-25 Democratic nominee?,fl-25-democratic-primary-winner-20260724190444061,55240.94,24,0.095,0,0.03,2026-08-18T23:59:00Z
3120568,Will Oliver Larkin be the FL-25 Democratic nominee?,fl-25-democratic-primary-winner-20260724190444061,55240.94,1,0.055,0,0.02,2026-08-18T23:59:00Z
3120569,Will Jared Moskowitz be the FL-25 Democratic nominee?,fl-25-democratic-primary-winner-20260724190444061,52032.67,168,0.885,1,12.02,2026-08-18T23:59:00Z
3120569,Will Jared Moskowitz be the FL-25 Democratic nominee?,fl-25-democratic-primary-winner-20260724190444061,52032.67,24,0.905,1,0.02,2026-08-18T23:59:00Z
3120569,Will Jared Moskowitz be the FL-25 Democratic nominee?,fl-25-democratic-primary-winner-20260724190444061,52032.67,1,0.925,1,0.02,2026-08-18T23:59:00Z
3120577,Will Oliver Gilbert be the FL-24 Democratic nominee?,fl-24-democratic-primary-winner-20260724190551253,15607.19,168,0.185,1,36.0,2026-08-18T00:00:00Z
3120577,Will Oliver Gilbert be the FL-24 Democratic nominee?,fl-24-democratic-primary-winner-20260724190551253,15607.19,24,0.11,1,0.0,2026-08-18T00:00:00Z
3120577,Will Oliver Gilbert be the FL-24 Democratic nominee?,fl-24-democratic-primary-winner-20260724190551253,15607.19,1,0.09,1,0.0,2026-08-18T00:00:00Z
3120578,Will Shevrin Jones be the FL-24 Democratic nominee?,fl-24-democratic-primary-winner-20260724190551253,19283.81,168,0.815,0,36.01,2026-08-18T00:00:00Z
3120578,Will Shevrin Jones be the FL-24 Democratic nominee?,fl-24-democratic-primary-winner-20260724190551253,19283.81,24,0.88,0,0.01,2026-08-18T00:00:00Z
3120578,Will Shevrin Jones be the FL-24 Democratic nominee?,fl-24-democratic-primary-winner-20260724190551253,19283.81,1,0.895,0,0.0,2026-08-18T00:00:00Z
3120606,Will James Martin be the FL-21 Democratic nominee?,fl-21-democratic-primary-winner-20260724185824809,44337.65,168,0.71,1,36.0,2026-08-18T00:00:00Z
3120606,Will James Martin be the FL-21 Democratic nominee?,fl-21-democratic-primary-winner-20260724185824809,44337.65,24,0.625,1,0.0,2026-08-18T00:00:00Z
3120606,Will James Martin be the FL-21 Democratic nominee?,fl-21-democratic-primary-winner-20260724185824809,44337.65,1,0.525,1,0.0,2026-08-18T00:00:00Z
3120607,Will Bernard Taylor be the FL-21 Democratic nominee?,fl-21-democratic-primary-winner-20260724185824809,48684.65,168,0.305,0,36.0,2026-08-18T00:00:00Z
3120607,Will Bernard Taylor be the FL-21 Democratic nominee?,fl-21-democratic-primary-winner-20260724185824809,48684.65,24,0.375,0,0.0,2026-08-18T00:00:00Z
3120607,Will Bernard Taylor be the FL-21 Democratic nominee?,fl-21-democratic-primary-winner-20260724185824809,48684.65,1,0.475,0,0.0,2026-08-18T00:00:00Z
3120626,Will Ronnie Murchinson-Rivera be the FL-06 Democratic nominee?,fl-06-democratic-primary-winner-20260724185127312,12469.6,168,0.29,0,12.02,2026-08-18T23:59:00Z
3120626,Will Ronnie Murchinson-Rivera be the FL-06 Democratic nominee?,fl-06-democratic-primary-winner-20260724185127312,12469.6,24,0.11,0,0.03,2026-08-18T23:59:00Z
3120626,Will Ronnie Murchinson-Rivera be the FL-06 Democratic nominee?,fl-06-democratic-primary-winner-20260724185127312,12469.6,1,0.095,0,0.02,2026-08-18T23:59:00Z
3120634,"Will LaShonda ""L.J."" Holloway be the FL-04 Democratic nominee?",fl-04-democratic-primary-winner-20260724184459914,20878.76,168,0.77,1,36.01,2026-08-18T00:00:00Z
3120634,"Will LaShonda ""L.J."" Holloway be the FL-04 Democratic nominee?",fl-04-democratic-primary-winner-20260724184459914,20878.76,24,0.885,1,0.01,2026-08-18T00:00:00Z
3120634,"Will LaShonda ""L.J."" Holloway be the FL-04 Democratic nominee?",fl-04-democratic-primary-winner-20260724184459914,20878.76,1,0.865,1,0.01,2026-08-18T00:00:00Z
3120635,Will Michael Kirwan be the FL-04 Democratic nominee?,fl-04-democratic-primary-winner-20260724184459914,10190.78,168,0.215,0,36.01,2026-08-18T00:00:00Z
3120635,Will Michael Kirwan be the FL-04 Democratic nominee?,fl-04-democratic-primary-winner-20260724184459914,10190.78,24,0.095,0,0.01,2026-08-18T00:00:00Z
3120635,Will Michael Kirwan be the FL-04 Democratic nominee?,fl-04-democratic-primary-winner-20260724184459914,10190.78,1,0.105,0,0.01,2026-08-18T00:00:00Z
3120643,Will Yen Bailey be the FL-02 Democratic nominee?,fl-02-democratic-primary-winner-20260724183800472,33001.06,168,0.3,0,36.01,2026-08-18T00:00:00Z
3120643,Will Yen Bailey be the FL-02 Democratic nominee?,fl-02-democratic-primary-winner-20260724183800472,33001.06,24,0.53,0,0.01,2026-08-18T00:00:00Z
3120643,Will Yen Bailey be the FL-02 Democratic nominee?,fl-02-democratic-primary-winner-20260724183800472,33001.06,1,0.63,0,0.0,2026-08-18T00:00:00Z
3120645,Will Amanda Green be the FL-02 Democratic nominee?,fl-02-democratic-primary-winner-20260724183800472,19148.99,168,0.265,1,36.0,2026-08-18T00:00:00Z
3120645,Will Amanda Green be the FL-02 Democratic nominee?,fl-02-democratic-primary-winner-20260724183800472,19148.99,24,0.255,1,0.0,2026-08-18T00:00:00Z
3120645,Will Amanda Green be the FL-02 Democratic nominee?,fl-02-democratic-primary-winner-20260724183800472,19148.99,1,0.19,1,0.0,2026-08-18T00:00:00Z
3120646,Will Nic Zateslo be the FL-02 Democratic nominee?,fl-02-democratic-primary-winner-20260724183800472,15903.98,168,0.334,0,36.0,2026-08-18T00:00:00Z
3120646,Will Nic Zateslo be the FL-02 Democratic nominee?,fl-02-democratic-primary-winner-20260724183800472,15903.98,24,0.0805,0,0.0,2026-08-18T00:00:00Z
3120646,Will Nic Zateslo be the FL-02 Democratic nominee?,fl-02-democratic-primary-winner-20260724183800472,15903.98,1,0.0765,0,0.0,2026-08-18T00:00:00Z
3120761,"NATO x Russia military clash by August 31, 2026?",nato-x-russia-military-clash-in-2025,2122003.49,168,0.0275,0,0.03,2026-09-01T03:59:00Z
3120761,"NATO x Russia military clash by August 31, 2026?",nato-x-russia-military-clash-in-2025,2122003.49,24,0.0075,0,0.02,2026-09-01T03:59:00Z
3120761,"NATO x Russia military clash by August 31, 2026?",nato-x-russia-military-clash-in-2025,2122003.49,1,0.0035,0,0.02,2026-09-01T03:59:00Z
3121258,"Another NATO Article 4 invocation by August 31, 2026?",another-nato-article-4-byptptpt-20260726214235871,145714.78,168,0.0295,0,0.03,2026-09-01T03:59:00Z
3121258,"Another NATO Article 4 invocation by August 31, 2026?",another-nato-article-4-byptptpt-20260726214235871,145714.78,24,0.0015,0,0.02,2026-09-01T03:59:00Z
3121258,"Another NATO Article 4 invocation by August 31, 2026?",another-nato-article-4-byptptpt-20260726214235871,145714.78,1,0.0015,0,0.02,2026-09-01T03:59:00Z
3128252,"Will Russia and Ukraine hold any diplomatic meeting by August 15, 2026?",russia-x-ukraine-any-diplomatic-meeting-byptptpt-20260629155934230,73435.49,24,0.016,0,0.02,2026-08-15T23:59:00Z
3128252,"Will Russia and Ukraine hold any diplomatic meeting by August 15, 2026?",russia-x-ukraine-any-diplomatic-meeting-byptptpt-20260629155934230,73435.49,1,0.006,0,0.02,2026-08-15T23:59:00Z
3128290,Foreign intervention in Gaza by August 31?,foreign-intervention-in-gaza-by,115609.07,168,0.005,0,0.03,2026-09-01T03:59:00Z
3128290,Foreign intervention in Gaza by August 31?,foreign-intervention-in-gaza-by,115609.07,24,0.0035,0,0.02,2026-09-01T03:59:00Z
3128290,Foreign intervention in Gaza by August 31?,foreign-intervention-in-gaza-by,115609.07,1,0.0015,0,0.02,2026-09-01T03:59:00Z
3128585,Will WTI Crude Oil (WTI) hit (LOW) $55 in August?,what-price-will-wti-hit-in-august-2026,124457.96,168,0.0025,0,0.02,2026-09-01T03:59:59.999Z
3128585,Will WTI Crude Oil (WTI) hit (LOW) $55 in August?,what-price-will-wti-hit-in-august-2026,124457.96,24,0.0005,0,0.0,2026-09-01T03:59:59.999Z
3128885,Strait of Hormuz traffic returns to normal by August 15?,strait-of-hormuz-traffic-returns-to-normal-by-august-31-20260702154212320,7192394.76,24,0.0005,0,0.02,2026-08-16T03:59:00Z
3128885,Strait of Hormuz traffic returns to normal by August 15?,strait-of-hormuz-traffic-returns-to-normal-by-august-31-20260702154212320,7192394.76,1,0.0005,0,0.02,2026-08-16T03:59:00Z
3141846,Will Richard Neal be the MA-01 Democratic nominee?,ma-01-democratic-primary-winner-20260727173754524,79034.92,168,0.8325,1,0.02,2026-09-01T23:59:00Z
3141846,Will Richard Neal be the MA-01 Democratic nominee?,ma-01-democratic-primary-winner-20260727173754524,79034.92,24,0.921,1,0.03,2026-09-01T23:59:00Z
3141846,Will Richard Neal be the MA-01 Democratic nominee?,ma-01-democratic-primary-winner-20260727173754524,79034.92,1,0.9215,1,0.98,2026-09-01T23:59:00Z
3141847,Will Jeromie Whalen be the MA-01 Democratic nominee?,ma-01-democratic-primary-winner-20260727173754524,52796.94,168,0.158,0,0.02,2026-09-01T23:59:00Z
3141847,Will Jeromie Whalen be the MA-01 Democratic nominee?,ma-01-democratic-primary-winner-20260727173754524,52796.94,24,0.082,0,0.03,2026-09-01T23:59:00Z
3141847,Will Jeromie Whalen be the MA-01 Democratic nominee?,ma-01-democratic-primary-winner-20260727173754524,52796.94,1,0.0805,0,0.98,2026-09-01T23:59:00Z
3141888,Will Jake Auchincloss be the MA-04 Democratic nominee?,ma-04-democratic-primary-winner-20260727180932560,13639.15,168,0.9585,1,0.02,2026-09-01T23:59:00Z
3141888,Will Jake Auchincloss be the MA-04 Democratic nominee?,ma-04-democratic-primary-winner-20260727180932560,13639.15,24,0.98,1,0.03,2026-09-01T23:59:00Z
3141888,Will Jake Auchincloss be the MA-04 Democratic nominee?,ma-04-democratic-primary-winner-20260727180932560,13639.15,1,0.986,1,0.98,2026-09-01T23:59:00Z
3142977,Will Georgia Tree win the 2026 Secret Harbour state by-election?,secret-harbour-state-by-election-winner-20260727232510799,69786.63,168,0.805,0,0.02,2026-08-29T23:59:00Z
3142977,Will Georgia Tree win the 2026 Secret Harbour state by-election?,secret-harbour-state-by-election-winner-20260727232510799,69786.63,24,0.6,0,0.02,2026-08-29T23:59:00Z
3142977,Will Georgia Tree win the 2026 Secret Harbour state by-election?,secret-harbour-state-by-election-winner-20260727232510799,69786.63,1,0.002,0,0.02,2026-08-29T23:59:00Z
3142978,Will Ryan Robertson win the 2026 Secret Harbour state by-election?,secret-harbour-state-by-election-winner-20260727232510799,24308.25,168,0.003,0,0.02,2026-08-29T23:59:00Z
3142978,Will Ryan Robertson win the 2026 Secret Harbour state by-election?,secret-harbour-state-by-election-winner-20260727232510799,24308.25,24,0.002,0,0.02,2026-08-29T23:59:00Z
3142978,Will Ryan Robertson win the 2026 Secret Harbour state by-election?,secret-harbour-state-by-election-winner-20260727232510799,24308.25,1,0.0005,0,0.02,2026-08-29T23:59:00Z
3142979,Will Luke Herdegen win the 2026 Secret Harbour state by-election?,secret-harbour-state-by-election-winner-20260727232510799,68909.7,168,0.2,1,0.02,2026-08-29T23:59:00Z
3142979,Will Luke Herdegen win the 2026 Secret Harbour state by-election?,secret-harbour-state-by-election-winner-20260727232510799,68909.7,24,0.415,1,0.02,2026-08-29T23:59:00Z
3142979,Will Luke Herdegen win the 2026 Secret Harbour state by-election?,secret-harbour-state-by-election-winner-20260727232510799,68909.7,1,0.9945,1,0.02,2026-08-29T23:59:00Z
3143051,Will Philadelphia Union win on 2026-08-13?,lec-phi-san-2026-08-13,146306.1,24,0.675,0,0.0,2026-08-13T23:00:00Z
3143051,Will Philadelphia Union win on 2026-08-13?,lec-phi-san-2026-08-13,146306.1,1,0.615,0,0.0,2026-08-13T23:00:00Z
3143052,Will Philadelphia Union vs. Club Santos Laguna end in a draw?,lec-phi-san-2026-08-13,24724.07,24,0.185,0,0.0,2026-08-13T23:00:00Z
3143052,Will Philadelphia Union vs. Club Santos Laguna end in a draw?,lec-phi-san-2026-08-13,24724.07,1,0.195,0,0.0,2026-08-13T23:00:00Z
3143053,Will Club Santos Laguna win on 2026-08-13?,lec-phi-san-2026-08-13,64462.04,24,0.14,1,0.0,2026-08-13T23:00:00Z
3143053,Will Club Santos Laguna win on 2026-08-13?,lec-phi-san-2026-08-13,64462.04,1,0.185,1,0.0,2026-08-13T23:00:00Z
3143054,Will New York City FC win on 2026-08-13?,lec-nyc-nec-2026-08-13,134560.9,24,0.57,0,0.5,2026-08-13T23:30:00Z
3143054,Will New York City FC win on 2026-08-13?,lec-nyc-nec-2026-08-13,134560.9,1,0.575,0,0.5,2026-08-13T23:30:00Z
3143055,Will New York City FC vs. Club Necaxa end in a draw?,lec-nyc-nec-2026-08-13,12261.83,24,0.225,0,0.5,2026-08-13T23:30:00Z
3143055,Will New York City FC vs. Club Necaxa end in a draw?,lec-nyc-nec-2026-08-13,12261.83,1,0.225,0,0.5,2026-08-13T23:30:00Z
3143056,Will Club Necaxa win on 2026-08-13?,lec-nyc-nec-2026-08-13,54063.55,24,0.185,1,0.5,2026-08-13T23:30:00Z
3143056,Will Club Necaxa win on 2026-08-13?,lec-nyc-nec-2026-08-13,54063.55,1,0.195,1,0.5,2026-08-13T23:30:00Z
3143057,Will CF América win on 2026-08-13?,lec-ame-aus-2026-08-13,621911.82,24,0.435,0,0.49,2026-08-14T00:30:00Z
3143057,Will CF América win on 2026-08-13?,lec-ame-aus-2026-08-13,621911.82,1,0.485,0,0.5,2026-08-14T00:30:00Z
3143058,Will CF América vs. Austin FC end in a draw?,lec-ame-aus-2026-08-13,75624.68,24,0.275,1,0.49,2026-08-14T00:30:00Z
3143058,Will CF América vs. Austin FC end in a draw?,lec-ame-aus-2026-08-13,75624.68,1,0.285,1,0.5,2026-08-14T00:30:00Z
3143059,Will Austin FC win on 2026-08-13?,lec-ame-aus-2026-08-13,198586.88,24,0.285,0,0.5,2026-08-14T00:30:00Z
3143059,Will Austin FC win on 2026-08-13?,lec-ame-aus-2026-08-13,198586.88,1,0.245,0,0.5,2026-08-14T00:30:00Z
3143060,Will CF Cruz Azul win on 2026-08-13?,lec-caz-chi-2026-08-13,138750.01,24,0.385,0,0.0,2026-08-14T01:00:00Z
3143060,Will CF Cruz Azul win on 2026-08-13?,lec-caz-chi-2026-08-13,138750.01,1,0.395,0,0.0,2026-08-14T01:00:00Z
3143061,Will CF Cruz Azul vs. Chicago Fire FC end in a draw?,lec-caz-chi-2026-08-13,135402.57,24,0.255,0,0.0,2026-08-14T01:00:00Z
3143061,Will CF Cruz Azul vs. Chicago Fire FC end in a draw?,lec-caz-chi-2026-08-13,135402.57,1,0.295,0,0.01,2026-08-14T01:00:00Z
3143062,Will Chicago Fire FC win on 2026-08-13?,lec-caz-chi-2026-08-13,154653.01,24,0.355,1,0.0,2026-08-14T01:00:00Z
3143062,Will Chicago Fire FC win on 2026-08-13?,lec-caz-chi-2026-08-13,154653.01,1,0.325,1,0.01,2026-08-14T01:00:00Z
3143063,Will Portland Timbers win on 2026-08-13?,lec-por-tij-2026-08-13,271270.1,24,0.495,1,0.5,2026-08-14T02:30:00Z
3143063,Will Portland Timbers win on 2026-08-13?,lec-por-tij-2026-08-13,271270.1,1,0.515,1,0.49,2026-08-14T02:30:00Z
3143064,Will Portland Timbers vs. Club Tijuana end in a draw?,lec-por-tij-2026-08-13,30111.56,24,0.235,0,0.5,2026-08-14T02:30:00Z
3143064,Will Portland Timbers vs. Club Tijuana end in a draw?,lec-por-tij-2026-08-13,30111.56,1,0.225,0,0.49,2026-08-14T02:30:00Z
3143065,Will Club Tijuana win on 2026-08-13?,lec-por-tij-2026-08-13,69163.02,24,0.265,0,0.5,2026-08-14T02:30:00Z
3143065,Will Club Tijuana win on 2026-08-13?,lec-por-tij-2026-08-13,69163.02,1,0.265,0,0.49,2026-08-14T02:30:00Z
3143401,Will Péter Bárándy be the next President of Hungary?,next-president-of-hungary-20260727225539504,11955.68,168,0.0005,0,12.02,2026-08-18T23:59:00Z
3143401,Will Péter Bárándy be the next President of Hungary?,next-president-of-hungary-20260727225539504,11955.68,24,0.0005,0,0.03,2026-08-18T23:59:00Z
3143401,Will Péter Bárándy be the next President of Hungary?,next-president-of-hungary-20260727225539504,11955.68,1,0.0005,0,0.02,2026-08-18T23:59:00Z
3143403,Will Ignác Romsics be the next President of Hungary?,next-president-of-hungary-20260727225539504,12922.7,168,0.0005,0,12.02,2026-08-18T23:59:00Z
3143403,Will Ignác Romsics be the next President of Hungary?,next-president-of-hungary-20260727225539504,12922.7,24,0.0005,0,0.03,2026-08-18T23:59:00Z
3143403,Will Ignác Romsics be the next President of Hungary?,next-president-of-hungary-20260727225539504,12922.7,1,0.0005,0,0.02,2026-08-18T23:59:00Z
3143405,Will Adrienn Laczó be the next President of Hungary?,next-president-of-hungary-20260727225539504,20292.13,168,0.0025,0,12.02,2026-08-18T23:59:00Z
3143405,Will Adrienn Laczó be the next President of Hungary?,next-president-of-hungary-20260727225539504,20292.13,24,0.0015,0,0.03,2026-08-18T23:59:00Z
3143405,Will Adrienn Laczó be the next President of Hungary?,next-president-of-hungary-20260727225539504,20292.13,1,0.0005,0,0.02,2026-08-18T23:59:00Z
3143407,Will Botond Fülöp be the next President of Hungary?,next-president-of-hungary-20260727225539504,20759.11,168,0.0005,0,12.02,2026-08-18T23:59:00Z
3143407,Will Botond Fülöp be the next President of Hungary?,next-president-of-hungary-20260727225539504,20759.11,24,0.0005,0,0.03,2026-08-18T23:59:00Z
3143407,Will Botond Fülöp be the next President of Hungary?,next-president-of-hungary-20260727225539504,20759.11,1,0.0005,0,0.02,2026-08-18T23:59:00Z
3143408,Will András Baka be the next President of Hungary?,next-president-of-hungary-20260727225539504,17259.66,168,0.9975,1,12.02,2026-08-18T23:59:00Z
3143408,Will András Baka be the next President of Hungary?,next-president-of-hungary-20260727225539504,17259.66,24,0.999,1,0.03,2026-08-18T23:59:00Z
3143408,Will András Baka be the next President of Hungary?,next-president-of-hungary-20260727225539504,17259.66,1,0.9985,1,0.02,2026-08-18T23:59:00Z
3143473,Exact Score: Philadelphia Union 1 - 2 Club Santos Laguna?,lec-phi-san-2026-08-13-exact-score,10979.59,24,0.044,0,0.0,2026-08-13T23:00:00Z
3143473,Exact Score: Philadelphia Union 1 - 2 Club Santos Laguna?,lec-phi-san-2026-08-13-exact-score,10979.59,1,0.0465,0,0.0,2026-08-13T23:00:00Z
3143526,Exact Score: CF América 2 - 1 Austin FC?,lec-ame-aus-2026-08-13-exact-score,10172.69,24,0.09,0,0.49,2026-08-14T00:30:00Z
3143526,Exact Score: CF América 2 - 1 Austin FC?,lec-ame-aus-2026-08-13-exact-score,10172.69,1,0.095,0,0.5,2026-08-14T00:30:00Z
3143551,Exact Score: CF Cruz Azul 1 - 2 Chicago Fire FC?,lec-caz-chi-2026-08-13-exact-score,12044.33,24,0.08,1,0.0,2026-08-14T01:00:00Z
3143551,Exact Score: CF Cruz Azul 1 - 2 Chicago Fire FC?,lec-caz-chi-2026-08-13-exact-score,12044.33,1,0.085,1,0.01,2026-08-14T01:00:00Z
3143614,Spread: Portland Timbers (-1.5),lec-por-tij-2026-08-13-more-markets,42261.13,24,0.28,1,0.5,2026-08-14T02:30:00Z
3143614,Spread: Portland Timbers (-1.5),lec-por-tij-2026-08-13-more-markets,42261.13,1,0.285,1,0.49,2026-08-14T02:30:00Z
3143615,Spread: Club Tijuana (-1.5),lec-por-tij-2026-08-13-more-markets,11531.55,24,0.09,0,0.5,2026-08-14T02:30:00Z
3143615,Spread: Club Tijuana (-1.5),lec-por-tij-2026-08-13-more-markets,11531.55,1,0.12,0,0.49,2026-08-14T02:30:00Z
3143619,Portland Timbers vs. Club Tijuana: O/U 1.5,lec-por-tij-2026-08-13-more-markets,20723.34,24,0.845,1,0.5,2026-08-14T02:30:00Z
3143619,Portland Timbers vs. Club Tijuana: O/U 1.5,lec-por-tij-2026-08-13-more-markets,20723.34,1,0.845,1,0.49,2026-08-14T02:30:00Z
3143620,Portland Timbers vs. Club Tijuana: O/U 2.5,lec-por-tij-2026-08-13-more-markets,37158.85,24,0.625,1,0.5,2026-08-14T02:30:00Z
3143620,Portland Timbers vs. Club Tijuana: O/U 2.5,lec-por-tij-2026-08-13-more-markets,37158.85,1,0.655,1,0.49,2026-08-14T02:30:00Z
3143621,Portland Timbers vs. Club Tijuana: O/U 3.5,lec-por-tij-2026-08-13-more-markets,50784.76,24,0.395,1,0.5,2026-08-14T02:30:00Z
3143621,Portland Timbers vs. Club Tijuana: O/U 3.5,lec-por-tij-2026-08-13-more-markets,50784.76,1,0.435,1,0.49,2026-08-14T02:30:00Z
3143622,Portland Timbers vs. Club Tijuana: O/U 4.5,lec-por-tij-2026-08-13-more-markets,53417.9,24,0.22,0,0.5,2026-08-14T02:30:00Z
3143622,Portland Timbers vs. Club Tijuana: O/U 4.5,lec-por-tij-2026-08-13-more-markets,53417.9,1,0.245,0,0.49,2026-08-14T02:30:00Z
3143623,Portland Timbers vs. Club Tijuana: O/U 5.5,lec-por-tij-2026-08-13-more-markets,32968.0,24,0.095,0,0.5,2026-08-14T02:30:00Z
3143623,Portland Timbers vs. Club Tijuana: O/U 5.5,lec-por-tij-2026-08-13-more-markets,32968.0,1,0.115,0,0.49,2026-08-14T02:30:00Z
3143624,Portland Timbers vs. Club Tijuana: Both Teams to Score,lec-por-tij-2026-08-13-more-markets,16240.24,24,0.65,1,0.5,2026-08-14T02:30:00Z
3143624,Portland Timbers vs. Club Tijuana: Both Teams to Score,lec-por-tij-2026-08-13-more-markets,16240.24,1,0.645,1,0.49,2026-08-14T02:30:00Z
3143648,Spread: Chicago Fire FC (-1.5),lec-caz-chi-2026-08-13-more-markets,10698.95,24,0.17,0,0.0,2026-08-14T01:00:00Z
3143648,Spread: Chicago Fire FC (-1.5),lec-caz-chi-2026-08-13-more-markets,10698.95,1,0.14,0,0.0,2026-08-14T01:00:00Z
3143651,CF Cruz Azul vs. Chicago Fire FC: O/U 0.5,lec-caz-chi-2026-08-13-more-markets,40033.51,24,0.945,1,0.0,2026-08-14T01:00:00Z
3143651,CF Cruz Azul vs. Chicago Fire FC: O/U 0.5,lec-caz-chi-2026-08-13-more-markets,40033.51,1,0.935,1,0.01,2026-08-14T01:00:00Z
3143652,CF Cruz Azul vs. Chicago Fire FC: O/U 1.5,lec-caz-chi-2026-08-13-more-markets,35826.51,24,0.805,1,0.0,2026-08-14T01:00:00Z
3143652,CF Cruz Azul vs. Chicago Fire FC: O/U 1.5,lec-caz-chi-2026-08-13-more-markets,35826.51,1,0.79,1,0.0,2026-08-14T01:00:00Z
3143653,CF Cruz Azul vs. Chicago Fire FC: O/U 2.5,lec-caz-chi-2026-08-13-more-markets,43071.8,24,0.57,1,0.0,2026-08-14T01:00:00Z
3143653,CF Cruz Azul vs. Chicago Fire FC: O/U 2.5,lec-caz-chi-2026-08-13-more-markets,43071.8,1,0.545,1,0.0,2026-08-14T01:00:00Z
3143657,CF Cruz Azul vs. Chicago Fire FC: Both Teams to Score,lec-caz-chi-2026-08-13-more-markets,25756.03,24,0.615,1,0.0,2026-08-14T01:00:00Z
3143657,CF Cruz Azul vs. Chicago Fire FC: Both Teams to Score,lec-caz-chi-2026-08-13-more-markets,25756.03,1,0.615,1,0.01,2026-08-14T01:00:00Z
3143659,CF Cruz Azul vs. Chicago Fire FC: 1st Half O/U 0.5,lec-caz-chi-2026-08-13-more-markets,17643.74,24,0.745,0,0.0,2026-08-14T01:00:00Z
3143659,CF Cruz Azul vs. Chicago Fire FC: 1st Half O/U 0.5,lec-caz-chi-2026-08-13-more-markets,17643.74,1,0.72,0,0.01,2026-08-14T01:00:00Z
3143681,Spread: CF América (-1.5),lec-ame-aus-2026-08-13-more-markets,31214.68,24,0.21,0,0.49,2026-08-14T00:30:00Z
3143681,Spread: CF América (-1.5),lec-ame-aus-2026-08-13-more-markets,31214.68,1,0.255,0,0.49,2026-08-14T00:30:00Z
3143682,Spread: Austin FC (-1.5),lec-ame-aus-2026-08-13-more-markets,30419.65,24,0.12,0,0.49,2026-08-14T00:30:00Z
3143682,Spread: Austin FC (-1.5),lec-ame-aus-2026-08-13-more-markets,30419.65,1,0.085,0,0.5,2026-08-14T00:30:00Z
3143685,CF América vs. Austin FC: O/U 0.5,lec-ame-aus-2026-08-13-more-markets,17171.52,24,0.935,1,0.5,2026-08-14T00:30:00Z
3143685,CF América vs. Austin FC: O/U 0.5,lec-ame-aus-2026-08-13-more-markets,17171.52,1,0.925,1,0.5,2026-08-14T00:30:00Z
3143686,CF América vs. Austin FC: O/U 1.5,lec-ame-aus-2026-08-13-more-markets,46014.2,24,0.78,1,0.49,2026-08-14T00:30:00Z
3143686,CF América vs. Austin FC: O/U 1.5,lec-ame-aus-2026-08-13-more-markets,46014.2,1,0.755,1,0.5,2026-08-14T00:30:00Z
3143687,CF América vs. Austin FC: O/U 2.5,lec-ame-aus-2026-08-13-more-markets,72675.51,24,0.525,0,0.5,2026-08-14T00:30:00Z
3143687,CF América vs. Austin FC: O/U 2.5,lec-ame-aus-2026-08-13-more-markets,72675.51,1,0.485,0,0.5,2026-08-14T00:30:00Z
3143688,CF América vs. Austin FC: O/U 3.5,lec-ame-aus-2026-08-13-more-markets,21298.26,24,0.315,0,0.49,2026-08-14T00:30:00Z
3143688,CF América vs. Austin FC: O/U 3.5,lec-ame-aus-2026-08-13-more-markets,21298.26,1,0.275,0,0.5,2026-08-14T00:30:00Z
3143691,CF América vs. Austin FC: Both Teams to Score,lec-ame-aus-2026-08-13-more-markets,33359.24,24,0.575,1,0.5,2026-08-14T00:30:00Z
3143691,CF América vs. Austin FC: Both Teams to Score,lec-ame-aus-2026-08-13-more-markets,33359.24,1,0.555,1,0.5,2026-08-14T00:30:00Z
3143720,New York City FC vs. Club Necaxa: O/U 2.5,lec-nyc-nec-2026-08-13-more-markets,16963.39,24,0.64,1,0.5,2026-08-13T23:30:00Z
3143720,New York City FC vs. Club Necaxa: O/U 2.5,lec-nyc-nec-2026-08-13-more-markets,16963.39,1,0.625,1,0.5,2026-08-13T23:30:00Z
3143721,New York City FC vs. Club Necaxa: O/U 3.5,lec-nyc-nec-2026-08-13-more-markets,69847.07,24,0.425,0,0.5,2026-08-13T23:30:00Z
3143721,New York City FC vs. Club Necaxa: O/U 3.5,lec-nyc-nec-2026-08-13-more-markets,69847.07,1,0.405,0,0.5,2026-08-13T23:30:00Z
3143761,Spread: Philadelphia Union (-1.5),lec-phi-san-2026-08-13-more-markets,38651.62,24,0.435,0,0.0,2026-08-13T23:00:00Z
3143761,Spread: Philadelphia Union (-1.5),lec-phi-san-2026-08-13-more-markets,38651.62,1,0.405,0,0.0,2026-08-13T23:00:00Z
3143765,Philadelphia Union vs. Club Santos Laguna: O/U 0.5,lec-phi-san-2026-08-13-more-markets,10205.09,24,0.9695,1,0.0,2026-08-13T23:00:00Z
3143765,Philadelphia Union vs. Club Santos Laguna: O/U 0.5,lec-phi-san-2026-08-13-more-markets,10205.09,1,0.9655,1,0.0,2026-08-13T23:00:00Z
3143766,Philadelphia Union vs. Club Santos Laguna: O/U 1.5,lec-phi-san-2026-08-13-more-markets,15452.58,24,0.85,1,0.0,2026-08-13T23:00:00Z
3143766,Philadelphia Union vs. Club Santos Laguna: O/U 1.5,lec-phi-san-2026-08-13-more-markets,15452.58,1,0.855,1,0.0,2026-08-13T23:00:00Z
3143767,Philadelphia Union vs. Club Santos Laguna: O/U 2.5,lec-phi-san-2026-08-13-more-markets,34705.63,24,0.65,0,0.0,2026-08-13T23:00:00Z
3143767,Philadelphia Union vs. Club Santos Laguna: O/U 2.5,lec-phi-san-2026-08-13-more-markets,34705.63,1,0.655,0,0.0,2026-08-13T23:00:00Z
3143768,Philadelphia Union vs. Club Santos Laguna: O/U 3.5,lec-phi-san-2026-08-13-more-markets,27719.38,24,0.435,0,0.0,2026-08-13T23:00:00Z
3143768,Philadelphia Union vs. Club Santos Laguna: O/U 3.5,lec-phi-san-2026-08-13-more-markets,27719.38,1,0.43,0,0.0,2026-08-13T23:00:00Z
3143769,Philadelphia Union vs. Club Santos Laguna: O/U 4.5,lec-phi-san-2026-08-13-more-markets,13786.7,24,0.25,0,0.0,2026-08-13T23:00:00Z
3143769,Philadelphia Union vs. Club Santos Laguna: O/U 4.5,lec-phi-san-2026-08-13-more-markets,13786.7,1,0.245,0,0.0,2026-08-13T23:00:00Z
3145200,"Will Donald Trump publicly insult someone on August 13, 2026?",will-trump-publicly-insult-someone-onptptpt-20260724221849631,87209.48,24,0.9115,1,0.03,2026-08-14T03:59:00Z
3145210,"Will Donald Trump publicly insult someone on August 23, 2026?",will-trump-publicly-insult-someone-onptptpt-20260724221849631,826048.27,168,0.88,0,0.02,2026-08-24T03:59:00Z
3145210,"Will Donald Trump publicly insult someone on August 23, 2026?",will-trump-publicly-insult-someone-onptptpt-20260724221849631,826048.27,24,0.85,0,0.02,2026-08-24T03:59:00Z
3145210,"Will Donald Trump publicly insult someone on August 23, 2026?",will-trump-publicly-insult-someone-onptptpt-20260724221849631,826048.27,1,0.6895,0,0.02,2026-08-24T03:59:00Z
3145215,"Will Donald Trump publicly insult someone on August 28, 2026?",will-trump-publicly-insult-someone-onptptpt-20260724221849631,10403.65,168,0.91,1,0.02,2026-08-29T03:59:00Z
3145215,"Will Donald Trump publicly insult someone on August 28, 2026?",will-trump-publicly-insult-someone-onptptpt-20260724221849631,10403.65,24,0.88,1,0.02,2026-08-29T03:59:00Z
3145216,"Will Donald Trump publicly insult someone on August 29, 2026?",will-trump-publicly-insult-someone-onptptpt-20260724221849631,13880.74,168,0.905,1,0.02,2026-08-30T03:59:00Z
3145216,"Will Donald Trump publicly insult someone on August 29, 2026?",will-trump-publicly-insult-someone-onptptpt-20260724221849631,13880.74,24,0.85,1,0.02,2026-08-30T03:59:00Z
3145216,"Will Donald Trump publicly insult someone on August 29, 2026?",will-trump-publicly-insult-someone-onptptpt-20260724221849631,13880.74,1,0.71,1,0.02,2026-08-30T03:59:00Z
3145329,"Will Iran target Ukraine by August 31, 2026?",will-iran-target-ukraine-byptptpt-20260727234956916,339031.27,168,0.0045,0,0.02,2026-08-31T20:59:00Z
3145329,"Will Iran target Ukraine by August 31, 2026?",will-iran-target-ukraine-byptptpt-20260727234956916,339031.27,24,0.0045,0,0.02,2026-08-31T20:59:00Z
3145329,"Will Iran target Ukraine by August 31, 2026?",will-iran-target-ukraine-byptptpt-20260727234956916,339031.27,1,0.003,0,0.02,2026-08-31T20:59:00Z
3176902,Will Águilas Doradas Rionegro win on 2026-08-09?,col1-gdr-llf-2026-08-09,32534.1,168,0.51,0,0.0,2026-08-19T21:00:00Z
3176902,Will Águilas Doradas Rionegro win on 2026-08-09?,col1-gdr-llf-2026-08-09,32534.1,24,0.495,0,0.01,2026-08-19T21:00:00Z
3176902,Will Águilas Doradas Rionegro win on 2026-08-09?,col1-gdr-llf-2026-08-09,32534.1,1,0.495,0,0.01,2026-08-19T21:00:00Z
3176913,Will Llaneros FC win on 2026-08-09?,col1-gdr-llf-2026-08-09,122407.77,168,0.295,0,0.0,2026-08-19T21:00:00Z
3176913,Will Llaneros FC win on 2026-08-09?,col1-gdr-llf-2026-08-09,122407.77,24,0.235,0,0.01,2026-08-19T21:00:00Z
3176913,Will Llaneros FC win on 2026-08-09?,col1-gdr-llf-2026-08-09,122407.77,1,0.205,0,0.01,2026-08-19T21:00:00Z
3187538,Will María Corina Machado enter Venezuela by August 31?,will-mara-corina-machado-enter-venezuela-by-january-31,10684.31,168,0.0195,0,0.03,2026-09-01T03:59:00Z
3187538,Will María Corina Machado enter Venezuela by August 31?,will-mara-corina-machado-enter-venezuela-by-january-31,10684.31,24,0.003,0,0.02,2026-09-01T03:59:00Z
3187538,Will María Corina Machado enter Venezuela by August 31?,will-mara-corina-machado-enter-venezuela-by-january-31,10684.31,1,0.004,0,0.02,2026-09-01T03:59:00Z
3190237,"Andrew Tate released from custody by August 31, 2026?",andrew-tate-released-from-custody-byptptpt-20260719023459650,92191.05,168,0.0865,0,0.03,2026-09-01T03:59:00Z
3190237,"Andrew Tate released from custody by August 31, 2026?",andrew-tate-released-from-custody-byptptpt-20260719023459650,92191.05,24,0.0055,0,0.02,2026-09-01T03:59:00Z
3190237,"Andrew Tate released from custody by August 31, 2026?",andrew-tate-released-from-custody-byptptpt-20260719023459650,92191.05,1,0.0035,0,0.02,2026-09-01T03:59:00Z
3192117,"Will Trump say ""Sucker"" in August?",what-will-trump-say-in-august-20260728181847522,11946.41,168,0.26,0,0.02,2026-08-31T23:59:00Z
3192117,"Will Trump say ""Sucker"" in August?",what-will-trump-say-in-august-20260728181847522,11946.41,24,0.335,0,0.02,2026-08-31T23:59:00Z
3192117,"Will Trump say ""Sucker"" in August?",what-will-trump-say-in-august-20260728181847522,11946.41,1,0.147,0,0.02,2026-08-31T23:59:00Z
3192137,"Will Trump say ""Soaking Wet"" in August?",what-will-trump-say-in-august-20260728181847522,13330.2,168,0.12,0,0.02,2026-08-31T23:59:00Z
3192137,"Will Trump say ""Soaking Wet"" in August?",what-will-trump-say-in-august-20260728181847522,13330.2,24,0.12,0,0.02,2026-08-31T23:59:00Z
3192137,"Will Trump say ""Soaking Wet"" in August?",what-will-trump-say-in-august-20260728181847522,13330.2,1,0.0345,0,0.02,2026-08-31T23:59:00Z
3192360,"Will the next Claude Opus model be released by August 31, 2026?",next-claude-opus-released-byptptpt-20260727142323912,41514.74,168,0.1075,0,0.03,2026-09-01T03:59:00Z
3192360,"Will the next Claude Opus model be released by August 31, 2026?",next-claude-opus-released-byptptpt-20260727142323912,41514.74,24,0.103,0,0.02,2026-09-01T03:59:00Z
3192360,"Will the next Claude Opus model be released by August 31, 2026?",next-claude-opus-released-byptptpt-20260727142323912,41514.74,1,0.0015,0,0.02,2026-09-01T03:59:00Z
3195077,Will David Morales be the Democratic nominee for Mayor of Providence?,who-will-win-the-democratic-nomination-for-providence-rhode-island-mayor-20260727182320462,56483.11,720,0.49,1,36.02,2026-09-09T23:59:00Z
3195077,Will David Morales be the Democratic nominee for Mayor of Providence?,who-will-win-the-democratic-nomination-for-providence-rhode-island-mayor-20260727182320462,56483.11,168,0.815,1,0.02,2026-09-09T23:59:00Z
3195077,Will David Morales be the Democratic nominee for Mayor of Providence?,who-will-win-the-democratic-nomination-for-providence-rhode-island-mayor-20260727182320462,56483.11,24,0.77,1,0.02,2026-09-09T23:59:00Z
3195077,Will David Morales be the Democratic nominee for Mayor of Providence?,who-will-win-the-democratic-nomination-for-providence-rhode-island-mayor-20260727182320462,56483.11,1,0.86,1,0.02,2026-09-09T23:59:00Z
3195078,Will Brett Smiley be the Democratic nominee for Mayor of Providence?,who-will-win-the-democratic-nomination-for-providence-rhode-island-mayor-20260727182320462,37396.27,720,0.625,0,36.02,2026-09-09T23:59:00Z
3195078,Will Brett Smiley be the Democratic nominee for Mayor of Providence?,who-will-win-the-democratic-nomination-for-providence-rhode-island-mayor-20260727182320462,37396.27,168,0.18,0,0.02,2026-09-09T23:59:00Z
3195078,Will Brett Smiley be the Democratic nominee for Mayor of Providence?,who-will-win-the-democratic-nomination-for-providence-rhode-island-mayor-20260727182320462,37396.27,24,0.21,0,0.02,2026-09-09T23:59:00Z
3195078,Will Brett Smiley be the Democratic nominee for Mayor of Providence?,who-will-win-the-democratic-nomination-for-providence-rhode-island-mayor-20260727182320462,37396.27,1,0.15,0,0.02,2026-09-09T23:59:00Z
3203590,"Will Israel launch a ground operation in Iran by August 31, 2026?",israel-ground-operation-in-iran-confirmed-by,56683.27,168,0.0025,0,0.03,2026-09-01T03:59:00Z
3203590,"Will Israel launch a ground operation in Iran by August 31, 2026?",israel-ground-operation-in-iran-confirmed-by,56683.27,24,0.0005,0,0.02,2026-09-01T03:59:00Z
3203590,"Will Israel launch a ground operation in Iran by August 31, 2026?",israel-ground-operation-in-iran-confirmed-by,56683.27,1,0.0015,0,0.02,2026-09-01T03:59:00Z
3203595,US obtains Iranian enriched uranium by August 31?,us-obtains-iranian-enriched-uranium-by,65752.66,168,0.0035,0,0.03,2026-09-01T03:59:00Z
3203595,US obtains Iranian enriched uranium by August 31?,us-obtains-iranian-enriched-uranium-by,65752.66,24,0.0005,0,0.02,2026-09-01T03:59:00Z
3203595,US obtains Iranian enriched uranium by August 31?,us-obtains-iranian-enriched-uranium-by,65752.66,1,0.0005,0,0.02,2026-09-01T03:59:00Z
3204390,0 ships transit Hormuz on any date by August 31?,0-ships-transit-hormuz-on-any-date-byptpt-20260626172559966,123419.25,168,0.195,0,0.03,2026-09-01T03:59:00Z
3204390,0 ships transit Hormuz on any date by August 31?,0-ships-transit-hormuz-on-any-date-byptpt-20260626172559966,123419.25,24,0.073,0,0.02,2026-09-01T03:59:00Z
3204390,0 ships transit Hormuz on any date by August 31?,0-ships-transit-hormuz-on-any-date-byptpt-20260626172559966,123419.25,1,0.0345,0,0.02,2026-09-01T03:59:00Z
3205507,"Gemini 4.0 released by August 31, 2026?",gemini-4pt0-released-by-june-30-2026,61740.93,168,0.0165,0,0.03,2026-09-01T03:59:00Z
3205507,"Gemini 4.0 released by August 31, 2026?",gemini-4pt0-released-by-june-30-2026,61740.93,24,0.0015,0,0.02,2026-09-01T03:59:00Z
3205507,"Gemini 4.0 released by August 31, 2026?",gemini-4pt0-released-by-june-30-2026,61740.93,1,0.0005,0,0.02,2026-09-01T03:59:00Z
3206142,"Will the next Google Gemini Pro model be released by August 14, 2026?",next-google-gemini-pro-model-released-byptptpt,245974.65,24,0.012,0,0.02,2026-08-15T03:59:00Z
3206142,"Will the next Google Gemini Pro model be released by August 14, 2026?",next-google-gemini-pro-model-released-byptptpt,245974.65,1,0.029,0,0.02,2026-08-15T03:59:00Z
3206143,"Will the next Google Gemini Pro model be released by August 21, 2026?",next-google-gemini-pro-model-released-byptptpt,127354.01,168,0.0365,0,0.02,2026-08-22T03:59:00Z
3206143,"Will the next Google Gemini Pro model be released by August 21, 2026?",next-google-gemini-pro-model-released-byptptpt,127354.01,24,0.0065,0,0.02,2026-08-22T03:59:00Z
3206143,"Will the next Google Gemini Pro model be released by August 21, 2026?",next-google-gemini-pro-model-released-byptptpt,127354.01,1,0.0045,0,0.02,2026-08-22T03:59:00Z
3207791,"Will the next Google Gemini Pro model be released on August 27, 2026?",next-google-gemini-pro-model-released-onptptpt-20260729182045875,10503.62,168,0.012,0,0.02,2026-08-28T03:59:00Z
3207791,"Will the next Google Gemini Pro model be released on August 27, 2026?",next-google-gemini-pro-model-released-onptptpt-20260729182045875,10503.62,24,0.0195,0,0.02,2026-08-28T03:59:00Z
3207791,"Will the next Google Gemini Pro model be released on August 27, 2026?",next-google-gemini-pro-model-released-onptptpt-20260729182045875,10503.62,1,0.0025,0,0.02,2026-08-28T03:59:00Z
3207795,"Will the next Google Gemini Pro model be released on August 31, 2026?",next-google-gemini-pro-model-released-onptptpt-20260729182045875,10195.94,168,0.0065,0,0.03,2026-09-01T03:59:00Z
3207795,"Will the next Google Gemini Pro model be released on August 31, 2026?",next-google-gemini-pro-model-released-onptptpt-20260729182045875,10195.94,24,0.006,0,0.02,2026-09-01T03:59:00Z
3207795,"Will the next Google Gemini Pro model be released on August 31, 2026?",next-google-gemini-pro-model-released-onptptpt-20260729182045875,10195.94,1,0.0025,0,0.02,2026-09-01T03:59:00Z
3207796,"Will there be no next Google Gemini Pro model release by August 31, 2026?",next-google-gemini-pro-model-released-onptptpt-20260729182045875,89986.97,168,0.933,1,0.03,2026-09-01T03:59:00Z
3207796,"Will there be no next Google Gemini Pro model release by August 31, 2026?",next-google-gemini-pro-model-released-onptptpt-20260729182045875,89986.97,24,0.992,1,0.02,2026-09-01T03:59:00Z
3207796,"Will there be no next Google Gemini Pro model release by August 31, 2026?",next-google-gemini-pro-model-released-onptptpt-20260729182045875,89986.97,1,0.995,1,0.02,2026-09-01T03:59:00Z
3207811,"Iran successfully targets shipping on August 13, 2026?",iran-successfully-targets-shipping-onptptpt-20260729163314520,13778.14,24,0.205,1,0.02,2026-08-13T23:59:00Z
3207811,"Iran successfully targets shipping on August 13, 2026?",iran-successfully-targets-shipping-onptptpt-20260729163314520,13778.14,1,0.2,1,0.02,2026-08-13T23:59:00Z
3207812,"Iran successfully targets shipping on August 14, 2026?",iran-successfully-targets-shipping-onptptpt-20260729163314520,30221.41,24,0.09,1,0.02,2026-08-14T23:59:00Z
3207812,"Iran successfully targets shipping on August 14, 2026?",iran-successfully-targets-shipping-onptptpt-20260729163314520,30221.41,1,0.225,1,0.02,2026-08-14T23:59:00Z
3207813,"Iran successfully targets shipping on August 15, 2026?",iran-successfully-targets-shipping-onptptpt-20260729163314520,11030.19,24,0.22,0,0.02,2026-08-15T23:59:00Z
3207813,"Iran successfully targets shipping on August 15, 2026?",iran-successfully-targets-shipping-onptptpt-20260729163314520,11030.19,1,0.26,0,0.02,2026-08-15T23:59:00Z
3207822,"Iran successfully targets shipping on August 24, 2026?",iran-successfully-targets-shipping-onptptpt-20260729163314520,11933.2,168,0.15,0,0.03,2026-08-24T23:59:00Z
3207822,"Iran successfully targets shipping on August 24, 2026?",iran-successfully-targets-shipping-onptptpt-20260729163314520,11933.2,24,0.135,0,0.02,2026-08-24T23:59:00Z
3207822,"Iran successfully targets shipping on August 24, 2026?",iran-successfully-targets-shipping-onptptpt-20260729163314520,11933.2,1,0.5,0,0.02,2026-08-24T23:59:00Z
3207829,"Iran successfully targets shipping on August 31, 2026?",iran-successfully-targets-shipping-onptptpt-20260729163314520,47558.73,168,0.11,1,0.48,2026-08-31T20:29:00Z
3207829,"Iran successfully targets shipping on August 31, 2026?",iran-successfully-targets-shipping-onptptpt-20260729163314520,47558.73,24,0.125,1,0.48,2026-08-31T20:29:00Z
3207829,"Iran successfully targets shipping on August 31, 2026?",iran-successfully-targets-shipping-onptptpt-20260729163314520,47558.73,1,0.34,1,0.48,2026-08-31T20:29:00Z
3210140,Will Claude go down 5-7 times in August?,will-claude-go-down-on-days-in-august-20260728182414700,18068.22,168,0.0605,1,0.02,2026-08-31T23:59:00Z
3210140,Will Claude go down 5-7 times in August?,will-claude-go-down-on-days-in-august-20260728182414700,18068.22,24,0.7945,1,0.02,2026-08-31T23:59:00Z
3210140,Will Claude go down 5-7 times in August?,will-claude-go-down-on-days-in-august-20260728182414700,18068.22,1,0.919,1,0.02,2026-08-31T23:59:00Z
3210141,Will Claude go down 8-10 times in August?,will-claude-go-down-on-days-in-august-20260728182414700,15374.73,168,0.835,0,0.02,2026-08-31T23:59:00Z
3210141,Will Claude go down 8-10 times in August?,will-claude-go-down-on-days-in-august-20260728182414700,15374.73,24,0.195,0,0.02,2026-08-31T23:59:00Z
3210141,Will Claude go down 8-10 times in August?,will-claude-go-down-on-days-in-august-20260728182414700,15374.73,1,0.08,0,0.02,2026-08-31T23:59:00Z
3210160,Will USD be less than 1.7M Iranian rials on August 31?,usd-x-iranian-rials-end-of-august-20260728205517245,15535.56,168,0.0055,0,0.02,2026-08-31T23:59:00Z
3210160,Will USD be less than 1.7M Iranian rials on August 31?,usd-x-iranian-rials-end-of-august-20260728205517245,15535.56,24,0.0005,0,0.02,2026-08-31T23:59:00Z
3210160,Will USD be less than 1.7M Iranian rials on August 31?,usd-x-iranian-rials-end-of-august-20260728205517245,15535.56,1,0.0005,0,0.02,2026-08-31T23:59:00Z
3210162,Will USD be between 1.8M and 1.9M Iranian rials on August 31?,usd-x-iranian-rials-end-of-august-20260728205517245,23601.33,168,0.033,0,0.02,2026-08-31T23:59:00Z
3210162,Will USD be between 1.8M and 1.9M Iranian rials on August 31?,usd-x-iranian-rials-end-of-august-20260728205517245,23601.33,24,0.0035,0,0.02,2026-08-31T23:59:00Z
3210162,Will USD be between 1.8M and 1.9M Iranian rials on August 31?,usd-x-iranian-rials-end-of-august-20260728205517245,23601.33,1,0.0005,0,0.02,2026-08-31T23:59:00Z
3210163,Will USD be between 1.9M and 2.0M Iranian rials on August 31?,usd-x-iranian-rials-end-of-august-20260728205517245,39040.14,168,0.11,0,0.02,2026-08-31T23:59:00Z
3210163,Will USD be between 1.9M and 2.0M Iranian rials on August 31?,usd-x-iranian-rials-end-of-august-20260728205517245,39040.14,24,0.0265,0,0.02,2026-08-31T23:59:00Z
3210163,Will USD be between 1.9M and 2.0M Iranian rials on August 31?,usd-x-iranian-rials-end-of-august-20260728205517245,39040.14,1,0.0015,0,0.02,2026-08-31T23:59:00Z
3210164,Will USD be between 2.0M and 2.1M Iranian rials on August 31?,usd-x-iranian-rials-end-of-august-20260728205517245,42378.53,168,0.492,0,0.02,2026-08-31T23:59:00Z
3210164,Will USD be between 2.0M and 2.1M Iranian rials on August 31?,usd-x-iranian-rials-end-of-august-20260728205517245,42378.53,24,0.173,0,0.02,2026-08-31T23:59:00Z
3210164,Will USD be between 2.0M and 2.1M Iranian rials on August 31?,usd-x-iranian-rials-end-of-august-20260728205517245,42378.53,1,0.0095,0,0.02,2026-08-31T23:59:00Z
3210165,Will USD be between 2.1M and 2.2M Iranian rials on August 31?,usd-x-iranian-rials-end-of-august-20260728205517245,45875.27,168,0.271,1,0.02,2026-08-31T23:59:00Z
3210165,Will USD be between 2.1M and 2.2M Iranian rials on August 31?,usd-x-iranian-rials-end-of-august-20260728205517245,45875.27,24,0.754,1,0.02,2026-08-31T23:59:00Z
3210165,Will USD be between 2.1M and 2.2M Iranian rials on August 31?,usd-x-iranian-rials-end-of-august-20260728205517245,45875.27,1,0.9895,1,0.02,2026-08-31T23:59:00Z
3210166,Will USD be at least 2.2M Iranian rials on August 31?,usd-x-iranian-rials-end-of-august-20260728205517245,26205.53,168,0.123,0,0.02,2026-08-31T23:59:00Z
3210166,Will USD be at least 2.2M Iranian rials on August 31?,usd-x-iranian-rials-end-of-august-20260728205517245,26205.53,24,0.082,0,0.02,2026-08-31T23:59:00Z
3210166,Will USD be at least 2.2M Iranian rials on August 31?,usd-x-iranian-rials-end-of-august-20260728205517245,26205.53,1,0.0015,0,0.02,2026-08-31T23:59:00Z
3211908,Will Anthropic have the best AI model on LiveBench (Overall) at the end of August 2026?,which-company-has-the-best-ai-model-on-livebench-overall-end-of-august-20260728170525237,10463.54,168,0.9395,1,0.03,2026-09-01T03:59:00Z
3211908,Will Anthropic have the best AI model on LiveBench (Overall) at the end of August 2026?,which-company-has-the-best-ai-model-on-livebench-overall-end-of-august-20260728170525237,10463.54,24,0.9845,1,0.02,2026-09-01T03:59:00Z
3211992,Will Anthropic have the best AI model on LiveBench (Coding) at the end of August 2026?,which-company-has-the-best-ai-model-on-livebench-coding-end-of-august-20260728170949210,24798.2,168,0.92,1,0.03,2026-09-01T03:59:00Z
3211992,Will Anthropic have the best AI model on LiveBench (Coding) at the end of August 2026?,which-company-has-the-best-ai-model-on-livebench-coding-end-of-august-20260728170949210,24798.2,24,0.9805,1,0.02,2026-09-01T03:59:00Z
3212408,Will Régis Gaudreault win the 2026 Chicoutimi—Le Fjord by-election?,chicoutimile-fjord-by-election-winner-20260729185915437,26970.69,168,0.0225,0,0.02,2026-08-31T23:59:00Z
3212408,Will Régis Gaudreault win the 2026 Chicoutimi—Le Fjord by-election?,chicoutimile-fjord-by-election-winner-20260729185915437,26970.69,24,0.0005,0,0.02,2026-08-31T23:59:00Z
3212408,Will Régis Gaudreault win the 2026 Chicoutimi—Le Fjord by-election?,chicoutimile-fjord-by-election-winner-20260729185915437,26970.69,1,0.0025,0,0.02,2026-08-31T23:59:00Z
3212409,Will Caroline Dubé win the 2026 Chicoutimi—Le Fjord by-election?,chicoutimile-fjord-by-election-winner-20260729185915437,53424.32,168,0.19,0,0.02,2026-08-31T23:59:00Z
3212409,Will Caroline Dubé win the 2026 Chicoutimi—Le Fjord by-election?,chicoutimile-fjord-by-election-winner-20260729185915437,53424.32,24,0.265,0,0.02,2026-08-31T23:59:00Z
3212409,Will Caroline Dubé win the 2026 Chicoutimi—Le Fjord by-election?,chicoutimile-fjord-by-election-winner-20260729185915437,53424.32,1,0.175,0,0.02,2026-08-31T23:59:00Z
3212410,Will Daniel Gobeil win the 2026 Chicoutimi—Le Fjord by-election?,chicoutimile-fjord-by-election-winner-20260729185915437,58169.97,168,0.795,1,0.02,2026-08-31T23:59:00Z
3212410,Will Daniel Gobeil win the 2026 Chicoutimi—Le Fjord by-election?,chicoutimile-fjord-by-election-winner-20260729185915437,58169.97,24,0.725,1,0.02,2026-08-31T23:59:00Z
3212410,Will Daniel Gobeil win the 2026 Chicoutimi—Le Fjord by-election?,chicoutimile-fjord-by-election-winner-20260729185915437,58169.97,1,0.82,1,0.02,2026-08-31T23:59:00Z
3213957,Will Elon Musk’s net worth be between $600B and $700B on August 31?,elon-musk-net-worth-on-august-31-20260729193358764,12771.04,168,0.027,0,0.02,2026-08-31T23:59:00Z
3213957,Will Elon Musk’s net worth be between $600B and $700B on August 31?,elon-musk-net-worth-on-august-31-20260729193358764,12771.04,24,0.003,0,0.02,2026-08-31T23:59:00Z
3213957,Will Elon Musk’s net worth be between $600B and $700B on August 31?,elon-musk-net-worth-on-august-31-20260729193358764,12771.04,1,0.0005,0,0.02,2026-08-31T23:59:00Z
3213958,Will Elon Musk’s net worth be between $700B and $800B on August 31?,elon-musk-net-worth-on-august-31-20260729193358764,16850.31,168,0.205,0,0.02,2026-08-31T23:59:00Z
3213958,Will Elon Musk’s net worth be between $700B and $800B on August 31?,elon-musk-net-worth-on-august-31-20260729193358764,16850.31,24,0.011,0,0.02,2026-08-31T23:59:00Z
3213958,Will Elon Musk’s net worth be between $700B and $800B on August 31?,elon-musk-net-worth-on-august-31-20260729193358764,16850.31,1,0.0015,0,0.02,2026-08-31T23:59:00Z
3213959,Will Elon Musk’s net worth be between $800B and $900B on August 31?,elon-musk-net-worth-on-august-31-20260729193358764,24909.02,168,0.65,1,0.02,2026-08-31T23:59:00Z
3213959,Will Elon Musk’s net worth be between $800B and $900B on August 31?,elon-musk-net-worth-on-august-31-20260729193358764,24909.02,24,0.93,1,0.02,2026-08-31T23:59:00Z
3213959,Will Elon Musk’s net worth be between $800B and $900B on August 31?,elon-musk-net-worth-on-august-31-20260729193358764,24909.02,1,0.976,1,0.02,2026-08-31T23:59:00Z
3213960,Will Elon Musk’s net worth be between $900B and $1.00T on August 31?,elon-musk-net-worth-on-august-31-20260729193358764,15460.52,168,0.0975,0,0.02,2026-08-31T23:59:00Z
3213960,Will Elon Musk’s net worth be between $900B and $1.00T on August 31?,elon-musk-net-worth-on-august-31-20260729193358764,15460.52,24,0.054,0,0.02,2026-08-31T23:59:00Z
3213960,Will Elon Musk’s net worth be between $900B and $1.00T on August 31?,elon-musk-net-worth-on-august-31-20260729193358764,15460.52,1,0.025,0,0.02,2026-08-31T23:59:00Z
3213961,Will Elon Musk’s net worth be between $1.00T and $1.10T on August 31?,elon-musk-net-worth-on-august-31-20260729193358764,11434.54,168,0.014,0,0.02,2026-08-31T23:59:00Z
3213961,Will Elon Musk’s net worth be between $1.00T and $1.10T on August 31?,elon-musk-net-worth-on-august-31-20260729193358764,11434.54,24,0.0035,0,0.02,2026-08-31T23:59:00Z
3213961,Will Elon Musk’s net worth be between $1.00T and $1.10T on August 31?,elon-musk-net-worth-on-august-31-20260729193358764,11434.54,1,0.002,0,0.02,2026-08-31T23:59:00Z
3213962,Will Elon Musk’s net worth be at least $1.10T on August 31?,elon-musk-net-worth-on-august-31-20260729193358764,13489.15,168,0.0255,0,0.02,2026-08-31T23:59:00Z
3213962,Will Elon Musk’s net worth be at least $1.10T on August 31?,elon-musk-net-worth-on-august-31-20260729193358764,13489.15,24,0.0025,0,0.02,2026-08-31T23:59:00Z
3213962,Will Elon Musk’s net worth be at least $1.10T on August 31?,elon-musk-net-worth-on-august-31-20260729193358764,13489.15,1,0.0015,0,0.02,2026-08-31T23:59:00Z
3214898,Will Bruno Mars have the greatest number of monthly Spotify listeners this month?,top-spotify-artist-in-august-20260730002431090,16788.81,168,0.986,1,0.02,2026-08-31T23:59:00Z
3214898,Will Bruno Mars have the greatest number of monthly Spotify listeners this month?,top-spotify-artist-in-august-20260730002431090,16788.81,24,0.9975,1,0.02,2026-08-31T23:59:00Z
3220771,Patriots vs. Seahawks,nfl-ne-sea-2026-09-10,2485968.3,720,0.335,0,35.67,2026-09-10T00:20:00Z
3220771,Patriots vs. Seahawks,nfl-ne-sea-2026-09-10,2485968.3,168,0.375,0,0.33,2026-09-10T00:20:00Z
3220771,Patriots vs. Seahawks,nfl-ne-sea-2026-09-10,2485968.3,24,0.375,0,0.33,2026-09-10T00:20:00Z
3220771,Patriots vs. Seahawks,nfl-ne-sea-2026-09-10,2485968.3,1,0.385,0,0.32,2026-09-10T00:20:00Z
3222543,Will Independiente del Valle win on 2026-08-11?,lib-tol-ind1-2026-08-11,79752.22,168,0.36,1,11.51,2026-08-19T00:30:00Z
3222543,Will Independiente del Valle win on 2026-08-11?,lib-tol-ind1-2026-08-11,79752.22,24,0.365,1,0.49,2026-08-19T00:30:00Z
3222543,Will Independiente del Valle win on 2026-08-11?,lib-tol-ind1-2026-08-11,79752.22,1,0.385,1,0.5,2026-08-19T00:30:00Z
3222951,"Will the Ornn H100 Index be between $2.25 and $2.50 on August 31, 2026?",gpu-rental-prices-h100-end-of-august-1785423806191,10603.28,168,0.065,0,0.02,2026-08-31T23:59:00Z
3222951,"Will the Ornn H100 Index be between $2.25 and $2.50 on August 31, 2026?",gpu-rental-prices-h100-end-of-august-1785423806191,10603.28,24,0.0025,0,0.02,2026-08-31T23:59:00Z
3222951,"Will the Ornn H100 Index be between $2.25 and $2.50 on August 31, 2026?",gpu-rental-prices-h100-end-of-august-1785423806191,10603.28,1,0.0025,0,0.02,2026-08-31T23:59:00Z
3222953,"Will the Ornn H100 Index be between $2.75 and $3.00 on August 31, 2026?",gpu-rental-prices-h100-end-of-august-1785423806191,11135.8,168,0.39,1,0.02,2026-08-31T23:59:00Z
3222953,"Will the Ornn H100 Index be between $2.75 and $3.00 on August 31, 2026?",gpu-rental-prices-h100-end-of-august-1785423806191,11135.8,24,0.39,1,0.02,2026-08-31T23:59:00Z
3222953,"Will the Ornn H100 Index be between $2.75 and $3.00 on August 31, 2026?",gpu-rental-prices-h100-end-of-august-1785423806191,11135.8,1,0.62,1,0.02,2026-08-31T23:59:00Z
3222979,"Will the Ornn H200 Index be between $4.00 and $4.50 on August 31, 2026?",gpu-rental-prices-h200-end-of-august-1785423806391,18578.54,168,0.195,1,0.02,2026-08-31T23:59:00Z
3222979,"Will the Ornn H200 Index be between $4.00 and $4.50 on August 31, 2026?",gpu-rental-prices-h200-end-of-august-1785423806391,18578.54,24,0.39,1,0.02,2026-08-31T23:59:00Z
3222979,"Will the Ornn H200 Index be between $4.00 and $4.50 on August 31, 2026?",gpu-rental-prices-h200-end-of-august-1785423806391,18578.54,1,0.495,1,0.02,2026-08-31T23:59:00Z
3222980,"Will the Ornn H200 Index be between $4.50 and $5.00 on August 31, 2026?",gpu-rental-prices-h200-end-of-august-1785423806391,12459.13,168,0.355,0,0.02,2026-08-31T23:59:00Z
3222980,"Will the Ornn H200 Index be between $4.50 and $5.00 on August 31, 2026?",gpu-rental-prices-h200-end-of-august-1785423806391,12459.13,24,0.635,0,0.02,2026-08-31T23:59:00Z
3222980,"Will the Ornn H200 Index be between $4.50 and $5.00 on August 31, 2026?",gpu-rental-prices-h200-end-of-august-1785423806391,12459.13,1,0.42,0,0.02,2026-08-31T23:59:00Z
3223003,"Will the Ornn B200 Index be between $5.50 and $6.00 on August 31, 2026?",gpu-rental-prices-b200-end-of-august-1785423806591,12194.46,168,0.115,0,0.02,2026-08-31T23:59:00Z
3223003,"Will the Ornn B200 Index be between $5.50 and $6.00 on August 31, 2026?",gpu-rental-prices-b200-end-of-august-1785423806591,12194.46,24,0.285,0,0.02,2026-08-31T23:59:00Z
3223003,"Will the Ornn B200 Index be between $5.50 and $6.00 on August 31, 2026?",gpu-rental-prices-b200-end-of-august-1785423806591,12194.46,1,0.205,0,0.02,2026-08-31T23:59:00Z
3223004,"Will the Ornn B200 Index be between $6.00 and $6.50 on August 31, 2026?",gpu-rental-prices-b200-end-of-august-1785423806591,28124.34,168,0.245,1,0.02,2026-08-31T23:59:00Z
3223004,"Will the Ornn B200 Index be between $6.00 and $6.50 on August 31, 2026?",gpu-rental-prices-b200-end-of-august-1785423806591,28124.34,24,0.695,1,0.02,2026-08-31T23:59:00Z
3223004,"Will the Ornn B200 Index be between $6.00 and $6.50 on August 31, 2026?",gpu-rental-prices-b200-end-of-august-1785423806591,28124.34,1,0.79,1,0.02,2026-08-31T23:59:00Z
3223005,"Will the Ornn B200 Index be between $6.50 and $7.00 on August 31, 2026?",gpu-rental-prices-b200-end-of-august-1785423806591,13022.51,168,0.38,0,0.02,2026-08-31T23:59:00Z
3223005,"Will the Ornn B200 Index be between $6.50 and $7.00 on August 31, 2026?",gpu-rental-prices-b200-end-of-august-1785423806591,13022.51,24,0.161,0,0.02,2026-08-31T23:59:00Z
3223005,"Will the Ornn B200 Index be between $6.50 and $7.00 on August 31, 2026?",gpu-rental-prices-b200-end-of-august-1785423806591,13022.51,1,0.1005,0,0.02,2026-08-31T23:59:00Z
3223019,"Will the Ornn A100 Index be between $1.00 and $1.25 on August 31, 2026?",gpu-rental-prices-a100-end-of-august-1785423806791,33257.43,168,0.93,1,0.02,2026-08-31T23:59:00Z
3223019,"Will the Ornn A100 Index be between $1.00 and $1.25 on August 31, 2026?",gpu-rental-prices-a100-end-of-august-1785423806791,33257.43,24,0.934,1,0.02,2026-08-31T23:59:00Z
3223019,"Will the Ornn A100 Index be between $1.00 and $1.25 on August 31, 2026?",gpu-rental-prices-a100-end-of-august-1785423806791,33257.43,1,0.9935,1,0.02,2026-08-31T23:59:00Z
3223044,"Will the Ornn RTX 5090 Index be between $0.45 and $0.50 on August 31, 2026?",gpu-rental-prices-rtx-5090-end-of-august-1785423806991,20136.89,168,0.33,0,0.02,2026-08-31T23:59:00Z
3223044,"Will the Ornn RTX 5090 Index be between $0.45 and $0.50 on August 31, 2026?",gpu-rental-prices-rtx-5090-end-of-august-1785423806991,20136.89,24,0.011,0,0.02,2026-08-31T23:59:00Z
3223044,"Will the Ornn RTX 5090 Index be between $0.45 and $0.50 on August 31, 2026?",gpu-rental-prices-rtx-5090-end-of-august-1785423806991,20136.89,1,0.003,0,0.02,2026-08-31T23:59:00Z
3223045,"Will the Ornn RTX 5090 Index be between $0.50 and $0.55 on August 31, 2026?",gpu-rental-prices-rtx-5090-end-of-august-1785423806991,13117.17,168,0.58,1,0.02,2026-08-31T23:59:00Z
3223045,"Will the Ornn RTX 5090 Index be between $0.50 and $0.55 on August 31, 2026?",gpu-rental-prices-rtx-5090-end-of-august-1785423806991,13117.17,24,0.951,1,0.02,2026-08-31T23:59:00Z
3223045,"Will the Ornn RTX 5090 Index be between $0.50 and $0.55 on August 31, 2026?",gpu-rental-prices-rtx-5090-end-of-august-1785423806991,13117.17,1,0.9705,1,0.02,2026-08-31T23:59:00Z
3229951,Will Abha Saudi Club win on 2026-08-13?,spl-abh-haz-2026-08-13,15051.09,24,0.355,0,0.25,2026-08-13T16:15:00Z
3229951,Will Abha Saudi Club win on 2026-08-13?,spl-abh-haz-2026-08-13,15051.09,1,0.375,0,0.25,2026-08-13T16:15:00Z
3229954,Will Al Hazem SC win on 2026-08-13?,spl-abh-haz-2026-08-13,22066.14,24,0.37,1,0.25,2026-08-13T16:15:00Z
3229954,Will Al Hazem SC win on 2026-08-13?,spl-abh-haz-2026-08-13,22066.14,1,0.345,1,0.25,2026-08-13T16:15:00Z
3229962,Will Al Shabab Saudi Club win on 2026-08-13?,spl-sha-qad-2026-08-13,17343.35,24,0.175,0,0.0,2026-08-13T18:00:00Z
3229962,Will Al Shabab Saudi Club win on 2026-08-13?,spl-sha-qad-2026-08-13,17343.35,1,0.185,0,0.0,2026-08-13T18:00:00Z
3229965,Will Al Qadisiyah Saudi Club win on 2026-08-13?,spl-sha-qad-2026-08-13,22493.27,24,0.635,1,0.0,2026-08-13T18:00:00Z
3229965,Will Al Qadisiyah Saudi Club win on 2026-08-13?,spl-sha-qad-2026-08-13,22493.27,1,0.615,1,0.0,2026-08-13T18:00:00Z
3229970,Will Al Diraiyah Saudi Club win on 2026-08-13?,spl-dir-ahl-2026-08-13,27311.84,24,0.105,0,0.0,2026-08-13T18:00:00Z
3229970,Will Al Diraiyah Saudi Club win on 2026-08-13?,spl-dir-ahl-2026-08-13,27311.84,1,0.185,0,0.0,2026-08-13T18:00:00Z
3229972,Will Al Ahli Saudi Club win on 2026-08-13?,spl-dir-ahl-2026-08-13,37518.5,24,0.735,1,0.0,2026-08-13T18:00:00Z
3229972,Will Al Ahli Saudi Club win on 2026-08-13?,spl-dir-ahl-2026-08-13,37518.5,1,0.595,1,0.0,2026-08-13T18:00:00Z
3230009,Exact Score: Abha Saudi Club 3 - 1 Al Hazem SC?,spl-abh-haz-2026-08-13-exact-score,10430.34,24,0.0285,0,0.25,2026-08-13T16:15:00Z
3230009,Exact Score: Abha Saudi Club 3 - 1 Al Hazem SC?,spl-abh-haz-2026-08-13-exact-score,10430.34,1,0.0335,0,0.25,2026-08-13T16:15:00Z
3231221,Situational Awareness raises new capital by August 31?,situational-awareness-raises-new-capital-by-august-31-20260730182353379,60144.66,168,0.019,0,0.03,2026-09-01T03:59:00Z
3231221,Situational Awareness raises new capital by August 31?,situational-awareness-raises-new-capital-by-august-31-20260730182353379,60144.66,24,0.005,0,0.02,2026-09-01T03:59:00Z
3231221,Situational Awareness raises new capital by August 31?,situational-awareness-raises-new-capital-by-august-31-20260730182353379,60144.66,1,0.0045,0,0.02,2026-09-01T03:59:00Z
3231246,"Situational Awareness announces fund wind-down by August 31, 2026?",situational-awareness-announces-fund-wind-down-byptptpt-20260730181230095,66170.9,168,0.0015,0,0.03,2026-09-01T03:59:00Z
3231246,"Situational Awareness announces fund wind-down by August 31, 2026?",situational-awareness-announces-fund-wind-down-byptptpt-20260730181230095,66170.9,24,0.0005,0,0.02,2026-09-01T03:59:00Z
3231246,"Situational Awareness announces fund wind-down by August 31, 2026?",situational-awareness-announces-fund-wind-down-byptptpt-20260730181230095,66170.9,1,0.0005,0,0.02,2026-09-01T03:59:00Z
3231768,Pete Hegseth out as Secretary of Defense by August 31?,pete-hegseth-out-as-secretary-of-defense-by-august-31-20260730185522346,36668.7,168,0.018,0,0.03,2026-09-01T03:59:00Z
3231768,Pete Hegseth out as Secretary of Defense by August 31?,pete-hegseth-out-as-secretary-of-defense-by-august-31-20260730185522346,36668.7,24,0.0015,0,0.02,2026-09-01T03:59:00Z
3231768,Pete Hegseth out as Secretary of Defense by August 31?,pete-hegseth-out-as-secretary-of-defense-by-august-31-20260730185522346,36668.7,1,0.0005,0,0.02,2026-09-01T03:59:00Z
3231771,Trump out as President by August 31?,trump-out-as-president-by-august-31-20260730185655928,2826324.76,168,0.0035,0,0.03,2026-09-01T03:59:00Z
3231771,Trump out as President by August 31?,trump-out-as-president-by-august-31-20260730185655928,2826324.76,24,0.0005,0,0.02,2026-09-01T03:59:00Z
3231771,Trump out as President by August 31?,trump-out-as-president-by-august-31-20260730185655928,2826324.76,1,0.0005,0,0.02,2026-09-01T03:59:00Z
3232616,Al Diraiyah Saudi Club vs. Al Ahli Saudi Club: O/U 3.5,spl-dir-ahl-2026-08-13-more-markets,11383.14,24,0.455,0,0.0,2026-08-13T18:00:00Z
3232616,Al Diraiyah Saudi Club vs. Al Ahli Saudi Club: O/U 3.5,spl-dir-ahl-2026-08-13-more-markets,11383.14,1,0.375,0,0.0,2026-08-13T18:00:00Z
3232764,Al Shabab Saudi Club vs. Al Qadisiyah Saudi Club: O/U 2.5,spl-sha-qad-2026-08-13-more-markets,10256.28,24,0.645,1,0.0,2026-08-13T18:00:00Z
3232764,Al Shabab Saudi Club vs. Al Qadisiyah Saudi Club: O/U 2.5,spl-sha-qad-2026-08-13-more-markets,10256.28,1,0.665,1,0.0,2026-08-13T18:00:00Z
3232765,Al Shabab Saudi Club vs. Al Qadisiyah Saudi Club: O/U 3.5,spl-sha-qad-2026-08-13-more-markets,11409.95,24,0.415,1,0.01,2026-08-13T18:00:00Z
3232765,Al Shabab Saudi Club vs. Al Qadisiyah Saudi Club: O/U 3.5,spl-sha-qad-2026-08-13-more-markets,11409.95,1,0.44,1,0.0,2026-08-13T18:00:00Z
3236467,Atlanta Dream vs. Connecticut Sun,wnba-atl-conn-2026-08-13,59712.04,24,0.805,1,0.0,2026-08-13T23:00:00Z
3236467,Atlanta Dream vs. Connecticut Sun,wnba-atl-conn-2026-08-13,59712.04,1,0.815,1,0.0,2026-08-13T23:00:00Z
3236483,Los Angeles Sparks vs. New York Liberty,wnba-la-nyl-2026-08-13,223497.52,24,0.24,0,0.01,2026-08-14T00:00:00Z
3236483,Los Angeles Sparks vs. New York Liberty,wnba-la-nyl-2026-08-13,223497.52,1,0.235,0,0.0,2026-08-14T00:00:00Z
3236490,Washington Mystics vs. Las Vegas Aces,wnba-wsh-las-2026-08-13,283094.05,24,0.295,0,0.0,2026-08-14T02:00:00Z
3236490,Washington Mystics vs. Las Vegas Aces,wnba-wsh-las-2026-08-13,283094.05,1,0.325,0,0.01,2026-08-14T02:00:00Z
3239630,49ers vs. Rams,nfl-sf-la-2026-09-11,3566394.89,720,0.36,1,11.42,2026-09-11T00:35:00Z
3239630,49ers vs. Rams,nfl-sf-la-2026-09-11,3566394.89,168,0.335,1,0.42,2026-09-11T00:35:00Z
3239630,49ers vs. Rams,nfl-sf-la-2026-09-11,3566394.89,24,0.355,1,0.42,2026-09-11T00:35:00Z
3239630,49ers vs. Rams,nfl-sf-la-2026-09-11,3566394.89,1,0.355,1,0.42,2026-09-11T00:35:00Z
3240656,"Will the United Kingdom send warships through the Strait of Hormuz by August 31, 2026?",which-countries-will-send-warships-through-the-strait-of-hormuz-by-august-31,24721.5,168,0.0065,0,0.03,2026-09-01T03:59:00Z
3240656,"Will the United Kingdom send warships through the Strait of Hormuz by August 31, 2026?",which-countries-will-send-warships-through-the-strait-of-hormuz-by-august-31,24721.5,24,0.0025,0,0.02,2026-09-01T03:59:00Z
3240656,"Will the United Kingdom send warships through the Strait of Hormuz by August 31, 2026?",which-countries-will-send-warships-through-the-strait-of-hormuz-by-august-31,24721.5,1,0.003,0,0.02,2026-09-01T03:59:00Z
3240657,"Will France send warships through the Strait of Hormuz by August 31, 2026?",which-countries-will-send-warships-through-the-strait-of-hormuz-by-august-31,59382.67,168,0.008,0,0.03,2026-09-01T03:59:00Z
3240657,"Will France send warships through the Strait of Hormuz by August 31, 2026?",which-countries-will-send-warships-through-the-strait-of-hormuz-by-august-31,59382.67,24,0.002,0,0.02,2026-09-01T03:59:00Z
3240657,"Will France send warships through the Strait of Hormuz by August 31, 2026?",which-countries-will-send-warships-through-the-strait-of-hormuz-by-august-31,59382.67,1,0.0015,0,0.02,2026-09-01T03:59:00Z
3240658,"Will the United States send warships through the Strait of Hormuz by August 31, 2026?",which-countries-will-send-warships-through-the-strait-of-hormuz-by-august-31,47320.42,168,0.038,0,0.03,2026-09-01T03:59:00Z
3240658,"Will the United States send warships through the Strait of Hormuz by August 31, 2026?",which-countries-will-send-warships-through-the-strait-of-hormuz-by-august-31,47320.42,24,0.006,0,0.02,2026-09-01T03:59:00Z
3240658,"Will the United States send warships through the Strait of Hormuz by August 31, 2026?",which-countries-will-send-warships-through-the-strait-of-hormuz-by-august-31,47320.42,1,0.0035,0,0.02,2026-09-01T03:59:00Z
3240659,"Will the Netherlands send warships through the Strait of Hormuz by August 31, 2026?",which-countries-will-send-warships-through-the-strait-of-hormuz-by-august-31,46951.76,168,0.0015,0,0.03,2026-09-01T03:59:00Z
3240659,"Will the Netherlands send warships through the Strait of Hormuz by August 31, 2026?",which-countries-will-send-warships-through-the-strait-of-hormuz-by-august-31,46951.76,24,0.002,0,0.02,2026-09-01T03:59:00Z
3240659,"Will the Netherlands send warships through the Strait of Hormuz by August 31, 2026?",which-countries-will-send-warships-through-the-strait-of-hormuz-by-august-31,46951.76,1,0.0015,0,0.02,2026-09-01T03:59:00Z
3240662,"Will Germany send warships through the Strait of Hormuz by August 31, 2026?",which-countries-will-send-warships-through-the-strait-of-hormuz-by-august-31,93224.78,168,0.0015,0,0.03,2026-09-01T03:59:00Z
3240662,"Will Germany send warships through the Strait of Hormuz by August 31, 2026?",which-countries-will-send-warships-through-the-strait-of-hormuz-by-august-31,93224.78,24,0.0005,0,0.02,2026-09-01T03:59:00Z
3240662,"Will Germany send warships through the Strait of Hormuz by August 31, 2026?",which-countries-will-send-warships-through-the-strait-of-hormuz-by-august-31,93224.78,1,0.0005,0,0.02,2026-09-01T03:59:00Z
3240664,"Will at least 30 ships transit the Strait of Hormuz on any day by August 31, 2026?",will-ships-transit-the-strait-of-hormuz-on-any-day-by-august-31,50512.11,168,0.034,0,0.02,2026-08-31T23:59:00Z
3240664,"Will at least 30 ships transit the Strait of Hormuz on any day by August 31, 2026?",will-ships-transit-the-strait-of-hormuz-on-any-day-by-august-31,50512.11,24,0.016,0,0.02,2026-08-31T23:59:00Z
3240664,"Will at least 30 ships transit the Strait of Hormuz on any day by August 31, 2026?",will-ships-transit-the-strait-of-hormuz-on-any-day-by-august-31,50512.11,1,0.0135,0,0.02,2026-08-31T23:59:00Z
3240665,"Will at least 40 ships transit the Strait of Hormuz on any day by August 31, 2026?",will-ships-transit-the-strait-of-hormuz-on-any-day-by-august-31,48987.04,168,0.025,0,0.02,2026-08-31T23:59:00Z
3240665,"Will at least 40 ships transit the Strait of Hormuz on any day by August 31, 2026?",will-ships-transit-the-strait-of-hormuz-on-any-day-by-august-31,48987.04,24,0.013,0,0.02,2026-08-31T23:59:00Z
3240665,"Will at least 40 ships transit the Strait of Hormuz on any day by August 31, 2026?",will-ships-transit-the-strait-of-hormuz-on-any-day-by-august-31,48987.04,1,0.0045,0,0.02,2026-08-31T23:59:00Z
3240666,"Will at least 50 ships transit the Strait of Hormuz on any day by August 31, 2026?",will-ships-transit-the-strait-of-hormuz-on-any-day-by-august-31,28019.64,168,0.013,0,0.02,2026-08-31T23:59:00Z
3240666,"Will at least 50 ships transit the Strait of Hormuz on any day by August 31, 2026?",will-ships-transit-the-strait-of-hormuz-on-any-day-by-august-31,28019.64,24,0.003,0,0.02,2026-08-31T23:59:00Z
3240666,"Will at least 50 ships transit the Strait of Hormuz on any day by August 31, 2026?",will-ships-transit-the-strait-of-hormuz-on-any-day-by-august-31,28019.64,1,0.0015,0,0.02,2026-08-31T23:59:00Z
3240667,"Will at least 60 ships transit the Strait of Hormuz on any day by August 31, 2026?",will-ships-transit-the-strait-of-hormuz-on-any-day-by-august-31,31888.65,168,0.0065,0,0.02,2026-08-31T23:59:00Z
3240667,"Will at least 60 ships transit the Strait of Hormuz on any day by August 31, 2026?",will-ships-transit-the-strait-of-hormuz-on-any-day-by-august-31,31888.65,24,0.0025,0,0.02,2026-08-31T23:59:00Z
3240667,"Will at least 60 ships transit the Strait of Hormuz on any day by August 31, 2026?",will-ships-transit-the-strait-of-hormuz-on-any-day-by-august-31,31888.65,1,0.003,0,0.02,2026-08-31T23:59:00Z
3240668,"Will at least 80 ships transit the Strait of Hormuz on any day by August 31, 2026?",will-ships-transit-the-strait-of-hormuz-on-any-day-by-august-31,11832.44,168,0.005,0,0.02,2026-08-31T23:59:00Z
3240668,"Will at least 80 ships transit the Strait of Hormuz on any day by August 31, 2026?",will-ships-transit-the-strait-of-hormuz-on-any-day-by-august-31,11832.44,24,0.0025,0,0.02,2026-08-31T23:59:00Z
3240668,"Will at least 80 ships transit the Strait of Hormuz on any day by August 31, 2026?",will-ships-transit-the-strait-of-hormuz-on-any-day-by-august-31,11832.44,1,0.0025,0,0.02,2026-08-31T23:59:00Z
3240692,Will Russia capture Kostyantynivka by August 15?,will-russia-capture-kostyantynivka-by,38438.54,24,0.0425,0,0.01,2026-08-15T12:00:00Z
3240692,Will Russia capture Kostyantynivka by August 15?,will-russia-capture-kostyantynivka-by,38438.54,1,0.0115,0,0.0,2026-08-15T12:00:00Z
3240695,"Will Russia capture all of Kostyantynivka by August 31, 2026?",will-russia-capture-all-of-kostyantynivka-by,40671.73,168,0.014,0,0.03,2026-09-01T03:59:00Z
3240695,"Will Russia capture all of Kostyantynivka by August 31, 2026?",will-russia-capture-all-of-kostyantynivka-by,40671.73,24,0.004,0,0.02,2026-09-01T03:59:00Z
3240695,"Will Russia capture all of Kostyantynivka by August 31, 2026?",will-russia-capture-all-of-kostyantynivka-by,40671.73,1,0.0005,0,0.02,2026-09-01T03:59:00Z
3240715,"Will Donald Trump publicly insult Candace Owens by August 31, 2026?",who-will-trump-publicly-insult-by-august-31-20260730161613099,11665.06,168,0.27,0,0.02,2026-08-31T23:59:00Z
3240715,"Will Donald Trump publicly insult Candace Owens by August 31, 2026?",who-will-trump-publicly-insult-by-august-31-20260730161613099,11665.06,24,0.085,0,0.02,2026-08-31T23:59:00Z
3240715,"Will Donald Trump publicly insult Candace Owens by August 31, 2026?",who-will-trump-publicly-insult-by-august-31-20260730161613099,11665.06,1,0.0305,0,0.02,2026-08-31T23:59:00Z
3240740,Will SpaceX Starship Flight Test 14 launch by August 31?,spacex-starship-flight-test-14,62536.59,168,0.0125,0,0.03,2026-09-01T03:59:00Z
3240740,Will SpaceX Starship Flight Test 14 launch by August 31?,spacex-starship-flight-test-14,62536.59,24,0.0015,0,0.02,2026-09-01T03:59:00Z
3240740,Will SpaceX Starship Flight Test 14 launch by August 31?,spacex-starship-flight-test-14,62536.59,1,0.0015,0,0.02,2026-09-01T03:59:00Z
3241175,Will Trump praise Bryson DeChambeau in August?,who-will-trump-publicly-praise-in-august-20260728221212339,121415.52,168,0.39,1,0.02,2026-08-31T23:59:00Z
3241175,Will Trump praise Bryson DeChambeau in August?,who-will-trump-publicly-praise-in-august-20260728221212339,121415.52,24,0.395,1,0.02,2026-08-31T23:59:00Z
3241175,Will Trump praise Bryson DeChambeau in August?,who-will-trump-publicly-praise-in-august-20260728221212339,121415.52,1,0.55,1,0.02,2026-08-31T23:59:00Z
3241177,Will Trump praise Xi Jinping in August?,who-will-trump-publicly-praise-in-august-20260728221212339,124356.98,168,0.765,1,0.02,2026-08-31T23:59:00Z
3241305,Will Russia enter Mykhailivka by August 31?,will-russia-enter-mykhailivka-by-april-30,34774.67,168,0.0225,0,0.03,2026-09-01T03:59:00Z
3241305,Will Russia enter Mykhailivka by August 31?,will-russia-enter-mykhailivka-by-april-30,34774.67,24,0.0125,0,0.02,2026-09-01T03:59:00Z
3241305,Will Russia enter Mykhailivka by August 31?,will-russia-enter-mykhailivka-by-april-30,34774.67,1,0.0115,0,0.02,2026-09-01T03:59:00Z
3241307,Will Russia enter Moskovka by August 31?,will-russia-enter-moskovka-by,28985.16,168,0.065,0,0.02,2026-08-31T03:59:00Z
3241307,Will Russia enter Moskovka by August 31?,will-russia-enter-moskovka-by,28985.16,24,0.0415,0,0.02,2026-08-31T03:59:00Z
3241307,Will Russia enter Moskovka by August 31?,will-russia-enter-moskovka-by,28985.16,1,0.023,0,0.02,2026-08-31T03:59:00Z
3242037,Will FK Orenburg win on 2026-08-14?,rus-ore-lok-2026-08-14,10421.56,24,0.285,0,0.0,2026-08-14T14:00:00Z
3242037,Will FK Orenburg win on 2026-08-14?,rus-ore-lok-2026-08-14,10421.56,1,0.345,0,0.0,2026-08-14T14:00:00Z
3242039,Will FK Lokomotiv Moskva win on 2026-08-14?,rus-ore-lok-2026-08-14,18421.67,24,0.45,0,0.0,2026-08-14T14:00:00Z
3242039,Will FK Lokomotiv Moskva win on 2026-08-14?,rus-ore-lok-2026-08-14,18421.67,1,0.385,0,0.0,2026-08-14T14:00:00Z
3242099,Israel military action against Yemen by August 31?,israel-military-action-against-yemen-byptptpt-20260714001321874,48281.32,168,0.022,0,0.02,2026-08-31T20:59:00Z
3242099,Israel military action against Yemen by August 31?,israel-military-action-against-yemen-byptptpt-20260714001321874,48281.32,24,0.009,0,0.02,2026-08-31T20:59:00Z
3242099,Israel military action against Yemen by August 31?,israel-military-action-against-yemen-byptptpt-20260714001321874,48281.32,1,0.01,0,0.02,2026-08-31T20:59:00Z
3242102,"Will there be Houthi military action against Israel by August 31, 2026?",houthi-military-action-against-israel-byptptpt-20260714210303206,84751.97,168,0.041,0,0.02,2026-08-31T20:59:00Z
3242102,"Will there be Houthi military action against Israel by August 31, 2026?",houthi-military-action-against-israel-byptptpt-20260714210303206,84751.97,24,0.001,0,0.02,2026-08-31T20:59:00Z
3242102,"Will there be Houthi military action against Israel by August 31, 2026?",houthi-military-action-against-israel-byptptpt-20260714210303206,84751.97,1,0.0185,0,0.02,2026-08-31T20:59:00Z
3242119,Israeli forces enter Tyre by August 31?,israeli-forces-enter-tyre-by,20172.15,168,0.0335,0,0.02,2026-08-31T20:59:00Z
3242119,Israeli forces enter Tyre by August 31?,israeli-forces-enter-tyre-by,20172.15,24,0.017,0,0.02,2026-08-31T20:59:00Z
3242119,Israeli forces enter Tyre by August 31?,israeli-forces-enter-tyre-by,20172.15,1,0.005,0,0.02,2026-08-31T20:59:00Z
3242120,Israeli forces enter Nabatieh by August 31?,israeli-forces-enter-nabatieh-by,11549.45,168,0.1,0,0.02,2026-08-31T20:59:00Z
3242120,Israeli forces enter Nabatieh by August 31?,israeli-forces-enter-nabatieh-by,11549.45,24,0.058,0,0.02,2026-08-31T20:59:00Z
3242120,Israeli forces enter Nabatieh by August 31?,israeli-forces-enter-nabatieh-by,11549.45,1,0.0665,0,0.02,2026-08-31T20:59:00Z
3242235,Spain accuses Morocco of facilitating Ceuta migrant wave by August 31?,will-spain-accuse-morocco-of-facilitating-the-ceuta-migrant-influx-by-august-31-20260731174220331,241101.25,168,0.022,0,0.03,2026-09-01T03:59:00Z
3242235,Spain accuses Morocco of facilitating Ceuta migrant wave by August 31?,will-spain-accuse-morocco-of-facilitating-the-ceuta-migrant-influx-by-august-31-20260731174220331,241101.25,24,0.0185,0,0.02,2026-09-01T03:59:00Z
3242235,Spain accuses Morocco of facilitating Ceuta migrant wave by August 31?,will-spain-accuse-morocco-of-facilitating-the-ceuta-migrant-influx-by-august-31-20260731174220331,241101.25,1,0.014,0,0.02,2026-09-01T03:59:00Z
3242383,Will a new country join the Abraham Accords by August 31?,will-a-new-country-join-the-abraham-accords-by-august-31-1785517679415,56848.49,168,0.0215,0,0.03,2026-09-01T03:59:00Z
3242383,Will a new country join the Abraham Accords by August 31?,will-a-new-country-join-the-abraham-accords-by-august-31-1785517679415,56848.49,24,0.0025,0,0.02,2026-09-01T03:59:00Z
3242383,Will a new country join the Abraham Accords by August 31?,will-a-new-country-join-the-abraham-accords-by-august-31-1785517679415,56848.49,1,0.003,0,0.02,2026-09-01T03:59:00Z
3242434,Will there be fewer than 25 average daily transits of the Bab el-Mandeb Strait on August 31?,avgpt-of-ships-transiting-bab-el-mandeb-strait-end-of-august-1785517679415,13894.85,168,0.231,1,0.02,2026-08-31T23:59:00Z
3242434,Will there be fewer than 25 average daily transits of the Bab el-Mandeb Strait on August 31?,avgpt-of-ships-transiting-bab-el-mandeb-strait-end-of-august-1785517679415,13894.85,24,0.073,1,0.02,2026-08-31T23:59:00Z
3242434,Will there be fewer than 25 average daily transits of the Bab el-Mandeb Strait on August 31?,avgpt-of-ships-transiting-bab-el-mandeb-strait-end-of-august-1785517679415,13894.85,1,0.275,1,0.02,2026-08-31T23:59:00Z
3242435,Will there be between 25 and 29 average daily transits of the Bab el-Mandeb Strait on August 31?,avgpt-of-ships-transiting-bab-el-mandeb-strait-end-of-august-1785517679415,14144.42,168,0.32,0,0.02,2026-08-31T23:59:00Z
3242435,Will there be between 25 and 29 average daily transits of the Bab el-Mandeb Strait on August 31?,avgpt-of-ships-transiting-bab-el-mandeb-strait-end-of-august-1785517679415,14144.42,24,0.425,0,0.02,2026-08-31T23:59:00Z
3242435,Will there be between 25 and 29 average daily transits of the Bab el-Mandeb Strait on August 31?,avgpt-of-ships-transiting-bab-el-mandeb-strait-end-of-august-1785517679415,14144.42,1,0.545,0,0.02,2026-08-31T23:59:00Z
3242436,Will there be between 30 and 34 average daily transits of the Bab el-Mandeb Strait on August 31?,avgpt-of-ships-transiting-bab-el-mandeb-strait-end-of-august-1785517679415,11571.17,168,0.385,0,0.02,2026-08-31T23:59:00Z
3242436,Will there be between 30 and 34 average daily transits of the Bab el-Mandeb Strait on August 31?,avgpt-of-ships-transiting-bab-el-mandeb-strait-end-of-august-1785517679415,11571.17,24,0.435,0,0.02,2026-08-31T23:59:00Z
3242436,Will there be between 30 and 34 average daily transits of the Bab el-Mandeb Strait on August 31?,avgpt-of-ships-transiting-bab-el-mandeb-strait-end-of-august-1785517679415,11571.17,1,0.15,0,0.02,2026-08-31T23:59:00Z
3242570,Will Páfos FC win on 2026-08-13?,uel-paf-rbs-2026-08-13,67531.39,24,0.315,0,0.0,2026-08-13T17:00:00Z
3242570,Will Páfos FC win on 2026-08-13?,uel-paf-rbs-2026-08-13,67531.39,1,0.315,0,0.0,2026-08-13T17:00:00Z
3242571,Will Páfos FC vs. FC Red Bull Salzburg end in a draw?,uel-paf-rbs-2026-08-13,34591.54,24,0.265,1,0.0,2026-08-13T17:00:00Z
3242571,Will Páfos FC vs. FC Red Bull Salzburg end in a draw?,uel-paf-rbs-2026-08-13,34591.54,1,0.265,1,0.0,2026-08-13T17:00:00Z
3242572,Will FC Red Bull Salzburg win on 2026-08-13?,uel-paf-rbs-2026-08-13,75836.23,24,0.415,0,0.0,2026-08-13T17:00:00Z
3242572,Will FC Red Bull Salzburg win on 2026-08-13?,uel-paf-rbs-2026-08-13,75836.23,1,0.415,0,0.0,2026-08-13T17:00:00Z
3242607,Exact Score: Páfos FC 1 - 0 FC Red Bull Salzburg?,uel-paf-rbs-2026-08-13-exact-score,11928.0,24,0.075,0,0.0,2026-08-13T17:00:00Z
3242607,Exact Score: Páfos FC 1 - 0 FC Red Bull Salzburg?,uel-paf-rbs-2026-08-13-exact-score,11928.0,1,0.065,0,0.0,2026-08-13T17:00:00Z
3242705,Páfos FC vs. FC Red Bull Salzburg: O/U 1.5,uel-paf-rbs-2026-08-13-more-markets,17218.95,24,0.775,1,0.0,2026-08-13T17:00:00Z
3242705,Páfos FC vs. FC Red Bull Salzburg: O/U 1.5,uel-paf-rbs-2026-08-13-more-markets,17218.95,1,0.785,1,0.0,2026-08-13T17:00:00Z
3242706,Páfos FC vs. FC Red Bull Salzburg: O/U 2.5,uel-paf-rbs-2026-08-13-more-markets,16113.78,24,0.545,1,0.0,2026-08-13T17:00:00Z
3242706,Páfos FC vs. FC Red Bull Salzburg: O/U 2.5,uel-paf-rbs-2026-08-13-more-markets,16113.78,1,0.565,1,0.0,2026-08-13T17:00:00Z
3242707,Páfos FC vs. FC Red Bull Salzburg: O/U 3.5,uel-paf-rbs-2026-08-13-more-markets,77436.67,24,0.325,1,0.0,2026-08-13T17:00:00Z
3242707,Páfos FC vs. FC Red Bull Salzburg: O/U 3.5,uel-paf-rbs-2026-08-13-more-markets,77436.67,1,0.325,1,0.0,2026-08-13T17:00:00Z
3242708,Páfos FC vs. FC Red Bull Salzburg: O/U 4.5,uel-paf-rbs-2026-08-13-more-markets,21536.95,24,0.165,1,0.0,2026-08-13T17:00:00Z
3242708,Páfos FC vs. FC Red Bull Salzburg: O/U 4.5,uel-paf-rbs-2026-08-13-more-markets,21536.95,1,0.165,1,0.0,2026-08-13T17:00:00Z
3242709,Páfos FC vs. FC Red Bull Salzburg: O/U 5.5,uel-paf-rbs-2026-08-13-more-markets,17317.75,24,0.075,1,0.0,2026-08-13T17:00:00Z
3242709,Páfos FC vs. FC Red Bull Salzburg: O/U 5.5,uel-paf-rbs-2026-08-13-more-markets,17317.75,1,0.075,1,0.0,2026-08-13T17:00:00Z
3242712,Páfos FC vs. FC Red Bull Salzburg: 1st Half O/U 0.5,uel-paf-rbs-2026-08-13-more-markets,36482.77,24,0.68,1,0.0,2026-08-13T17:00:00Z
3242712,Páfos FC vs. FC Red Bull Salzburg: 1st Half O/U 0.5,uel-paf-rbs-2026-08-13-more-markets,36482.77,1,0.705,1,0.0,2026-08-13T17:00:00Z
3242932,Will Tobyl FK win on 2026-08-13?,col-tob-par-2026-08-13,51055.84,24,0.315,0,0.01,2026-08-13T15:00:00Z
3242932,Will Tobyl FK win on 2026-08-13?,col-tob-par-2026-08-13,51055.84,1,0.305,0,0.0,2026-08-13T15:00:00Z
3242933,Will Tobyl FK vs. FK Partizan Beograd end in a draw?,col-tob-par-2026-08-13,13724.85,24,0.27,0,0.01,2026-08-13T15:00:00Z
3242933,Will Tobyl FK vs. FK Partizan Beograd end in a draw?,col-tob-par-2026-08-13,13724.85,1,0.265,0,0.0,2026-08-13T15:00:00Z
3242934,Will FK Partizan Beograd win on 2026-08-13?,col-tob-par-2026-08-13,77118.91,24,0.415,1,0.01,2026-08-13T15:00:00Z
3242934,Will FK Partizan Beograd win on 2026-08-13?,col-tob-par-2026-08-13,77118.91,1,0.425,1,0.0,2026-08-13T15:00:00Z
3242935,Will Ilves Tampere win on 2026-08-13?,col-ilv-rij-2026-08-13,67507.38,24,0.185,0,0.0,2026-08-13T16:00:00Z
3242935,Will Ilves Tampere win on 2026-08-13?,col-ilv-rij-2026-08-13,67507.38,1,0.225,0,0.0,2026-08-13T16:00:00Z
3242936,Will Ilves Tampere vs. HNK Rijeka end in a draw?,col-ilv-rij-2026-08-13,43806.79,24,0.265,1,0.0,2026-08-13T16:00:00Z
3242936,Will Ilves Tampere vs. HNK Rijeka end in a draw?,col-ilv-rij-2026-08-13,43806.79,1,0.265,1,0.0,2026-08-13T16:00:00Z
3242937,Will HNK Rijeka win on 2026-08-13?,col-ilv-rij-2026-08-13,50520.92,24,0.545,0,0.0,2026-08-13T16:00:00Z
3242937,Will HNK Rijeka win on 2026-08-13?,col-ilv-rij-2026-08-13,50520.92,1,0.515,0,0.0,2026-08-13T16:00:00Z
3242938,Will Qarabağ Ağdam FK win on 2026-08-13?,col-qar-dyn-2026-08-13,165838.71,24,0.515,1,0.0,2026-08-13T16:00:00Z
3242938,Will Qarabağ Ağdam FK win on 2026-08-13?,col-qar-dyn-2026-08-13,165838.71,1,0.505,1,0.0,2026-08-13T16:00:00Z
3242939,Will Qarabağ Ağdam FK vs. FK Dynamo Kyiv end in a draw?,col-qar-dyn-2026-08-13,21509.57,24,0.255,0,0.0,2026-08-13T16:00:00Z
3242939,Will Qarabağ Ağdam FK vs. FK Dynamo Kyiv end in a draw?,col-qar-dyn-2026-08-13,21509.57,1,0.255,0,0.0,2026-08-13T16:00:00Z
3242940,Will FK Dynamo Kyiv win on 2026-08-13?,col-qar-dyn-2026-08-13,31769.51,24,0.235,0,0.0,2026-08-13T16:00:00Z
3242940,Will FK Dynamo Kyiv win on 2026-08-13?,col-qar-dyn-2026-08-13,31769.51,1,0.245,0,0.0,2026-08-13T16:00:00Z
3242941,Will FC DAC 1904 Dunajská Streda win on 2026-08-13?,col-dac-twe-2026-08-13,19913.36,24,0.155,0,0.0,2026-08-13T17:00:00Z
3242941,Will FC DAC 1904 Dunajská Streda win on 2026-08-13?,col-dac-twe-2026-08-13,19913.36,1,0.205,0,0.0,2026-08-13T17:00:00Z
3242942,Will FC DAC 1904 Dunajská Streda vs. FC Twente end in a draw?,col-dac-twe-2026-08-13,17544.0,24,0.21,1,0.0,2026-08-13T17:00:00Z
3242942,Will FC DAC 1904 Dunajská Streda vs. FC Twente end in a draw?,col-dac-twe-2026-08-13,17544.0,1,0.235,1,0.0,2026-08-13T17:00:00Z
3242943,Will FC Twente win on 2026-08-13?,col-dac-twe-2026-08-13,28039.16,24,0.635,0,0.0,2026-08-13T17:00:00Z
3242943,Will FC Twente win on 2026-08-13?,col-dac-twe-2026-08-13,28039.16,1,0.585,0,0.0,2026-08-13T17:00:00Z
3242944,Will FC Flora win on 2026-08-13?,col-flo-int-2026-08-13,19111.57,24,0.5,0,0.0,2026-08-13T16:00:00Z
3242944,Will FC Flora win on 2026-08-13?,col-flo-int-2026-08-13,19111.57,1,0.515,0,0.0,2026-08-13T16:00:00Z
3242946,Will Inter Club d'Escaldes win on 2026-08-13?,col-flo-int-2026-08-13,33829.31,24,0.235,1,0.0,2026-08-13T16:00:00Z
3242946,Will Inter Club d'Escaldes win on 2026-08-13?,col-flo-int-2026-08-13,33829.31,1,0.235,1,0.0,2026-08-13T16:00:00Z
3242947,Will FK Rīgas Futbola Skola win on 2026-08-13?,col-rfs-jab-2026-08-13,24908.57,24,0.465,0,0.5,2026-08-13T16:30:00Z
3242947,Will FK Rīgas Futbola Skola win on 2026-08-13?,col-rfs-jab-2026-08-13,24908.57,1,0.455,0,0.5,2026-08-13T16:30:00Z
3242949,Will FK Jablonec win on 2026-08-13?,col-rfs-jab-2026-08-13,34558.62,24,0.255,1,0.5,2026-08-13T16:30:00Z
3242949,Will FK Jablonec win on 2026-08-13?,col-rfs-jab-2026-08-13,34558.62,1,0.275,1,0.5,2026-08-13T16:30:00Z
3242952,Will SC Braga win on 2026-08-13?,col-din2-scb-2026-08-13,58206.03,24,0.715,0,0.0,2026-08-13T17:00:00Z
3242952,Will SC Braga win on 2026-08-13?,col-din2-scb-2026-08-13,58206.03,1,0.705,0,0.0,2026-08-13T17:00:00Z
3242953,Will ETO FC win on 2026-08-13?,col-eto-rfc1-2026-08-13,23807.43,24,0.415,0,0.5,2026-08-13T18:30:00Z
3242953,Will ETO FC win on 2026-08-13?,col-eto-rfc1-2026-08-13,23807.43,1,0.42,0,0.5,2026-08-13T18:30:00Z
3242956,Will Tromsø IL win on 2026-08-13?,col-tro-clu-2026-08-13,36712.48,24,0.66,1,0.0,2026-08-13T17:00:00Z
3242956,Will Tromsø IL win on 2026-08-13?,col-tro-clu-2026-08-13,36712.48,1,0.645,1,0.0,2026-08-13T17:00:00Z
3242957,Will Tromsø IL vs. FC CFR 1907 Cluj end in a draw?,col-tro-clu-2026-08-13,35672.04,24,0.215,0,0.0,2026-08-13T17:00:00Z
3242957,Will Tromsø IL vs. FC CFR 1907 Cluj end in a draw?,col-tro-clu-2026-08-13,35672.04,1,0.215,0,0.0,2026-08-13T17:00:00Z
3242958,Will FC CFR 1907 Cluj win on 2026-08-13?,col-tro-clu-2026-08-13,30052.42,24,0.13,0,0.0,2026-08-13T17:00:00Z
3242958,Will FC CFR 1907 Cluj win on 2026-08-13?,col-tro-clu-2026-08-13,30052.42,1,0.145,0,0.0,2026-08-13T17:00:00Z
3242959,Will FC Nordsjælland win on 2026-08-13?,col-nor-val-2026-08-13,42917.81,24,0.905,1,0.0,2026-08-13T17:00:00Z
3242959,Will FC Nordsjælland win on 2026-08-13?,col-nor-val-2026-08-13,42917.81,1,0.915,1,0.0,2026-08-13T17:00:00Z
3242961,Will KF Valur win on 2026-08-13?,col-nor-val-2026-08-13,19247.61,24,0.027,0,0.0,2026-08-13T17:00:00Z
3242961,Will KF Valur win on 2026-08-13?,col-nor-val-2026-08-13,19247.61,1,0.024,0,0.0,2026-08-13T17:00:00Z
3242962,Will Hammarby Fotboll win on 2026-08-13?,col-hif-rak-2026-08-13,95170.5,24,0.545,0,0.0,2026-08-13T17:00:00Z
3242962,Will Hammarby Fotboll win on 2026-08-13?,col-hif-rak-2026-08-13,95170.5,1,0.595,0,0.0,2026-08-13T17:00:00Z
3242963,Will Hammarby Fotboll vs. RKS Raków Częstochowa end in a draw?,col-hif-rak-2026-08-13,23944.28,24,0.255,0,0.0,2026-08-13T17:00:00Z
3242963,Will Hammarby Fotboll vs. RKS Raków Częstochowa end in a draw?,col-hif-rak-2026-08-13,23944.28,1,0.245,0,0.0,2026-08-13T17:00:00Z
3242964,Will RKS Raków Częstochowa win on 2026-08-13?,col-hif-rak-2026-08-13,25273.1,24,0.195,1,0.0,2026-08-13T17:00:00Z
3242964,Will RKS Raków Częstochowa win on 2026-08-13?,col-hif-rak-2026-08-13,25273.1,1,0.165,1,0.0,2026-08-13T17:00:00Z
3242965,Will FC Midtjylland win on 2026-08-13?,col-mid-bohe-2026-08-13,28034.8,24,0.805,1,0.0,2026-08-13T17:00:00Z
3242965,Will FC Midtjylland win on 2026-08-13?,col-mid-bohe-2026-08-13,28034.8,1,0.82,1,0.0,2026-08-13T17:00:00Z
3242968,Will FK ML Viciebsk win on 2026-08-13?,col-mlv-bor-2026-08-13,16790.37,24,0.385,1,0.0,2026-08-13T17:00:00Z
3242968,Will FK ML Viciebsk win on 2026-08-13?,col-mlv-bor-2026-08-13,16790.37,1,0.375,1,0.0,2026-08-13T17:00:00Z
3242970,Will FK Borac Banja Luka win on 2026-08-13?,col-mlv-bor-2026-08-13,13835.23,24,0.345,0,0.0,2026-08-13T17:00:00Z
3242970,Will FK Borac Banja Luka win on 2026-08-13?,col-mlv-bor-2026-08-13,13835.23,1,0.355,0,0.0,2026-08-13T17:00:00Z
3242971,Will FC Vaduz win on 2026-08-13?,col-vad-it-2026-08-13,11594.55,24,0.545,0,0.5,2026-08-13T17:30:00Z
3242971,Will FC Vaduz win on 2026-08-13?,col-vad-it-2026-08-13,11594.55,1,0.535,0,0.5,2026-08-13T17:30:00Z
3242974,Will KF Shkëndija 79 win on 2026-08-13?,col-shk-hib1-2026-08-13,12071.93,24,0.39,0,0.01,2026-08-13T18:00:00Z
3242974,Will KF Shkëndija 79 win on 2026-08-13?,col-shk-hib1-2026-08-13,12071.93,1,0.355,0,0.0,2026-08-13T18:00:00Z
3242977,Will FC Drita win on 2026-08-13?,col-dgj-trf-2026-08-13,25168.05,24,0.875,1,0.01,2026-08-13T18:00:00Z
3242977,Will FC Drita win on 2026-08-13?,col-dgj-trf-2026-08-13,25168.05,1,0.875,1,0.0,2026-08-13T18:00:00Z
3242980,Will FC St. Gallen win on 2026-08-13?,col-stg-she-2026-08-13,30572.55,24,0.745,1,0.01,2026-08-13T18:00:00Z
3242980,Will FC St. Gallen win on 2026-08-13?,col-stg-she-2026-08-13,30572.55,1,0.745,1,0.0,2026-08-13T18:00:00Z
3242983,Will FC Sion win on 2026-08-13?,col-sio-noa-2026-08-13,32916.31,24,0.675,1,0.25,2026-08-13T18:15:00Z
3242983,Will FC Sion win on 2026-08-13?,col-sio-noa-2026-08-13,32916.31,1,0.625,1,0.25,2026-08-13T18:15:00Z
3242985,Will Noah FA win on 2026-08-13?,col-sio-noa-2026-08-13,10656.13,24,0.13,0,0.24,2026-08-13T18:15:00Z
3242985,Will Noah FA win on 2026-08-13?,col-sio-noa-2026-08-13,10656.13,1,0.155,0,0.25,2026-08-13T18:15:00Z
3242986,Will FK Austria Wien win on 2026-08-13?,col-aus-bei-2026-08-13,24693.8,24,0.425,0,0.5,2026-08-13T18:30:00Z
3242986,Will FK Austria Wien win on 2026-08-13?,col-aus-bei-2026-08-13,24693.8,1,0.365,0,0.5,2026-08-13T18:30:00Z
3242987,Will FK Austria Wien vs. MH Beitar Jerusalem end in a draw?,col-aus-bei-2026-08-13,12936.62,24,0.26,0,0.5,2026-08-13T18:30:00Z
3242987,Will FK Austria Wien vs. MH Beitar Jerusalem end in a draw?,col-aus-bei-2026-08-13,12936.62,1,0.255,0,0.5,2026-08-13T18:30:00Z
3242988,Will MH Beitar Jerusalem win on 2026-08-13?,col-aus-bei-2026-08-13,44707.19,24,0.335,1,0.5,2026-08-13T18:30:00Z
3242988,Will MH Beitar Jerusalem win on 2026-08-13?,col-aus-bei-2026-08-13,44707.19,1,0.385,1,0.5,2026-08-13T18:30:00Z
3242989,Will KAA Gent win on 2026-08-13?,col-gen-got-2026-08-13,43972.99,24,0.655,0,0.5,2026-08-13T18:30:00Z
3242989,Will KAA Gent win on 2026-08-13?,col-gen-got-2026-08-13,43972.99,1,0.625,0,0.5,2026-08-13T18:30:00Z
3242990,Will KAA Gent vs. IFK Göteborg end in a draw?,col-gen-got-2026-08-13,10347.06,24,0.22,1,0.49,2026-08-13T18:30:00Z
3242990,Will KAA Gent vs. IFK Göteborg end in a draw?,col-gen-got-2026-08-13,10347.06,1,0.215,1,0.5,2026-08-13T18:30:00Z
3242992,Will Motherwell FC win on 2026-08-13?,col-mot-hjk-2026-08-13,27182.94,24,0.565,1,0.5,2026-08-13T18:30:00Z
3242992,Will Motherwell FC win on 2026-08-13?,col-mot-hjk-2026-08-13,27182.94,1,0.555,1,0.5,2026-08-13T18:30:00Z
3242995,Will Shelbourne FC win on 2026-08-13?,col-she1-aja-2026-08-13,19130.0,24,0.055,0,0.26,2026-08-13T18:45:00Z
3242995,Will Shelbourne FC win on 2026-08-13?,col-she1-aja-2026-08-13,19130.0,1,0.065,0,0.26,2026-08-13T18:45:00Z
3242996,Will Shelbourne FC vs. AFC Ajax end in a draw?,col-she1-aja-2026-08-13,25693.28,24,0.115,1,0.25,2026-08-13T18:45:00Z
3242996,Will Shelbourne FC vs. AFC Ajax end in a draw?,col-she1-aja-2026-08-13,25693.28,1,0.125,1,0.26,2026-08-13T18:45:00Z
3242997,Will AFC Ajax win on 2026-08-13?,col-she1-aja-2026-08-13,64586.03,24,0.835,0,0.25,2026-08-13T18:45:00Z
3242997,Will AFC Ajax win on 2026-08-13?,col-she1-aja-2026-08-13,64586.03,1,0.795,0,0.26,2026-08-13T18:45:00Z
3243000,Will FC Lugano win on 2026-08-13?,col-nsi-lug-2026-08-13,23209.06,24,0.745,0,0.25,2026-08-13T18:45:00Z
3243000,Will FC Lugano win on 2026-08-13?,col-nsi-lug-2026-08-13,23209.06,1,0.45,0,0.26,2026-08-13T18:45:00Z
3243001,Will HNK Hajduk Split win on 2026-08-13?,col-haj-zal-2026-08-13,12282.12,24,0.755,1,0.01,2026-08-13T19:00:00Z
3243001,Will HNK Hajduk Split win on 2026-08-13?,col-haj-zal-2026-08-13,12282.12,1,0.735,1,0.01,2026-08-13T19:00:00Z
3243198,Todd Blanche nomination withdrawn by August 31?,todd-blanche-nomination-withdrawn-by-august-31-20260731141647591,93555.09,168,0.0005,0,0.03,2026-09-01T03:59:00Z
3243198,Todd Blanche nomination withdrawn by August 31?,todd-blanche-nomination-withdrawn-by-august-31-20260731141647591,93555.09,24,0.0005,0,0.02,2026-09-01T03:59:00Z
3243198,Todd Blanche nomination withdrawn by August 31?,todd-blanche-nomination-withdrawn-by-august-31-20260731141647591,93555.09,1,0.0005,0,0.02,2026-09-01T03:59:00Z
3243973,Exact Score: Ilves Tampere 0 - 3 HNK Rijeka?,col-ilv-rij-2026-08-13-exact-score,20248.77,24,0.055,0,0.0,2026-08-13T16:00:00Z
3243973,Exact Score: Ilves Tampere 0 - 3 HNK Rijeka?,col-ilv-rij-2026-08-13-exact-score,20248.77,1,0.055,0,0.0,2026-08-13T16:00:00Z
3243997,Exact Score: Qarabağ Ağdam FK 1 - 1 FK Dynamo Kyiv?,col-qar-dyn-2026-08-13-exact-score,10135.8,24,0.125,0,0.0,2026-08-13T16:00:00Z
3243997,Exact Score: Qarabağ Ağdam FK 1 - 1 FK Dynamo Kyiv?,col-qar-dyn-2026-08-13-exact-score,10135.8,1,0.125,0,0.0,2026-08-13T16:00:00Z
3244001,Exact Score: Qarabağ Ağdam FK 2 - 1 FK Dynamo Kyiv?,col-qar-dyn-2026-08-13-exact-score,11734.87,24,0.095,0,0.0,2026-08-13T16:00:00Z
3244001,Exact Score: Qarabağ Ağdam FK 2 - 1 FK Dynamo Kyiv?,col-qar-dyn-2026-08-13-exact-score,11734.87,1,0.105,0,0.0,2026-08-13T16:00:00Z
3244655,Will Tōkyō Verdy win on 2026-08-14?,jap-fct1-rey-2026-08-14,37380.68,24,0.215,0,0.0,2026-08-14T10:00:00Z
3244655,Will Tōkyō Verdy win on 2026-08-14?,jap-fct1-rey-2026-08-14,37380.68,1,0.205,0,0.0,2026-08-14T10:00:00Z
3244657,Will Tōkyō Verdy vs. Kashiwa Reysol end in a draw?,jap-fct1-rey-2026-08-14,13401.25,24,0.285,0,0.0,2026-08-14T10:00:00Z
3244657,Will Tōkyō Verdy vs. Kashiwa Reysol end in a draw?,jap-fct1-rey-2026-08-14,13401.25,1,0.275,0,0.0,2026-08-14T10:00:00Z
3244661,Will Kashiwa Reysol win on 2026-08-14?,jap-fct1-rey-2026-08-14,79994.73,24,0.495,1,0.0,2026-08-14T10:00:00Z
3244661,Will Kashiwa Reysol win on 2026-08-14?,jap-fct1-rey-2026-08-14,79994.73,1,0.515,1,0.0,2026-08-14T10:00:00Z
3244698,Will AS Monaco win on 2026-08-14?,clf-cov-asm-2026-08-14,40763.86,24,0.38,0,0.01,2026-08-14T18:00:00Z
3244698,Will AS Monaco win on 2026-08-14?,clf-cov-asm-2026-08-14,40763.86,1,0.39,0,0.01,2026-08-14T18:00:00Z
3244706,Will Atalanta BC win on 2026-08-14?,clf-ata-ath-2026-08-14,13716.12,24,0.51,1,0.26,2026-08-14T18:45:00Z
3244706,Will Atalanta BC win on 2026-08-14?,clf-ata-ath-2026-08-14,13716.12,1,0.455,1,0.25,2026-08-14T18:45:00Z
3245260,Qarabağ Ağdam FK vs. FK Dynamo Kyiv: Team to Advance,col-qar-dyn-2026-08-13-more-markets,23171.31,24,0.43,1,0.0,2026-08-13T16:00:00Z
3245260,Qarabağ Ağdam FK vs. FK Dynamo Kyiv: Team to Advance,col-qar-dyn-2026-08-13-more-markets,23171.31,1,0.405,1,0.0,2026-08-13T16:00:00Z
3245265,FK Austria Wien vs. MH Beitar Jerusalem: Team to Advance,col-aus-bei-2026-08-13-more-markets,13793.14,24,0.755,1,0.49,2026-08-13T18:30:00Z
3245265,FK Austria Wien vs. MH Beitar Jerusalem: Team to Advance,col-aus-bei-2026-08-13-more-markets,13793.14,1,0.695,1,0.5,2026-08-13T18:30:00Z
3245271,FC Nordsjælland vs. KF Valur: Team to Advance,col-nor-val-2026-08-13-more-markets,16387.24,24,0.9885,1,0.0,2026-08-13T17:00:00Z
3245271,FC Nordsjælland vs. KF Valur: Team to Advance,col-nor-val-2026-08-13-more-markets,16387.24,1,0.9915,1,0.0,2026-08-13T17:00:00Z
3245277,Tobyl FK vs. FK Partizan Beograd: Team to Advance,col-tob-par-2026-08-13-more-markets,31659.96,24,0.045,0,0.01,2026-08-13T15:00:00Z
3245277,Tobyl FK vs. FK Partizan Beograd: Team to Advance,col-tob-par-2026-08-13-more-markets,31659.96,1,0.043,0,0.0,2026-08-13T15:00:00Z
3245307,Will NEOM SC win on 2026-08-14?,spl-neo-fay-2026-08-14,45455.05,24,0.59,1,0.17,2026-08-14T16:50:00Z
3245307,Will NEOM SC win on 2026-08-14?,spl-neo-fay-2026-08-14,45455.05,1,0.555,1,0.17,2026-08-14T16:50:00Z
3245309,Will Al Fayha Saudi Club win on 2026-08-14?,spl-neo-fay-2026-08-14,11415.99,24,0.175,0,0.17,2026-08-14T16:50:00Z
3245309,Will Al Fayha Saudi Club win on 2026-08-14?,spl-neo-fay-2026-08-14,11415.99,1,0.185,0,0.17,2026-08-14T16:50:00Z
3245316,Will Al Ettifaq Saudi Club win on 2026-08-14?,spl-ett-riy-2026-08-14,292937.49,24,0.46,1,0.01,2026-08-14T18:00:00Z
3245316,Will Al Ettifaq Saudi Club win on 2026-08-14?,spl-ett-riy-2026-08-14,292937.49,1,0.43,1,0.01,2026-08-14T18:00:00Z
3245319,Will Al Ettifaq Saudi Club vs. Al Riyadh Saudi Club end in a draw?,spl-ett-riy-2026-08-14,18792.89,24,0.24,0,0.01,2026-08-14T18:00:00Z
3245319,Will Al Ettifaq Saudi Club vs. Al Riyadh Saudi Club end in a draw?,spl-ett-riy-2026-08-14,18792.89,1,0.265,0,0.01,2026-08-14T18:00:00Z
3245320,Will Al Riyadh Saudi Club win on 2026-08-14?,spl-ett-riy-2026-08-14,91170.15,24,0.285,0,0.01,2026-08-14T18:00:00Z
3245320,Will Al Riyadh Saudi Club win on 2026-08-14?,spl-ett-riy-2026-08-14,91170.15,1,0.295,0,0.01,2026-08-14T18:00:00Z
3245325,Will Al Hilal Saudi Club win on 2026-08-14?,spl-hil-fai-2026-08-14,141519.55,24,0.875,1,0.01,2026-08-14T18:00:00Z
3245325,Will Al Hilal Saudi Club win on 2026-08-14?,spl-hil-fai-2026-08-14,141519.55,1,0.865,1,0.01,2026-08-14T18:00:00Z
3245327,Will Al Hilal Saudi Club vs. Al Faisaly Saudi Club end in a draw?,spl-hil-fai-2026-08-14,10886.93,24,0.095,0,0.01,2026-08-14T18:00:00Z
3245327,Will Al Hilal Saudi Club vs. Al Faisaly Saudi Club end in a draw?,spl-hil-fai-2026-08-14,10886.93,1,0.095,0,0.01,2026-08-14T18:00:00Z
3245329,Will Al Faisaly Saudi Club win on 2026-08-14?,spl-hil-fai-2026-08-14,42957.6,24,0.055,0,0.01,2026-08-14T18:00:00Z
3245329,Will Al Faisaly Saudi Club win on 2026-08-14?,spl-hil-fai-2026-08-14,42957.6,1,0.045,0,0.01,2026-08-14T18:00:00Z
3246524,Will Rosenborg BK win on 2026-08-14?,nor-rbk-vik-2026-08-14,95252.74,24,0.375,1,0.0,2026-08-14T17:00:00Z
3246524,Will Rosenborg BK win on 2026-08-14?,nor-rbk-vik-2026-08-14,95252.74,1,0.425,1,0.0,2026-08-14T17:00:00Z
3246525,Will Rosenborg BK vs. Viking FK end in a draw?,nor-rbk-vik-2026-08-14,11487.14,24,0.245,0,0.0,2026-08-14T17:00:00Z
3246525,Will Rosenborg BK vs. Viking FK end in a draw?,nor-rbk-vik-2026-08-14,11487.14,1,0.245,0,0.0,2026-08-14T17:00:00Z
3246526,Will Viking FK win on 2026-08-14?,nor-rbk-vik-2026-08-14,74425.89,24,0.375,0,0.0,2026-08-14T17:00:00Z
3246526,Will Viking FK win on 2026-08-14?,nor-rbk-vik-2026-08-14,74425.89,1,0.315,0,0.0,2026-08-14T17:00:00Z
3246559,Atalanta BC vs. Athletic Bilbao: O/U 0.5,clf-ata-ath-2026-08-14-more-markets,12709.89,24,0.61,1,0.26,2026-08-14T18:45:00Z
3246559,Atalanta BC vs. Athletic Bilbao: O/U 0.5,clf-ata-ath-2026-08-14-more-markets,12709.89,1,0.95,1,0.26,2026-08-14T18:45:00Z
3246560,Atalanta BC vs. Athletic Bilbao: O/U 1.5,clf-ata-ath-2026-08-14-more-markets,54109.05,24,0.765,0,0.26,2026-08-14T18:45:00Z
3246560,Atalanta BC vs. Athletic Bilbao: O/U 1.5,clf-ata-ath-2026-08-14-more-markets,54109.05,1,0.81,0,0.25,2026-08-14T18:45:00Z
3246561,Atalanta BC vs. Athletic Bilbao: O/U 2.5,clf-ata-ath-2026-08-14-more-markets,11090.0,24,0.535,0,0.26,2026-08-14T18:45:00Z
3246561,Atalanta BC vs. Athletic Bilbao: O/U 2.5,clf-ata-ath-2026-08-14-more-markets,11090.0,1,0.595,0,0.25,2026-08-14T18:45:00Z
3246594,Coventry City vs. AS Monaco: O/U 2.5,clf-cov-asm-2026-08-14-more-markets,11852.6,24,0.64,0,0.49,2026-08-14T18:30:00Z
3246594,Coventry City vs. AS Monaco: O/U 2.5,clf-cov-asm-2026-08-14-more-markets,11852.6,1,0.655,0,0.49,2026-08-14T18:30:00Z
3246709,Will Trump meet with Kim Jong Un in August 2026?,who-will-trump-meet-with-in-august-20260731154151454,19912.01,168,0.009,0,0.03,2026-09-01T03:59:00Z
3246709,Will Trump meet with Kim Jong Un in August 2026?,who-will-trump-meet-with-in-august-20260731154151454,19912.01,24,0.0005,0,0.02,2026-09-01T03:59:00Z
3246709,Will Trump meet with Kim Jong Un in August 2026?,who-will-trump-meet-with-in-august-20260731154151454,19912.01,1,0.0005,0,0.02,2026-09-01T03:59:00Z
3246710,Will Trump meet with Volodymyr Zelenskyy in August 2026?,who-will-trump-meet-with-in-august-20260731154151454,122461.64,168,0.026,0,0.03,2026-09-01T03:59:00Z
3246710,Will Trump meet with Volodymyr Zelenskyy in August 2026?,who-will-trump-meet-with-in-august-20260731154151454,122461.64,24,0.0015,0,0.02,2026-09-01T03:59:00Z
3246710,Will Trump meet with Volodymyr Zelenskyy in August 2026?,who-will-trump-meet-with-in-august-20260731154151454,122461.64,1,0.001,0,0.02,2026-09-01T03:59:00Z
3246711,Will Trump meet with Xi Jinping in August 2026?,who-will-trump-meet-with-in-august-20260731154151454,60794.82,168,0.0015,0,0.03,2026-09-01T03:59:00Z
3246711,Will Trump meet with Xi Jinping in August 2026?,who-will-trump-meet-with-in-august-20260731154151454,60794.82,24,0.0005,0,0.02,2026-09-01T03:59:00Z
3246711,Will Trump meet with Xi Jinping in August 2026?,who-will-trump-meet-with-in-august-20260731154151454,60794.82,1,0.0005,0,0.02,2026-09-01T03:59:00Z
3246712,Will Trump meet with Mohammed bin Salman in August 2026?,who-will-trump-meet-with-in-august-20260731154151454,45636.19,168,0.0195,0,0.03,2026-09-01T03:59:00Z
3246712,Will Trump meet with Mohammed bin Salman in August 2026?,who-will-trump-meet-with-in-august-20260731154151454,45636.19,24,0.0005,0,0.02,2026-09-01T03:59:00Z
3246712,Will Trump meet with Mohammed bin Salman in August 2026?,who-will-trump-meet-with-in-august-20260731154151454,45636.19,1,0.0005,0,0.02,2026-09-01T03:59:00Z
3246713,Will Trump meet with Vladimir Putin in August 2026?,who-will-trump-meet-with-in-august-20260731154151454,27447.52,168,0.007,0,0.03,2026-09-01T03:59:00Z
3246713,Will Trump meet with Vladimir Putin in August 2026?,who-will-trump-meet-with-in-august-20260731154151454,27447.52,24,0.001,0,0.02,2026-09-01T03:59:00Z
3246713,Will Trump meet with Vladimir Putin in August 2026?,who-will-trump-meet-with-in-august-20260731154151454,27447.52,1,0.001,0,0.02,2026-09-01T03:59:00Z
3246714,Will Trump meet with Keir Starmer in August 2026?,who-will-trump-meet-with-in-august-20260731154151454,21316.08,168,0.008,0,0.03,2026-09-01T03:59:00Z
3246714,Will Trump meet with Keir Starmer in August 2026?,who-will-trump-meet-with-in-august-20260731154151454,21316.08,24,0.0025,0,0.02,2026-09-01T03:59:00Z
3246714,Will Trump meet with Keir Starmer in August 2026?,who-will-trump-meet-with-in-august-20260731154151454,21316.08,1,0.0005,0,0.02,2026-09-01T03:59:00Z
3246716,Will Trump meet with Giorgia Meloni in August 2026?,who-will-trump-meet-with-in-august-20260731154151454,11526.76,168,0.03,0,0.03,2026-09-01T03:59:00Z
3246716,Will Trump meet with Giorgia Meloni in August 2026?,who-will-trump-meet-with-in-august-20260731154151454,11526.76,24,0.002,0,0.02,2026-09-01T03:59:00Z
3246716,Will Trump meet with Giorgia Meloni in August 2026?,who-will-trump-meet-with-in-august-20260731154151454,11526.76,1,0.002,0,0.02,2026-09-01T03:59:00Z
3246717,Will Trump meet with Elon Musk in August 2026?,who-will-trump-meet-with-in-august-20260731154151454,17700.36,168,0.068,0,0.03,2026-09-01T03:59:00Z
3246717,Will Trump meet with Elon Musk in August 2026?,who-will-trump-meet-with-in-august-20260731154151454,17700.36,24,0.006,0,0.02,2026-09-01T03:59:00Z
3246717,Will Trump meet with Elon Musk in August 2026?,who-will-trump-meet-with-in-august-20260731154151454,17700.36,1,0.003,0,0.02,2026-09-01T03:59:00Z
3246718,Will Trump meet with Benjamin Netanyahu in August 2026?,who-will-trump-meet-with-in-august-20260731154151454,34811.07,168,0.02,0,0.03,2026-09-01T03:59:00Z
3246718,Will Trump meet with Benjamin Netanyahu in August 2026?,who-will-trump-meet-with-in-august-20260731154151454,34811.07,24,0.003,0,0.02,2026-09-01T03:59:00Z
3246718,Will Trump meet with Benjamin Netanyahu in August 2026?,who-will-trump-meet-with-in-august-20260731154151454,34811.07,1,0.002,0,0.02,2026-09-01T03:59:00Z
3246733,Will Trump speak to Volodymyr Zelenskyy in August?,who-will-trump-speak-to-in-august-20260731154151454,12434.79,168,0.205,0,0.02,2026-08-31T23:59:00Z
3246733,Will Trump speak to Volodymyr Zelenskyy in August?,who-will-trump-speak-to-in-august-20260731154151454,12434.79,24,0.07,0,0.02,2026-08-31T23:59:00Z
3246733,Will Trump speak to Volodymyr Zelenskyy in August?,who-will-trump-speak-to-in-august-20260731154151454,12434.79,1,0.0345,0,0.02,2026-08-31T23:59:00Z
3246734,Will Trump speak to Xi Jinping in August?,who-will-trump-speak-to-in-august-20260731154151454,12024.7,168,0.14,0,0.02,2026-08-31T23:59:00Z
3246734,Will Trump speak to Xi Jinping in August?,who-will-trump-speak-to-in-august-20260731154151454,12024.7,24,0.006,0,0.02,2026-08-31T23:59:00Z
3246734,Will Trump speak to Xi Jinping in August?,who-will-trump-speak-to-in-august-20260731154151454,12024.7,1,0.0295,0,0.02,2026-08-31T23:59:00Z
3246736,Will Trump speak to Vladimir Putin in August?,who-will-trump-speak-to-in-august-20260731154151454,18074.1,168,0.18,0,0.02,2026-08-31T23:59:00Z
3246736,Will Trump speak to Vladimir Putin in August?,who-will-trump-speak-to-in-august-20260731154151454,18074.1,24,0.055,0,0.02,2026-08-31T23:59:00Z
3246736,Will Trump speak to Vladimir Putin in August?,who-will-trump-speak-to-in-august-20260731154151454,18074.1,1,0.026,0,0.02,2026-08-31T23:59:00Z
3246748,Will Trump speak to Pope Leo XIV in August?,who-will-trump-speak-to-in-august-20260731154151454,35830.79,168,0.0255,0,0.02,2026-08-31T23:59:00Z
3246748,Will Trump speak to Pope Leo XIV in August?,who-will-trump-speak-to-in-august-20260731154151454,35830.79,24,0.013,0,0.02,2026-08-31T23:59:00Z
3246748,Will Trump speak to Pope Leo XIV in August?,who-will-trump-speak-to-in-august-20260731154151454,35830.79,1,0.0095,0,0.02,2026-08-31T23:59:00Z
3246751,Will Trump speak to Andy Burnham in August?,who-will-trump-speak-to-in-august-20260731154151454,11189.89,168,0.355,0,0.02,2026-08-31T23:59:00Z
3246751,Will Trump speak to Andy Burnham in August?,who-will-trump-speak-to-in-august-20260731154151454,11189.89,24,0.07,0,0.02,2026-08-31T23:59:00Z
3246751,Will Trump speak to Andy Burnham in August?,who-will-trump-speak-to-in-august-20260731154151454,11189.89,1,0.06,0,0.02,2026-08-31T23:59:00Z
3246753,Will Viborg FF win on 2026-08-14?,den-vib-agf-2026-08-14,177513.18,24,0.48,1,0.0,2026-08-14T17:00:00Z
3246753,Will Viborg FF win on 2026-08-14?,den-vib-agf-2026-08-14,177513.18,1,0.465,1,0.0,2026-08-14T17:00:00Z
3246755,Will Aarhus GF win on 2026-08-14?,den-vib-agf-2026-08-14,24828.16,24,0.27,0,0.0,2026-08-14T17:00:00Z
3246755,Will Aarhus GF win on 2026-08-14?,den-vib-agf-2026-08-14,24828.16,1,0.275,0,0.0,2026-08-14T17:00:00Z
3247166,Will Wuhan San Zhen FC win on 2026-08-14?,chi-wsz-shp-2026-08-14,176823.86,24,0.275,0,0.42,2026-08-14T11:35:00Z
3247166,Will Wuhan San Zhen FC win on 2026-08-14?,chi-wsz-shp-2026-08-14,176823.86,1,0.335,0,0.42,2026-08-14T11:35:00Z
3247167,Will Wuhan San Zhen FC vs. Shanghai Haigang FC end in a draw?,chi-wsz-shp-2026-08-14,35565.58,24,0.25,0,0.42,2026-08-14T11:35:00Z
3247167,Will Wuhan San Zhen FC vs. Shanghai Haigang FC end in a draw?,chi-wsz-shp-2026-08-14,35565.58,1,0.255,0,0.42,2026-08-14T11:35:00Z
3247168,Will Shanghai Haigang FC win on 2026-08-14?,chi-wsz-shp-2026-08-14,212028.74,24,0.475,1,0.42,2026-08-14T11:35:00Z
3247168,Will Shanghai Haigang FC win on 2026-08-14?,chi-wsz-shp-2026-08-14,212028.74,1,0.415,1,0.42,2026-08-14T11:35:00Z
3247169,Will Shandong Taishan FC win on 2026-08-14?,chi-sha-hai-2026-08-14,110756.15,24,0.645,1,0.42,2026-08-14T11:35:00Z
3247169,Will Shandong Taishan FC win on 2026-08-14?,chi-sha-hai-2026-08-14,110756.15,1,0.735,1,0.42,2026-08-14T11:35:00Z
3247170,Will Shandong Taishan FC vs. Qingdao Hainiu FC end in a draw?,chi-sha-hai-2026-08-14,13748.12,24,0.185,0,0.42,2026-08-14T11:35:00Z
3247170,Will Shandong Taishan FC vs. Qingdao Hainiu FC end in a draw?,chi-sha-hai-2026-08-14,13748.12,1,0.155,0,0.42,2026-08-14T11:35:00Z
3247171,Will Qingdao Hainiu FC win on 2026-08-14?,chi-sha-hai-2026-08-14,50310.58,24,0.165,0,0.42,2026-08-14T11:35:00Z
3247171,Will Qingdao Hainiu FC win on 2026-08-14?,chi-sha-hai-2026-08-14,50310.58,1,0.105,0,0.42,2026-08-14T11:35:00Z
3247172,Will Qingdao Xihaian FC win on 2026-08-14?,chi-qin-ton-2026-08-14,110521.01,24,0.46,0,0.01,2026-08-14T12:00:00Z
3247172,Will Qingdao Xihaian FC win on 2026-08-14?,chi-qin-ton-2026-08-14,110521.01,1,0.475,0,0.01,2026-08-14T12:00:00Z
3247173,Will Qingdao Xihaian FC vs. Chongqing Tonglianglong FC end in a draw?,chi-qin-ton-2026-08-14,34297.71,24,0.285,1,0.01,2026-08-14T12:00:00Z
3247173,Will Qingdao Xihaian FC vs. Chongqing Tonglianglong FC end in a draw?,chi-qin-ton-2026-08-14,34297.71,1,0.305,1,0.0,2026-08-14T12:00:00Z
3247174,Will Chongqing Tonglianglong FC win on 2026-08-14?,chi-qin-ton-2026-08-14,37139.96,24,0.26,0,0.0,2026-08-14T12:00:00Z
3247174,Will Chongqing Tonglianglong FC win on 2026-08-14?,chi-qin-ton-2026-08-14,37139.96,1,0.235,0,0.0,2026-08-14T12:00:00Z
3247247,Exact Score: Qingdao Xihaian FC 1 - 0 Chongqing Tonglianglong FC?,chi-qin-ton-2026-08-14-exact-score,13336.92,24,0.11,0,0.0,2026-08-14T12:00:00Z
3247247,Exact Score: Qingdao Xihaian FC 1 - 0 Chongqing Tonglianglong FC?,chi-qin-ton-2026-08-14-exact-score,13336.92,1,0.145,0,0.0,2026-08-14T12:00:00Z
3247249,Exact Score: Qingdao Xihaian FC 1 - 1 Chongqing Tonglianglong FC?,chi-qin-ton-2026-08-14-exact-score,10169.21,24,0.13,0,0.0,2026-08-14T12:00:00Z
3247249,Exact Score: Qingdao Xihaian FC 1 - 1 Chongqing Tonglianglong FC?,chi-qin-ton-2026-08-14-exact-score,10169.21,1,0.145,0,0.0,2026-08-14T12:00:00Z
3248936,"Will claude-opus-5-max be the best AI model on August 17, 2026?",best-ai-model-on-august-17-20260730202018839,21686.67,168,0.96,1,36.02,2026-08-17T23:59:00Z
3248936,"Will claude-opus-5-max be the best AI model on August 17, 2026?",best-ai-model-on-august-17-20260730202018839,21686.67,24,0.953,1,0.02,2026-08-17T23:59:00Z
3249515,FK Orenburg vs. FK Lokomotiv Moskva: O/U 2.5,rus-ore-lok-2026-08-14-more-markets,55441.59,24,0.55,0,0.0,2026-08-14T14:00:00Z
3249515,FK Orenburg vs. FK Lokomotiv Moskva: O/U 2.5,rus-ore-lok-2026-08-14-more-markets,55441.59,1,0.525,0,0.0,2026-08-14T14:00:00Z
3249517,FK Orenburg vs. FK Lokomotiv Moskva: O/U 3.5,rus-ore-lok-2026-08-14-more-markets,12721.09,24,0.33,0,0.0,2026-08-14T14:00:00Z
3249517,FK Orenburg vs. FK Lokomotiv Moskva: O/U 3.5,rus-ore-lok-2026-08-14-more-markets,12721.09,1,0.31,0,0.0,2026-08-14T14:00:00Z
3249760,Nothing Ever Happens: August,nothing-ever-happens-august-20260731190455728,33676.98,168,0.9885,1,0.02,2026-08-31T23:59:00Z
3249760,Nothing Ever Happens: August,nothing-ever-happens-august-20260731190455728,33676.98,24,0.9945,1,0.02,2026-08-31T23:59:00Z
3249760,Nothing Ever Happens: August,nothing-ever-happens-august-20260731190455728,33676.98,1,0.997,1,0.02,2026-08-31T23:59:00Z
3249814,Will there be between 0 and 20 average daily transits of the Strait of Hormuz on August 31?,avgpt-of-ships-transiting-strait-of-hormuz-end-of-august,61186.8,168,0.9815,1,0.02,2026-08-31T23:59:00Z
3249814,Will there be between 0 and 20 average daily transits of the Strait of Hormuz on August 31?,avgpt-of-ships-transiting-strait-of-hormuz-end-of-august,61186.8,24,0.988,1,0.02,2026-08-31T23:59:00Z
3249814,Will there be between 0 and 20 average daily transits of the Strait of Hormuz on August 31?,avgpt-of-ships-transiting-strait-of-hormuz-end-of-august,61186.8,1,0.9935,1,0.02,2026-08-31T23:59:00Z
3249816,Will there be between 20 and 40 average daily transits of the Strait of Hormuz on August 31?,avgpt-of-ships-transiting-strait-of-hormuz-end-of-august,14567.86,168,0.0145,0,0.02,2026-08-31T23:59:00Z
3249816,Will there be between 20 and 40 average daily transits of the Strait of Hormuz on August 31?,avgpt-of-ships-transiting-strait-of-hormuz-end-of-august,14567.86,24,0.0055,0,0.02,2026-08-31T23:59:00Z
3249816,Will there be between 20 and 40 average daily transits of the Strait of Hormuz on August 31?,avgpt-of-ships-transiting-strait-of-hormuz-end-of-august,14567.86,1,0.005,0,0.02,2026-08-31T23:59:00Z
3249819,Will there be between 40 and 60 average daily transits of the Strait of Hormuz on August 31?,avgpt-of-ships-transiting-strait-of-hormuz-end-of-august,15017.41,168,0.0035,0,0.02,2026-08-31T23:59:00Z
3249819,Will there be between 40 and 60 average daily transits of the Strait of Hormuz on August 31?,avgpt-of-ships-transiting-strait-of-hormuz-end-of-august,15017.41,24,0.0005,0,0.02,2026-08-31T23:59:00Z
3249819,Will there be between 40 and 60 average daily transits of the Strait of Hormuz on August 31?,avgpt-of-ships-transiting-strait-of-hormuz-end-of-august,15017.41,1,0.0005,0,0.02,2026-08-31T23:59:00Z
3249820,Will there be between 60 and 80 average daily transits of the Strait of Hormuz on August 31?,avgpt-of-ships-transiting-strait-of-hormuz-end-of-august,11338.84,168,0.0015,0,0.02,2026-08-31T23:59:00Z
3249820,Will there be between 60 and 80 average daily transits of the Strait of Hormuz on August 31?,avgpt-of-ships-transiting-strait-of-hormuz-end-of-august,11338.84,24,0.0005,0,0.02,2026-08-31T23:59:00Z
3249820,Will there be between 60 and 80 average daily transits of the Strait of Hormuz on August 31?,avgpt-of-ships-transiting-strait-of-hormuz-end-of-august,11338.84,1,0.0005,0,0.02,2026-08-31T23:59:00Z
3250107,Spread: Al Hilal Saudi Club (-1.5),spl-hil-fai-2026-08-14-more-markets,13410.44,24,0.715,1,0.01,2026-08-14T18:00:00Z
3250107,Spread: Al Hilal Saudi Club (-1.5),spl-hil-fai-2026-08-14-more-markets,13410.44,1,0.675,1,0.01,2026-08-14T18:00:00Z
3250115,Spread: Al Hilal Saudi Club (-2.5),spl-hil-fai-2026-08-14-more-markets,43484.78,24,0.495,0,0.01,2026-08-14T18:00:00Z
3250115,Spread: Al Hilal Saudi Club (-2.5),spl-hil-fai-2026-08-14-more-markets,43484.78,1,0.445,0,0.01,2026-08-14T18:00:00Z
3250117,Al Hilal Saudi Club vs. Al Faisaly Saudi Club: O/U 0.5,spl-hil-fai-2026-08-14-more-markets,12989.17,24,0.9705,1,0.01,2026-08-14T18:00:00Z
3250117,Al Hilal Saudi Club vs. Al Faisaly Saudi Club: O/U 0.5,spl-hil-fai-2026-08-14-more-markets,12989.17,1,0.976,1,0.01,2026-08-14T18:00:00Z
3250129,Al Hilal Saudi Club vs. Al Faisaly Saudi Club: O/U 2.5,spl-hil-fai-2026-08-14-more-markets,17369.5,24,0.755,1,0.01,2026-08-14T18:00:00Z
3250129,Al Hilal Saudi Club vs. Al Faisaly Saudi Club: O/U 2.5,spl-hil-fai-2026-08-14-more-markets,17369.5,1,0.715,1,0.01,2026-08-14T18:00:00Z
3250134,Al Hilal Saudi Club vs. Al Faisaly Saudi Club: O/U 3.5,spl-hil-fai-2026-08-14-more-markets,39423.16,24,0.545,1,0.01,2026-08-14T18:00:00Z
3250134,Al Hilal Saudi Club vs. Al Faisaly Saudi Club: O/U 3.5,spl-hil-fai-2026-08-14-more-markets,39423.16,1,0.485,1,0.01,2026-08-14T18:00:00Z
3250136,Al Hilal Saudi Club vs. Al Faisaly Saudi Club: O/U 4.5,spl-hil-fai-2026-08-14-more-markets,11973.07,24,0.355,1,0.01,2026-08-14T18:00:00Z
3250136,Al Hilal Saudi Club vs. Al Faisaly Saudi Club: O/U 4.5,spl-hil-fai-2026-08-14-more-markets,11973.07,1,0.295,1,0.01,2026-08-14T18:00:00Z
3250137,Al Hilal Saudi Club vs. Al Faisaly Saudi Club: O/U 5.5,spl-hil-fai-2026-08-14-more-markets,87510.25,24,0.2,1,0.01,2026-08-14T18:00:00Z
3250137,Al Hilal Saudi Club vs. Al Faisaly Saudi Club: O/U 5.5,spl-hil-fai-2026-08-14-more-markets,87510.25,1,0.155,1,0.01,2026-08-14T18:00:00Z
3250233,Spread: Al Ettifaq Saudi Club (-1.5),spl-ett-riy-2026-08-14-more-markets,13231.78,24,0.245,1,0.01,2026-08-14T18:00:00Z
3250233,Spread: Al Ettifaq Saudi Club (-1.5),spl-ett-riy-2026-08-14-more-markets,13231.78,1,0.225,1,0.01,2026-08-14T18:00:00Z
3250253,Al Ettifaq Saudi Club vs. Al Riyadh Saudi Club: O/U 2.5,spl-ett-riy-2026-08-14-more-markets,30162.94,24,0.61,1,0.01,2026-08-14T18:00:00Z
3250253,Al Ettifaq Saudi Club vs. Al Riyadh Saudi Club: O/U 2.5,spl-ett-riy-2026-08-14-more-markets,30162.94,1,0.58,1,0.01,2026-08-14T18:00:00Z
3250255,Al Ettifaq Saudi Club vs. Al Riyadh Saudi Club: O/U 4.5,spl-ett-riy-2026-08-14-more-markets,19748.91,24,0.205,1,0.01,2026-08-14T18:00:00Z
3250255,Al Ettifaq Saudi Club vs. Al Riyadh Saudi Club: O/U 4.5,spl-ett-riy-2026-08-14-more-markets,19748.91,1,0.185,1,0.01,2026-08-14T18:00:00Z
3250264,Al Ettifaq Saudi Club vs. Al Riyadh Saudi Club: O/U 5.5,spl-ett-riy-2026-08-14-more-markets,171461.8,24,0.085,1,0.01,2026-08-14T18:00:00Z
3250264,Al Ettifaq Saudi Club vs. Al Riyadh Saudi Club: O/U 5.5,spl-ett-riy-2026-08-14-more-markets,171461.8,1,0.08,1,0.01,2026-08-14T18:00:00Z
3250384,NEOM SC vs. Al Fayha Saudi Club: O/U 2.5,spl-neo-fay-2026-08-14-more-markets,20609.91,24,0.51,1,0.17,2026-08-14T16:50:00Z
3250384,NEOM SC vs. Al Fayha Saudi Club: O/U 2.5,spl-neo-fay-2026-08-14-more-markets,20609.91,1,0.505,1,0.17,2026-08-14T16:50:00Z
3250389,NEOM SC vs. Al Fayha Saudi Club: O/U 3.5,spl-neo-fay-2026-08-14-more-markets,15919.18,24,0.295,0,0.17,2026-08-14T16:50:00Z
3250389,NEOM SC vs. Al Fayha Saudi Club: O/U 3.5,spl-neo-fay-2026-08-14-more-markets,15919.18,1,0.285,0,0.17,2026-08-14T16:50:00Z
3251540,Will Core PCE YoY be 3.2% in July?,core-pce-yoy-july-2026-20260731151537,12510.59,168,0.17,0,0.5,2026-08-26T13:30:00Z
3251540,Will Core PCE YoY be 3.2% in July?,core-pce-yoy-july-2026-20260731151537,12510.59,24,0.21,0,0.5,2026-08-26T13:30:00Z
3251540,Will Core PCE YoY be 3.2% in July?,core-pce-yoy-july-2026-20260731151537,12510.59,1,0.215,0,0.49,2026-08-26T13:30:00Z
3251541,Will Core PCE YoY be 3.3% in July?,core-pce-yoy-july-2026-20260731151537,30783.18,168,0.835,1,0.5,2026-08-26T13:30:00Z
3251541,Will Core PCE YoY be 3.3% in July?,core-pce-yoy-july-2026-20260731151537,30783.18,24,0.77,1,0.5,2026-08-26T13:30:00Z
3251541,Will Core PCE YoY be 3.3% in July?,core-pce-yoy-july-2026-20260731151537,30783.18,1,0.735,1,0.5,2026-08-26T13:30:00Z
3251550,Will Core PCE MoM be 0.3% in July?,core-pce-mom-july-2026-20260731151537,21234.6,168,0.295,0,0.5,2026-08-26T13:30:00Z
3251550,Will Core PCE MoM be 0.3% in July?,core-pce-mom-july-2026-20260731151537,21234.6,24,0.2,0,0.5,2026-08-26T13:30:00Z
3251550,Will Core PCE MoM be 0.3% in July?,core-pce-mom-july-2026-20260731151537,21234.6,1,0.15,0,0.49,2026-08-26T13:30:00Z
3251577,Will Anthropic's valuation hit (HIGH) $1.5T by August 31?,will-anthropics-valuation-hit-by-august-31-20260730152502269,11117.66,168,0.019,0,0.0,2026-09-01T19:00:00Z
3251577,Will Anthropic's valuation hit (HIGH) $1.5T by August 31?,will-anthropics-valuation-hit-by-august-31-20260730152502269,11117.66,24,0.004,0,0.0,2026-09-01T19:00:00Z
3251577,Will Anthropic's valuation hit (HIGH) $1.5T by August 31?,will-anthropics-valuation-hit-by-august-31-20260730152502269,11117.66,1,0.0005,0,0.01,2026-09-01T19:00:00Z
3253021,"Will Iran target a Arab country on August 17, 2026?",will-iran-target-a-arab-country-onptptpt-20260801004719118,249775.52,168,0.065,1,36.02,2026-08-17T23:59:00Z
3253021,"Will Iran target a Arab country on August 17, 2026?",will-iran-target-a-arab-country-onptptpt-20260801004719118,249775.52,24,0.0515,1,0.02,2026-08-17T23:59:00Z
3253021,"Will Iran target a Arab country on August 17, 2026?",will-iran-target-a-arab-country-onptptpt-20260801004719118,249775.52,1,0.8845,1,0.02,2026-08-17T23:59:00Z
3253022,"Will Iran target a Arab country on August 18, 2026?",will-iran-target-a-arab-country-onptptpt-20260801004719118,155841.71,168,0.08,0,8.02,2026-08-19T03:59:00Z
3253022,"Will Iran target a Arab country on August 18, 2026?",will-iran-target-a-arab-country-onptptpt-20260801004719118,155841.71,24,0.0605,0,0.02,2026-08-19T03:59:00Z
3253022,"Will Iran target a Arab country on August 18, 2026?",will-iran-target-a-arab-country-onptptpt-20260801004719118,155841.71,1,0.0165,0,0.02,2026-08-19T03:59:00Z
3253028,"Will Iran target a Arab country on August 24, 2026?",will-iran-target-a-arab-country-onptptpt-20260801004719118,10049.33,168,0.047,0,0.02,2026-08-25T03:59:00Z
3253028,"Will Iran target a Arab country on August 24, 2026?",will-iran-target-a-arab-country-onptptpt-20260801004719118,10049.33,24,0.057,0,0.02,2026-08-25T03:59:00Z
3253028,"Will Iran target a Arab country on August 24, 2026?",will-iran-target-a-arab-country-onptptpt-20260801004719118,10049.33,1,0.013,0,0.02,2026-08-25T03:59:00Z
3253029,"Will Iran target a Arab country on August 25, 2026?",will-iran-target-a-arab-country-onptptpt-20260801004719118,11771.22,168,0.135,0,0.02,2026-08-26T03:59:00Z
3253029,"Will Iran target a Arab country on August 25, 2026?",will-iran-target-a-arab-country-onptptpt-20260801004719118,11771.22,24,0.06,0,0.03,2026-08-26T03:59:00Z
3253029,"Will Iran target a Arab country on August 25, 2026?",will-iran-target-a-arab-country-onptptpt-20260801004719118,11771.22,1,0.0175,0,0.02,2026-08-26T03:59:00Z
3253033,"Will Iran target a Arab country on August 29, 2026?",will-iran-target-a-arab-country-onptptpt-20260801004719118,12201.5,168,0.075,0,0.03,2026-08-29T20:59:00Z
3253033,"Will Iran target a Arab country on August 29, 2026?",will-iran-target-a-arab-country-onptptpt-20260801004719118,12201.5,24,0.0445,0,0.03,2026-08-29T20:59:00Z
3253033,"Will Iran target a Arab country on August 29, 2026?",will-iran-target-a-arab-country-onptptpt-20260801004719118,12201.5,1,0.0395,0,0.02,2026-08-29T20:59:00Z
3253034,"Will Iran target a Arab country on August 30, 2026?",will-iran-target-a-arab-country-onptptpt-20260801004719118,24226.75,168,0.12,0,0.03,2026-08-30T20:59:00Z
3253034,"Will Iran target a Arab country on August 30, 2026?",will-iran-target-a-arab-country-onptptpt-20260801004719118,24226.75,24,0.0185,0,0.02,2026-08-30T20:59:00Z
3253034,"Will Iran target a Arab country on August 30, 2026?",will-iran-target-a-arab-country-onptptpt-20260801004719118,24226.75,1,0.0625,0,0.02,2026-08-30T20:59:00Z
3253035,"Will Iran target a Arab country on August 31, 2026?",will-iran-target-a-arab-country-onptptpt-20260801004719118,41718.88,168,0.105,1,0.02,2026-08-31T20:59:00Z
3253035,"Will Iran target a Arab country on August 31, 2026?",will-iran-target-a-arab-country-onptptpt-20260801004719118,41718.88,24,0.7045,1,0.02,2026-08-31T20:59:00Z
3253682,Will Wolverhampton Wanderers FC win on 2026-08-14?,elc-wol-bbr-2026-08-14,875064.97,24,0.625,0,0.01,2026-08-14T19:00:00Z
3253682,Will Wolverhampton Wanderers FC win on 2026-08-14?,elc-wol-bbr-2026-08-14,875064.97,1,0.645,0,0.01,2026-08-14T19:00:00Z
3253687,Will Eintracht Braunschweig win on 2026-08-14?,bl2-bra-boc-2026-08-14,40966.14,24,0.39,0,0.5,2026-08-14T16:30:00Z
3253687,Will Eintracht Braunschweig win on 2026-08-14?,bl2-bra-boc-2026-08-14,40966.14,1,0.395,0,0.5,2026-08-14T16:30:00Z
3253694,Will Wolverhampton Wanderers FC vs. Blackburn Rovers FC end in a draw?,elc-wol-bbr-2026-08-14,47561.77,24,0.215,1,0.01,2026-08-14T19:00:00Z
3253694,Will Wolverhampton Wanderers FC vs. Blackburn Rovers FC end in a draw?,elc-wol-bbr-2026-08-14,47561.77,1,0.225,1,0.0,2026-08-14T19:00:00Z
3253707,Will Blackburn Rovers FC win on 2026-08-14?,elc-wol-bbr-2026-08-14,137050.9,24,0.155,0,0.01,2026-08-14T19:00:00Z
3253707,Will Blackburn Rovers FC win on 2026-08-14?,elc-wol-bbr-2026-08-14,137050.9,1,0.135,0,0.0,2026-08-14T19:00:00Z
3253713,Will VfL Bochum win on 2026-08-14?,bl2-bra-boc-2026-08-14,34838.09,24,0.325,1,0.5,2026-08-14T16:30:00Z
3253713,Will VfL Bochum win on 2026-08-14?,bl2-bra-boc-2026-08-14,34838.09,1,0.325,1,0.49,2026-08-14T16:30:00Z
3253770,Will Holstein Kiel win on 2026-08-14?,bl2-ksv-stp-2026-08-14,74818.46,24,0.405,0,0.5,2026-08-14T16:30:00Z
3253770,Will Holstein Kiel win on 2026-08-14?,bl2-ksv-stp-2026-08-14,74818.46,1,0.375,0,0.5,2026-08-14T16:30:00Z
3253772,Will Holstein Kiel vs. FC St. Pauli 1910 end in a draw?,bl2-ksv-stp-2026-08-14,27020.29,24,0.275,1,0.5,2026-08-14T16:30:00Z
3253772,Will Holstein Kiel vs. FC St. Pauli 1910 end in a draw?,bl2-ksv-stp-2026-08-14,27020.29,1,0.275,1,0.5,2026-08-14T16:30:00Z
3253779,Will FC St. Pauli 1910 win on 2026-08-14?,bl2-ksv-stp-2026-08-14,172239.27,24,0.335,0,0.5,2026-08-14T16:30:00Z
3253779,Will FC St. Pauli 1910 win on 2026-08-14?,bl2-ksv-stp-2026-08-14,172239.27,1,0.355,0,0.5,2026-08-14T16:30:00Z
3253886,Dallas Wings vs. Indiana Fever,wnba-dal-ind-2026-08-14,315546.47,24,0.28,0,0.5,2026-08-14T23:30:00Z
3253886,Dallas Wings vs. Indiana Fever,wnba-dal-ind-2026-08-14,315546.47,1,0.245,0,0.5,2026-08-14T23:30:00Z
3253917,Portland Fire vs. Seattle Storm,wnba-por-sea-2026-08-14,297428.72,24,0.415,1,0.0,2026-08-15T02:00:00Z
3253917,Portland Fire vs. Seattle Storm,wnba-por-sea-2026-08-14,297428.72,1,0.405,1,0.0,2026-08-15T02:00:00Z
3255062,FC Dinamo City vs. FK Auda: O/U 0.5,col-din3-aud-2026-08-13-more-markets,13126.98,24,0.92,1,0.0,2026-08-13T19:00:00Z
3255062,FC Dinamo City vs. FK Auda: O/U 0.5,col-din3-aud-2026-08-13-more-markets,13126.98,1,0.945,1,0.01,2026-08-13T19:00:00Z
3255071,FC Dinamo City vs. FK Auda: O/U 2.5,col-din3-aud-2026-08-13-more-markets,11286.72,24,0.485,1,0.0,2026-08-13T19:00:00Z
3255071,FC Dinamo City vs. FK Auda: O/U 2.5,col-din3-aud-2026-08-13-more-markets,11286.72,1,0.555,1,0.01,2026-08-13T19:00:00Z
3255072,FC Dinamo City vs. FK Auda: O/U 3.5,col-din3-aud-2026-08-13-more-markets,43632.47,24,0.265,1,0.0,2026-08-13T19:00:00Z
3255072,FC Dinamo City vs. FK Auda: O/U 3.5,col-din3-aud-2026-08-13-more-markets,43632.47,1,0.32,1,0.01,2026-08-13T19:00:00Z
3255073,FC Dinamo City vs. FK Auda: O/U 4.5,col-din3-aud-2026-08-13-more-markets,21850.78,24,0.13,0,0.01,2026-08-13T19:00:00Z
3255073,FC Dinamo City vs. FK Auda: O/U 4.5,col-din3-aud-2026-08-13-more-markets,21850.78,1,0.155,0,0.01,2026-08-13T19:00:00Z
3255197,HNK Hajduk Split vs. FK Žalgiris Vilnius: O/U 2.5,col-haj-zal-2026-08-13-more-markets,11560.98,24,0.655,1,0.01,2026-08-13T19:00:00Z
3255197,HNK Hajduk Split vs. FK Žalgiris Vilnius: O/U 2.5,col-haj-zal-2026-08-13-more-markets,11560.98,1,0.635,1,0.01,2026-08-13T19:00:00Z
3255202,HNK Hajduk Split vs. FK Žalgiris Vilnius: O/U 3.5,col-haj-zal-2026-08-13-more-markets,21418.83,24,0.445,1,0.0,2026-08-13T19:00:00Z
3255202,HNK Hajduk Split vs. FK Žalgiris Vilnius: O/U 3.5,col-haj-zal-2026-08-13-more-markets,21418.83,1,0.405,1,0.01,2026-08-13T19:00:00Z
3255300,Spread: FC Lugano (-1.5),col-nsi-lug-2026-08-13-more-markets,21385.83,24,0.515,0,0.26,2026-08-13T18:45:00Z
3255300,Spread: FC Lugano (-1.5),col-nsi-lug-2026-08-13-more-markets,21385.83,1,0.255,0,0.26,2026-08-13T18:45:00Z
3255327,NSÍ Runavík vs. FC Lugano: O/U 3.5,col-nsi-lug-2026-08-13-more-markets,16970.45,24,0.395,1,0.26,2026-08-13T18:45:00Z
3255327,NSÍ Runavík vs. FC Lugano: O/U 3.5,col-nsi-lug-2026-08-13-more-markets,16970.45,1,0.455,1,0.26,2026-08-13T18:45:00Z
3255441,Spread: AFC Ajax (-1.5),col-she1-aja-2026-08-13-more-markets,10175.52,24,0.645,0,0.25,2026-08-13T18:45:00Z
3255441,Spread: AFC Ajax (-1.5),col-she1-aja-2026-08-13-more-markets,10175.52,1,0.595,0,0.26,2026-08-13T18:45:00Z
3255448,Shelbourne FC vs. AFC Ajax: O/U 0.5,col-she1-aja-2026-08-13-more-markets,14165.0,24,0.9705,1,0.25,2026-08-13T18:45:00Z
3255448,Shelbourne FC vs. AFC Ajax: O/U 0.5,col-she1-aja-2026-08-13-more-markets,14165.0,1,0.974,1,0.26,2026-08-13T18:45:00Z
3255462,Shelbourne FC vs. AFC Ajax: O/U 3.5,col-she1-aja-2026-08-13-more-markets,46119.87,24,0.485,1,0.25,2026-08-13T18:45:00Z
3255462,Shelbourne FC vs. AFC Ajax: O/U 3.5,col-she1-aja-2026-08-13-more-markets,46119.87,1,0.465,1,0.26,2026-08-13T18:45:00Z
3255464,Shelbourne FC vs. AFC Ajax: O/U 4.5,col-she1-aja-2026-08-13-more-markets,14620.88,24,0.295,0,0.25,2026-08-13T18:45:00Z
3255464,Shelbourne FC vs. AFC Ajax: O/U 4.5,col-she1-aja-2026-08-13-more-markets,14620.88,1,0.27,0,0.26,2026-08-13T18:45:00Z
3255697,KAA Gent vs. IFK Göteborg: O/U 2.5,col-gen-got-2026-08-13-more-markets,12006.94,24,0.555,0,0.49,2026-08-13T18:30:00Z
3255697,KAA Gent vs. IFK Göteborg: O/U 2.5,col-gen-got-2026-08-13-more-markets,12006.94,1,0.555,0,0.5,2026-08-13T18:30:00Z
3255816,Spread: MH Beitar Jerusalem (-1.5),col-aus-bei-2026-08-13-more-markets,16296.4,24,0.135,0,0.5,2026-08-13T18:30:00Z
3255816,Spread: MH Beitar Jerusalem (-1.5),col-aus-bei-2026-08-13-more-markets,16296.4,1,0.19,0,0.5,2026-08-13T18:30:00Z
3255836,FK Austria Wien vs. MH Beitar Jerusalem: O/U 3.5,col-aus-bei-2026-08-13-more-markets,20353.26,24,0.335,0,0.49,2026-08-13T18:30:00Z
3255836,FK Austria Wien vs. MH Beitar Jerusalem: O/U 3.5,col-aus-bei-2026-08-13-more-markets,20353.26,1,0.345,0,0.5,2026-08-13T18:30:00Z
3255964,FC Sion vs. Noah FA: O/U 2.5,col-sio-noa-2026-08-13-more-markets,10324.98,24,0.555,1,0.24,2026-08-13T18:15:00Z
3255964,FC Sion vs. Noah FA: O/U 2.5,col-sio-noa-2026-08-13-more-markets,10324.98,1,0.575,1,0.25,2026-08-13T18:15:00Z
3256067,Spread: FC St. Gallen (-1.5),col-stg-she-2026-08-13-more-markets,30766.44,24,0.515,1,0.0,2026-08-13T18:00:00Z
3256067,Spread: FC St. Gallen (-1.5),col-stg-she-2026-08-13-more-markets,30766.44,1,0.515,1,0.0,2026-08-13T18:00:00Z
3256079,FC St. Gallen vs. FC Sheriff Tiraspol: O/U 0.5,col-stg-she-2026-08-13-more-markets,12905.22,24,0.93,1,0.01,2026-08-13T18:00:00Z
3256079,FC St. Gallen vs. FC Sheriff Tiraspol: O/U 0.5,col-stg-she-2026-08-13-more-markets,12905.22,1,0.966,1,0.0,2026-08-13T18:00:00Z
3256335,KF Shkëndija 79 vs. Hibernian FC: O/U 0.5,col-shk-hib1-2026-08-13-more-markets,14092.25,24,0.945,0,0.01,2026-08-13T18:00:00Z
3256335,KF Shkëndija 79 vs. Hibernian FC: O/U 0.5,col-shk-hib1-2026-08-13-more-markets,14092.25,1,0.94,0,0.0,2026-08-13T18:00:00Z
3256471,Spread: FC Midtjylland (-1.5),col-mid-bohe-2026-08-13-more-markets,14074.45,24,0.615,0,0.0,2026-08-13T17:00:00Z
3256471,Spread: FC Midtjylland (-1.5),col-mid-bohe-2026-08-13-more-markets,14074.45,1,0.615,0,0.0,2026-08-13T17:00:00Z
3256473,Spread: FC Midtjylland (-2.5),col-mid-bohe-2026-08-13-more-markets,11098.94,24,0.395,0,0.0,2026-08-13T17:00:00Z
3256473,Spread: FC Midtjylland (-2.5),col-mid-bohe-2026-08-13-more-markets,11098.94,1,0.395,0,0.0,2026-08-13T17:00:00Z
3256520,Hammarby Fotboll vs. RKS Raków Częstochowa: O/U 1.5,col-hif-rak-2026-08-13-more-markets,31145.24,24,0.775,0,0.0,2026-08-13T17:00:00Z
3256520,Hammarby Fotboll vs. RKS Raków Częstochowa: O/U 1.5,col-hif-rak-2026-08-13-more-markets,31145.24,1,0.775,0,0.0,2026-08-13T17:00:00Z
3256521,Hammarby Fotboll vs. RKS Raków Częstochowa: O/U 2.5,col-hif-rak-2026-08-13-more-markets,17750.75,24,0.535,0,0.0,2026-08-13T17:00:00Z
3256521,Hammarby Fotboll vs. RKS Raków Częstochowa: O/U 2.5,col-hif-rak-2026-08-13-more-markets,17750.75,1,0.535,0,0.0,2026-08-13T17:00:00Z
3256566,FC Nordsjælland vs. KF Valur: O/U 3.5,col-nor-val-2026-08-13-more-markets,18807.08,24,0.57,1,0.0,2026-08-13T17:00:00Z
3256566,FC Nordsjælland vs. KF Valur: O/U 3.5,col-nor-val-2026-08-13-more-markets,18807.08,1,0.635,1,0.0,2026-08-13T17:00:00Z
3256567,FC Nordsjælland vs. KF Valur: O/U 4.5,col-nor-val-2026-08-13-more-markets,28705.4,24,0.37,1,0.0,2026-08-13T17:00:00Z
3256567,FC Nordsjælland vs. KF Valur: O/U 4.5,col-nor-val-2026-08-13-more-markets,28705.4,1,0.435,1,0.0,2026-08-13T17:00:00Z
3256568,FC Nordsjælland vs. KF Valur: O/U 5.5,col-nor-val-2026-08-13-more-markets,22399.85,24,0.21,0,0.0,2026-08-13T17:00:00Z
3256568,FC Nordsjælland vs. KF Valur: O/U 5.5,col-nor-val-2026-08-13-more-markets,22399.85,1,0.265,0,0.0,2026-08-13T17:00:00Z
3256569,FC Nordsjælland vs. KF Valur: Both Teams to Score,col-nor-val-2026-08-13-more-markets,17792.06,24,0.4,0,0.0,2026-08-13T17:00:00Z
3256569,FC Nordsjælland vs. KF Valur: Both Teams to Score,col-nor-val-2026-08-13-more-markets,17792.06,1,0.425,0,0.0,2026-08-13T17:00:00Z
3256596,Tromsø IL vs. FC CFR 1907 Cluj: O/U 0.5,col-tro-clu-2026-08-13-more-markets,11739.3,24,0.945,1,0.0,2026-08-13T17:00:00Z
3256596,Tromsø IL vs. FC CFR 1907 Cluj: O/U 0.5,col-tro-clu-2026-08-13-more-markets,11739.3,1,0.945,1,0.0,2026-08-13T17:00:00Z
3256598,Tromsø IL vs. FC CFR 1907 Cluj: O/U 2.5,col-tro-clu-2026-08-13-more-markets,15592.7,24,0.585,1,0.0,2026-08-13T17:00:00Z
3256598,Tromsø IL vs. FC CFR 1907 Cluj: O/U 2.5,col-tro-clu-2026-08-13-more-markets,15592.7,1,0.565,1,0.0,2026-08-13T17:00:00Z
3256599,Tromsø IL vs. FC CFR 1907 Cluj: O/U 3.5,col-tro-clu-2026-08-13-more-markets,10673.82,24,0.355,0,0.0,2026-08-13T17:00:00Z
3256599,Tromsø IL vs. FC CFR 1907 Cluj: O/U 3.5,col-tro-clu-2026-08-13-more-markets,10673.82,1,0.335,0,0.0,2026-08-13T17:00:00Z
3256730,FC Flora vs. Inter Club d'Escaldes: O/U 2.5,col-flo-int-2026-08-13-more-markets,12656.59,24,0.495,1,0.0,2026-08-13T16:00:00Z
3256730,FC Flora vs. Inter Club d'Escaldes: O/U 2.5,col-flo-int-2026-08-13-more-markets,12656.59,1,0.545,1,0.0,2026-08-13T16:00:00Z
3256732,FC Flora vs. Inter Club d'Escaldes: O/U 4.5,col-flo-int-2026-08-13-more-markets,20079.25,24,0.125,0,0.0,2026-08-13T16:00:00Z
3256732,FC Flora vs. Inter Club d'Escaldes: O/U 4.5,col-flo-int-2026-08-13-more-markets,20079.25,1,0.155,0,0.0,2026-08-13T16:00:00Z
3256765,FC DAC 1904 Dunajská Streda vs. FC Twente: O/U 4.5,col-dac-twe-2026-08-13-more-markets,10200.03,24,0.195,1,0.0,2026-08-13T16:00:00Z
3256765,FC DAC 1904 Dunajská Streda vs. FC Twente: O/U 4.5,col-dac-twe-2026-08-13-more-markets,10200.03,1,0.19,1,0.0,2026-08-13T16:00:00Z
3256795,Qarabağ Ağdam FK vs. FK Dynamo Kyiv: O/U 1.5,col-qar-dyn-2026-08-13-more-markets,15079.69,24,0.755,1,0.0,2026-08-13T16:00:00Z
3256795,Qarabağ Ağdam FK vs. FK Dynamo Kyiv: O/U 1.5,col-qar-dyn-2026-08-13-more-markets,15079.69,1,0.76,1,0.0,2026-08-13T16:00:00Z
3256796,Qarabağ Ağdam FK vs. FK Dynamo Kyiv: O/U 2.5,col-qar-dyn-2026-08-13-more-markets,173513.66,24,0.5,0,0.0,2026-08-13T16:00:00Z
3256796,Qarabağ Ağdam FK vs. FK Dynamo Kyiv: O/U 2.5,col-qar-dyn-2026-08-13-more-markets,173513.66,1,0.525,0,0.0,2026-08-13T16:00:00Z
3256797,Qarabağ Ağdam FK vs. FK Dynamo Kyiv: O/U 3.5,col-qar-dyn-2026-08-13-more-markets,49900.91,24,0.29,0,0.0,2026-08-13T16:00:00Z
3256797,Qarabağ Ağdam FK vs. FK Dynamo Kyiv: O/U 3.5,col-qar-dyn-2026-08-13-more-markets,49900.91,1,0.295,0,0.0,2026-08-13T16:00:00Z
3256798,Qarabağ Ağdam FK vs. FK Dynamo Kyiv: O/U 4.5,col-qar-dyn-2026-08-13-more-markets,16794.84,24,0.135,0,0.0,2026-08-13T16:00:00Z
3256798,Qarabağ Ağdam FK vs. FK Dynamo Kyiv: O/U 4.5,col-qar-dyn-2026-08-13-more-markets,16794.84,1,0.125,0,0.0,2026-08-13T16:00:00Z
3256827,Ilves Tampere vs. HNK Rijeka: O/U 0.5,col-ilv-rij-2026-08-13-more-markets,13328.11,24,0.91,1,0.0,2026-08-13T16:00:00Z
3256827,Ilves Tampere vs. HNK Rijeka: O/U 0.5,col-ilv-rij-2026-08-13-more-markets,13328.11,1,0.915,1,0.0,2026-08-13T16:00:00Z
3256828,Ilves Tampere vs. HNK Rijeka: O/U 1.5,col-ilv-rij-2026-08-13-more-markets,10813.74,24,0.715,1,0.0,2026-08-13T16:00:00Z
3256828,Ilves Tampere vs. HNK Rijeka: O/U 1.5,col-ilv-rij-2026-08-13-more-markets,10813.74,1,0.715,1,0.0,2026-08-13T16:00:00Z
3256829,Ilves Tampere vs. HNK Rijeka: O/U 2.5,col-ilv-rij-2026-08-13-more-markets,34700.96,24,0.465,0,0.0,2026-08-13T16:00:00Z
3256829,Ilves Tampere vs. HNK Rijeka: O/U 2.5,col-ilv-rij-2026-08-13-more-markets,34700.96,1,0.455,0,0.0,2026-08-13T16:00:00Z
3256830,Ilves Tampere vs. HNK Rijeka: O/U 3.5,col-ilv-rij-2026-08-13-more-markets,12885.61,24,0.245,0,0.0,2026-08-13T16:00:00Z
3256830,Ilves Tampere vs. HNK Rijeka: O/U 3.5,col-ilv-rij-2026-08-13-more-markets,12885.61,1,0.24,0,0.0,2026-08-13T16:00:00Z
3256833,Ilves Tampere vs. HNK Rijeka: Both Teams to Score,col-ilv-rij-2026-08-13-more-markets,11737.26,24,0.48,1,0.0,2026-08-13T16:00:00Z
3256833,Ilves Tampere vs. HNK Rijeka: Both Teams to Score,col-ilv-rij-2026-08-13-more-markets,11737.26,1,0.49,1,0.0,2026-08-13T16:00:00Z
3256860,Tobyl FK vs. FK Partizan Beograd: O/U 0.5,col-tob-par-2026-08-13-more-markets,17406.82,24,0.935,1,0.01,2026-08-13T15:00:00Z
3256860,Tobyl FK vs. FK Partizan Beograd: O/U 0.5,col-tob-par-2026-08-13-more-markets,17406.82,1,0.945,1,0.0,2026-08-13T15:00:00Z
3256861,Tobyl FK vs. FK Partizan Beograd: O/U 1.5,col-tob-par-2026-08-13-more-markets,17366.1,24,0.765,1,0.01,2026-08-13T15:00:00Z
3256861,Tobyl FK vs. FK Partizan Beograd: O/U 1.5,col-tob-par-2026-08-13-more-markets,17366.1,1,0.79,1,0.0,2026-08-13T15:00:00Z
3256862,Tobyl FK vs. FK Partizan Beograd: O/U 2.5,col-tob-par-2026-08-13-more-markets,83648.77,24,0.515,1,0.01,2026-08-13T15:00:00Z
3256862,Tobyl FK vs. FK Partizan Beograd: O/U 2.5,col-tob-par-2026-08-13-more-markets,83648.77,1,0.545,1,0.0,2026-08-13T15:00:00Z
3256863,Tobyl FK vs. FK Partizan Beograd: O/U 3.5,col-tob-par-2026-08-13-more-markets,32435.48,24,0.305,0,0.01,2026-08-13T15:00:00Z
3256863,Tobyl FK vs. FK Partizan Beograd: O/U 3.5,col-tob-par-2026-08-13-more-markets,32435.48,1,0.345,0,0.0,2026-08-13T15:00:00Z
3256864,Tobyl FK vs. FK Partizan Beograd: O/U 4.5,col-tob-par-2026-08-13-more-markets,34214.37,24,0.15,0,0.01,2026-08-13T15:00:00Z
3256864,Tobyl FK vs. FK Partizan Beograd: O/U 4.5,col-tob-par-2026-08-13-more-markets,34214.37,1,0.16,0,0.0,2026-08-13T15:00:00Z
3256865,Tobyl FK vs. FK Partizan Beograd: O/U 5.5,col-tob-par-2026-08-13-more-markets,11447.53,24,0.06,0,0.01,2026-08-13T15:00:00Z
3256865,Tobyl FK vs. FK Partizan Beograd: O/U 5.5,col-tob-par-2026-08-13-more-markets,11447.53,1,0.065,0,0.0,2026-08-13T15:00:00Z
3257332,"Will Bitcoin reach $100,000 in August?",what-price-will-bitcoin-hit-in-august-2026,3088033.25,168,0.016,0,0.01,2026-09-01T04:00:00Z
3257332,"Will Bitcoin reach $100,000 in August?",what-price-will-bitcoin-hit-in-august-2026,3088033.25,24,0.0005,0,0.0,2026-09-01T04:00:00Z
3257332,"Will Bitcoin reach $100,000 in August?",what-price-will-bitcoin-hit-in-august-2026,3088033.25,1,0.0005,0,0.0,2026-09-01T04:00:00Z
3257334,"Will Bitcoin reach $85,000 in August?",what-price-will-bitcoin-hit-in-august-2026,1684440.3,168,0.4185,0,0.01,2026-09-01T04:00:00Z
3257334,"Will Bitcoin reach $85,000 in August?",what-price-will-bitcoin-hit-in-august-2026,1684440.3,24,0.0035,0,0.0,2026-09-01T04:00:00Z
3257334,"Will Bitcoin reach $85,000 in August?",what-price-will-bitcoin-hit-in-august-2026,1684440.3,1,0.0005,0,0.01,2026-09-01T04:00:00Z
3257336,"Will Bitcoin reach $82,500 in August?",what-price-will-bitcoin-hit-in-august-2026,1921252.84,168,0.6965,0,0.01,2026-09-01T04:00:00Z
3257336,"Will Bitcoin reach $82,500 in August?",what-price-will-bitcoin-hit-in-august-2026,1921252.84,24,0.0165,0,0.0,2026-09-01T04:00:00Z
3257336,"Will Bitcoin reach $82,500 in August?",what-price-will-bitcoin-hit-in-august-2026,1921252.84,1,0.0005,0,0.0,2026-09-01T04:00:00Z
3257338,"Will Bitcoin reach $80,000 in August?",what-price-will-bitcoin-hit-in-august-2026,1516226.87,168,0.9085,1,12.99,2026-09-01T04:00:00Z
3257355,"Will Bitcoin dip to $60,000 in August?",what-price-will-bitcoin-hit-in-august-2026,1429083.51,168,0.0085,0,0.01,2026-09-01T04:00:00Z
3257355,"Will Bitcoin dip to $60,000 in August?",what-price-will-bitcoin-hit-in-august-2026,1429083.51,24,0.0005,0,0.0,2026-09-01T04:00:00Z
3257355,"Will Bitcoin dip to $60,000 in August?",what-price-will-bitcoin-hit-in-august-2026,1429083.51,1,0.0005,0,0.0,2026-09-01T04:00:00Z
3257356,"Will Bitcoin dip to $57,500 in August?",what-price-will-bitcoin-hit-in-august-2026,1165766.43,168,0.0065,0,0.01,2026-09-01T04:00:00Z
3257356,"Will Bitcoin dip to $57,500 in August?",what-price-will-bitcoin-hit-in-august-2026,1165766.43,24,0.0005,0,0.0,2026-09-01T04:00:00Z
3257356,"Will Bitcoin dip to $57,500 in August?",what-price-will-bitcoin-hit-in-august-2026,1165766.43,1,0.0005,0,0.0,2026-09-01T04:00:00Z
3257358,"Will Bitcoin dip to $55,000 in August?",what-price-will-bitcoin-hit-in-august-2026,1181719.21,168,0.0045,0,0.01,2026-09-01T04:00:00Z
3257358,"Will Bitcoin dip to $55,000 in August?",what-price-will-bitcoin-hit-in-august-2026,1181719.21,24,0.0005,0,0.0,2026-09-01T04:00:00Z
3257358,"Will Bitcoin dip to $55,000 in August?",what-price-will-bitcoin-hit-in-august-2026,1181719.21,1,0.0005,0,0.01,2026-09-01T04:00:00Z
3257360,"Will Bitcoin dip to $52,500 in August?",what-price-will-bitcoin-hit-in-august-2026,641035.31,168,0.0015,0,0.01,2026-09-01T04:00:00Z
3257360,"Will Bitcoin dip to $52,500 in August?",what-price-will-bitcoin-hit-in-august-2026,641035.31,24,0.0005,0,0.0,2026-09-01T04:00:00Z
3257360,"Will Bitcoin dip to $52,500 in August?",what-price-will-bitcoin-hit-in-august-2026,641035.31,1,0.0005,0,0.01,2026-09-01T04:00:00Z
3257362,"Will Bitcoin dip to $50,000 in August?",what-price-will-bitcoin-hit-in-august-2026,888844.7,168,0.0015,0,0.01,2026-09-01T04:00:00Z
3257362,"Will Bitcoin dip to $50,000 in August?",what-price-will-bitcoin-hit-in-august-2026,888844.7,24,0.0005,0,0.0,2026-09-01T04:00:00Z
3257362,"Will Bitcoin dip to $50,000 in August?",what-price-will-bitcoin-hit-in-august-2026,888844.7,1,0.0005,0,0.0,2026-09-01T04:00:00Z
3257364,"Will Bitcoin dip to $47,500 in August?",what-price-will-bitcoin-hit-in-august-2026,640493.35,168,0.0015,0,0.01,2026-09-01T04:00:00Z
3257364,"Will Bitcoin dip to $47,500 in August?",what-price-will-bitcoin-hit-in-august-2026,640493.35,24,0.0005,0,0.0,2026-09-01T04:00:00Z
3257364,"Will Bitcoin dip to $47,500 in August?",what-price-will-bitcoin-hit-in-august-2026,640493.35,1,0.0005,0,0.0,2026-09-01T04:00:00Z
3257366,"Will Bitcoin dip to $45,000 in August?",what-price-will-bitcoin-hit-in-august-2026,482481.79,168,0.002,0,0.01,2026-09-01T04:00:00Z
3257366,"Will Bitcoin dip to $45,000 in August?",what-price-will-bitcoin-hit-in-august-2026,482481.79,24,0.0005,0,0.0,2026-09-01T04:00:00Z
3257366,"Will Bitcoin dip to $45,000 in August?",what-price-will-bitcoin-hit-in-august-2026,482481.79,1,0.0005,0,0.0,2026-09-01T04:00:00Z
3257368,"Will Bitcoin dip to $42,500 in August?",what-price-will-bitcoin-hit-in-august-2026,502045.38,168,0.001,0,0.02,2026-09-01T04:00:00Z
3257368,"Will Bitcoin dip to $42,500 in August?",what-price-will-bitcoin-hit-in-august-2026,502045.38,24,0.0005,0,0.0,2026-09-01T04:00:00Z
3257368,"Will Bitcoin dip to $42,500 in August?",what-price-will-bitcoin-hit-in-august-2026,502045.38,1,0.0005,0,0.01,2026-09-01T04:00:00Z
3257370,"Will Bitcoin dip to $40,000 in August?",what-price-will-bitcoin-hit-in-august-2026,807229.94,168,0.0005,0,0.01,2026-09-01T04:00:00Z
3257370,"Will Bitcoin dip to $40,000 in August?",what-price-will-bitcoin-hit-in-august-2026,807229.94,24,0.0005,0,0.0,2026-09-01T04:00:00Z
3257370,"Will Bitcoin dip to $40,000 in August?",what-price-will-bitcoin-hit-in-august-2026,807229.94,1,0.0005,0,0.01,2026-09-01T04:00:00Z
3257382,"Will Ethereum reach $3,000 in August?",what-price-will-ethereum-hit-in-august-2026,1051729.8,168,0.063,0,0.01,2026-09-01T04:00:00Z
3257382,"Will Ethereum reach $3,000 in August?",what-price-will-ethereum-hit-in-august-2026,1051729.8,24,0.0005,0,0.0,2026-09-01T04:00:00Z
3257382,"Will Ethereum reach $3,000 in August?",what-price-will-ethereum-hit-in-august-2026,1051729.8,1,0.0005,0,0.0,2026-09-01T04:00:00Z
3257384,"Will Ethereum reach $2,700 in August?",what-price-will-ethereum-hit-in-august-2026,572696.38,168,0.384,0,0.01,2026-09-01T04:00:00Z
3257384,"Will Ethereum reach $2,700 in August?",what-price-will-ethereum-hit-in-august-2026,572696.38,24,0.0095,0,0.0,2026-09-01T04:00:00Z
3257384,"Will Ethereum reach $2,700 in August?",what-price-will-ethereum-hit-in-august-2026,572696.38,1,0.0005,0,0.0,2026-09-01T04:00:00Z
3257386,"Will Ethereum reach $2,600 in August?",what-price-will-ethereum-hit-in-august-2026,556649.32,168,0.6615,0,0.02,2026-09-01T04:00:00Z
3257386,"Will Ethereum reach $2,600 in August?",what-price-will-ethereum-hit-in-august-2026,556649.32,24,0.0295,0,0.0,2026-09-01T04:00:00Z
3257386,"Will Ethereum reach $2,600 in August?",what-price-will-ethereum-hit-in-august-2026,556649.32,1,0.005,0,0.01,2026-09-01T04:00:00Z
3257397,"Will Ethereum dip to $1,800 in August?",what-price-will-ethereum-hit-in-august-2026,593642.8,168,0.0165,0,0.01,2026-09-01T04:00:00Z
3257397,"Will Ethereum dip to $1,800 in August?",what-price-will-ethereum-hit-in-august-2026,593642.8,24,0.0015,0,0.0,2026-09-01T04:00:00Z
3257397,"Will Ethereum dip to $1,800 in August?",what-price-will-ethereum-hit-in-august-2026,593642.8,1,0.0005,0,0.0,2026-09-01T04:00:00Z
3257399,"Will Ethereum dip to $1,700 in August?",what-price-will-ethereum-hit-in-august-2026,751681.74,168,0.0075,0,0.01,2026-09-01T04:00:00Z
3257399,"Will Ethereum dip to $1,700 in August?",what-price-will-ethereum-hit-in-august-2026,751681.74,24,0.001,0,0.0,2026-09-01T04:00:00Z
3257399,"Will Ethereum dip to $1,700 in August?",what-price-will-ethereum-hit-in-august-2026,751681.74,1,0.0005,0,0.01,2026-09-01T04:00:00Z
3257401,"Will Ethereum dip to $1,600 in August?",what-price-will-ethereum-hit-in-august-2026,397732.5,168,0.003,0,0.01,2026-09-01T04:00:00Z
3257401,"Will Ethereum dip to $1,600 in August?",what-price-will-ethereum-hit-in-august-2026,397732.5,24,0.0015,0,0.0,2026-09-01T04:00:00Z
3257401,"Will Ethereum dip to $1,600 in August?",what-price-will-ethereum-hit-in-august-2026,397732.5,1,0.0005,0,0.0,2026-09-01T04:00:00Z
3257403,"Will Ethereum dip to $1,500 in August?",what-price-will-ethereum-hit-in-august-2026,159885.16,168,0.003,0,0.01,2026-09-01T04:00:00Z
3257403,"Will Ethereum dip to $1,500 in August?",what-price-will-ethereum-hit-in-august-2026,159885.16,24,0.001,0,0.0,2026-09-01T04:00:00Z
3257403,"Will Ethereum dip to $1,500 in August?",what-price-will-ethereum-hit-in-august-2026,159885.16,1,0.0005,0,0.0,2026-09-01T04:00:00Z
3257405,"Will Ethereum dip to $1,400 in August?",what-price-will-ethereum-hit-in-august-2026,133947.78,168,0.0035,0,0.01,2026-09-01T04:00:00Z
3257405,"Will Ethereum dip to $1,400 in August?",what-price-will-ethereum-hit-in-august-2026,133947.78,24,0.0005,0,0.0,2026-09-01T04:00:00Z
3257405,"Will Ethereum dip to $1,400 in August?",what-price-will-ethereum-hit-in-august-2026,133947.78,1,0.0005,0,0.0,2026-09-01T04:00:00Z
3257407,"Will Ethereum dip to $1,300 in August?",what-price-will-ethereum-hit-in-august-2026,146875.67,168,0.0025,0,0.01,2026-09-01T04:00:00Z
3257407,"Will Ethereum dip to $1,300 in August?",what-price-will-ethereum-hit-in-august-2026,146875.67,24,0.001,0,0.0,2026-09-01T04:00:00Z
3257407,"Will Ethereum dip to $1,300 in August?",what-price-will-ethereum-hit-in-august-2026,146875.67,1,0.0005,0,0.0,2026-09-01T04:00:00Z
3257409,"Will Ethereum dip to $1,200 in August?",what-price-will-ethereum-hit-in-august-2026,156775.23,168,0.003,0,0.01,2026-09-01T04:00:00Z
3257409,"Will Ethereum dip to $1,200 in August?",what-price-will-ethereum-hit-in-august-2026,156775.23,24,0.0005,0,0.0,2026-09-01T04:00:00Z
3257409,"Will Ethereum dip to $1,200 in August?",what-price-will-ethereum-hit-in-august-2026,156775.23,1,0.0005,0,0.0,2026-09-01T04:00:00Z
3257411,"Will Ethereum dip to $1,100 in August?",what-price-will-ethereum-hit-in-august-2026,101707.49,168,0.0025,0,0.02,2026-09-01T04:00:00Z
3257411,"Will Ethereum dip to $1,100 in August?",what-price-will-ethereum-hit-in-august-2026,101707.49,24,0.0005,0,0.0,2026-09-01T04:00:00Z
3257411,"Will Ethereum dip to $1,100 in August?",what-price-will-ethereum-hit-in-august-2026,101707.49,1,0.0005,0,0.01,2026-09-01T04:00:00Z
3257413,"Will Ethereum dip to $1,000 in August?",what-price-will-ethereum-hit-in-august-2026,27484.55,168,0.0005,0,0.01,2026-09-01T04:00:00Z
3257413,"Will Ethereum dip to $1,000 in August?",what-price-will-ethereum-hit-in-august-2026,27484.55,24,0.0005,0,0.0,2026-09-01T04:00:00Z
3257413,"Will Ethereum dip to $1,000 in August?",what-price-will-ethereum-hit-in-august-2026,27484.55,1,0.0005,0,0.0,2026-09-01T04:00:00Z
3257416,Will Ethereum dip to $900 in August?,what-price-will-ethereum-hit-in-august-2026,116654.81,168,0.0005,0,0.01,2026-09-01T04:00:00Z
3257416,Will Ethereum dip to $900 in August?,what-price-will-ethereum-hit-in-august-2026,116654.81,24,0.0005,0,0.0,2026-09-01T04:00:00Z
3257416,Will Ethereum dip to $900 in August?,what-price-will-ethereum-hit-in-august-2026,116654.81,1,0.0005,0,0.0,2026-09-01T04:00:00Z
3257429,Will Solana reach $160 in August?,what-price-will-solana-hit-in-august-2026,192983.82,168,0.0105,0,0.01,2026-09-01T04:00:00Z
3257429,Will Solana reach $160 in August?,what-price-will-solana-hit-in-august-2026,192983.82,24,0.0005,0,0.0,2026-09-01T04:00:00Z
3257429,Will Solana reach $160 in August?,what-price-will-solana-hit-in-august-2026,192983.82,1,0.0005,0,0.0,2026-09-01T04:00:00Z
3257431,Will Solana reach $150 in August?,what-price-will-solana-hit-in-august-2026,78806.45,168,0.0315,0,0.02,2026-09-01T04:00:00Z
3257431,Will Solana reach $150 in August?,what-price-will-solana-hit-in-august-2026,78806.45,24,0.0005,0,0.0,2026-09-01T04:00:00Z
3257431,Will Solana reach $150 in August?,what-price-will-solana-hit-in-august-2026,78806.45,1,0.0005,0,0.01,2026-09-01T04:00:00Z
3257433,Will Solana reach $140 in August?,what-price-will-solana-hit-in-august-2026,103197.51,168,0.0425,0,0.01,2026-09-01T04:00:00Z
3257433,Will Solana reach $140 in August?,what-price-will-solana-hit-in-august-2026,103197.51,24,0.0015,0,0.0,2026-09-01T04:00:00Z
3257433,Will Solana reach $140 in August?,what-price-will-solana-hit-in-august-2026,103197.51,1,0.0005,0,0.01,2026-09-01T04:00:00Z
3257435,Will Solana reach $130 in August?,what-price-will-solana-hit-in-august-2026,151812.36,168,0.0885,0,0.01,2026-09-01T04:00:00Z
3257435,Will Solana reach $130 in August?,what-price-will-solana-hit-in-august-2026,151812.36,24,0.0035,0,0.0,2026-09-01T04:00:00Z
3257435,Will Solana reach $130 in August?,what-price-will-solana-hit-in-august-2026,151812.36,1,0.0005,0,0.0,2026-09-01T04:00:00Z
3257437,Will Solana reach $120 in August?,what-price-will-solana-hit-in-august-2026,324317.42,168,0.187,0,0.01,2026-09-01T04:00:00Z
3257437,Will Solana reach $120 in August?,what-price-will-solana-hit-in-august-2026,324317.42,24,0.0075,0,0.0,2026-09-01T04:00:00Z
3257437,Will Solana reach $120 in August?,what-price-will-solana-hit-in-august-2026,324317.42,1,0.0005,0,0.01,2026-09-01T04:00:00Z
3257439,Will Solana reach $110 in August?,what-price-will-solana-hit-in-august-2026,123433.6,168,0.454,1,0.01,2026-09-01T04:00:00Z
3257447,Will Solana dip to $70 in August?,what-price-will-solana-hit-in-august-2026,110901.45,168,0.0155,0,0.01,2026-09-01T04:00:00Z
3257447,Will Solana dip to $70 in August?,what-price-will-solana-hit-in-august-2026,110901.45,24,0.0015,0,0.0,2026-09-01T04:00:00Z
3257447,Will Solana dip to $70 in August?,what-price-will-solana-hit-in-august-2026,110901.45,1,0.0005,0,0.0,2026-09-01T04:00:00Z
3257448,Will Solana dip to $60 in August?,what-price-will-solana-hit-in-august-2026,84713.13,168,0.0085,0,0.01,2026-09-01T04:00:00Z
3257448,Will Solana dip to $60 in August?,what-price-will-solana-hit-in-august-2026,84713.13,24,0.0015,0,0.0,2026-09-01T04:00:00Z
3257448,Will Solana dip to $60 in August?,what-price-will-solana-hit-in-august-2026,84713.13,1,0.0005,0,0.0,2026-09-01T04:00:00Z
3257449,Will Solana dip to $50 in August?,what-price-will-solana-hit-in-august-2026,52413.26,168,0.004,0,0.01,2026-09-01T04:00:00Z
3257449,Will Solana dip to $50 in August?,what-price-will-solana-hit-in-august-2026,52413.26,24,0.0005,0,0.0,2026-09-01T04:00:00Z
3257449,Will Solana dip to $50 in August?,what-price-will-solana-hit-in-august-2026,52413.26,1,0.0005,0,0.0,2026-09-01T04:00:00Z
3257450,Will Solana dip to $40 in August?,what-price-will-solana-hit-in-august-2026,11993.33,168,0.0025,0,0.01,2026-09-01T04:00:00Z
3257450,Will Solana dip to $40 in August?,what-price-will-solana-hit-in-august-2026,11993.33,24,0.0005,0,0.0,2026-09-01T04:00:00Z
3257450,Will Solana dip to $40 in August?,what-price-will-solana-hit-in-august-2026,11993.33,1,0.0005,0,0.0,2026-09-01T04:00:00Z
3257451,Will Solana dip to $30 in August?,what-price-will-solana-hit-in-august-2026,12325.64,168,0.0015,0,0.01,2026-09-01T04:00:00Z
3257451,Will Solana dip to $30 in August?,what-price-will-solana-hit-in-august-2026,12325.64,24,0.0005,0,0.0,2026-09-01T04:00:00Z
3257451,Will Solana dip to $30 in August?,what-price-will-solana-hit-in-august-2026,12325.64,1,0.0005,0,0.0,2026-09-01T04:00:00Z
3257452,Will Solana dip to $20 in August?,what-price-will-solana-hit-in-august-2026,34113.87,168,0.0015,0,0.01,2026-09-01T04:00:00Z
3257452,Will Solana dip to $20 in August?,what-price-will-solana-hit-in-august-2026,34113.87,24,0.0005,0,0.0,2026-09-01T04:00:00Z
3257452,Will Solana dip to $20 in August?,what-price-will-solana-hit-in-august-2026,34113.87,1,0.0005,0,0.0,2026-09-01T04:00:00Z
3257453,Will Solana dip to $10 in August?,what-price-will-solana-hit-in-august-2026,48315.43,168,0.0005,0,0.01,2026-09-01T04:00:00Z
3257453,Will Solana dip to $10 in August?,what-price-will-solana-hit-in-august-2026,48315.43,24,0.0005,0,0.0,2026-09-01T04:00:00Z
3257453,Will Solana dip to $10 in August?,what-price-will-solana-hit-in-august-2026,48315.43,1,0.0005,0,0.0,2026-09-01T04:00:00Z
3257468,Will XRP reach $3.00 in August?,what-price-will-xrp-hit-in-august-2026,514806.1,168,0.006,0,0.01,2026-09-01T04:00:00Z
3257468,Will XRP reach $3.00 in August?,what-price-will-xrp-hit-in-august-2026,514806.1,24,0.0005,0,0.0,2026-09-01T04:00:00Z
3257468,Will XRP reach $3.00 in August?,what-price-will-xrp-hit-in-august-2026,514806.1,1,0.0005,0,0.01,2026-09-01T04:00:00Z
3257470,Will XRP reach $2.80 in August?,what-price-will-xrp-hit-in-august-2026,168369.71,168,0.013,0,0.01,2026-09-01T04:00:00Z
3257470,Will XRP reach $2.80 in August?,what-price-will-xrp-hit-in-august-2026,168369.71,24,0.001,0,0.0,2026-09-01T04:00:00Z
3257470,Will XRP reach $2.80 in August?,what-price-will-xrp-hit-in-august-2026,168369.71,1,0.0005,0,0.01,2026-09-01T04:00:00Z
3257472,Will XRP reach $2.60 in August?,what-price-will-xrp-hit-in-august-2026,26794.35,168,0.013,0,0.01,2026-09-01T04:00:00Z
3257472,Will XRP reach $2.60 in August?,what-price-will-xrp-hit-in-august-2026,26794.35,24,0.0055,0,0.0,2026-09-01T04:00:00Z
3257472,Will XRP reach $2.60 in August?,what-price-will-xrp-hit-in-august-2026,26794.35,1,0.0005,0,0.01,2026-09-01T04:00:00Z
3257474,Will XRP reach $2.40 in August?,what-price-will-xrp-hit-in-august-2026,31340.72,168,0.024,0,0.01,2026-09-01T04:00:00Z
3257474,Will XRP reach $2.40 in August?,what-price-will-xrp-hit-in-august-2026,31340.72,24,0.0005,0,0.0,2026-09-01T04:00:00Z
3257474,Will XRP reach $2.40 in August?,what-price-will-xrp-hit-in-august-2026,31340.72,1,0.0005,0,0.0,2026-09-01T04:00:00Z
3257475,Will XRP reach $2.20 in August?,what-price-will-xrp-hit-in-august-2026,59386.64,168,0.032,0,0.01,2026-09-01T04:00:00Z
3257475,Will XRP reach $2.20 in August?,what-price-will-xrp-hit-in-august-2026,59386.64,24,0.001,0,0.0,2026-09-01T04:00:00Z
3257475,Will XRP reach $2.20 in August?,what-price-will-xrp-hit-in-august-2026,59386.64,1,0.0005,0,0.0,2026-09-01T04:00:00Z
3257477,Will XRP reach $2.00 in August?,what-price-will-xrp-hit-in-august-2026,120349.42,168,0.077,0,0.01,2026-09-01T04:00:00Z
3257477,Will XRP reach $2.00 in August?,what-price-will-xrp-hit-in-august-2026,120349.42,24,0.0005,0,0.0,2026-09-01T04:00:00Z
3257477,Will XRP reach $2.00 in August?,what-price-will-xrp-hit-in-august-2026,120349.42,1,0.0005,0,0.0,2026-09-01T04:00:00Z
3257480,Will XRP reach $1.80 in August?,what-price-will-xrp-hit-in-august-2026,165469.15,168,0.187,0,0.01,2026-09-01T04:00:00Z
3257480,Will XRP reach $1.80 in August?,what-price-will-xrp-hit-in-august-2026,165469.15,24,0.0015,0,0.0,2026-09-01T04:00:00Z
3257480,Will XRP reach $1.80 in August?,what-price-will-xrp-hit-in-august-2026,165469.15,1,0.0005,0,0.0,2026-09-01T04:00:00Z
3257489,Will XRP dip to $0.80 in August?,what-price-will-xrp-hit-in-august-2026,105998.22,168,0.0075,0,0.01,2026-09-01T04:00:00Z
3257489,Will XRP dip to $0.80 in August?,what-price-will-xrp-hit-in-august-2026,105998.22,24,0.001,0,0.0,2026-09-01T04:00:00Z
3257489,Will XRP dip to $0.80 in August?,what-price-will-xrp-hit-in-august-2026,105998.22,1,0.0005,0,0.0,2026-09-01T04:00:00Z
3257492,Will XRP dip to $0.60 in August?,what-price-will-xrp-hit-in-august-2026,42204.45,168,0.0015,0,0.01,2026-09-01T04:00:00Z
3257492,Will XRP dip to $0.60 in August?,what-price-will-xrp-hit-in-august-2026,42204.45,24,0.0005,0,0.0,2026-09-01T04:00:00Z
3257492,Will XRP dip to $0.60 in August?,what-price-will-xrp-hit-in-august-2026,42204.45,1,0.0005,0,0.01,2026-09-01T04:00:00Z
3257493,Will XRP dip to $0.40 in August?,what-price-will-xrp-hit-in-august-2026,18190.77,168,0.0005,0,0.01,2026-09-01T04:00:00Z
3257493,Will XRP dip to $0.40 in August?,what-price-will-xrp-hit-in-august-2026,18190.77,24,0.002,0,0.0,2026-09-01T04:00:00Z
3257493,Will XRP dip to $0.40 in August?,what-price-will-xrp-hit-in-august-2026,18190.77,1,0.0005,0,0.0,2026-09-01T04:00:00Z
3257495,Will XRP dip to $0.20 in August?,what-price-will-xrp-hit-in-august-2026,16307.81,168,0.0005,0,0.01,2026-09-01T04:00:00Z
3257495,Will XRP dip to $0.20 in August?,what-price-will-xrp-hit-in-august-2026,16307.81,24,0.0005,0,0.0,2026-09-01T04:00:00Z
3257495,Will XRP dip to $0.20 in August?,what-price-will-xrp-hit-in-august-2026,16307.81,1,0.0005,0,0.01,2026-09-01T04:00:00Z
3257506,Will Dogecoin reach $0.15 in August?,what-price-will-dogecoin-hit-in-august-2026,95237.03,168,0.086,0,0.01,2026-09-01T04:00:00Z
3257506,Will Dogecoin reach $0.15 in August?,what-price-will-dogecoin-hit-in-august-2026,95237.03,24,0.004,0,0.0,2026-09-01T04:00:00Z
3257506,Will Dogecoin reach $0.15 in August?,what-price-will-dogecoin-hit-in-august-2026,95237.03,1,0.0015,0,0.01,2026-09-01T04:00:00Z
3258337,Will Real Sociedad de Fútbol B win on 2026-08-14?,es2-rso-cas-2026-08-14,21340.62,24,0.265,0,0.49,2026-08-14T18:30:00Z
3258337,Will Real Sociedad de Fútbol B win on 2026-08-14?,es2-rso-cas-2026-08-14,21340.62,1,0.235,0,0.49,2026-08-14T18:30:00Z
3258338,Will Real Sociedad de Fútbol B vs. CD Castellón end in a draw?,es2-rso-cas-2026-08-14,11764.08,24,0.245,0,0.49,2026-08-14T18:30:00Z
3258338,Will Real Sociedad de Fútbol B vs. CD Castellón end in a draw?,es2-rso-cas-2026-08-14,11764.08,1,0.235,0,0.49,2026-08-14T18:30:00Z
3258339,Will CD Castellón win on 2026-08-14?,es2-rso-cas-2026-08-14,34899.74,24,0.505,1,0.49,2026-08-14T18:30:00Z
3258339,Will CD Castellón win on 2026-08-14?,es2-rso-cas-2026-08-14,34899.74,1,0.525,1,0.49,2026-08-14T18:30:00Z
3258436,Will Hyperliquid dip to $48 in August?,what-price-will-hyperliquid-hit-in-august,13429.64,168,0.005,0,0.01,2026-09-01T04:00:00Z
3258436,Will Hyperliquid dip to $48 in August?,what-price-will-hyperliquid-hit-in-august,13429.64,24,0.0005,0,0.0,2026-09-01T04:00:00Z
3258436,Will Hyperliquid dip to $48 in August?,what-price-will-hyperliquid-hit-in-august,13429.64,1,0.0005,0,0.0,2026-09-01T04:00:00Z
3258438,Will Hyperliquid dip to $40 in August?,what-price-will-hyperliquid-hit-in-august,12196.67,168,0.012,0,0.01,2026-09-01T04:00:00Z
3258438,Will Hyperliquid dip to $40 in August?,what-price-will-hyperliquid-hit-in-august,12196.67,24,0.0005,0,0.0,2026-09-01T04:00:00Z
3258438,Will Hyperliquid dip to $40 in August?,what-price-will-hyperliquid-hit-in-august,12196.67,1,0.0005,0,0.0,2026-09-01T04:00:00Z
3258632,Will Red Star FC win on 2026-08-14?,fr2-rst-fcs-2026-08-14,14045.85,24,0.525,0,0.26,2026-08-14T18:45:00Z
3258632,Will Red Star FC win on 2026-08-14?,fr2-rst-fcs-2026-08-14,14045.85,1,0.495,0,0.26,2026-08-14T18:45:00Z
3258636,Will Stade de Reims win on 2026-08-14?,fr2-rei-usd-2026-08-14,16492.12,24,0.54,0,0.26,2026-08-14T18:45:00Z
3258636,Will Stade de Reims win on 2026-08-14?,fr2-rei-usd-2026-08-14,16492.12,1,0.545,0,0.25,2026-08-14T18:45:00Z
3258640,Will Dijon Football Côte d'Or win on 2026-08-14?,fr2-dij-pau-2026-08-14,27312.9,24,0.41,0,0.26,2026-08-14T18:45:00Z
3258640,Will Dijon Football Côte d'Or win on 2026-08-14?,fr2-dij-pau-2026-08-14,27312.9,1,0.455,0,0.26,2026-08-14T18:45:00Z
3258650,Will FC Metz win on 2026-08-14?,fr2-gre-met-2026-08-14,14039.78,24,0.475,0,0.26,2026-08-14T18:45:00Z
3258650,Will FC Metz win on 2026-08-14?,fr2-gre-met-2026-08-14,14039.78,1,0.425,0,0.25,2026-08-14T18:45:00Z
3258652,Will AS Saint-Étienne win on 2026-08-14?,fr2-ass-clf-2026-08-14,31283.8,24,0.625,1,0.26,2026-08-14T18:45:00Z
3258652,Will AS Saint-Étienne win on 2026-08-14?,fr2-ass-clf-2026-08-14,31283.8,1,0.695,1,0.25,2026-08-14T18:45:00Z
3258654,Will Clermont Foot 63 win on 2026-08-14?,fr2-ass-clf-2026-08-14,13842.92,24,0.165,0,0.26,2026-08-14T18:45:00Z
3258654,Will Clermont Foot 63 win on 2026-08-14?,fr2-ass-clf-2026-08-14,13842.92,1,0.105,0,0.26,2026-08-14T18:45:00Z
3258656,Will Stade Lavallois Mayenne FC win on 2026-08-14?,fr2-lav-nan-2026-08-14,26957.63,24,0.25,1,0.26,2026-08-14T18:45:00Z
3258656,Will Stade Lavallois Mayenne FC win on 2026-08-14?,fr2-lav-nan-2026-08-14,26957.63,1,0.255,1,0.26,2026-08-14T18:45:00Z
3258658,Will FC Nantes win on 2026-08-14?,fr2-lav-nan-2026-08-14,41339.8,24,0.475,0,0.26,2026-08-14T18:45:00Z
3258658,Will FC Nantes win on 2026-08-14?,fr2-lav-nan-2026-08-14,41339.8,1,0.465,0,0.26,2026-08-14T18:45:00Z
3258662,Will En Avant Guingamp win on 2026-08-14?,fr2-gui-usb-2026-08-14,44335.97,24,0.55,1,0.26,2026-08-14T18:45:00Z
3258662,Will En Avant Guingamp win on 2026-08-14?,fr2-gui-usb-2026-08-14,44335.97,1,0.505,1,0.25,2026-08-14T18:45:00Z
3258664,Will US Boulogne Côte d'Opale win on 2026-08-14?,fr2-gui-usb-2026-08-14,15464.36,24,0.185,0,0.26,2026-08-14T18:45:00Z
3258664,Will US Boulogne Côte d'Opale win on 2026-08-14?,fr2-gui-usb-2026-08-14,15464.36,1,0.215,0,0.26,2026-08-14T18:45:00Z
3259961,Spread: Wolverhampton Wanderers FC (-1.5),elc-wol-bbr-2026-08-14-more-markets,32729.86,24,0.375,0,0.01,2026-08-14T19:00:00Z
3259961,Spread: Wolverhampton Wanderers FC (-1.5),elc-wol-bbr-2026-08-14-more-markets,32729.86,1,0.375,0,0.01,2026-08-14T19:00:00Z
3259964,Spread: Blackburn Rovers FC (-1.5),elc-wol-bbr-2026-08-14-more-markets,10332.36,24,0.05,0,0.01,2026-08-14T19:00:00Z
3259964,Spread: Blackburn Rovers FC (-1.5),elc-wol-bbr-2026-08-14-more-markets,10332.36,1,0.0375,0,0.01,2026-08-14T19:00:00Z
3259965,Spread: Wolverhampton Wanderers FC (-2.5),elc-wol-bbr-2026-08-14-more-markets,60939.12,24,0.185,0,0.01,2026-08-14T19:00:00Z
3259965,Spread: Wolverhampton Wanderers FC (-2.5),elc-wol-bbr-2026-08-14-more-markets,60939.12,1,0.185,0,0.0,2026-08-14T19:00:00Z
3259981,Wolverhampton Wanderers FC vs. Blackburn Rovers FC: O/U 2.5,elc-wol-bbr-2026-08-14-more-markets,58749.13,24,0.545,1,0.01,2026-08-14T19:00:00Z
3259981,Wolverhampton Wanderers FC vs. Blackburn Rovers FC: O/U 2.5,elc-wol-bbr-2026-08-14-more-markets,58749.13,1,0.505,1,0.0,2026-08-14T19:00:00Z
3259984,Wolverhampton Wanderers FC vs. Blackburn Rovers FC: O/U 3.5,elc-wol-bbr-2026-08-14-more-markets,79193.9,24,0.32,1,0.01,2026-08-14T19:00:00Z
3259984,Wolverhampton Wanderers FC vs. Blackburn Rovers FC: O/U 3.5,elc-wol-bbr-2026-08-14-more-markets,79193.9,1,0.285,1,0.0,2026-08-14T19:00:00Z
3259986,Wolverhampton Wanderers FC vs. Blackburn Rovers FC: O/U 4.5,elc-wol-bbr-2026-08-14-more-markets,28549.43,24,0.165,0,0.01,2026-08-14T19:00:00Z
3259986,Wolverhampton Wanderers FC vs. Blackburn Rovers FC: O/U 4.5,elc-wol-bbr-2026-08-14-more-markets,28549.43,1,0.135,0,0.0,2026-08-14T19:00:00Z
3261012,CD Tolima vs. Independiente del Valle: O/U 1.5,lib-tol-ind1-2026-08-11-more-markets,16751.5,168,0.58,0,11.51,2026-08-19T00:30:00Z
3261012,CD Tolima vs. Independiente del Valle: O/U 1.5,lib-tol-ind1-2026-08-11-more-markets,16751.5,24,0.675,0,0.49,2026-08-19T00:30:00Z
3261012,CD Tolima vs. Independiente del Valle: O/U 1.5,lib-tol-ind1-2026-08-11-more-markets,16751.5,1,0.635,0,0.5,2026-08-19T00:30:00Z
3261013,CD Tolima vs. Independiente del Valle: O/U 2.5,lib-tol-ind1-2026-08-11-more-markets,23961.66,168,0.5,0,11.51,2026-08-19T00:30:00Z
3261013,CD Tolima vs. Independiente del Valle: O/U 2.5,lib-tol-ind1-2026-08-11-more-markets,23961.66,24,0.41,0,0.49,2026-08-19T00:30:00Z
3261013,CD Tolima vs. Independiente del Valle: O/U 2.5,lib-tol-ind1-2026-08-11-more-markets,23961.66,1,0.355,0,0.5,2026-08-19T00:30:00Z
3261014,CD Tolima vs. Independiente del Valle: O/U 3.5,lib-tol-ind1-2026-08-11-more-markets,47879.85,168,0.425,0,11.5,2026-08-19T00:30:00Z
3261014,CD Tolima vs. Independiente del Valle: O/U 3.5,lib-tol-ind1-2026-08-11-more-markets,47879.85,24,0.205,0,0.49,2026-08-19T00:30:00Z
3261014,CD Tolima vs. Independiente del Valle: O/U 3.5,lib-tol-ind1-2026-08-11-more-markets,47879.85,1,0.165,0,0.5,2026-08-19T00:30:00Z
3261322,Will AC Monza win on 2026-08-14?,itc-mon1-ave-2026-08-14,41398.13,24,0.585,1,0.26,2026-08-14T18:45:00Z
3261322,Will AC Monza win on 2026-08-14?,itc-mon1-ave-2026-08-14,41398.13,1,0.515,1,0.25,2026-08-14T18:45:00Z
3261353,Holstein Kiel vs. FC St. Pauli 1910: O/U 2.5,bl2-ksv-stp-2026-08-14-more-markets,47301.04,24,0.535,1,0.5,2026-08-14T16:30:00Z
3261353,Holstein Kiel vs. FC St. Pauli 1910: O/U 2.5,bl2-ksv-stp-2026-08-14-more-markets,47301.04,1,0.555,1,0.49,2026-08-14T16:30:00Z
3261355,Holstein Kiel vs. FC St. Pauli 1910: O/U 3.5,bl2-ksv-stp-2026-08-14-more-markets,43692.21,24,0.315,1,0.5,2026-08-14T16:30:00Z
3261355,Holstein Kiel vs. FC St. Pauli 1910: O/U 3.5,bl2-ksv-stp-2026-08-14-more-markets,43692.21,1,0.33,1,0.49,2026-08-14T16:30:00Z
3261356,Holstein Kiel vs. FC St. Pauli 1910: O/U 4.5,bl2-ksv-stp-2026-08-14-more-markets,14393.2,24,0.16,0,0.5,2026-08-14T16:30:00Z
3261356,Holstein Kiel vs. FC St. Pauli 1910: O/U 4.5,bl2-ksv-stp-2026-08-14-more-markets,14393.2,1,0.165,0,0.5,2026-08-14T16:30:00Z
3261361,Holstein Kiel vs. FC St. Pauli 1910: Both Teams to Score,bl2-ksv-stp-2026-08-14-more-markets,12197.22,24,0.59,1,0.5,2026-08-14T16:30:00Z
3261361,Holstein Kiel vs. FC St. Pauli 1910: Both Teams to Score,bl2-ksv-stp-2026-08-14-more-markets,12197.22,1,0.605,1,0.5,2026-08-14T16:30:00Z
3261363,Holstein Kiel vs. FC St. Pauli 1910: 1st Half O/U 0.5,bl2-ksv-stp-2026-08-14-more-markets,20557.42,24,0.72,1,0.5,2026-08-14T16:30:00Z
3261363,Holstein Kiel vs. FC St. Pauli 1910: 1st Half O/U 0.5,bl2-ksv-stp-2026-08-14-more-markets,20557.42,1,0.725,1,0.5,2026-08-14T16:30:00Z
3261364,Holstein Kiel vs. FC St. Pauli 1910: 1st Half O/U 1.5,bl2-ksv-stp-2026-08-14-more-markets,30476.77,24,0.35,1,0.5,2026-08-14T16:30:00Z
3261364,Holstein Kiel vs. FC St. Pauli 1910: 1st Half O/U 1.5,bl2-ksv-stp-2026-08-14-more-markets,30476.77,1,0.365,1,0.49,2026-08-14T16:30:00Z
3261389,Eintracht Braunschweig vs. VfL Bochum: O/U 1.5,bl2-bra-boc-2026-08-14-more-markets,20203.94,24,0.76,0,0.5,2026-08-14T16:30:00Z
3261389,Eintracht Braunschweig vs. VfL Bochum: O/U 1.5,bl2-bra-boc-2026-08-14-more-markets,20203.94,1,0.795,0,0.5,2026-08-14T16:30:00Z
3261390,Eintracht Braunschweig vs. VfL Bochum: O/U 2.5,bl2-bra-boc-2026-08-14-more-markets,32658.08,24,0.505,0,0.5,2026-08-14T16:30:00Z
3261390,Eintracht Braunschweig vs. VfL Bochum: O/U 2.5,bl2-bra-boc-2026-08-14-more-markets,32658.08,1,0.565,0,0.49,2026-08-14T16:30:00Z
3261486,Will NJ/NY Gotham FC win on 2026-08-14?,nwsl-got-kcc-2026-08-14,32201.23,24,0.54,1,0.01,2026-08-15T00:00:00Z
3261486,Will NJ/NY Gotham FC win on 2026-08-14?,nwsl-got-kcc-2026-08-14,32201.23,1,0.535,1,0.0,2026-08-15T00:00:00Z
3261492,Will Utah Royals FC win on 2026-08-14?,nwsl-roy-bay-2026-08-14,16669.07,24,0.515,1,0.0,2026-08-15T02:00:00Z
3261492,Will Utah Royals FC win on 2026-08-14?,nwsl-roy-bay-2026-08-14,16669.07,1,0.62,1,0.0,2026-08-15T02:00:00Z
3261496,Will San Diego Wave FC win on 2026-08-14?,nwsl-wav-den-2026-08-14,12160.44,24,0.435,0,0.0,2026-08-15T02:00:00Z
3261496,Will San Diego Wave FC win on 2026-08-14?,nwsl-wav-den-2026-08-14,12160.44,1,0.535,0,0.0,2026-08-15T02:00:00Z
3261499,Will Denver Summit FC win on 2026-08-14?,nwsl-wav-den-2026-08-14,13244.73,24,0.3,0,0.0,2026-08-15T02:00:00Z
3261499,Will Denver Summit FC win on 2026-08-14?,nwsl-wav-den-2026-08-14,13244.73,1,0.245,0,0.0,2026-08-15T02:00:00Z
3261615,SC Freiburg vs. Crystal Palace: O/U 2.5,clf-scf-cry-2026-08-15-more-markets,31471.14,24,0.685,1,0.01,2026-08-15T12:00:00Z
3261615,SC Freiburg vs. Crystal Palace: O/U 2.5,clf-scf-cry-2026-08-15-more-markets,31471.14,1,0.7,1,0.0,2026-08-15T12:00:00Z
3261782,Utah Royals FC vs. Bay FC: O/U 5.5,nwsl-roy-bay-2026-08-14-more-markets,11990.62,24,0.275,0,0.0,2026-08-15T02:00:00Z
3261782,Utah Royals FC vs. Bay FC: O/U 5.5,nwsl-roy-bay-2026-08-14-more-markets,11990.62,1,0.075,0,0.0,2026-08-15T02:00:00Z
3261910,NJ/NY Gotham FC vs. Kansas City Current: O/U 3.5,nwsl-got-kcc-2026-08-14-more-markets,13671.49,24,0.28,0,0.01,2026-08-15T00:00:00Z
3261910,NJ/NY Gotham FC vs. Kansas City Current: O/U 3.5,nwsl-got-kcc-2026-08-14-more-markets,13671.49,1,0.295,0,0.0,2026-08-15T00:00:00Z
3261911,NJ/NY Gotham FC vs. Kansas City Current: O/U 4.5,nwsl-got-kcc-2026-08-14-more-markets,10894.79,24,0.125,0,0.01,2026-08-15T00:00:00Z
3261911,NJ/NY Gotham FC vs. Kansas City Current: O/U 4.5,nwsl-got-kcc-2026-08-14-more-markets,10894.79,1,0.135,0,0.0,2026-08-15T00:00:00Z
3262000,Will Telstar 1963 win on 2026-08-14?,ere-tel-spa-2026-08-14,115827.76,24,0.425,0,0.01,2026-08-14T18:00:00Z
3262000,Will Telstar 1963 win on 2026-08-14?,ere-tel-spa-2026-08-14,115827.76,1,0.435,0,0.01,2026-08-14T18:00:00Z
3262002,Will Sparta Rotterdam win on 2026-08-14?,ere-tel-spa-2026-08-14,36063.37,24,0.32,1,0.01,2026-08-14T18:00:00Z
3262002,Will Sparta Rotterdam win on 2026-08-14?,ere-tel-spa-2026-08-14,36063.37,1,0.315,1,0.01,2026-08-14T18:00:00Z
3262005,Will NEC win on 2026-08-15?,ere-wii-nec-2026-08-15,148960.37,24,0.595,1,0.5,2026-08-15T14:30:00Z
3262005,Will NEC win on 2026-08-15?,ere-wii-nec-2026-08-15,148960.37,1,0.585,1,0.5,2026-08-15T14:30:00Z
3262045,Exact Score: Willem II Tilburg 1 - 2 NEC?,ere-wii-nec-2026-08-15-exact-score,10056.22,24,0.1,0,0.5,2026-08-15T14:30:00Z
3262045,Exact Score: Willem II Tilburg 1 - 2 NEC?,ere-wii-nec-2026-08-15-exact-score,10056.22,1,0.1,0,0.5,2026-08-15T14:30:00Z
3262048,Exact Score: Willem II Tilburg 1 - 3 NEC?,ere-wii-nec-2026-08-15-exact-score,40810.95,24,0.07,0,0.5,2026-08-15T14:30:00Z
3262048,Exact Score: Willem II Tilburg 1 - 3 NEC?,ere-wii-nec-2026-08-15-exact-score,40810.95,1,0.07,0,0.5,2026-08-15T14:30:00Z
3262132,Will Mirassol FC win on 2026-08-13?,lib-mir-lqu-2026-08-13,77174.25,24,0.555,0,0.0,2026-08-13T22:00:00Z
3262132,Will Mirassol FC win on 2026-08-13?,lib-mir-lqu-2026-08-13,77174.25,1,0.585,0,0.0,2026-08-13T22:00:00Z
3262133,Will Mirassol FC vs. LDU de Quito end in a draw?,lib-mir-lqu-2026-08-13,48615.57,24,0.28,1,0.0,2026-08-13T22:00:00Z
3262133,Will Mirassol FC vs. LDU de Quito end in a draw?,lib-mir-lqu-2026-08-13,48615.57,1,0.275,1,0.0,2026-08-13T22:00:00Z
3262134,Will LDU de Quito win on 2026-08-13?,lib-mir-lqu-2026-08-13,105185.91,24,0.165,0,0.0,2026-08-13T22:00:00Z
3262134,Will LDU de Quito win on 2026-08-13?,lib-mir-lqu-2026-08-13,105185.91,1,0.145,0,0.0,2026-08-13T22:00:00Z
3262136,Will CA Rosario Central win on 2026-08-13?,lib-ros-cor-2026-08-13,73942.56,24,0.415,0,0.5,2026-08-14T00:30:00Z
3262136,Will CA Rosario Central win on 2026-08-13?,lib-ros-cor-2026-08-13,73942.56,1,0.415,0,0.5,2026-08-14T00:30:00Z
3262137,Will CA Rosario Central vs. SC Corinthians Paulista end in a draw?,lib-ros-cor-2026-08-13,57727.4,24,0.335,1,0.5,2026-08-14T00:30:00Z
3262137,Will CA Rosario Central vs. SC Corinthians Paulista end in a draw?,lib-ros-cor-2026-08-13,57727.4,1,0.345,1,0.5,2026-08-14T00:30:00Z
3262138,Will SC Corinthians Paulista win on 2026-08-13?,lib-ros-cor-2026-08-13,75957.47,24,0.255,0,0.5,2026-08-14T00:30:00Z
3262138,Will SC Corinthians Paulista win on 2026-08-13?,lib-ros-cor-2026-08-13,75957.47,1,0.235,0,0.5,2026-08-14T00:30:00Z
3262141,Mirassol FC leading at halftime?,lib-mir-lqu-2026-08-13-halftime-result,20121.49,24,0.39,1,0.0,2026-08-13T22:00:00Z
3262141,Mirassol FC leading at halftime?,lib-mir-lqu-2026-08-13-halftime-result,20121.49,1,0.405,1,0.0,2026-08-13T22:00:00Z
3262157,Exact Score: Mirassol FC 2 - 1 LDU de Quito?,lib-mir-lqu-2026-08-13-exact-score,13933.62,24,0.1,0,0.0,2026-08-13T22:00:00Z
3262157,Exact Score: Mirassol FC 2 - 1 LDU de Quito?,lib-mir-lqu-2026-08-13-exact-score,13933.62,1,0.095,0,0.01,2026-08-13T22:00:00Z
3262170,Tōkyō Verdy vs. Kashiwa Reysol: O/U 0.5,jap-fct1-rey-2026-08-14-more-markets,14178.15,24,0.895,1,0.0,2026-08-14T10:00:00Z
3262170,Tōkyō Verdy vs. Kashiwa Reysol: O/U 0.5,jap-fct1-rey-2026-08-14-more-markets,14178.15,1,0.905,1,0.0,2026-08-14T10:00:00Z
3262171,Tōkyō Verdy vs. Kashiwa Reysol: O/U 1.5,jap-fct1-rey-2026-08-14-more-markets,10913.53,24,0.67,1,0.0,2026-08-14T10:00:00Z
3262171,Tōkyō Verdy vs. Kashiwa Reysol: O/U 1.5,jap-fct1-rey-2026-08-14-more-markets,10913.53,1,0.685,1,0.0,2026-08-14T10:00:00Z
3262172,Tōkyō Verdy vs. Kashiwa Reysol: O/U 2.5,jap-fct1-rey-2026-08-14-more-markets,67181.95,24,0.405,1,0.0,2026-08-14T10:00:00Z
3262172,Tōkyō Verdy vs. Kashiwa Reysol: O/U 2.5,jap-fct1-rey-2026-08-14-more-markets,67181.95,1,0.425,1,0.0,2026-08-14T10:00:00Z
3262173,Tōkyō Verdy vs. Kashiwa Reysol: O/U 3.5,jap-fct1-rey-2026-08-14-more-markets,25970.35,24,0.205,1,0.0,2026-08-14T10:00:00Z
3262173,Tōkyō Verdy vs. Kashiwa Reysol: O/U 3.5,jap-fct1-rey-2026-08-14-more-markets,25970.35,1,0.215,1,0.0,2026-08-14T10:00:00Z
3262174,Tōkyō Verdy vs. Kashiwa Reysol: O/U 4.5,jap-fct1-rey-2026-08-14-more-markets,46490.04,24,0.08,0,0.0,2026-08-14T10:00:00Z
3262174,Tōkyō Verdy vs. Kashiwa Reysol: O/U 4.5,jap-fct1-rey-2026-08-14-more-markets,46490.04,1,0.095,0,0.0,2026-08-14T10:00:00Z
3262413,AC Monza vs. US Avellino 1912: O/U 3.5,itc-mon1-ave-2026-08-14-more-markets,11584.4,24,0.265,0,0.26,2026-08-14T18:45:00Z
3262413,AC Monza vs. US Avellino 1912: O/U 3.5,itc-mon1-ave-2026-08-14-more-markets,11584.4,1,0.255,0,0.25,2026-08-14T18:45:00Z
3263089,Rosenborg BK vs. Viking FK: O/U 0.5,nor-rbk-vik-2026-08-14-more-markets,13628.7,24,0.9665,1,0.0,2026-08-14T17:00:00Z
3263089,Rosenborg BK vs. Viking FK: O/U 0.5,nor-rbk-vik-2026-08-14-more-markets,13628.7,1,0.9695,1,0.0,2026-08-14T17:00:00Z
3263102,Rosenborg BK vs. Viking FK: O/U 1.5,nor-rbk-vik-2026-08-14-more-markets,47692.97,24,0.845,1,0.01,2026-08-14T17:00:00Z
3263102,Rosenborg BK vs. Viking FK: O/U 1.5,nor-rbk-vik-2026-08-14-more-markets,47692.97,1,0.855,1,0.0,2026-08-14T17:00:00Z
3263121,Rosenborg BK vs. Viking FK: O/U 2.5,nor-rbk-vik-2026-08-14-more-markets,56113.19,24,0.65,1,0.0,2026-08-14T17:00:00Z
3263121,Rosenborg BK vs. Viking FK: O/U 2.5,nor-rbk-vik-2026-08-14-more-markets,56113.19,1,0.665,1,0.0,2026-08-14T17:00:00Z
3263130,Rosenborg BK vs. Viking FK: O/U 3.5,nor-rbk-vik-2026-08-14-more-markets,33996.35,24,0.425,0,0.0,2026-08-14T17:00:00Z
3263130,Rosenborg BK vs. Viking FK: O/U 3.5,nor-rbk-vik-2026-08-14-more-markets,33996.35,1,0.445,0,0.0,2026-08-14T17:00:00Z
3263135,Qingdao Xihaian FC vs. Chongqing Tonglianglong FC: O/U 0.5,chi-qin-ton-2026-08-14-more-markets,75839.38,24,0.915,0,0.01,2026-08-14T12:00:00Z
3263135,Qingdao Xihaian FC vs. Chongqing Tonglianglong FC: O/U 0.5,chi-qin-ton-2026-08-14-more-markets,75839.38,1,0.895,0,0.0,2026-08-14T12:00:00Z
3263146,Qingdao Xihaian FC vs. Chongqing Tonglianglong FC: O/U 1.5,chi-qin-ton-2026-08-14-more-markets,21213.58,24,0.735,0,0.01,2026-08-14T12:00:00Z
3263146,Qingdao Xihaian FC vs. Chongqing Tonglianglong FC: O/U 1.5,chi-qin-ton-2026-08-14-more-markets,21213.58,1,0.655,0,0.0,2026-08-14T12:00:00Z
3263164,Qingdao Xihaian FC vs. Chongqing Tonglianglong FC: O/U 2.5,chi-qin-ton-2026-08-14-more-markets,42849.18,24,0.485,0,0.01,2026-08-14T12:00:00Z
3263164,Qingdao Xihaian FC vs. Chongqing Tonglianglong FC: O/U 2.5,chi-qin-ton-2026-08-14-more-markets,42849.18,1,0.395,0,0.0,2026-08-14T12:00:00Z
3263165,Rosenborg BK vs. Viking FK: Both Teams to Score,nor-rbk-vik-2026-08-14-more-markets,39068.61,24,0.66,1,0.0,2026-08-14T17:00:00Z
3263165,Rosenborg BK vs. Viking FK: Both Teams to Score,nor-rbk-vik-2026-08-14-more-markets,39068.61,1,0.675,1,0.0,2026-08-14T17:00:00Z
3263219,Qingdao Xihaian FC vs. Chongqing Tonglianglong FC: Both Teams to Score,chi-qin-ton-2026-08-14-more-markets,16878.09,24,0.54,0,0.01,2026-08-14T12:00:00Z
3263219,Qingdao Xihaian FC vs. Chongqing Tonglianglong FC: Both Teams to Score,chi-qin-ton-2026-08-14-more-markets,16878.09,1,0.465,0,0.01,2026-08-14T12:00:00Z
3263526,Spread: Shandong Taishan FC (-1.5),chi-sha-hai-2026-08-14-more-markets,35144.48,24,0.425,1,0.42,2026-08-14T11:35:00Z
3263526,Spread: Shandong Taishan FC (-1.5),chi-sha-hai-2026-08-14-more-markets,35144.48,1,0.545,1,0.42,2026-08-14T11:35:00Z
3263586,Shandong Taishan FC vs. Qingdao Hainiu FC: O/U 2.5,chi-sha-hai-2026-08-14-more-markets,10327.8,24,0.695,1,0.42,2026-08-14T11:35:00Z
3263586,Shandong Taishan FC vs. Qingdao Hainiu FC: O/U 2.5,chi-sha-hai-2026-08-14-more-markets,10327.8,1,0.725,1,0.42,2026-08-14T11:35:00Z
3263596,Shandong Taishan FC vs. Qingdao Hainiu FC: O/U 3.5,chi-sha-hai-2026-08-14-more-markets,239138.65,24,0.475,1,0.42,2026-08-14T11:35:00Z
3263596,Shandong Taishan FC vs. Qingdao Hainiu FC: O/U 3.5,chi-sha-hai-2026-08-14-more-markets,239138.65,1,0.515,1,0.42,2026-08-14T11:35:00Z
3263601,Shandong Taishan FC vs. Qingdao Hainiu FC: O/U 4.5,chi-sha-hai-2026-08-14-more-markets,39269.32,24,0.28,0,0.42,2026-08-14T11:35:00Z
3263601,Shandong Taishan FC vs. Qingdao Hainiu FC: O/U 4.5,chi-sha-hai-2026-08-14-more-markets,39269.32,1,0.32,0,0.42,2026-08-14T11:35:00Z
3263604,Shandong Taishan FC vs. Qingdao Hainiu FC: O/U 5.5,chi-sha-hai-2026-08-14-more-markets,14041.7,24,0.145,0,0.42,2026-08-14T11:35:00Z
3263604,Shandong Taishan FC vs. Qingdao Hainiu FC: O/U 5.5,chi-sha-hai-2026-08-14-more-markets,14041.7,1,0.175,0,0.42,2026-08-14T11:35:00Z
3263851,Wuhan San Zhen FC vs. Shanghai Haigang FC: O/U 1.5,chi-wsz-shp-2026-08-14-more-markets,14888.48,24,0.83,1,0.42,2026-08-14T11:35:00Z
3263851,Wuhan San Zhen FC vs. Shanghai Haigang FC: O/U 1.5,chi-wsz-shp-2026-08-14-more-markets,14888.48,1,0.835,1,0.42,2026-08-14T11:35:00Z
3263853,Wuhan San Zhen FC vs. Shanghai Haigang FC: O/U 2.5,chi-wsz-shp-2026-08-14-more-markets,68114.82,24,0.615,1,0.42,2026-08-14T11:35:00Z
3263853,Wuhan San Zhen FC vs. Shanghai Haigang FC: O/U 2.5,chi-wsz-shp-2026-08-14-more-markets,68114.82,1,0.625,1,0.42,2026-08-14T11:35:00Z
3263858,Wuhan San Zhen FC vs. Shanghai Haigang FC: O/U 3.5,chi-wsz-shp-2026-08-14-more-markets,56826.12,24,0.39,1,0.42,2026-08-14T11:35:00Z
3263858,Wuhan San Zhen FC vs. Shanghai Haigang FC: O/U 3.5,chi-wsz-shp-2026-08-14-more-markets,56826.12,1,0.405,1,0.42,2026-08-14T11:35:00Z
3263865,Wuhan San Zhen FC vs. Shanghai Haigang FC: O/U 4.5,chi-wsz-shp-2026-08-14-more-markets,90342.83,24,0.21,1,0.42,2026-08-14T11:35:00Z
3263865,Wuhan San Zhen FC vs. Shanghai Haigang FC: O/U 4.5,chi-wsz-shp-2026-08-14-more-markets,90342.83,1,0.225,1,0.42,2026-08-14T11:35:00Z
3263868,Wuhan San Zhen FC vs. Shanghai Haigang FC: O/U 5.5,chi-wsz-shp-2026-08-14-more-markets,45318.89,24,0.08,0,0.42,2026-08-14T11:35:00Z
3263868,Wuhan San Zhen FC vs. Shanghai Haigang FC: O/U 5.5,chi-wsz-shp-2026-08-14-more-markets,45318.89,1,0.1,0,0.42,2026-08-14T11:35:00Z
3264378,Will Galatasaray SK win on 2026-08-14?,tur-gal-cf-2026-08-14,287512.45,24,0.825,0,0.49,2026-08-14T18:30:00Z
3264378,Will Galatasaray SK win on 2026-08-14?,tur-gal-cf-2026-08-14,287512.45,1,0.715,0,0.49,2026-08-14T18:30:00Z
3264379,Will Galatasaray SK vs. Çorum FK end in a draw?,tur-gal-cf-2026-08-14,79427.41,24,0.125,1,0.49,2026-08-14T18:30:00Z
3264379,Will Galatasaray SK vs. Çorum FK end in a draw?,tur-gal-cf-2026-08-14,79427.41,1,0.185,1,0.49,2026-08-14T18:30:00Z
3264380,Will Çorum FK win on 2026-08-14?,tur-gal-cf-2026-08-14,254449.14,24,0.055,0,0.49,2026-08-14T18:30:00Z
3264380,Will Çorum FK win on 2026-08-14?,tur-gal-cf-2026-08-14,254449.14,1,0.095,0,0.49,2026-08-14T18:30:00Z
3264384,Will Kasımpaşa SK win on 2026-08-15?,tur-kas-tra-2026-08-15,32821.14,24,0.225,0,0.0,2026-08-15T16:00:00Z
3264384,Will Kasımpaşa SK win on 2026-08-15?,tur-kas-tra-2026-08-15,32821.14,1,0.235,0,0.0,2026-08-15T16:00:00Z
3264385,Will Kasımpaşa SK vs. Trabzonspor end in a draw?,tur-kas-tra-2026-08-15,15856.48,24,0.25,1,0.0,2026-08-15T16:00:00Z
3264385,Will Kasımpaşa SK vs. Trabzonspor end in a draw?,tur-kas-tra-2026-08-15,15856.48,1,0.265,1,0.0,2026-08-15T16:00:00Z
3264387,Will Trabzonspor win on 2026-08-15?,tur-kas-tra-2026-08-15,141507.21,24,0.515,0,0.0,2026-08-15T16:00:00Z
3264387,Will Trabzonspor win on 2026-08-15?,tur-kas-tra-2026-08-15,141507.21,1,0.495,0,0.01,2026-08-15T16:00:00Z
3264388,Will Sunderland AFC win on 2026-08-15?,clf-sun-ren-2026-08-15,11985.21,24,0.41,1,0.0,2026-08-15T14:00:00Z
3264388,Will Sunderland AFC win on 2026-08-15?,clf-sun-ren-2026-08-15,11985.21,1,0.435,1,0.0,2026-08-15T14:00:00Z
3264392,Will Konyaspor win on 2026-08-15?,tur-kon-riz-2026-08-15,195697.47,24,0.395,0,0.0,2026-08-15T16:00:00Z
3264392,Will Konyaspor win on 2026-08-15?,tur-kon-riz-2026-08-15,195697.47,1,0.385,0,0.01,2026-08-15T16:00:00Z
3264393,Will AC Milan win on 2026-08-15?,clf-acm-mun-2026-08-15,53579.79,24,0.235,1,0.25,2026-08-15T14:45:00Z
3264393,Will AC Milan win on 2026-08-15?,clf-acm-mun-2026-08-15,53579.79,1,0.205,1,0.25,2026-08-15T14:45:00Z
3264394,Will Konyaspor vs. Çaykur Rizespor end in a draw?,tur-kon-riz-2026-08-15,75738.76,24,0.29,0,0.0,2026-08-15T16:00:00Z
3264394,Will Konyaspor vs. Çaykur Rizespor end in a draw?,tur-kon-riz-2026-08-15,75738.76,1,0.285,0,0.0,2026-08-15T16:00:00Z
3264396,Will AC Milan vs. Manchester United end in a draw?,clf-acm-mun-2026-08-15,19810.14,24,0.245,0,0.25,2026-08-15T14:45:00Z
3264396,Will AC Milan vs. Manchester United end in a draw?,clf-acm-mun-2026-08-15,19810.14,1,0.225,0,0.25,2026-08-15T14:45:00Z
3264397,Will Çaykur Rizespor win on 2026-08-15?,tur-kon-riz-2026-08-15,27466.62,24,0.315,1,0.0,2026-08-15T16:00:00Z
3264397,Will Çaykur Rizespor win on 2026-08-15?,tur-kon-riz-2026-08-15,27466.62,1,0.315,1,0.0,2026-08-15T16:00:00Z
3264398,Will Manchester United win on 2026-08-15?,clf-acm-mun-2026-08-15,93822.5,24,0.535,0,0.25,2026-08-15T14:45:00Z
3264398,Will Manchester United win on 2026-08-15?,clf-acm-mun-2026-08-15,93822.5,1,0.585,0,0.25,2026-08-15T14:45:00Z
3264399,Will Borussia Dortmund win on 2026-08-15?,clf-bvb-rom-2026-08-15,26089.71,24,0.455,0,0.49,2026-08-15T15:30:00Z
3264399,Will Borussia Dortmund win on 2026-08-15?,clf-bvb-rom-2026-08-15,26089.71,1,0.475,0,0.5,2026-08-15T15:30:00Z
3264400,Will Borussia Dortmund vs. AS Roma end in a draw?,clf-bvb-rom-2026-08-15,56316.19,24,0.25,1,0.49,2026-08-15T15:30:00Z
3264400,Will Borussia Dortmund vs. AS Roma end in a draw?,clf-bvb-rom-2026-08-15,56316.19,1,0.245,1,0.5,2026-08-15T15:30:00Z
3264401,Galatasaray SK leading at halftime?,tur-gal-cf-2026-08-14-halftime-result,13228.97,24,0.605,0,0.49,2026-08-14T18:30:00Z
3264401,Galatasaray SK leading at halftime?,tur-gal-cf-2026-08-14-halftime-result,13228.97,1,0.555,0,0.49,2026-08-14T18:30:00Z
3264403,Will AS Roma win on 2026-08-15?,clf-bvb-rom-2026-08-15,25562.93,24,0.32,0,0.5,2026-08-15T15:30:00Z
3264403,Will AS Roma win on 2026-08-15?,clf-bvb-rom-2026-08-15,25562.93,1,0.275,0,0.5,2026-08-15T15:30:00Z
3266879,Borussia Dortmund vs. AS Roma: O/U 3.5,clf-bvb-rom-2026-08-15-more-markets,10723.47,24,0.445,1,0.5,2026-08-15T15:30:00Z
3266879,Borussia Dortmund vs. AS Roma: O/U 3.5,clf-bvb-rom-2026-08-15-more-markets,10723.47,1,0.4,1,0.5,2026-08-15T15:30:00Z
3266880,Borussia Dortmund vs. AS Roma: O/U 4.5,clf-bvb-rom-2026-08-15-more-markets,44943.41,24,0.185,0,0.5,2026-08-15T15:30:00Z
3266880,Borussia Dortmund vs. AS Roma: O/U 4.5,clf-bvb-rom-2026-08-15-more-markets,44943.41,1,0.22,0,0.5,2026-08-15T15:30:00Z
3266881,Borussia Dortmund vs. AS Roma: O/U 5.5,clf-bvb-rom-2026-08-15-more-markets,40924.34,24,0.12,0,0.49,2026-08-15T15:30:00Z
3266881,Borussia Dortmund vs. AS Roma: O/U 5.5,clf-bvb-rom-2026-08-15-more-markets,40924.34,1,0.1,0,0.5,2026-08-15T15:30:00Z
3266913,AC Milan vs. Manchester United: O/U 4.5,clf-acm-mun-2026-08-15-more-markets,14802.61,24,0.2,1,0.25,2026-08-15T14:45:00Z
3266913,AC Milan vs. Manchester United: O/U 4.5,clf-acm-mun-2026-08-15-more-markets,14802.61,1,0.195,1,0.25,2026-08-15T14:45:00Z
3266914,AC Milan vs. Manchester United: O/U 5.5,clf-acm-mun-2026-08-15-more-markets,24891.35,24,0.105,1,0.26,2026-08-15T14:45:00Z
3266914,AC Milan vs. Manchester United: O/U 5.5,clf-acm-mun-2026-08-15-more-markets,24891.35,1,0.085,1,0.25,2026-08-15T14:45:00Z
3268638,Will Sporting CP win on 2026-08-14?,por-spo-gui-2026-08-14,153608.7,24,0.785,1,0.24,2026-08-14T19:15:00Z
3268638,Will Sporting CP win on 2026-08-14?,por-spo-gui-2026-08-14,153608.7,1,0.735,1,0.25,2026-08-14T19:15:00Z
3268639,Will Sporting CP vs. Vitória SC end in a draw?,por-spo-gui-2026-08-14,35283.11,24,0.135,0,0.24,2026-08-14T19:15:00Z
3268639,Will Sporting CP vs. Vitória SC end in a draw?,por-spo-gui-2026-08-14,35283.11,1,0.165,0,0.24,2026-08-14T19:15:00Z
3268641,Will Vitória SC win on 2026-08-14?,por-spo-gui-2026-08-14,81205.07,24,0.075,0,0.24,2026-08-14T19:15:00Z
3268641,Will Vitória SC win on 2026-08-14?,por-spo-gui-2026-08-14,81205.07,1,0.095,0,0.24,2026-08-14T19:15:00Z
3268642,Will FK Rodina Moskva win on 2026-08-15?,rus-rod-akr-2026-08-15,28246.13,24,0.385,0,0.0,2026-08-15T11:00:00Z
3268642,Will FK Rodina Moskva win on 2026-08-15?,rus-rod-akr-2026-08-15,28246.13,1,0.385,0,0.0,2026-08-15T11:00:00Z
3268643,Will FC Alverca win on 2026-08-15?,por-alv-ama-2026-08-15,188114.98,24,0.445,0,0.5,2026-08-15T14:30:00Z
3268643,Will FC Alverca win on 2026-08-15?,por-alv-ama-2026-08-15,188114.98,1,0.445,0,0.5,2026-08-15T14:30:00Z
3268646,Will FC Alverca vs. CF Estrela da Amadora end in a draw?,por-alv-ama-2026-08-15,15279.65,24,0.285,1,0.5,2026-08-15T14:30:00Z
3268646,Will FC Alverca vs. CF Estrela da Amadora end in a draw?,por-alv-ama-2026-08-15,15279.65,1,0.295,1,0.5,2026-08-15T14:30:00Z
3268647,Will CF Estrela da Amadora win on 2026-08-15?,por-alv-ama-2026-08-15,145630.93,24,0.27,0,0.5,2026-08-15T14:30:00Z
3268647,Will CF Estrela da Amadora win on 2026-08-15?,por-alv-ama-2026-08-15,145630.93,1,0.265,0,0.5,2026-08-15T14:30:00Z
3268648,Will PFK CSKA Moskva win on 2026-08-15?,rus-csk-fak-2026-08-15,18858.15,24,0.67,1,0.25,2026-08-15T13:15:00Z
3268648,Will PFK CSKA Moskva win on 2026-08-15?,rus-csk-fak-2026-08-15,18858.15,1,0.615,1,0.24,2026-08-15T13:15:00Z
3268650,Will Académico de Viseu FC win on 2026-08-15?,por-acv-cds-2026-08-15,61778.74,24,0.325,0,0.01,2026-08-15T17:00:00Z
3268650,Will Académico de Viseu FC win on 2026-08-15?,por-acv-cds-2026-08-15,61778.74,1,0.305,0,0.0,2026-08-15T17:00:00Z
3268653,Will CD Santa Clara win on 2026-08-15?,por-acv-cds-2026-08-15,21388.26,24,0.375,1,0.01,2026-08-15T17:00:00Z
3268653,Will CD Santa Clara win on 2026-08-15?,por-acv-cds-2026-08-15,21388.26,1,0.375,1,0.0,2026-08-15T17:00:00Z
3268675,Exact Score: Sporting CP 1 - 1 Vitória SC?,por-spo-gui-2026-08-14-exact-score,11102.26,24,0.06,0,0.24,2026-08-14T19:15:00Z
3268675,Exact Score: Sporting CP 1 - 1 Vitória SC?,por-spo-gui-2026-08-14-exact-score,11102.26,1,0.075,0,0.24,2026-08-14T19:15:00Z
3269339,Will Beşiktaş JK win on 2026-08-13?,uel-bes-hra-2026-08-13,94688.05,24,0.745,1,0.0,2026-08-13T17:00:00Z
3269339,Will Beşiktaş JK win on 2026-08-13?,uel-bes-hra-2026-08-13,94688.05,1,0.765,1,0.0,2026-08-13T17:00:00Z
3269341,Will FC Hradec Králové win on 2026-08-13?,uel-bes-hra-2026-08-13,21466.56,24,0.085,0,0.0,2026-08-13T17:00:00Z
3269341,Will FC Hradec Králové win on 2026-08-13?,uel-bes-hra-2026-08-13,21466.56,1,0.075,0,0.0,2026-08-13T17:00:00Z
3269342,Will Universitatea Craiova CS win on 2026-08-13?,uel-ucr-kps-2026-08-13,45959.16,24,0.685,1,0.0,2026-08-13T17:00:00Z
3269342,Will Universitatea Craiova CS win on 2026-08-13?,uel-ucr-kps-2026-08-13,45959.16,1,0.705,1,0.0,2026-08-13T17:00:00Z
3269343,Will Universitatea Craiova CS vs. Kuopion PS end in a draw?,uel-ucr-kps-2026-08-13,10604.88,24,0.205,0,0.0,2026-08-13T17:00:00Z
3269343,Will Universitatea Craiova CS vs. Kuopion PS end in a draw?,uel-ucr-kps-2026-08-13,10604.88,1,0.195,0,0.0,2026-08-13T17:00:00Z
3269344,Will Kuopion PS win on 2026-08-13?,uel-ucr-kps-2026-08-13,14102.57,24,0.105,0,0.0,2026-08-13T17:00:00Z
3269344,Will Kuopion PS win on 2026-08-13?,uel-ucr-kps-2026-08-13,14102.57,1,0.095,0,0.0,2026-08-13T17:00:00Z
3269345,Will Górnik Zabrze win on 2026-08-13?,uel-gor1-ftc-2026-08-13,178933.24,24,0.415,0,0.0,2026-08-13T17:00:00Z
3269345,Will Górnik Zabrze win on 2026-08-13?,uel-gor1-ftc-2026-08-13,178933.24,1,0.405,0,0.0,2026-08-13T17:00:00Z
3269346,Will Górnik Zabrze vs. Ferencvárosi TC end in a draw?,uel-gor1-ftc-2026-08-13,18286.53,24,0.265,1,0.0,2026-08-13T17:00:00Z
3269346,Will Górnik Zabrze vs. Ferencvárosi TC end in a draw?,uel-gor1-ftc-2026-08-13,18286.53,1,0.265,1,0.0,2026-08-13T17:00:00Z
3269347,Will Ferencvárosi TC win on 2026-08-13?,uel-gor1-ftc-2026-08-13,48522.58,24,0.315,0,0.0,2026-08-13T17:00:00Z
3269347,Will Ferencvárosi TC win on 2026-08-13?,uel-gor1-ftc-2026-08-13,48522.58,1,0.325,0,0.0,2026-08-13T17:00:00Z
3269348,Will AS Omónoia Leukosías win on 2026-08-13?,uel-omo-lin-2026-08-13,40227.39,24,0.875,1,0.0,2026-08-13T17:00:00Z
3269348,Will AS Omónoia Leukosías win on 2026-08-13?,uel-omo-lin-2026-08-13,40227.39,1,0.845,1,0.0,2026-08-13T17:00:00Z
3269349,Will AS Omónoia Leukosías vs. Lincoln Red Imps FC end in a draw?,uel-omo-lin-2026-08-13,13768.36,24,0.095,0,0.0,2026-08-13T17:00:00Z
3269349,Will AS Omónoia Leukosías vs. Lincoln Red Imps FC end in a draw?,uel-omo-lin-2026-08-13,13768.36,1,0.105,0,0.0,2026-08-13T17:00:00Z
3269350,Will Lincoln Red Imps FC win on 2026-08-13?,uel-omo-lin-2026-08-13,50061.04,24,0.0305,0,0.0,2026-08-13T17:00:00Z
3269350,Will Lincoln Red Imps FC win on 2026-08-13?,uel-omo-lin-2026-08-13,50061.04,1,0.0455,0,0.0,2026-08-13T17:00:00Z
3269351,Will KF Víkingur win on 2026-08-13?,uel-vik-thu-2026-08-13,59953.81,24,0.405,1,0.5,2026-08-13T17:30:00Z
3269351,Will KF Víkingur win on 2026-08-13?,uel-vik-thu-2026-08-13,59953.81,1,0.435,1,0.5,2026-08-13T17:30:00Z
3269352,Will KF Víkingur vs. FC Thun end in a draw?,uel-vik-thu-2026-08-13,21278.21,24,0.245,0,0.5,2026-08-13T17:30:00Z
3269352,Will KF Víkingur vs. FC Thun end in a draw?,uel-vik-thu-2026-08-13,21278.21,1,0.235,0,0.5,2026-08-13T17:30:00Z
3269353,Will FC Thun win on 2026-08-13?,uel-vik-thu-2026-08-13,12633.95,24,0.355,0,0.5,2026-08-13T17:30:00Z
3269353,Will FC Thun win on 2026-08-13?,uel-vik-thu-2026-08-13,12633.95,1,0.325,0,0.5,2026-08-13T17:30:00Z
3269354,Will PFK CSKA Sofia win on 2026-08-13?,uel-csk1-mta-2026-08-13,25809.08,24,0.405,0,0.01,2026-08-13T18:00:00Z
3269354,Will PFK CSKA Sofia win on 2026-08-13?,uel-csk1-mta-2026-08-13,25809.08,1,0.395,0,0.0,2026-08-13T18:00:00Z
3269356,Will MH Maccabi Tel Aviv win on 2026-08-13?,uel-csk1-mta-2026-08-13,41681.8,24,0.305,1,0.0,2026-08-13T18:00:00Z
3269356,Will MH Maccabi Tel Aviv win on 2026-08-13?,uel-csk1-mta-2026-08-13,41681.8,1,0.335,1,0.0,2026-08-13T18:00:00Z
3269357,Will Rangers FC win on 2026-08-13?,uel-ran1-jag-2026-08-13,50948.42,24,0.605,0,0.49,2026-08-13T18:30:00Z
3269357,Will Rangers FC win on 2026-08-13?,uel-ran1-jag-2026-08-13,50948.42,1,0.655,0,0.5,2026-08-13T18:30:00Z
3269358,Will Rangers FC vs. Jagiellonia Białystok end in a draw?,uel-ran1-jag-2026-08-13,26690.66,24,0.225,1,0.5,2026-08-13T18:30:00Z
3269358,Will Rangers FC vs. Jagiellonia Białystok end in a draw?,uel-ran1-jag-2026-08-13,26690.66,1,0.195,1,0.5,2026-08-13T18:30:00Z
3269359,Will Jagiellonia Białystok win on 2026-08-13?,uel-ran1-jag-2026-08-13,23388.12,24,0.165,0,0.5,2026-08-13T18:30:00Z
3269359,Will Jagiellonia Białystok win on 2026-08-13?,uel-ran1-jag-2026-08-13,23388.12,1,0.145,0,0.5,2026-08-13T18:30:00Z
3269360,Will RSC Anderlecht win on 2026-08-13?,uel-and-pao1-2026-08-13,144956.29,24,0.315,1,0.5,2026-08-13T18:30:00Z
3269360,Will RSC Anderlecht win on 2026-08-13?,uel-and-pao1-2026-08-13,144956.29,1,0.335,1,0.5,2026-08-13T18:30:00Z
3269361,Will RSC Anderlecht vs. PAOK end in a draw?,uel-and-pao1-2026-08-13,14873.36,24,0.275,0,0.49,2026-08-13T18:30:00Z
3269361,Will RSC Anderlecht vs. PAOK end in a draw?,uel-and-pao1-2026-08-13,14873.36,1,0.275,0,0.5,2026-08-13T18:30:00Z
3269362,Will PAOK win on 2026-08-13?,uel-and-pao1-2026-08-13,77272.32,24,0.395,0,0.5,2026-08-13T18:30:00Z
3269362,Will PAOK win on 2026-08-13?,uel-and-pao1-2026-08-13,77272.32,1,0.405,0,0.5,2026-08-13T18:30:00Z
3269363,Will Heart of Midlothian FC win on 2026-08-13?,uel-hmi-ben-2026-08-13,48062.65,24,0.145,0,0.25,2026-08-13T18:45:00Z
3269363,Will Heart of Midlothian FC win on 2026-08-13?,uel-hmi-ben-2026-08-13,48062.65,1,0.145,0,0.26,2026-08-13T18:45:00Z
3269364,Will Heart of Midlothian FC vs. Sport Lisboa e Benfica end in a draw?,uel-hmi-ben-2026-08-13,27430.08,24,0.1805,1,0.25,2026-08-13T18:45:00Z
3269364,Will Heart of Midlothian FC vs. Sport Lisboa e Benfica end in a draw?,uel-hmi-ben-2026-08-13,27430.08,1,0.1945,1,0.26,2026-08-13T18:45:00Z
3269365,Will Sport Lisboa e Benfica win on 2026-08-13?,uel-hmi-ben-2026-08-13,322595.36,24,0.685,0,0.25,2026-08-13T18:45:00Z
3269365,Will Sport Lisboa e Benfica win on 2026-08-13?,uel-hmi-ben-2026-08-13,322595.36,1,0.655,0,0.26,2026-08-13T18:45:00Z
3269366,Will KÍ win on 2026-08-13?,uel-ki-lep-2026-08-13,11593.33,24,0.195,0,0.01,2026-08-14T18:00:00Z
3269366,Will KÍ win on 2026-08-13?,uel-ki-lep-2026-08-13,11593.33,1,0.155,0,0.01,2026-08-14T18:00:00Z
3269367,Will KÍ vs. KKS Lech Poznań end in a draw?,uel-ki-lep-2026-08-13,18015.65,24,0.215,0,0.5,2026-08-13T17:30:00Z
3269367,Will KÍ vs. KKS Lech Poznań end in a draw?,uel-ki-lep-2026-08-13,18015.65,1,0.225,0,0.5,2026-08-13T17:30:00Z
3269368,Will KKS Lech Poznań win on 2026-08-13?,uel-ki-lep-2026-08-13,25212.23,24,0.575,1,0.01,2026-08-14T18:00:00Z
3269368,Will KKS Lech Poznań win on 2026-08-13?,uel-ki-lep-2026-08-13,25212.23,1,0.615,1,0.01,2026-08-14T18:00:00Z
3269369,Will KF Egnatia Rrogozhinë win on 2026-08-13?,uel-egn-shr-2026-08-13,63098.92,24,0.455,1,0.0,2026-08-13T19:00:00Z
3269369,Will KF Egnatia Rrogozhinë win on 2026-08-13?,uel-egn-shr-2026-08-13,63098.92,1,0.445,1,0.01,2026-08-13T19:00:00Z
3269370,Will KF Egnatia Rrogozhinë vs. Shamrock Rovers FC end in a draw?,uel-egn-shr-2026-08-13,10963.74,24,0.265,0,0.0,2026-08-13T19:00:00Z
3269370,Will KF Egnatia Rrogozhinë vs. Shamrock Rovers FC end in a draw?,uel-egn-shr-2026-08-13,10963.74,1,0.265,0,0.01,2026-08-13T19:00:00Z
3269371,Will Shamrock Rovers FC win on 2026-08-13?,uel-egn-shr-2026-08-13,13293.26,24,0.295,0,0.01,2026-08-13T19:00:00Z
3269371,Will Shamrock Rovers FC win on 2026-08-13?,uel-egn-shr-2026-08-13,13293.26,1,0.295,0,0.01,2026-08-13T19:00:00Z
3269652,Exact Score: Beşiktaş JK 2 - 1 FC Hradec Králové?,uel-bes-hra-2026-08-13-exact-score,11077.44,24,0.095,0,0.0,2026-08-13T17:00:00Z
3269652,Exact Score: Beşiktaş JK 2 - 1 FC Hradec Králové?,uel-bes-hra-2026-08-13-exact-score,11077.44,1,0.085,0,0.0,2026-08-13T17:00:00Z
3269672,Exact Score: Universitatea Craiova CS 1 - 0 Kuopion PS?,uel-ucr-kps-2026-08-13-exact-score,16551.95,24,0.14,0,0.0,2026-08-13T17:00:00Z
3269672,Exact Score: Universitatea Craiova CS 1 - 0 Kuopion PS?,uel-ucr-kps-2026-08-13-exact-score,16551.95,1,0.12,0,0.0,2026-08-13T17:00:00Z
3269722,Exact Score: AS Omónoia Leukosías 0 - 0 Lincoln Red Imps FC?,uel-omo-lin-2026-08-13-exact-score,15010.9,24,0.0335,0,0.0,2026-08-13T17:00:00Z
3269722,Exact Score: AS Omónoia Leukosías 0 - 0 Lincoln Red Imps FC?,uel-omo-lin-2026-08-13-exact-score,15010.9,1,0.032,0,0.0,2026-08-13T17:00:00Z
3269729,Exact Score: AS Omónoia Leukosías 1 - 2 Lincoln Red Imps FC?,uel-omo-lin-2026-08-13-exact-score,10134.54,24,0.011,0,0.0,2026-08-13T17:00:00Z
3269729,Exact Score: AS Omónoia Leukosías 1 - 2 Lincoln Red Imps FC?,uel-omo-lin-2026-08-13-exact-score,10134.54,1,0.0145,0,0.0,2026-08-13T17:00:00Z
3269730,Exact Score: AS Omónoia Leukosías 2 - 1 Lincoln Red Imps FC?,uel-omo-lin-2026-08-13-exact-score,13578.07,24,0.067,0,0.0,2026-08-13T17:00:00Z
3269730,Exact Score: AS Omónoia Leukosías 2 - 1 Lincoln Red Imps FC?,uel-omo-lin-2026-08-13-exact-score,13578.07,1,0.0785,0,0.0,2026-08-13T17:00:00Z
3269814,Exact Score: Rangers FC 1 - 2 Jagiellonia Białystok?,uel-ran1-jag-2026-08-13-exact-score,18695.48,24,0.05,0,0.5,2026-08-13T18:30:00Z
3269814,Exact Score: Rangers FC 1 - 2 Jagiellonia Białystok?,uel-ran1-jag-2026-08-13-exact-score,18695.48,1,0.042,0,0.5,2026-08-13T18:30:00Z
3270029,KF Egnatia Rrogozhinë vs. Shamrock Rovers FC: O/U 1.5,uel-egn-shr-2026-08-13-more-markets,15978.7,24,0.77,1,0.01,2026-08-13T19:00:00Z
3270029,KF Egnatia Rrogozhinë vs. Shamrock Rovers FC: O/U 1.5,uel-egn-shr-2026-08-13-more-markets,15978.7,1,0.785,1,0.01,2026-08-13T19:00:00Z
3270030,KF Egnatia Rrogozhinë vs. Shamrock Rovers FC: O/U 2.5,uel-egn-shr-2026-08-13-more-markets,13362.33,24,0.55,1,0.0,2026-08-13T19:00:00Z
3270030,KF Egnatia Rrogozhinë vs. Shamrock Rovers FC: O/U 2.5,uel-egn-shr-2026-08-13-more-markets,13362.33,1,0.555,1,0.01,2026-08-13T19:00:00Z
3270033,KF Egnatia Rrogozhinë vs. Shamrock Rovers FC: O/U 5.5,uel-egn-shr-2026-08-13-more-markets,15006.13,24,0.065,1,0.01,2026-08-13T19:00:00Z
3270033,KF Egnatia Rrogozhinë vs. Shamrock Rovers FC: O/U 5.5,uel-egn-shr-2026-08-13-more-markets,15006.13,1,0.07,1,0.01,2026-08-13T19:00:00Z
3270034,KF Egnatia Rrogozhinë vs. Shamrock Rovers FC: Both Teams to Score,uel-egn-shr-2026-08-13-more-markets,13278.71,24,0.585,1,0.0,2026-08-13T19:00:00Z
3270034,KF Egnatia Rrogozhinë vs. Shamrock Rovers FC: Both Teams to Score,uel-egn-shr-2026-08-13-more-markets,13278.71,1,0.595,1,0.01,2026-08-13T19:00:00Z
3270058,Spread: KKS Lech Poznań (-1.5),uel-ki-lep-2026-08-13-more-markets,10329.26,24,0.365,1,0.25,2026-08-13T18:45:00Z
3270058,Spread: KKS Lech Poznań (-1.5),uel-ki-lep-2026-08-13-more-markets,10329.26,1,0.325,1,0.26,2026-08-13T18:45:00Z
3270063,KÍ vs. KKS Lech Poznań: O/U 2.5,uel-ki-lep-2026-08-13-more-markets,19406.86,24,0.56,1,0.24,2026-08-14T19:15:00Z
3270063,KÍ vs. KKS Lech Poznań: O/U 2.5,uel-ki-lep-2026-08-13-more-markets,19406.86,1,0.55,1,0.25,2026-08-14T19:15:00Z
3270064,KÍ vs. KKS Lech Poznań: O/U 3.5,uel-ki-lep-2026-08-13-more-markets,13447.93,24,0.36,1,0.24,2026-08-14T19:15:00Z
3270064,KÍ vs. KKS Lech Poznań: O/U 3.5,uel-ki-lep-2026-08-13-more-markets,13447.93,1,0.31,1,0.25,2026-08-14T19:15:00Z
3270091,Spread: Sport Lisboa e Benfica (-1.5),uel-hmi-ben-2026-08-13-more-markets,20202.71,24,0.445,0,0.26,2026-08-13T18:45:00Z
3270091,Spread: Sport Lisboa e Benfica (-1.5),uel-hmi-ben-2026-08-13-more-markets,20202.71,1,0.415,0,0.26,2026-08-13T18:45:00Z
3270094,Heart of Midlothian FC vs. Sport Lisboa e Benfica: O/U 0.5,uel-hmi-ben-2026-08-13-more-markets,102006.01,24,0.969,1,0.25,2026-08-13T18:45:00Z
3270094,Heart of Midlothian FC vs. Sport Lisboa e Benfica: O/U 0.5,uel-hmi-ben-2026-08-13-more-markets,102006.01,1,0.965,1,0.26,2026-08-13T18:45:00Z
3270095,Heart of Midlothian FC vs. Sport Lisboa e Benfica: O/U 1.5,uel-hmi-ben-2026-08-13-more-markets,36448.38,24,0.845,1,0.25,2026-08-13T18:45:00Z
3270095,Heart of Midlothian FC vs. Sport Lisboa e Benfica: O/U 1.5,uel-hmi-ben-2026-08-13-more-markets,36448.38,1,0.845,1,0.26,2026-08-13T18:45:00Z
3270096,Heart of Midlothian FC vs. Sport Lisboa e Benfica: O/U 2.5,uel-hmi-ben-2026-08-13-more-markets,92730.24,24,0.675,0,0.25,2026-08-13T18:45:00Z
3270096,Heart of Midlothian FC vs. Sport Lisboa e Benfica: O/U 2.5,uel-hmi-ben-2026-08-13-more-markets,92730.24,1,0.645,0,0.26,2026-08-13T18:45:00Z
3270129,RSC Anderlecht vs. PAOK: O/U 2.5,uel-and-pao1-2026-08-13-more-markets,38515.79,24,0.505,1,0.5,2026-08-13T18:30:00Z
3270129,RSC Anderlecht vs. PAOK: O/U 2.5,uel-and-pao1-2026-08-13-more-markets,38515.79,1,0.525,1,0.5,2026-08-13T18:30:00Z
3270130,RSC Anderlecht vs. PAOK: O/U 3.5,uel-and-pao1-2026-08-13-more-markets,12302.27,24,0.295,1,0.5,2026-08-13T18:30:00Z
3270130,RSC Anderlecht vs. PAOK: O/U 3.5,uel-and-pao1-2026-08-13-more-markets,12302.27,1,0.295,1,0.5,2026-08-13T18:30:00Z
3270131,RSC Anderlecht vs. PAOK: O/U 4.5,uel-and-pao1-2026-08-13-more-markets,63482.46,24,0.145,1,0.49,2026-08-13T18:30:00Z
3270131,RSC Anderlecht vs. PAOK: O/U 4.5,uel-and-pao1-2026-08-13-more-markets,63482.46,1,0.135,1,0.5,2026-08-13T18:30:00Z
3270132,RSC Anderlecht vs. PAOK: O/U 5.5,uel-and-pao1-2026-08-13-more-markets,25281.65,24,0.065,0,0.5,2026-08-13T18:30:00Z
3270132,RSC Anderlecht vs. PAOK: O/U 5.5,uel-and-pao1-2026-08-13-more-markets,25281.65,1,0.055,0,0.5,2026-08-13T18:30:00Z
3270156,Spread: Rangers FC (-1.5),uel-ran1-jag-2026-08-13-more-markets,20395.28,24,0.345,0,0.5,2026-08-13T18:30:00Z
3270156,Spread: Rangers FC (-1.5),uel-ran1-jag-2026-08-13-more-markets,20395.28,1,0.415,0,0.5,2026-08-13T18:30:00Z
3270161,Rangers FC vs. Jagiellonia Białystok: O/U 1.5,uel-ran1-jag-2026-08-13-more-markets,27293.92,24,0.785,1,0.49,2026-08-13T18:30:00Z
3270161,Rangers FC vs. Jagiellonia Białystok: O/U 1.5,uel-ran1-jag-2026-08-13-more-markets,27293.92,1,0.825,1,0.5,2026-08-13T18:30:00Z
3270162,Rangers FC vs. Jagiellonia Białystok: O/U 2.5,uel-ran1-jag-2026-08-13-more-markets,27913.73,24,0.545,0,0.5,2026-08-13T18:30:00Z
3270162,Rangers FC vs. Jagiellonia Białystok: O/U 2.5,uel-ran1-jag-2026-08-13-more-markets,27913.73,1,0.605,0,0.5,2026-08-13T18:30:00Z
3270166,Rangers FC vs. Jagiellonia Białystok: Both Teams to Score,uel-ran1-jag-2026-08-13-more-markets,28911.65,24,0.53,1,0.49,2026-08-13T18:30:00Z
3270166,Rangers FC vs. Jagiellonia Białystok: Both Teams to Score,uel-ran1-jag-2026-08-13-more-markets,28911.65,1,0.555,1,0.5,2026-08-13T18:30:00Z
3270192,Spread: MH Maccabi Tel Aviv (-2.5),uel-csk1-mta-2026-08-13-more-markets,11921.17,24,0.045,0,0.01,2026-08-13T18:00:00Z
3270192,Spread: MH Maccabi Tel Aviv (-2.5),uel-csk1-mta-2026-08-13-more-markets,11921.17,1,0.045,0,0.0,2026-08-13T18:00:00Z
3270194,PFK CSKA Sofia vs. MH Maccabi Tel Aviv: O/U 1.5,uel-csk1-mta-2026-08-13-more-markets,21732.02,24,0.715,1,0.01,2026-08-13T18:00:00Z
3270194,PFK CSKA Sofia vs. MH Maccabi Tel Aviv: O/U 1.5,uel-csk1-mta-2026-08-13-more-markets,21732.02,1,0.755,1,0.0,2026-08-13T18:00:00Z
3270195,PFK CSKA Sofia vs. MH Maccabi Tel Aviv: O/U 2.5,uel-csk1-mta-2026-08-13-more-markets,25189.01,24,0.46,1,0.01,2026-08-13T18:00:00Z
3270195,PFK CSKA Sofia vs. MH Maccabi Tel Aviv: O/U 2.5,uel-csk1-mta-2026-08-13-more-markets,25189.01,1,0.505,1,0.0,2026-08-13T18:00:00Z
3270197,PFK CSKA Sofia vs. MH Maccabi Tel Aviv: O/U 4.5,uel-csk1-mta-2026-08-13-more-markets,21385.47,24,0.125,0,0.01,2026-08-13T18:00:00Z
3270197,PFK CSKA Sofia vs. MH Maccabi Tel Aviv: O/U 4.5,uel-csk1-mta-2026-08-13-more-markets,21385.47,1,0.125,0,0.0,2026-08-13T18:00:00Z
3270226,KF Víkingur vs. FC Thun: O/U 0.5,uel-vik-thu-2026-08-13-more-markets,14207.61,24,0.9535,1,0.5,2026-08-13T17:30:00Z
3270226,KF Víkingur vs. FC Thun: O/U 0.5,uel-vik-thu-2026-08-13-more-markets,14207.61,1,0.9665,1,0.5,2026-08-13T17:30:00Z
3270230,KF Víkingur vs. FC Thun: O/U 4.5,uel-vik-thu-2026-08-13-more-markets,17339.77,24,0.245,1,0.5,2026-08-13T17:30:00Z
3270230,KF Víkingur vs. FC Thun: O/U 4.5,uel-vik-thu-2026-08-13-more-markets,17339.77,1,0.255,1,0.5,2026-08-13T17:30:00Z
3270231,KF Víkingur vs. FC Thun: O/U 5.5,uel-vik-thu-2026-08-13-more-markets,20922.81,24,0.115,0,0.5,2026-08-13T17:30:00Z
3270231,KF Víkingur vs. FC Thun: O/U 5.5,uel-vik-thu-2026-08-13-more-markets,20922.81,1,0.125,0,0.5,2026-08-13T17:30:00Z
3270255,Spread: AS Omónoia Leukosías (-1.5),uel-omo-lin-2026-08-13-more-markets,37527.83,24,0.685,0,0.0,2026-08-13T17:00:00Z
3270255,Spread: AS Omónoia Leukosías (-1.5),uel-omo-lin-2026-08-13-more-markets,37527.83,1,0.64,0,0.0,2026-08-13T17:00:00Z
3270257,Spread: AS Omónoia Leukosías (-2.5),uel-omo-lin-2026-08-13-more-markets,13745.32,24,0.47,0,0.0,2026-08-13T17:00:00Z
3270257,Spread: AS Omónoia Leukosías (-2.5),uel-omo-lin-2026-08-13-more-markets,13745.32,1,0.415,0,0.0,2026-08-13T17:00:00Z
3270293,Górnik Zabrze vs. Ferencvárosi TC: O/U 1.5,uel-gor1-ftc-2026-08-13-more-markets,54155.86,24,0.74,1,0.0,2026-08-13T17:00:00Z
3270293,Górnik Zabrze vs. Ferencvárosi TC: O/U 1.5,uel-gor1-ftc-2026-08-13-more-markets,54155.86,1,0.745,1,0.0,2026-08-13T17:00:00Z
3270294,Górnik Zabrze vs. Ferencvárosi TC: O/U 2.5,uel-gor1-ftc-2026-08-13-more-markets,47212.06,24,0.485,0,0.0,2026-08-13T17:00:00Z
3270294,Górnik Zabrze vs. Ferencvárosi TC: O/U 2.5,uel-gor1-ftc-2026-08-13-more-markets,47212.06,1,0.505,0,0.0,2026-08-13T17:00:00Z
3270296,Górnik Zabrze vs. Ferencvárosi TC: O/U 4.5,uel-gor1-ftc-2026-08-13-more-markets,18741.3,24,0.125,0,0.0,2026-08-13T17:00:00Z
3270296,Górnik Zabrze vs. Ferencvárosi TC: O/U 4.5,uel-gor1-ftc-2026-08-13-more-markets,18741.3,1,0.125,0,0.0,2026-08-13T17:00:00Z
3270321,Spread: Universitatea Craiova CS (-1.5),uel-ucr-kps-2026-08-13-more-markets,26152.09,24,0.425,0,0.0,2026-08-13T17:00:00Z
3270321,Spread: Universitatea Craiova CS (-1.5),uel-ucr-kps-2026-08-13-more-markets,26152.09,1,0.475,0,0.0,2026-08-13T17:00:00Z
3270327,Universitatea Craiova CS vs. Kuopion PS: O/U 2.5,uel-ucr-kps-2026-08-13-more-markets,92170.61,24,0.505,1,0.0,2026-08-13T17:00:00Z
3270327,Universitatea Craiova CS vs. Kuopion PS: O/U 2.5,uel-ucr-kps-2026-08-13-more-markets,92170.61,1,0.545,1,0.0,2026-08-13T17:00:00Z
3270328,Universitatea Craiova CS vs. Kuopion PS: O/U 3.5,uel-ucr-kps-2026-08-13-more-markets,80235.31,24,0.285,0,0.0,2026-08-13T17:00:00Z
3270328,Universitatea Craiova CS vs. Kuopion PS: O/U 3.5,uel-ucr-kps-2026-08-13-more-markets,80235.31,1,0.325,0,0.0,2026-08-13T17:00:00Z
3270329,Universitatea Craiova CS vs. Kuopion PS: O/U 4.5,uel-ucr-kps-2026-08-13-more-markets,11857.8,24,0.13,0,0.0,2026-08-13T17:00:00Z
3270329,Universitatea Craiova CS vs. Kuopion PS: O/U 4.5,uel-ucr-kps-2026-08-13-more-markets,11857.8,1,0.155,0,0.0,2026-08-13T17:00:00Z
3270354,Spread: Beşiktaş JK (-1.5),uel-bes-hra-2026-08-13-more-markets,116173.49,24,0.495,0,0.0,2026-08-13T17:00:00Z
3270354,Spread: Beşiktaş JK (-1.5),uel-bes-hra-2026-08-13-more-markets,116173.49,1,0.535,0,0.0,2026-08-13T17:00:00Z
3270359,Beşiktaş JK vs. FC Hradec Králové: O/U 1.5,uel-bes-hra-2026-08-13-more-markets,23538.69,24,0.815,0,0.0,2026-08-13T17:00:00Z
3270359,Beşiktaş JK vs. FC Hradec Králové: O/U 1.5,uel-bes-hra-2026-08-13-more-markets,23538.69,1,0.815,0,0.0,2026-08-13T17:00:00Z
3270360,Beşiktaş JK vs. FC Hradec Králové: O/U 2.5,uel-bes-hra-2026-08-13-more-markets,28783.93,24,0.595,0,0.0,2026-08-13T17:00:00Z
3270360,Beşiktaş JK vs. FC Hradec Králové: O/U 2.5,uel-bes-hra-2026-08-13-more-markets,28783.93,1,0.595,0,0.0,2026-08-13T17:00:00Z
3270362,Beşiktaş JK vs. FC Hradec Králové: O/U 4.5,uel-bes-hra-2026-08-13-more-markets,10887.18,24,0.195,0,0.0,2026-08-13T17:00:00Z
3270362,Beşiktaş JK vs. FC Hradec Králové: O/U 4.5,uel-bes-hra-2026-08-13-more-markets,10887.18,1,0.195,0,0.0,2026-08-13T17:00:00Z
3270645,Will CD Universidad de Concepción win on 2026-08-14?,chi1-cu1-cls-2026-08-14,31482.91,24,0.4,0,0.0,2026-08-14T23:00:00Z
3270645,Will CD Universidad de Concepción win on 2026-08-14?,chi1-cu1-cls-2026-08-14,31482.91,1,0.415,0,0.0,2026-08-14T23:00:00Z
3270646,Will CA Grau win on 2026-08-14?,per1-cag-ccu-2026-08-14,51087.19,24,0.515,1,0.01,2026-08-14T20:00:00Z
3270646,Will CA Grau win on 2026-08-14?,per1-cag-ccu-2026-08-14,51087.19,1,0.41,1,0.0,2026-08-14T20:00:00Z
3270650,Will CA Grau vs. CD Comerciantes Unidos end in a draw?,per1-cag-ccu-2026-08-14,13690.13,24,0.28,0,0.01,2026-08-14T20:00:00Z
3270650,Will CA Grau vs. CD Comerciantes Unidos end in a draw?,per1-cag-ccu-2026-08-14,13690.13,1,0.315,0,0.0,2026-08-14T20:00:00Z
3270651,Will Llaneros FC win on 2026-08-14?,col1-llf-cdt-2026-08-14,53470.69,720,0.325,0,85.01,2026-09-07T23:00:00Z
3270651,Will Llaneros FC win on 2026-08-14?,col1-llf-cdt-2026-08-14,53470.69,168,0.38,0,0.0,2026-09-07T23:00:00Z
3270651,Will Llaneros FC win on 2026-08-14?,col1-llf-cdt-2026-08-14,53470.69,24,0.315,0,0.01,2026-09-07T23:00:00Z
3270651,Will Llaneros FC win on 2026-08-14?,col1-llf-cdt-2026-08-14,53470.69,1,0.355,0,0.0,2026-09-07T23:00:00Z
3270652,Will SK Sigma Olomouc win on 2026-08-15?,cze1-fcs-sso-2026-08-15,31095.09,24,0.41,1,0.0,2026-08-15T15:00:00Z
3270652,Will SK Sigma Olomouc win on 2026-08-15?,cze1-fcs-sso-2026-08-15,31095.09,1,0.42,1,0.0,2026-08-15T15:00:00Z
3270654,Will CD La Serena win on 2026-08-14?,chi1-cu1-cls-2026-08-14,43674.88,24,0.315,1,0.0,2026-08-14T23:00:00Z
3270654,Will CD La Serena win on 2026-08-14?,chi1-cu1-cls-2026-08-14,43674.88,1,0.295,1,0.0,2026-08-14T23:00:00Z
3270659,Will CD Tolima win on 2026-08-14?,col1-llf-cdt-2026-08-14,15070.43,720,0.36,1,85.01,2026-09-07T23:00:00Z
3270659,Will CD Tolima win on 2026-08-14?,col1-llf-cdt-2026-08-14,15070.43,168,0.345,1,0.0,2026-09-07T23:00:00Z
3270659,Will CD Tolima win on 2026-08-14?,col1-llf-cdt-2026-08-14,15070.43,24,0.37,1,0.01,2026-09-07T23:00:00Z
3270659,Will CD Tolima win on 2026-08-14?,col1-llf-cdt-2026-08-14,15070.43,1,0.345,1,0.01,2026-09-07T23:00:00Z
3270669,Will FK Pardubice vs. FK Mladá Boleslav end in a draw?,cze1-fkp-fmb-2026-08-15,11018.51,24,0.255,1,0.01,2026-08-15T15:00:00Z
3270669,Will FK Pardubice vs. FK Mladá Boleslav end in a draw?,cze1-fkp-fmb-2026-08-15,11018.51,1,0.255,1,0.0,2026-08-15T15:00:00Z
3270670,Will AA Ponte Preta win on 2026-08-14?,bra2-pop-nau-2026-08-14,17592.46,24,0.245,0,0.5,2026-08-14T22:30:00Z
3270670,Will AA Ponte Preta win on 2026-08-14?,bra2-pop-nau-2026-08-14,17592.46,1,0.235,0,0.5,2026-08-14T22:30:00Z
3270674,Will AA Ponte Preta vs. Clube Náutico Capibaribe end in a draw?,bra2-pop-nau-2026-08-14,10163.24,24,0.26,1,0.5,2026-08-14T22:30:00Z
3270674,Will AA Ponte Preta vs. Clube Náutico Capibaribe end in a draw?,bra2-pop-nau-2026-08-14,10163.24,1,0.285,1,0.49,2026-08-14T22:30:00Z
3270677,Will Clube Náutico Capibaribe win on 2026-08-14?,bra2-pop-nau-2026-08-14,49442.69,24,0.495,0,0.5,2026-08-14T22:30:00Z
3270677,Will Clube Náutico Capibaribe win on 2026-08-14?,bra2-pop-nau-2026-08-14,49442.69,1,0.475,0,0.5,2026-08-14T22:30:00Z
3270684,Will SC Recife win on 2026-08-14?,bra2-rec-lon-2026-08-14,39418.19,24,0.585,1,0.5,2026-08-14T23:30:00Z
3270684,Will SC Recife win on 2026-08-14?,bra2-rec-lon-2026-08-14,39418.19,1,0.585,1,0.5,2026-08-14T23:30:00Z
3270687,Will SC Recife vs. Londrina EC end in a draw?,bra2-rec-lon-2026-08-14,15265.76,24,0.25,0,0.49,2026-08-14T23:30:00Z
3270687,Will SC Recife vs. Londrina EC end in a draw?,bra2-rec-lon-2026-08-14,15265.76,1,0.255,0,0.49,2026-08-14T23:30:00Z
3270704,Will FC Viktoria Plzeň win on 2026-08-15?,cze1-fvp-fcz-2026-08-15,11187.91,24,0.79,1,0.01,2026-08-15T18:00:00Z
3270704,Will FC Viktoria Plzeň win on 2026-08-15?,cze1-fvp-fcz-2026-08-15,11187.91,1,0.755,1,0.01,2026-08-15T18:00:00Z
3270715,Will Criciúma EC win on 2026-08-15?,bra2-cri-goi-2026-08-15,15948.07,24,0.52,1,0.0,2026-08-15T19:00:00Z
3270715,Will Criciúma EC win on 2026-08-15?,bra2-cri-goi-2026-08-15,15948.07,1,0.525,1,0.0,2026-08-15T19:00:00Z
3271362,Will FC Mito Holly Hock win on 2026-08-15?,jap-hol-gam-2026-08-15,20787.36,24,0.345,0,0.0,2026-08-15T09:00:00Z
3271362,Will FC Mito Holly Hock win on 2026-08-15?,jap-hol-gam-2026-08-15,20787.36,1,0.375,0,0.0,2026-08-15T09:00:00Z
3271363,Will FC Mito Holly Hock vs. Gamba Ōsaka end in a draw?,jap-hol-gam-2026-08-15,15384.26,24,0.2925,1,0.0,2026-08-15T09:00:00Z
3271363,Will FC Mito Holly Hock vs. Gamba Ōsaka end in a draw?,jap-hol-gam-2026-08-15,15384.26,1,0.2915,1,0.0,2026-08-15T09:00:00Z
3271365,Will Gamba Ōsaka win on 2026-08-15?,jap-hol-gam-2026-08-15,42781.01,24,0.365,0,0.0,2026-08-15T09:00:00Z
3271365,Will Gamba Ōsaka win on 2026-08-15?,jap-hol-gam-2026-08-15,42781.01,1,0.335,0,0.0,2026-08-15T09:00:00Z
3271366,Will Bayern Munich win on 2026-08-15?,clf-bmu-rbl-2026-08-15,59733.3,24,0.715,1,0.5,2026-08-15T13:30:00Z
3271366,Will Bayern Munich win on 2026-08-15?,clf-bmu-rbl-2026-08-15,59733.3,1,0.715,1,0.49,2026-08-15T13:30:00Z
3271369,Will RB Leipzig win on 2026-08-15?,clf-bmu-rbl-2026-08-15,16887.26,24,0.105,0,0.5,2026-08-15T13:30:00Z
3271369,Will RB Leipzig win on 2026-08-15?,clf-bmu-rbl-2026-08-15,16887.26,1,0.135,0,0.5,2026-08-15T13:30:00Z
3271370,Will Kashima Antlers win on 2026-08-15?,jap-kas-ngr-2026-08-15,114774.78,24,0.535,1,0.0,2026-08-15T09:00:00Z
3271370,Will Kashima Antlers win on 2026-08-15?,jap-kas-ngr-2026-08-15,114774.78,1,0.515,1,0.0,2026-08-15T09:00:00Z
3271371,Will Kashima Antlers vs. Nagoya Grampus end in a draw?,jap-kas-ngr-2026-08-15,19548.19,24,0.26,0,0.0,2026-08-15T09:00:00Z
3271371,Will Kashima Antlers vs. Nagoya Grampus end in a draw?,jap-kas-ngr-2026-08-15,19548.19,1,0.265,0,0.0,2026-08-15T09:00:00Z
3271372,Will Nagoya Grampus win on 2026-08-15?,jap-kas-ngr-2026-08-15,37792.76,24,0.195,0,0.0,2026-08-15T09:00:00Z
3271372,Will Nagoya Grampus win on 2026-08-15?,jap-kas-ngr-2026-08-15,37792.76,1,0.225,0,0.0,2026-08-15T09:00:00Z
3271375,Will Shimizu S-Pulse win on 2026-08-15?,jap-ssp-yom-2026-08-15,43654.21,24,0.38,0,0.5,2026-08-15T09:30:00Z
3271375,Will Shimizu S-Pulse win on 2026-08-15?,jap-ssp-yom-2026-08-15,43654.21,1,0.415,0,0.5,2026-08-15T09:30:00Z
3271378,Will Yokohama F·Marinos win on 2026-08-15?,jap-ssp-yom-2026-08-15,19995.65,24,0.325,1,0.5,2026-08-15T09:30:00Z
3271378,Will Yokohama F·Marinos win on 2026-08-15?,jap-ssp-yom-2026-08-15,19995.65,1,0.295,1,0.5,2026-08-15T09:30:00Z
3271381,Will Fagiano Okayama win on 2026-08-15?,jap-fag-vva-2026-08-15,82134.6,24,0.435,1,0.09,2026-08-15T09:55:00Z
3271381,Will Fagiano Okayama win on 2026-08-15?,jap-fag-vva-2026-08-15,82134.6,1,0.565,1,0.09,2026-08-15T09:55:00Z
3271384,Will V-Varen Nagasaki win on 2026-08-15?,jap-fag-vva-2026-08-15,13631.11,24,0.265,0,0.09,2026-08-15T09:55:00Z
3271384,Will V-Varen Nagasaki win on 2026-08-15?,jap-fag-vva-2026-08-15,13631.11,1,0.175,0,0.09,2026-08-15T09:55:00Z
3271386,Will JEF United Ichihara Chiba win on 2026-08-15?,jap-jef-zel-2026-08-15,10585.68,24,0.225,0,0.01,2026-08-15T10:00:00Z
3271386,Will JEF United Ichihara Chiba win on 2026-08-15?,jap-jef-zel-2026-08-15,10585.68,1,0.185,0,0.0,2026-08-15T10:00:00Z
3271389,Will FC Machida Zelvia win on 2026-08-15?,jap-jef-zel-2026-08-15,43637.89,24,0.495,1,0.01,2026-08-15T10:00:00Z
3271389,Will FC Machida Zelvia win on 2026-08-15?,jap-jef-zel-2026-08-15,43637.89,1,0.545,1,0.01,2026-08-15T10:00:00Z
3271392,Will Urawa Red Diamonds win on 2026-08-15?,jap-ura-san-2026-08-15,22236.61,24,0.24,0,0.01,2026-08-15T10:00:00Z
3271392,Will Urawa Red Diamonds win on 2026-08-15?,jap-ura-san-2026-08-15,22236.61,1,0.255,0,0.01,2026-08-15T10:00:00Z
3271395,Will Sanfrecce Hiroshima win on 2026-08-15?,jap-ura-san-2026-08-15,56143.26,24,0.495,1,0.01,2026-08-15T10:00:00Z
3271395,Will Sanfrecce Hiroshima win on 2026-08-15?,jap-ura-san-2026-08-15,56143.26,1,0.485,1,0.0,2026-08-15T10:00:00Z
3271398,Will Kawasaki Frontale win on 2026-08-15?,jap-kaw-kyo-2026-08-15,32532.66,24,0.415,0,0.0,2026-08-15T10:00:00Z
3271398,Will Kawasaki Frontale win on 2026-08-15?,jap-kaw-kyo-2026-08-15,32532.66,1,0.425,0,0.0,2026-08-15T10:00:00Z
3271400,Will Kyōto Sanga FC win on 2026-08-15?,jap-kaw-kyo-2026-08-15,19694.93,24,0.3,0,0.01,2026-08-15T10:00:00Z
3271400,Will Kyōto Sanga FC win on 2026-08-15?,jap-kaw-kyo-2026-08-15,19694.93,1,0.305,0,0.0,2026-08-15T10:00:00Z
3271403,Will Avispa Fukuoka win on 2026-08-15?,jap-avi-cer-2026-08-15,16592.9,24,0.355,1,0.01,2026-08-15T10:00:00Z
3271403,Will Avispa Fukuoka win on 2026-08-15?,jap-avi-cer-2026-08-15,16592.9,1,0.355,1,0.0,2026-08-15T10:00:00Z
3271405,Will Cerezo Ōsaka win on 2026-08-15?,jap-avi-cer-2026-08-15,18254.57,24,0.355,0,0.01,2026-08-15T10:00:00Z
3271405,Will Cerezo Ōsaka win on 2026-08-15?,jap-avi-cer-2026-08-15,18254.57,1,0.355,0,0.0,2026-08-15T10:00:00Z
3271408,Will Vissel Kōbe win on 2026-08-15?,jap-vis-fct-2026-08-15,39781.97,24,0.43,0,0.01,2026-08-15T10:00:00Z
3271408,Will Vissel Kōbe win on 2026-08-15?,jap-vis-fct-2026-08-15,39781.97,1,0.425,0,0.0,2026-08-15T10:00:00Z
3271409,Will Vissel Kōbe vs. FC Tōkyō end in a draw?,jap-vis-fct-2026-08-15,14121.79,24,0.29,1,0.0,2026-08-15T10:00:00Z
3271409,Will Vissel Kōbe vs. FC Tōkyō end in a draw?,jap-vis-fct-2026-08-15,14121.79,1,0.295,1,0.0,2026-08-15T10:00:00Z
3271411,Will FC Tōkyō win on 2026-08-15?,jap-vis-fct-2026-08-15,54148.5,24,0.275,0,0.01,2026-08-15T10:00:00Z
3271411,Will FC Tōkyō win on 2026-08-15?,jap-vis-fct-2026-08-15,54148.5,1,0.285,0,0.01,2026-08-15T10:00:00Z
3271930,PFK CSKA Sofia vs. MH Maccabi Tel Aviv: Team to Advance,uel-csk1-mta-2026-08-13-more-markets,16495.57,24,0.94,1,0.01,2026-08-13T18:00:00Z
3271930,PFK CSKA Sofia vs. MH Maccabi Tel Aviv: Team to Advance,uel-csk1-mta-2026-08-13-more-markets,16495.57,1,0.945,1,0.0,2026-08-13T18:00:00Z
3271931,Beşiktaş JK vs. FC Hradec Králové: Team to Advance,uel-bes-hra-2026-08-13-more-markets,16717.69,24,0.949,1,0.0,2026-08-13T17:00:00Z
3271931,Beşiktaş JK vs. FC Hradec Králové: Team to Advance,uel-bes-hra-2026-08-13-more-markets,16717.69,1,0.9535,1,0.0,2026-08-13T17:00:00Z
3271932,RSC Anderlecht vs. PAOK: Team to Advance,uel-and-pao1-2026-08-13-more-markets,10425.44,24,0.685,1,0.5,2026-08-13T18:30:00Z
3271932,RSC Anderlecht vs. PAOK: Team to Advance,uel-and-pao1-2026-08-13-more-markets,10425.44,1,0.705,1,0.5,2026-08-13T18:30:00Z
3271933,Heart of Midlothian FC vs. Sport Lisboa e Benfica: Team to Advance,uel-hmi-ben-2026-08-13-more-markets,31681.75,24,0.005,0,0.25,2026-08-13T18:45:00Z
3271933,Heart of Midlothian FC vs. Sport Lisboa e Benfica: Team to Advance,uel-hmi-ben-2026-08-13-more-markets,31681.75,1,0.0055,0,0.26,2026-08-13T18:45:00Z
3271967,Will Al Taawoun Saudi Club win on 2026-08-15?,spl-taa-kha-2026-08-15,119747.22,24,0.505,0,0.25,2026-08-15T16:15:00Z
3271967,Will Al Taawoun Saudi Club win on 2026-08-15?,spl-taa-kha-2026-08-15,119747.22,1,0.475,0,0.24,2026-08-15T16:15:00Z
3271976,Will Al Nassr Saudi Club win on 2026-08-15?,spl-nsr-fat-2026-08-15,25884.98,24,0.865,1,0.01,2026-08-15T18:00:00Z
3271976,Will Al Nassr Saudi Club win on 2026-08-15?,spl-nsr-fat-2026-08-15,25884.98,1,0.855,1,0.01,2026-08-15T18:00:00Z
3271978,Will Al Nassr Saudi Club vs. Al Fateh Saudi Club end in a draw?,spl-nsr-fat-2026-08-15,10429.74,24,0.085,0,0.01,2026-08-15T18:00:00Z
3271978,Will Al Nassr Saudi Club vs. Al Fateh Saudi Club end in a draw?,spl-nsr-fat-2026-08-15,10429.74,1,0.095,0,0.01,2026-08-15T18:00:00Z
3271980,Will Al Fateh Saudi Club win on 2026-08-15?,spl-nsr-fat-2026-08-15,21008.64,24,0.05,0,0.01,2026-08-15T18:00:00Z
3271980,Will Al Fateh Saudi Club win on 2026-08-15?,spl-nsr-fat-2026-08-15,21008.64,1,0.045,0,0.01,2026-08-15T18:00:00Z
3271985,Will Al Ittihad Saudi Club win on 2026-08-15?,spl-ith-kho-2026-08-15,39382.71,24,0.665,0,0.01,2026-08-15T18:00:00Z
3271985,Will Al Ittihad Saudi Club win on 2026-08-15?,spl-ith-kho-2026-08-15,39382.71,1,0.615,0,0.01,2026-08-15T18:00:00Z
3273121,Will KFUM-Kameratene Oslo win on 2026-08-15?,nor-kfu-lil-2026-08-15,21851.6,24,0.335,0,0.0,2026-08-15T14:00:00Z
3273121,Will KFUM-Kameratene Oslo win on 2026-08-15?,nor-kfu-lil-2026-08-15,21851.6,1,0.285,0,0.0,2026-08-15T14:00:00Z
3273122,Will KFUM-Kameratene Oslo vs. Lillestrøm SK end in a draw?,nor-kfu-lil-2026-08-15,12040.97,24,0.255,1,0.0,2026-08-15T14:00:00Z
3273122,Will KFUM-Kameratene Oslo vs. Lillestrøm SK end in a draw?,nor-kfu-lil-2026-08-15,12040.97,1,0.255,1,0.0,2026-08-15T14:00:00Z
3273123,Will Lillestrøm SK win on 2026-08-15?,nor-kfu-lil-2026-08-15,137497.32,24,0.405,0,0.0,2026-08-15T14:00:00Z
3273123,Will Lillestrøm SK win on 2026-08-15?,nor-kfu-lil-2026-08-15,137497.32,1,0.475,0,0.0,2026-08-15T14:00:00Z
3273164,Spread: Bayern Munich (-1.5),clf-bmu-rbl-2026-08-15-more-markets,18692.92,24,0.49,1,0.5,2026-08-15T13:30:00Z
3273164,Spread: Bayern Munich (-1.5),clf-bmu-rbl-2026-08-15-more-markets,18692.92,1,0.51,1,0.5,2026-08-15T13:30:00Z
3273344,Spread: AS Saint-Étienne (-1.5),fr2-ass-clf-2026-08-14-more-markets,16747.11,24,0.365,1,0.26,2026-08-14T18:45:00Z
3273344,Spread: AS Saint-Étienne (-1.5),fr2-ass-clf-2026-08-14-more-markets,16747.11,1,0.435,1,0.26,2026-08-14T18:45:00Z
3273520,Red Star FC vs. FC Sochaux-Montbéliard: O/U 0.5,fr2-rst-fcs-2026-08-14-more-markets,10726.91,24,0.915,0,0.26,2026-08-14T18:45:00Z
3273520,Red Star FC vs. FC Sochaux-Montbéliard: O/U 0.5,fr2-rst-fcs-2026-08-14-more-markets,10726.91,1,0.915,0,0.26,2026-08-14T18:45:00Z
3274107,Will Liaoning Tieren FC win on 2026-08-15?,chi-tie-xin-2026-08-15,73169.25,24,0.415,0,0.0,2026-08-15T11:00:00Z
3274107,Will Liaoning Tieren FC win on 2026-08-15?,chi-tie-xin-2026-08-15,73169.25,1,0.415,0,0.0,2026-08-15T11:00:00Z
3274108,Will Liaoning Tieren FC vs. Shenzhen Xinpengcheng FC end in a draw?,chi-tie-xin-2026-08-15,31412.13,24,0.255,0,0.0,2026-08-15T11:00:00Z
3274108,Will Liaoning Tieren FC vs. Shenzhen Xinpengcheng FC end in a draw?,chi-tie-xin-2026-08-15,31412.13,1,0.255,0,0.0,2026-08-15T11:00:00Z
3274109,Will Shenzhen Xinpengcheng FC win on 2026-08-15?,chi-tie-xin-2026-08-15,468792.78,24,0.325,1,0.0,2026-08-15T11:00:00Z
3274109,Will Shenzhen Xinpengcheng FC win on 2026-08-15?,chi-tie-xin-2026-08-15,468792.78,1,0.335,1,0.0,2026-08-15T11:00:00Z
3274110,Will Zhejiang Zhiye FC win on 2026-08-15?,chi-zhe-ron-2026-08-15,238394.38,24,0.325,0,0.42,2026-08-15T11:35:00Z
3274110,Will Zhejiang Zhiye FC win on 2026-08-15?,chi-zhe-ron-2026-08-15,238394.38,1,0.315,0,0.42,2026-08-15T11:35:00Z
3274111,Will Zhejiang Zhiye FC vs. Chengdu Rongcheng FC end in a draw?,chi-zhe-ron-2026-08-15,27944.7,24,0.24,0,0.42,2026-08-15T11:35:00Z
3274111,Will Zhejiang Zhiye FC vs. Chengdu Rongcheng FC end in a draw?,chi-zhe-ron-2026-08-15,27944.7,1,0.235,0,0.42,2026-08-15T11:35:00Z
3274112,Will Chengdu Rongcheng FC win on 2026-08-15?,chi-zhe-ron-2026-08-15,121621.47,24,0.435,1,0.42,2026-08-15T11:35:00Z
3274112,Will Chengdu Rongcheng FC win on 2026-08-15?,chi-zhe-ron-2026-08-15,121621.47,1,0.445,1,0.42,2026-08-15T11:35:00Z
3274114,Will Tianjin Jinmen Hu FC win on 2026-08-15?,chi-jin-bgu-2026-08-15,19907.53,24,0.28,0,0.42,2026-08-15T11:35:00Z
3274114,Will Tianjin Jinmen Hu FC win on 2026-08-15?,chi-jin-bgu-2026-08-15,19907.53,1,0.345,0,0.42,2026-08-15T11:35:00Z
3274116,Will Tianjin Jinmen Hu FC vs. Beijing Guoan FC end in a draw?,chi-jin-bgu-2026-08-15,78249.47,24,0.275,0,0.42,2026-08-15T11:35:00Z
3274116,Will Tianjin Jinmen Hu FC vs. Beijing Guoan FC end in a draw?,chi-jin-bgu-2026-08-15,78249.47,1,0.265,0,0.42,2026-08-15T11:35:00Z
3274117,Will Beijing Guoan FC win on 2026-08-15?,chi-jin-bgu-2026-08-15,132205.66,24,0.445,1,0.42,2026-08-15T11:35:00Z
3274117,Will Beijing Guoan FC win on 2026-08-15?,chi-jin-bgu-2026-08-15,132205.66,1,0.385,1,0.42,2026-08-15T11:35:00Z
3274121,Will Shanghai Shenhua FC win on 2026-08-15?,chi-sgr-hen-2026-08-15,39632.68,24,0.52,1,0.01,2026-08-15T12:00:00Z
3274121,Will Shanghai Shenhua FC win on 2026-08-15?,chi-sgr-hen-2026-08-15,39632.68,1,0.505,1,0.0,2026-08-15T12:00:00Z
3274124,Will Henan FC win on 2026-08-15?,chi-sgr-hen-2026-08-15,19920.56,24,0.255,0,0.01,2026-08-15T12:00:00Z
3274124,Will Henan FC win on 2026-08-15?,chi-sgr-hen-2026-08-15,19920.56,1,0.265,0,0.0,2026-08-15T12:00:00Z
3274125,Will Yunnan Yukun FC win on 2026-08-15?,chi-yun-ygb-2026-08-15,95172.63,24,0.46,1,0.01,2026-08-15T12:00:00Z
3274125,Will Yunnan Yukun FC win on 2026-08-15?,chi-yun-ygb-2026-08-15,95172.63,1,0.455,1,0.0,2026-08-15T12:00:00Z
3274126,Will Yunnan Yukun FC vs. Dalian Yingbo FC end in a draw?,chi-yun-ygb-2026-08-15,14586.11,24,0.225,0,0.01,2026-08-15T12:00:00Z
3274126,Will Yunnan Yukun FC vs. Dalian Yingbo FC end in a draw?,chi-yun-ygb-2026-08-15,14586.11,1,0.225,0,0.0,2026-08-15T12:00:00Z
3274127,Will Dalian Yingbo FC win on 2026-08-15?,chi-yun-ygb-2026-08-15,337769.06,24,0.31,0,0.01,2026-08-15T12:00:00Z
3274127,Will Dalian Yingbo FC win on 2026-08-15?,chi-yun-ygb-2026-08-15,337769.06,1,0.325,0,0.0,2026-08-15T12:00:00Z
3274299,Will FC Seoul win on 2026-08-15?,kor-seo-dae1-2026-08-15,72196.68,24,0.495,1,0.49,2026-08-15T10:30:00Z
3274299,Will FC Seoul win on 2026-08-15?,kor-seo-dae1-2026-08-15,72196.68,1,0.475,1,0.5,2026-08-15T10:30:00Z
3274300,Will FC Seoul vs. Daejeon Hana Citizen FC end in a draw?,kor-seo-dae1-2026-08-15,14841.22,24,0.265,0,0.49,2026-08-15T10:30:00Z
3274300,Will FC Seoul vs. Daejeon Hana Citizen FC end in a draw?,kor-seo-dae1-2026-08-15,14841.22,1,0.265,0,0.5,2026-08-15T10:30:00Z
3274301,Will Daejeon Hana Citizen FC win on 2026-08-15?,kor-seo-dae1-2026-08-15,24116.83,24,0.245,0,0.49,2026-08-15T10:30:00Z
3274301,Will Daejeon Hana Citizen FC win on 2026-08-15?,kor-seo-dae1-2026-08-15,24116.83,1,0.255,0,0.5,2026-08-15T10:30:00Z
3274302,Will Gwangju FC win on 2026-08-15?,kor-gwa-poh-2026-08-15,18649.1,24,0.225,0,0.49,2026-08-15T10:30:00Z
3274302,Will Gwangju FC win on 2026-08-15?,kor-gwa-poh-2026-08-15,18649.1,1,0.245,0,0.5,2026-08-15T10:30:00Z
3274304,Will Gwangju FC vs. Pohang Steelers FC end in a draw?,kor-gwa-poh-2026-08-15,15339.43,24,0.295,0,0.49,2026-08-15T10:30:00Z
3274304,Will Gwangju FC vs. Pohang Steelers FC end in a draw?,kor-gwa-poh-2026-08-15,15339.43,1,0.305,0,0.5,2026-08-15T10:30:00Z
3274305,Will Pohang Steelers FC win on 2026-08-15?,kor-gwa-poh-2026-08-15,50452.71,24,0.475,1,0.49,2026-08-15T10:30:00Z
3274305,Will Pohang Steelers FC win on 2026-08-15?,kor-gwa-poh-2026-08-15,50452.71,1,0.445,1,0.5,2026-08-15T10:30:00Z
3274508,Will RB Ōmiya Ardija win on 2026-08-15?,ja2-imb-omi-2026-08-15,21856.16,24,0.425,1,0.01,2026-08-15T10:00:00Z
3274508,Will RB Ōmiya Ardija win on 2026-08-15?,ja2-imb-omi-2026-08-15,21856.16,1,0.415,1,0.01,2026-08-15T10:00:00Z
3275537,"Will OpenAI’s Astra model be released by August 15, 2026?",openais-astra-released-by-20260801214557729,69588.76,24,0.0115,0,0.02,2026-08-16T03:59:00Z
3275537,"Will OpenAI’s Astra model be released by August 15, 2026?",openais-astra-released-by-20260801214557729,69588.76,1,0.0005,0,0.02,2026-08-16T03:59:00Z
3275538,"Will OpenAI’s Astra model be released by August 31, 2026?",openais-astra-released-by-20260801214557729,162403.83,168,0.026,0,0.03,2026-09-01T03:59:00Z
3275538,"Will OpenAI’s Astra model be released by August 31, 2026?",openais-astra-released-by-20260801214557729,162403.83,24,0.009,0,0.02,2026-09-01T03:59:00Z
3275538,"Will OpenAI’s Astra model be released by August 31, 2026?",openais-astra-released-by-20260801214557729,162403.83,1,0.0025,0,0.02,2026-09-01T03:59:00Z
3275573,"UFC 330: Islam Makhachev vs. Ian Machado Garry (Welterweight, Main Card)",ufc-isl-ian1-2026-08-15,5771243.12,24,0.755,1,0.0,2026-08-16T03:59:59.999Z
3275573,"UFC 330: Islam Makhachev vs. Ian Machado Garry (Welterweight, Main Card)",ufc-isl-ian1-2026-08-15,5771243.12,1,0.735,1,0.0,2026-08-16T03:59:59.999Z
3275574,Fight to Go the Distance?,ufc-isl-ian1-2026-08-15,247713.99,24,0.55,1,0.0,2026-08-16T03:59:59.999Z
3275574,Fight to Go the Distance?,ufc-isl-ian1-2026-08-15,247713.99,1,0.535,1,0.0,2026-08-16T03:59:59.999Z
3275579,Will the fight be won by KO or TKO?,ufc-isl-ian1-2026-08-15,32724.51,24,0.17,0,0.0,2026-08-16T03:59:59.999Z
3275579,Will the fight be won by KO or TKO?,ufc-isl-ian1-2026-08-15,32724.51,1,0.165,0,0.0,2026-08-16T03:59:59.999Z
3275581,Will Islam Makhachev win by KO or TKO?,ufc-isl-ian1-2026-08-15,56287.8,24,0.065,0,0.0,2026-08-16T03:59:59.999Z
3275581,Will Islam Makhachev win by KO or TKO?,ufc-isl-ian1-2026-08-15,56287.8,1,0.09,0,0.0,2026-08-16T03:59:59.999Z
3275582,Will Ian Machado Garry win by KO or TKO?,ufc-isl-ian1-2026-08-15,119312.98,24,0.085,0,0.0,2026-08-16T03:59:59.999Z
3275582,Will Ian Machado Garry win by KO or TKO?,ufc-isl-ian1-2026-08-15,119312.98,1,0.115,0,0.0,2026-08-16T03:59:59.999Z
3275583,Will the fight be won by submission?,ufc-isl-ian1-2026-08-15,64719.95,24,0.35,0,0.0,2026-08-16T03:59:59.999Z
3275583,Will the fight be won by submission?,ufc-isl-ian1-2026-08-15,64719.95,1,0.325,0,0.0,2026-08-16T03:59:59.999Z
3275591,O/U 4.5 Rounds,ufc-isl-ian1-2026-08-15,98978.53,24,0.585,1,0.0,2026-08-16T03:59:59.999Z
3275591,O/U 4.5 Rounds,ufc-isl-ian1-2026-08-15,98978.53,1,0.575,1,0.0,2026-08-16T03:59:59.999Z
3275609,"UFC 330: Mackenzie Dern vs. Gillian Robertson (Women's Strawweight, Main Card)",ufc-mac1-gil-2026-08-15,2695773.1,24,0.645,1,0.0,2026-08-16T03:59:59.999Z
3275609,"UFC 330: Mackenzie Dern vs. Gillian Robertson (Women's Strawweight, Main Card)",ufc-mac1-gil-2026-08-15,2695773.1,1,0.9,1,0.0,2026-08-16T03:59:59.999Z
3275612,Fight to Go the Distance?,ufc-mac1-gil-2026-08-15,56428.48,24,0.555,1,0.0,2026-08-16T03:59:59.999Z
3275612,Fight to Go the Distance?,ufc-mac1-gil-2026-08-15,56428.48,1,0.265,1,0.0,2026-08-16T03:59:59.999Z
3275616,Will Mackenzie Dern win by KO or TKO?,ufc-mac1-gil-2026-08-15,15956.08,24,0.065,0,0.0,2026-08-16T03:59:59.999Z
3275616,Will Mackenzie Dern win by KO or TKO?,ufc-mac1-gil-2026-08-15,15956.08,1,0.12,0,0.0,2026-08-16T03:59:59.999Z
3275658,"UFC 330: Jalin Turner vs. Kauê Fernandes (Lightweight, Prelims)",ufc-jal-kau-2026-08-15,1455978.67,24,0.515,1,0.0,2026-08-16T03:59:59.999Z
3275658,"UFC 330: Jalin Turner vs. Kauê Fernandes (Lightweight, Prelims)",ufc-jal-kau-2026-08-15,1455978.67,1,0.515,1,1.0,2026-08-16T03:59:59.999Z
3275661,Fight to Go the Distance?,ufc-jal-kau-2026-08-15,43412.19,24,0.22,0,0.0,2026-08-16T03:59:59.999Z
3275661,Fight to Go the Distance?,ufc-jal-kau-2026-08-15,43412.19,1,0.235,0,1.0,2026-08-16T03:59:59.999Z
3275681,O/U 1.5 Rounds,ufc-jal-kau-2026-08-15,19149.2,24,0.475,0,0.0,2026-08-16T03:59:59.999Z
3275681,O/U 1.5 Rounds,ufc-jal-kau-2026-08-15,19149.2,1,0.505,0,1.0,2026-08-16T03:59:59.999Z
3275700,"UFC 330: Dustin Stoltzfus vs. Mansur Abdul-Malik (Middleweight, Prelims)",ufc-dus4-man14-2026-08-15,923073.15,24,0.145,1,0.0,2026-08-16T03:59:59.999Z
3275700,"UFC 330: Dustin Stoltzfus vs. Mansur Abdul-Malik (Middleweight, Prelims)",ufc-dus4-man14-2026-08-15,923073.15,1,0.445,1,1.0,2026-08-16T03:59:59.999Z
3275705,Fight to Go the Distance?,ufc-dus4-man14-2026-08-15,32415.73,24,0.36,0,0.0,2026-08-16T03:59:59.999Z
3275705,Fight to Go the Distance?,ufc-dus4-man14-2026-08-15,32415.73,1,0.455,0,1.0,2026-08-16T03:59:59.999Z
3275709,Will Mansur Abdul-Malik win by KO or TKO?,ufc-dus4-man14-2026-08-15,11998.16,24,0.53,0,0.0,2026-08-16T03:59:59.999Z
3275709,Will Mansur Abdul-Malik win by KO or TKO?,ufc-dus4-man14-2026-08-15,11998.16,1,0.24,0,1.0,2026-08-16T03:59:59.999Z
3275715,O/U 1.5 Rounds,ufc-dus4-man14-2026-08-15,26300.88,24,0.555,1,0.0,2026-08-16T03:59:59.999Z
3275715,O/U 1.5 Rounds,ufc-dus4-man14-2026-08-15,26300.88,1,0.57,1,1.0,2026-08-16T03:59:59.999Z
3275731,"UFC 330: Edson Barboza vs. Esteban Ribovics (Lightweight, Prelims)",ufc-eds-est1-2026-08-15,212591.52,24,0.165,0,0.0,2026-08-16T03:59:59.999Z
3275731,"UFC 330: Edson Barboza vs. Esteban Ribovics (Lightweight, Prelims)",ufc-eds-est1-2026-08-15,212591.52,1,0.145,0,2.0,2026-08-16T03:59:59.999Z
3275754,O/U 1.5 Rounds,ufc-eds-est1-2026-08-15,123211.4,24,0.555,0,0.0,2026-08-16T03:59:59.999Z
3275754,O/U 1.5 Rounds,ufc-eds-est1-2026-08-15,123211.4,1,0.615,0,2.0,2026-08-16T03:59:59.999Z
3275774,"UFC 330: Jeremiah Wells vs. Myktybek Orolbai (Welterweight, Prelims)",ufc-jer4-myk-2026-08-15,592827.35,24,0.105,1,0.0,2026-08-16T03:59:59.999Z
3275777,Fight to Go the Distance?,ufc-jer4-myk-2026-08-15,10649.11,24,0.33,0,0.0,2026-08-16T03:59:59.999Z
3275824,Jeju SK FC vs. FC Anyang: O/U 2.5,kor-jej-any-2026-08-15-more-markets,21862.84,24,0.435,0,0.49,2026-08-15T10:30:00Z
3275824,Jeju SK FC vs. FC Anyang: O/U 2.5,kor-jej-any-2026-08-15-more-markets,21862.84,1,0.505,0,0.49,2026-08-15T10:30:00Z
3275827,"UFC 330: Vicente Luque vs. Tresean Gore (Middleweight, Early Prelims)",ufc-vic-tre3-2026-08-15,886240.4,24,0.505,0,0.0,2026-08-16T03:59:59.999Z
3275829,Fight to Go the Distance?,ufc-vic-tre3-2026-08-15,11982.89,24,0.34,1,0.0,2026-08-16T03:59:59.999Z
3275831,Jeju SK FC vs. FC Anyang: Both Teams to Score,kor-jej-any-2026-08-15-more-markets,11623.73,24,0.515,0,0.49,2026-08-15T10:30:00Z
3275831,Jeju SK FC vs. FC Anyang: Both Teams to Score,kor-jej-any-2026-08-15-more-markets,11623.73,1,0.555,0,0.5,2026-08-15T10:30:00Z
3275855,"UFC 330: Neil Magny vs. Ramiz Brahimaj (Welterweight, Prelims)",ufc-nei-ram2-2026-08-15,684294.52,24,0.425,1,0.0,2026-08-16T03:59:59.999Z
3275858,Fight to Go the Distance?,ufc-nei-ram2-2026-08-15,20407.62,24,0.355,0,0.0,2026-08-16T03:59:59.999Z
3275866,Will Ramiz Brahimaj win by KO or TKO?,ufc-nei-ram2-2026-08-15,39455.68,24,0.095,0,0.0,2026-08-16T03:59:59.999Z
3275883,"UFC 330: Eric McConico vs. Donte Johnson (Middleweight, Early Prelims)",ufc-eri15-don13-2026-08-15,301073.29,24,0.245,0,0.0,2026-08-16T03:59:59.999Z
3275883,"UFC 330: Eric McConico vs. Donte Johnson (Middleweight, Early Prelims)",ufc-eri15-don13-2026-08-15,301073.29,1,0.0005,0,3.0,2026-08-16T03:59:59.999Z
3275884,Fight to Go the Distance?,ufc-eri15-don13-2026-08-15,16610.0,24,0.355,0,0.0,2026-08-16T03:59:59.999Z
3275884,Fight to Go the Distance?,ufc-eri15-don13-2026-08-15,16610.0,1,0.0005,0,2.99,2026-08-16T03:59:59.999Z
3275892,O/U 1.5 Rounds,ufc-eri15-don13-2026-08-15,20607.04,24,0.595,0,0.0,2026-08-16T03:59:59.999Z
3275892,O/U 1.5 Rounds,ufc-eri15-don13-2026-08-15,20607.04,1,0.005,0,2.99,2026-08-16T03:59:59.999Z
3276512,Al Ittihad Saudi Club vs. Al Kholood Saudi Club: O/U 2.5,spl-ith-kho-2026-08-15-more-markets,10540.35,24,0.615,0,0.0,2026-08-15T18:00:00Z
3276512,Al Ittihad Saudi Club vs. Al Kholood Saudi Club: O/U 2.5,spl-ith-kho-2026-08-15-more-markets,10540.35,1,0.565,0,0.01,2026-08-15T18:00:00Z
3276513,Al Ittihad Saudi Club vs. Al Kholood Saudi Club: O/U 3.5,spl-ith-kho-2026-08-15-more-markets,26158.42,24,0.375,0,0.0,2026-08-15T18:00:00Z
3276513,Al Ittihad Saudi Club vs. Al Kholood Saudi Club: O/U 3.5,spl-ith-kho-2026-08-15-more-markets,26158.42,1,0.335,0,0.01,2026-08-15T18:00:00Z
3276533,Al Ittihad Saudi Club vs. Al Kholood Saudi Club: 1st Half O/U 0.5,spl-ith-kho-2026-08-15-more-markets,26834.68,24,0.77,1,0.0,2026-08-15T18:00:00Z
3276533,Al Ittihad Saudi Club vs. Al Kholood Saudi Club: 1st Half O/U 0.5,spl-ith-kho-2026-08-15-more-markets,26834.68,1,0.725,1,0.01,2026-08-15T18:00:00Z
3276636,Al Nassr Saudi Club vs. Al Fateh Saudi Club: O/U 0.5,spl-nsr-fat-2026-08-15-more-markets,16920.96,24,0.9755,1,0.0,2026-08-15T18:00:00Z
3276636,Al Nassr Saudi Club vs. Al Fateh Saudi Club: O/U 0.5,spl-nsr-fat-2026-08-15-more-markets,16920.96,1,0.982,1,0.01,2026-08-15T18:00:00Z
3276640,Al Nassr Saudi Club vs. Al Fateh Saudi Club: O/U 1.5,spl-nsr-fat-2026-08-15-more-markets,10232.11,24,0.925,1,0.0,2026-08-15T18:00:00Z
3276640,Al Nassr Saudi Club vs. Al Fateh Saudi Club: O/U 1.5,spl-nsr-fat-2026-08-15-more-markets,10232.11,1,0.905,1,0.01,2026-08-15T18:00:00Z
3276644,Al Nassr Saudi Club vs. Al Fateh Saudi Club: O/U 2.5,spl-nsr-fat-2026-08-15-more-markets,21674.42,24,0.795,1,0.0,2026-08-15T18:00:00Z
3276644,Al Nassr Saudi Club vs. Al Fateh Saudi Club: O/U 2.5,spl-nsr-fat-2026-08-15-more-markets,21674.42,1,0.755,1,0.01,2026-08-15T18:00:00Z
3276646,Al Nassr Saudi Club vs. Al Fateh Saudi Club: O/U 3.5,spl-nsr-fat-2026-08-15-more-markets,25919.51,24,0.575,0,0.0,2026-08-15T18:00:00Z
3276646,Al Nassr Saudi Club vs. Al Fateh Saudi Club: O/U 3.5,spl-nsr-fat-2026-08-15-more-markets,25919.51,1,0.555,0,0.01,2026-08-15T18:00:00Z
3276647,Al Nassr Saudi Club vs. Al Fateh Saudi Club: O/U 4.5,spl-nsr-fat-2026-08-15-more-markets,11777.96,24,0.375,0,0.0,2026-08-15T18:00:00Z
3276647,Al Nassr Saudi Club vs. Al Fateh Saudi Club: O/U 4.5,spl-nsr-fat-2026-08-15-more-markets,11777.96,1,0.355,0,0.01,2026-08-15T18:00:00Z
3276648,Al Nassr Saudi Club vs. Al Fateh Saudi Club: O/U 5.5,spl-nsr-fat-2026-08-15-more-markets,12708.05,24,0.2,0,0.0,2026-08-15T18:00:00Z
3276648,Al Nassr Saudi Club vs. Al Fateh Saudi Club: O/U 5.5,spl-nsr-fat-2026-08-15-more-markets,12708.05,1,0.195,0,0.01,2026-08-15T18:00:00Z
3276758,Al Taawoun Saudi Club vs. Al Khaleej Saudi Club: O/U 0.5,spl-taa-kha-2026-08-15-more-markets,13307.06,24,0.95,0,0.25,2026-08-15T16:15:00Z
3276758,Al Taawoun Saudi Club vs. Al Khaleej Saudi Club: O/U 0.5,spl-taa-kha-2026-08-15-more-markets,13307.06,1,0.945,0,0.25,2026-08-15T16:15:00Z
3279499,Will Bolton Wanderers FC win on 2026-08-15?,elc-bol-pne-2026-08-15,43735.17,24,0.425,1,0.5,2026-08-15T11:30:00Z
3279499,Will Bolton Wanderers FC win on 2026-08-15?,elc-bol-pne-2026-08-15,43735.17,1,0.415,1,0.5,2026-08-15T11:30:00Z
3279502,Will VfL Osnabrück win on 2026-08-15?,bl2-vfl-fcm-2026-08-15,13233.87,24,0.375,0,0.0,2026-08-15T11:00:00Z
3279502,Will VfL Osnabrück win on 2026-08-15?,bl2-vfl-fcm-2026-08-15,13233.87,1,0.345,0,0.0,2026-08-15T11:00:00Z
3279504,Will Preston North End FC win on 2026-08-15?,elc-bol-pne-2026-08-15,11338.28,24,0.285,0,0.5,2026-08-15T11:30:00Z
3279504,Will Preston North End FC win on 2026-08-15?,elc-bol-pne-2026-08-15,11338.28,1,0.285,0,0.5,2026-08-15T11:30:00Z
3279510,Will 1. FC Magdeburg win on 2026-08-15?,bl2-vfl-fcm-2026-08-15,28345.37,24,0.375,1,0.01,2026-08-15T11:00:00Z
3279510,Will 1. FC Magdeburg win on 2026-08-15?,bl2-vfl-fcm-2026-08-15,28345.37,1,0.405,1,0.0,2026-08-15T11:00:00Z
3279537,Will Hertha BSC win on 2026-08-15?,bl2-ber-hei-2026-08-15,28739.16,24,0.41,1,0.0,2026-08-15T11:00:00Z
3279537,Will Hertha BSC win on 2026-08-15?,bl2-ber-hei-2026-08-15,28739.16,1,0.405,1,0.0,2026-08-15T11:00:00Z
3279544,Will 1. FC Heidenheim 1846 win on 2026-08-15?,bl2-ber-hei-2026-08-15,13148.37,24,0.315,0,0.0,2026-08-15T11:00:00Z
3279544,Will 1. FC Heidenheim 1846 win on 2026-08-15?,bl2-ber-hei-2026-08-15,13148.37,1,0.34,0,0.0,2026-08-15T11:00:00Z
3279545,Will Millwall FC win on 2026-08-15?,elc-bri-mil-2026-08-15,100522.3,24,0.345,1,0.0,2026-08-15T14:00:00Z
3279545,Will Millwall FC win on 2026-08-15?,elc-bri-mil-2026-08-15,100522.3,1,0.355,1,0.0,2026-08-15T14:00:00Z
3279553,Will SpVgg Greuther Fürth win on 2026-08-15?,bl2-fur-fcn-2026-08-15,279307.36,24,0.315,0,0.01,2026-08-15T11:00:00Z
3279553,Will SpVgg Greuther Fürth win on 2026-08-15?,bl2-fur-fcn-2026-08-15,279307.36,1,0.305,0,0.0,2026-08-15T11:00:00Z
3279556,Will Portsmouth FC win on 2026-08-15?,elc-por-qpr-2026-08-15,19539.6,24,0.405,0,0.0,2026-08-15T14:00:00Z
3279556,Will Portsmouth FC win on 2026-08-15?,elc-por-qpr-2026-08-15,19539.6,1,0.385,0,0.0,2026-08-15T14:00:00Z
3279557,Will SpVgg Greuther Fürth vs. 1. FC Nürnberg end in a draw?,bl2-fur-fcn-2026-08-15,20348.82,24,0.265,0,0.0,2026-08-15T11:00:00Z
3279557,Will SpVgg Greuther Fürth vs. 1. FC Nürnberg end in a draw?,bl2-fur-fcn-2026-08-15,20348.82,1,0.265,0,0.0,2026-08-15T11:00:00Z
3279560,Will 1. FC Nürnberg win on 2026-08-15?,bl2-fur-fcn-2026-08-15,59856.94,24,0.42,1,0.0,2026-08-15T11:00:00Z
3279560,Will 1. FC Nürnberg win on 2026-08-15?,bl2-fur-fcn-2026-08-15,59856.94,1,0.425,1,0.0,2026-08-15T11:00:00Z
3279565,Will Queens Park Rangers FC win on 2026-08-15?,elc-por-qpr-2026-08-15,13346.22,24,0.305,1,0.0,2026-08-15T14:00:00Z
3279565,Will Queens Park Rangers FC win on 2026-08-15?,elc-por-qpr-2026-08-15,13346.22,1,0.315,1,0.0,2026-08-15T14:00:00Z
3279580,Will 1. FC Kaiserslautern win on 2026-08-15?,bl2-fck-ksc-2026-08-15,54183.8,24,0.495,0,0.49,2026-08-15T18:30:00Z
3279580,Will 1. FC Kaiserslautern win on 2026-08-15?,bl2-fck-ksc-2026-08-15,54183.8,1,0.465,0,0.49,2026-08-15T18:30:00Z
3279583,Will 1. FC Kaiserslautern vs. Karlsruher SC end in a draw?,bl2-fck-ksc-2026-08-15,10552.21,24,0.235,1,0.49,2026-08-15T18:30:00Z
3279583,Will 1. FC Kaiserslautern vs. Karlsruher SC end in a draw?,bl2-fck-ksc-2026-08-15,10552.21,1,0.245,1,0.49,2026-08-15T18:30:00Z
3279584,Will Charlton Athletic FC win on 2026-08-15?,elc-cha-der-2026-08-15,12499.75,24,0.345,1,0.0,2026-08-15T14:00:00Z
3279584,Will Charlton Athletic FC win on 2026-08-15?,elc-cha-der-2026-08-15,12499.75,1,0.345,1,0.0,2026-08-15T14:00:00Z
3279587,Will Karlsruher SC win on 2026-08-15?,bl2-fck-ksc-2026-08-15,12245.35,24,0.265,0,0.5,2026-08-15T18:30:00Z
3279587,Will Karlsruher SC win on 2026-08-15?,bl2-fck-ksc-2026-08-15,12245.35,1,0.285,0,0.49,2026-08-15T18:30:00Z
3279589,Will Charlton Athletic FC vs. Derby County FC end in a draw?,elc-cha-der-2026-08-15,12349.16,24,0.295,0,0.0,2026-08-15T14:00:00Z
3279589,Will Charlton Athletic FC vs. Derby County FC end in a draw?,elc-cha-der-2026-08-15,12349.16,1,0.295,0,0.0,2026-08-15T14:00:00Z
3279611,Will Middlesbrough FC win on 2026-08-15?,elc-mid-lin-2026-08-15,196351.41,24,0.725,1,0.0,2026-08-15T14:00:00Z
3279611,Will Middlesbrough FC win on 2026-08-15?,elc-mid-lin-2026-08-15,196351.41,1,0.685,1,0.0,2026-08-15T14:00:00Z
3279614,Will Middlesbrough FC vs. Lincoln City FC end in a draw?,elc-mid-lin-2026-08-15,44863.73,24,0.175,0,0.0,2026-08-15T14:00:00Z
3279614,Will Middlesbrough FC vs. Lincoln City FC end in a draw?,elc-mid-lin-2026-08-15,44863.73,1,0.205,0,0.0,2026-08-15T14:00:00Z
3279616,New York Liberty vs. Connecticut Sun,wnba-nyl-conn-2026-08-15,237778.93,24,0.785,1,0.01,2026-08-15T17:00:00Z
3279616,New York Liberty vs. Connecticut Sun,wnba-nyl-conn-2026-08-15,237778.93,1,0.775,1,0.0,2026-08-15T17:00:00Z
3279617,Will Lincoln City FC win on 2026-08-15?,elc-mid-lin-2026-08-15,136635.5,24,0.095,0,0.0,2026-08-15T14:00:00Z
3279617,Will Lincoln City FC win on 2026-08-15?,elc-mid-lin-2026-08-15,136635.5,1,0.115,0,0.0,2026-08-15T14:00:00Z
3279632,Will Stoke City FC win on 2026-08-15?,elc-sto-swa-2026-08-15,24345.89,24,0.395,0,0.0,2026-08-15T14:00:00Z
3279632,Will Stoke City FC win on 2026-08-15?,elc-sto-swa-2026-08-15,24345.89,1,0.405,0,0.0,2026-08-15T14:00:00Z
3279637,Los Angeles Sparks vs. Washington Mystics,wnba-la-wsh-2026-08-15,232206.15,24,0.32,0,0.5,2026-08-15T23:30:00Z
3279637,Los Angeles Sparks vs. Washington Mystics,wnba-la-wsh-2026-08-15,232206.15,1,0.285,0,0.5,2026-08-15T23:30:00Z
3279639,Will Swansea City AFC win on 2026-08-15?,elc-sto-swa-2026-08-15,30921.07,24,0.305,1,0.0,2026-08-15T14:00:00Z
3279639,Will Swansea City AFC win on 2026-08-15?,elc-sto-swa-2026-08-15,30921.07,1,0.305,1,0.0,2026-08-15T14:00:00Z
3279650,Minnesota Lynx vs. Las Vegas Aces,wnba-min-las-2026-08-15,161838.57,24,0.535,1,0.0,2026-08-16T00:00:00Z
3279650,Minnesota Lynx vs. Las Vegas Aces,wnba-min-las-2026-08-15,161838.57,1,0.555,1,0.0,2026-08-16T00:00:00Z
3279655,Will Norwich City FC win on 2026-08-15?,elc-nor-wba-2026-08-15,95009.96,24,0.485,0,0.0,2026-08-15T14:00:00Z
3279655,Will Norwich City FC win on 2026-08-15?,elc-nor-wba-2026-08-15,95009.96,1,0.485,0,0.0,2026-08-15T14:00:00Z
3279659,Will Norwich City FC vs. West Bromwich Albion FC end in a draw?,elc-nor-wba-2026-08-15,22275.62,24,0.265,0,0.0,2026-08-15T14:00:00Z
3279659,Will Norwich City FC vs. West Bromwich Albion FC end in a draw?,elc-nor-wba-2026-08-15,22275.62,1,0.265,0,0.0,2026-08-15T14:00:00Z
3279665,Will West Bromwich Albion FC win on 2026-08-15?,elc-nor-wba-2026-08-15,47061.28,24,0.245,1,0.0,2026-08-15T14:00:00Z
3279665,Will West Bromwich Albion FC win on 2026-08-15?,elc-nor-wba-2026-08-15,47061.28,1,0.245,1,0.0,2026-08-15T14:00:00Z
3279697,Will Sheffield United FC win on 2026-08-15?,elc-she-bir-2026-08-15,50925.31,24,0.385,0,0.5,2026-08-15T16:30:00Z
3279697,Will Sheffield United FC win on 2026-08-15?,elc-she-bir-2026-08-15,50925.31,1,0.405,0,0.5,2026-08-15T16:30:00Z
3279700,Will Sheffield United FC vs. Birmingham City FC end in a draw?,elc-she-bir-2026-08-15,20265.88,24,0.285,1,0.5,2026-08-15T16:30:00Z
3279700,Will Sheffield United FC vs. Birmingham City FC end in a draw?,elc-she-bir-2026-08-15,20265.88,1,0.285,1,0.5,2026-08-15T16:30:00Z
3279701,Will Birmingham City FC win on 2026-08-15?,elc-she-bir-2026-08-15,24895.13,24,0.315,0,0.5,2026-08-15T16:30:00Z
3279701,Will Birmingham City FC win on 2026-08-15?,elc-she-bir-2026-08-15,24895.13,1,0.305,0,0.5,2026-08-15T16:30:00Z
3279870,Exact Score: SpVgg Greuther Fürth 1 - 1 1. FC Nürnberg?,bl2-fur-fcn-2026-08-15-exact-score,70228.92,24,0.13,0,0.0,2026-08-15T11:00:00Z
3279870,Exact Score: SpVgg Greuther Fürth 1 - 1 1. FC Nürnberg?,bl2-fur-fcn-2026-08-15-exact-score,70228.92,1,0.12,0,0.0,2026-08-15T11:00:00Z
3279876,Exact Score: SpVgg Greuther Fürth 1 - 2 1. FC Nürnberg?,bl2-fur-fcn-2026-08-15-exact-score,55420.2,24,0.09,0,0.0,2026-08-15T11:00:00Z
3279876,Exact Score: SpVgg Greuther Fürth 1 - 2 1. FC Nürnberg?,bl2-fur-fcn-2026-08-15-exact-score,55420.2,1,0.095,0,0.0,2026-08-15T11:00:00Z
3279880,Exact Score: SpVgg Greuther Fürth 1 - 3 1. FC Nürnberg?,bl2-fur-fcn-2026-08-15-exact-score,66478.35,24,0.0475,0,0.0,2026-08-15T11:00:00Z
3279880,Exact Score: SpVgg Greuther Fürth 1 - 3 1. FC Nürnberg?,bl2-fur-fcn-2026-08-15-exact-score,66478.35,1,0.048,0,0.0,2026-08-15T11:00:00Z
3279904,Exact Score: Portsmouth FC 0 - 0 Queens Park Rangers FC?,elc-por-qpr-2026-08-15-exact-score,12046.12,24,0.08,0,0.0,2026-08-15T14:00:00Z
3279904,Exact Score: Portsmouth FC 0 - 0 Queens Park Rangers FC?,elc-por-qpr-2026-08-15-exact-score,12046.12,1,0.085,0,0.0,2026-08-15T14:00:00Z
3280022,Exact Score: Middlesbrough FC 0 - 2 Lincoln City FC?,elc-mid-lin-2026-08-15-exact-score,11846.66,24,0.01,0,0.0,2026-08-15T14:00:00Z
3280022,Exact Score: Middlesbrough FC 0 - 2 Lincoln City FC?,elc-mid-lin-2026-08-15-exact-score,11846.66,1,0.0145,0,0.0,2026-08-15T14:00:00Z
3282778,Will Deportivo Alavés win on 2026-08-15?,lal-ala-get-2026-08-15,2222310.63,24,0.405,1,0.49,2026-08-15T17:30:00Z
3282778,Will Deportivo Alavés win on 2026-08-15?,lal-ala-get-2026-08-15,2222310.63,1,0.405,1,0.5,2026-08-15T17:30:00Z
3282779,Will Deportivo Alavés vs. Getafe CF end in a draw?,lal-ala-get-2026-08-15,203010.36,24,0.345,0,0.49,2026-08-15T17:30:00Z
3282779,Will Deportivo Alavés vs. Getafe CF end in a draw?,lal-ala-get-2026-08-15,203010.36,1,0.345,0,0.5,2026-08-15T17:30:00Z
3282781,Will Getafe CF win on 2026-08-15?,lal-ala-get-2026-08-15,327691.15,24,0.245,0,0.49,2026-08-15T17:30:00Z
3282781,Will Getafe CF win on 2026-08-15?,lal-ala-get-2026-08-15,327691.15,1,0.255,0,0.5,2026-08-15T17:30:00Z
3282782,Will FC Andorra vs. AD Ceuta FC end in a draw?,es2-and-ceu-2026-08-15,10718.96,24,0.235,0,0.0,2026-08-15T15:00:00Z
3282782,Will FC Andorra vs. AD Ceuta FC end in a draw?,es2-and-ceu-2026-08-15,10718.96,1,0.235,0,0.0,2026-08-15T15:00:00Z
3282785,Will Sevilla FC win on 2026-08-15?,lal-sev-ray-2026-08-15,2130476.63,24,0.415,1,0.5,2026-08-15T19:30:00Z
3282785,Will Sevilla FC win on 2026-08-15?,lal-sev-ray-2026-08-15,2130476.63,1,0.385,1,0.5,2026-08-15T19:30:00Z
3282786,Will Sevilla FC vs. Rayo Vallecano de Madrid end in a draw?,lal-sev-ray-2026-08-15,274062.16,24,0.305,0,0.5,2026-08-15T19:30:00Z
3282786,Will Sevilla FC vs. Rayo Vallecano de Madrid end in a draw?,lal-sev-ray-2026-08-15,274062.16,1,0.325,0,0.5,2026-08-15T19:30:00Z
3282788,Will Rayo Vallecano de Madrid win on 2026-08-15?,lal-sev-ray-2026-08-15,508014.22,24,0.285,0,0.5,2026-08-15T19:30:00Z
3282788,Will Rayo Vallecano de Madrid win on 2026-08-15?,lal-sev-ray-2026-08-15,508014.22,1,0.295,0,0.5,2026-08-15T19:30:00Z
3282793,Will Real Oviedo win on 2026-08-15?,es2-ovi-gra-2026-08-15,16209.94,24,0.54,0,0.01,2026-08-15T17:00:00Z
3282793,Will Real Oviedo win on 2026-08-15?,es2-ovi-gra-2026-08-15,16209.94,1,0.465,0,0.0,2026-08-15T17:00:00Z
3282802,Exact Score: Deportivo Alavés 0 - 0 Getafe CF?,lal-ala-get-2026-08-15-exact-score,344542.93,24,0.165,0,0.49,2026-08-15T17:30:00Z
3282802,Exact Score: Deportivo Alavés 0 - 0 Getafe CF?,lal-ala-get-2026-08-15-exact-score,344542.93,1,0.175,0,0.5,2026-08-15T17:30:00Z
3282803,Will RCD Mallorca win on 2026-08-15?,es2-rm-vld-2026-08-15,15374.23,24,0.565,1,0.5,2026-08-15T19:30:00Z
3282803,Will RCD Mallorca win on 2026-08-15?,es2-rm-vld-2026-08-15,15374.23,1,0.57,1,0.5,2026-08-15T19:30:00Z
3282805,Exact Score: Deportivo Alavés 1 - 0 Getafe CF?,lal-ala-get-2026-08-15-exact-score,20694.37,24,0.165,0,0.49,2026-08-15T17:30:00Z
3282805,Exact Score: Deportivo Alavés 1 - 0 Getafe CF?,lal-ala-get-2026-08-15-exact-score,20694.37,1,0.165,0,0.5,2026-08-15T17:30:00Z
3282833,Sevilla FC leading at halftime?,lal-sev-ray-2026-08-15-halftime-result,21743.6,24,0.305,0,0.5,2026-08-15T19:30:00Z
3282833,Sevilla FC leading at halftime?,lal-sev-ray-2026-08-15-halftime-result,21743.6,1,0.295,0,0.5,2026-08-15T19:30:00Z
3282862,Exact Score: Sevilla FC 0 - 0 Rayo Vallecano de Madrid?,lal-sev-ray-2026-08-15-exact-score,173121.46,24,0.1,0,0.5,2026-08-15T19:30:00Z
3282862,Exact Score: Sevilla FC 0 - 0 Rayo Vallecano de Madrid?,lal-sev-ray-2026-08-15-exact-score,173121.46,1,0.105,0,0.5,2026-08-15T19:30:00Z
3282868,Willem II Tilburg vs. NEC: O/U 3.5,ere-wii-nec-2026-08-15-more-markets,12334.22,24,0.435,1,0.5,2026-08-15T14:30:00Z
3282868,Willem II Tilburg vs. NEC: O/U 3.5,ere-wii-nec-2026-08-15-more-markets,12334.22,1,0.425,1,0.5,2026-08-15T14:30:00Z
3282869,Exact Score: Sevilla FC 2 - 0 Rayo Vallecano de Madrid?,lal-sev-ray-2026-08-15-exact-score,11981.06,24,0.075,0,0.5,2026-08-15T19:30:00Z
3282869,Exact Score: Sevilla FC 2 - 0 Rayo Vallecano de Madrid?,lal-sev-ray-2026-08-15-exact-score,11981.06,1,0.075,0,0.5,2026-08-15T19:30:00Z
3282870,Exact Score: Sevilla FC 0 - 3 Rayo Vallecano de Madrid?,lal-sev-ray-2026-08-15-exact-score,20530.39,24,0.016,0,0.5,2026-08-15T19:30:00Z
3282870,Exact Score: Sevilla FC 0 - 3 Rayo Vallecano de Madrid?,lal-sev-ray-2026-08-15-exact-score,20530.39,1,0.0165,0,0.5,2026-08-15T19:30:00Z
3282872,Willem II Tilburg vs. NEC: O/U 4.5,ere-wii-nec-2026-08-15-more-markets,29427.16,24,0.25,1,0.5,2026-08-15T14:30:00Z
3282872,Willem II Tilburg vs. NEC: O/U 4.5,ere-wii-nec-2026-08-15-more-markets,29427.16,1,0.245,1,0.5,2026-08-15T14:30:00Z
3282875,Exact Score: Sevilla FC 2 - 1 Rayo Vallecano de Madrid?,lal-sev-ray-2026-08-15-exact-score,17791.71,24,0.085,1,0.5,2026-08-15T19:30:00Z
3282875,Exact Score: Sevilla FC 2 - 1 Rayo Vallecano de Madrid?,lal-sev-ray-2026-08-15-exact-score,17791.71,1,0.085,1,0.5,2026-08-15T19:30:00Z
3282878,Willem II Tilburg vs. NEC: O/U 5.5,ere-wii-nec-2026-08-15-more-markets,10017.84,24,0.125,0,0.5,2026-08-15T14:30:00Z
3282878,Willem II Tilburg vs. NEC: O/U 5.5,ere-wii-nec-2026-08-15-more-markets,10017.84,1,0.115,0,0.5,2026-08-15T14:30:00Z
3282951,Telstar 1963 vs. Sparta Rotterdam: O/U 2.5,ere-tel-spa-2026-08-14-more-markets,81994.12,24,0.605,1,0.01,2026-08-14T18:00:00Z
3282951,Telstar 1963 vs. Sparta Rotterdam: O/U 2.5,ere-tel-spa-2026-08-14-more-markets,81994.12,1,0.615,1,0.01,2026-08-14T18:00:00Z
3282953,Telstar 1963 vs. Sparta Rotterdam: O/U 3.5,ere-tel-spa-2026-08-14-more-markets,23530.94,24,0.385,1,0.01,2026-08-14T18:00:00Z
3282953,Telstar 1963 vs. Sparta Rotterdam: O/U 3.5,ere-tel-spa-2026-08-14-more-markets,23530.94,1,0.4,1,0.01,2026-08-14T18:00:00Z
3283916,Will Leicester City FC win on 2026-08-15?,el1-not-lei-2026-08-15,40556.9,24,0.465,0,0.5,2026-08-15T11:30:00Z
3283916,Will Leicester City FC win on 2026-08-15?,el1-not-lei-2026-08-15,40556.9,1,0.495,0,0.5,2026-08-15T11:30:00Z
3283967,Will Plymouth Argyle FC win on 2026-08-15?,el1-ply-sto-2026-08-15,50942.15,24,0.455,0,0.0,2026-08-15T14:00:00Z
3283967,Will Plymouth Argyle FC win on 2026-08-15?,el1-ply-sto-2026-08-15,50942.15,1,0.455,0,0.0,2026-08-15T14:00:00Z
3284006,Will Barnsley FC win on 2026-08-15?,el1-bar-bro-2026-08-15,15103.33,24,0.435,0,0.0,2026-08-15T14:00:00Z
3284006,Will Barnsley FC win on 2026-08-15?,el1-bar-bro-2026-08-15,15103.33,1,0.405,0,0.0,2026-08-15T14:00:00Z
3284950,Académico de Viseu FC vs. CD Santa Clara: O/U 1.5,por-acv-cds-2026-08-15-more-markets,21106.24,24,0.685,0,0.01,2026-08-15T17:00:00Z
3284950,Académico de Viseu FC vs. CD Santa Clara: O/U 1.5,por-acv-cds-2026-08-15-more-markets,21106.24,1,0.645,0,0.0,2026-08-15T17:00:00Z
3284951,Académico de Viseu FC vs. CD Santa Clara: O/U 2.5,por-acv-cds-2026-08-15-more-markets,61042.57,24,0.42,0,0.01,2026-08-15T17:00:00Z
3284951,Académico de Viseu FC vs. CD Santa Clara: O/U 2.5,por-acv-cds-2026-08-15-more-markets,61042.57,1,0.375,0,0.0,2026-08-15T17:00:00Z
3284987,FC Alverca vs. CF Estrela da Amadora: O/U 2.5,por-alv-ama-2026-08-15-more-markets,37814.46,24,0.43,1,0.5,2026-08-15T14:30:00Z
3284987,FC Alverca vs. CF Estrela da Amadora: O/U 2.5,por-alv-ama-2026-08-15-more-markets,37814.46,1,0.435,1,0.5,2026-08-15T14:30:00Z
3284988,FC Alverca vs. CF Estrela da Amadora: O/U 3.5,por-alv-ama-2026-08-15-more-markets,21703.85,24,0.22,1,0.5,2026-08-15T14:30:00Z
3284988,FC Alverca vs. CF Estrela da Amadora: O/U 3.5,por-alv-ama-2026-08-15-more-markets,21703.85,1,0.225,1,0.5,2026-08-15T14:30:00Z
3285014,Spread: Sporting CP (-1.5),por-spo-gui-2026-08-14-more-markets,43003.3,24,0.565,0,0.24,2026-08-14T19:15:00Z
3285014,Spread: Sporting CP (-1.5),por-spo-gui-2026-08-14-more-markets,43003.3,1,0.485,0,0.25,2026-08-14T19:15:00Z
3285016,Spread: Sporting CP (-2.5),por-spo-gui-2026-08-14-more-markets,15809.79,24,0.345,0,0.24,2026-08-14T19:15:00Z
3285016,Spread: Sporting CP (-2.5),por-spo-gui-2026-08-14-more-markets,15809.79,1,0.275,0,0.25,2026-08-14T19:15:00Z
3285018,Sporting CP vs. Vitória SC: O/U 0.5,por-spo-gui-2026-08-14-more-markets,15577.03,24,0.9695,1,0.24,2026-08-14T19:15:00Z
3285018,Sporting CP vs. Vitória SC: O/U 0.5,por-spo-gui-2026-08-14-more-markets,15577.03,1,0.962,1,0.24,2026-08-14T19:15:00Z
3285020,Sporting CP vs. Vitória SC: O/U 2.5,por-spo-gui-2026-08-14-more-markets,27344.7,24,0.65,1,0.24,2026-08-14T19:15:00Z
3285020,Sporting CP vs. Vitória SC: O/U 2.5,por-spo-gui-2026-08-14-more-markets,27344.7,1,0.615,1,0.24,2026-08-14T19:15:00Z
3285021,Sporting CP vs. Vitória SC: O/U 3.5,por-spo-gui-2026-08-14-more-markets,26559.11,24,0.425,1,0.24,2026-08-14T19:15:00Z
3285021,Sporting CP vs. Vitória SC: O/U 3.5,por-spo-gui-2026-08-14-more-markets,26559.11,1,0.375,1,0.25,2026-08-14T19:15:00Z
3285022,Sporting CP vs. Vitória SC: O/U 4.5,por-spo-gui-2026-08-14-more-markets,44429.44,24,0.24,1,0.24,2026-08-14T19:15:00Z
3285022,Sporting CP vs. Vitória SC: O/U 4.5,por-spo-gui-2026-08-14-more-markets,44429.44,1,0.205,1,0.24,2026-08-14T19:15:00Z
3285023,Sporting CP vs. Vitória SC: O/U 5.5,por-spo-gui-2026-08-14-more-markets,50816.7,24,0.12,0,0.24,2026-08-14T19:15:00Z
3285023,Sporting CP vs. Vitória SC: O/U 5.5,por-spo-gui-2026-08-14-more-markets,50816.7,1,0.095,0,0.24,2026-08-14T19:15:00Z
3286617,Sheffield United FC vs. Birmingham City FC: O/U 0.5,elc-she-bir-2026-08-15-more-markets,22451.74,24,0.92,0,0.5,2026-08-15T16:30:00Z
3286617,Sheffield United FC vs. Birmingham City FC: O/U 0.5,elc-she-bir-2026-08-15-more-markets,22451.74,1,0.925,0,0.5,2026-08-15T16:30:00Z
3286618,Sheffield United FC vs. Birmingham City FC: O/U 1.5,elc-she-bir-2026-08-15-more-markets,18334.83,24,0.73,0,0.5,2026-08-15T16:30:00Z
3286618,Sheffield United FC vs. Birmingham City FC: O/U 1.5,elc-she-bir-2026-08-15-more-markets,18334.83,1,0.735,0,0.49,2026-08-15T16:30:00Z
3286619,Sheffield United FC vs. Birmingham City FC: O/U 2.5,elc-she-bir-2026-08-15-more-markets,45834.76,24,0.47,0,0.5,2026-08-15T16:30:00Z
3286619,Sheffield United FC vs. Birmingham City FC: O/U 2.5,elc-she-bir-2026-08-15-more-markets,45834.76,1,0.475,0,0.5,2026-08-15T16:30:00Z
3286624,Sheffield United FC vs. Birmingham City FC: Both Teams to Score,elc-she-bir-2026-08-15-more-markets,11377.0,24,0.54,0,0.5,2026-08-15T16:30:00Z
3286624,Sheffield United FC vs. Birmingham City FC: Both Teams to Score,elc-she-bir-2026-08-15-more-markets,11377.0,1,0.545,0,0.5,2026-08-15T16:30:00Z
3286649,Spread: Norwich City FC (-1.5),elc-nor-wba-2026-08-15-more-markets,11458.28,24,0.245,0,0.0,2026-08-15T14:00:00Z
3286649,Spread: Norwich City FC (-1.5),elc-nor-wba-2026-08-15-more-markets,11458.28,1,0.235,0,0.0,2026-08-15T14:00:00Z
3286654,Norwich City FC vs. West Bromwich Albion FC: O/U 1.5,elc-nor-wba-2026-08-15-more-markets,12333.82,24,0.745,1,0.01,2026-08-15T14:00:00Z
3286654,Norwich City FC vs. West Bromwich Albion FC: O/U 1.5,elc-nor-wba-2026-08-15-more-markets,12333.82,1,0.735,1,0.0,2026-08-15T14:00:00Z
3286655,Norwich City FC vs. West Bromwich Albion FC: O/U 2.5,elc-nor-wba-2026-08-15-more-markets,23207.11,24,0.495,1,0.01,2026-08-15T14:00:00Z
3286655,Norwich City FC vs. West Bromwich Albion FC: O/U 2.5,elc-nor-wba-2026-08-15-more-markets,23207.11,1,0.485,1,0.0,2026-08-15T14:00:00Z
3286688,Stoke City FC vs. Swansea City AFC: O/U 2.5,elc-sto-swa-2026-08-15-more-markets,22630.25,24,0.45,1,0.0,2026-08-15T14:00:00Z
3286688,Stoke City FC vs. Swansea City AFC: O/U 2.5,elc-sto-swa-2026-08-15-more-markets,22630.25,1,0.465,1,0.0,2026-08-15T14:00:00Z
3286715,Spread: Middlesbrough FC (-1.5),elc-mid-lin-2026-08-15-more-markets,42993.67,24,0.475,0,0.0,2026-08-15T14:00:00Z
3286715,Spread: Middlesbrough FC (-1.5),elc-mid-lin-2026-08-15-more-markets,42993.67,1,0.435,0,0.0,2026-08-15T14:00:00Z
3286721,Middlesbrough FC vs. Lincoln City FC: O/U 2.5,elc-mid-lin-2026-08-15-more-markets,83548.0,24,0.575,1,0.0,2026-08-15T14:00:00Z
3286721,Middlesbrough FC vs. Lincoln City FC: O/U 2.5,elc-mid-lin-2026-08-15-more-markets,83548.0,1,0.545,1,0.0,2026-08-15T14:00:00Z
3286722,Middlesbrough FC vs. Lincoln City FC: O/U 3.5,elc-mid-lin-2026-08-15-more-markets,13343.85,24,0.35,0,0.0,2026-08-15T14:00:00Z
3286722,Middlesbrough FC vs. Lincoln City FC: O/U 3.5,elc-mid-lin-2026-08-15-more-markets,13343.85,1,0.325,0,0.0,2026-08-15T14:00:00Z
3286723,Middlesbrough FC vs. Lincoln City FC: O/U 4.5,elc-mid-lin-2026-08-15-more-markets,13454.55,24,0.18,0,0.0,2026-08-15T14:00:00Z
3286723,Middlesbrough FC vs. Lincoln City FC: O/U 4.5,elc-mid-lin-2026-08-15-more-markets,13454.55,1,0.165,0,0.0,2026-08-15T14:00:00Z
3286787,Portsmouth FC vs. Queens Park Rangers FC: O/U 2.5,elc-por-qpr-2026-08-15-more-markets,13956.78,24,0.465,1,0.0,2026-08-15T14:00:00Z
3286787,Portsmouth FC vs. Queens Park Rangers FC: O/U 2.5,elc-por-qpr-2026-08-15-more-markets,13956.78,1,0.435,1,0.0,2026-08-15T14:00:00Z
3286788,Portsmouth FC vs. Queens Park Rangers FC: O/U 3.5,elc-por-qpr-2026-08-15-more-markets,16916.2,24,0.26,1,0.0,2026-08-15T14:00:00Z
3286788,Portsmouth FC vs. Queens Park Rangers FC: O/U 3.5,elc-por-qpr-2026-08-15-more-markets,16916.2,1,0.235,1,0.0,2026-08-15T14:00:00Z
3286790,Portsmouth FC vs. Queens Park Rangers FC: O/U 4.5,elc-por-qpr-2026-08-15-more-markets,19459.57,24,0.125,0,0.0,2026-08-15T14:00:00Z
3286790,Portsmouth FC vs. Queens Park Rangers FC: O/U 4.5,elc-por-qpr-2026-08-15-more-markets,19459.57,1,0.095,0,0.0,2026-08-15T14:00:00Z
3286822,Bristol City FC vs. Millwall FC: O/U 2.5,elc-bri-mil-2026-08-15-more-markets,31608.17,24,0.495,0,0.0,2026-08-15T14:00:00Z
3286822,Bristol City FC vs. Millwall FC: O/U 2.5,elc-bri-mil-2026-08-15-more-markets,31608.17,1,0.495,0,0.0,2026-08-15T14:00:00Z
3286861,Bolton Wanderers FC vs. Preston North End FC: O/U 1.5,elc-bol-pne-2026-08-15-more-markets,16039.36,24,0.735,1,0.5,2026-08-15T11:30:00Z
3286861,Bolton Wanderers FC vs. Preston North End FC: O/U 1.5,elc-bol-pne-2026-08-15-more-markets,16039.36,1,0.725,1,0.5,2026-08-15T11:30:00Z
3286862,Bolton Wanderers FC vs. Preston North End FC: O/U 2.5,elc-bol-pne-2026-08-15-more-markets,52867.25,24,0.48,1,0.5,2026-08-15T11:30:00Z
3286862,Bolton Wanderers FC vs. Preston North End FC: O/U 2.5,elc-bol-pne-2026-08-15-more-markets,52867.25,1,0.465,1,0.5,2026-08-15T11:30:00Z
3286863,Bolton Wanderers FC vs. Preston North End FC: O/U 3.5,elc-bol-pne-2026-08-15-more-markets,10417.82,24,0.26,0,0.5,2026-08-15T11:30:00Z
3286863,Bolton Wanderers FC vs. Preston North End FC: O/U 3.5,elc-bol-pne-2026-08-15-more-markets,10417.82,1,0.245,0,0.5,2026-08-15T11:30:00Z
3286864,Bolton Wanderers FC vs. Preston North End FC: O/U 4.5,elc-bol-pne-2026-08-15-more-markets,12462.52,24,0.12,0,0.5,2026-08-15T11:30:00Z
3286864,Bolton Wanderers FC vs. Preston North End FC: O/U 4.5,elc-bol-pne-2026-08-15-more-markets,12462.52,1,0.115,0,0.5,2026-08-15T11:30:00Z
3286866,Bolton Wanderers FC vs. Preston North End FC: Both Teams to Score,elc-bol-pne-2026-08-15-more-markets,10121.29,24,0.54,1,0.5,2026-08-15T11:30:00Z
3286866,Bolton Wanderers FC vs. Preston North End FC: Both Teams to Score,elc-bol-pne-2026-08-15-more-markets,10121.29,1,0.535,1,0.5,2026-08-15T11:30:00Z
3288268,ŠK Slovan Bratislava leading at halftime?,svk1-sba-ruz-2026-08-15-halftime-result,22639.83,24,0.565,1,0.0,2026-08-15T16:00:00Z
3288268,ŠK Slovan Bratislava leading at halftime?,svk1-sba-ruz-2026-08-15-halftime-result,22639.83,1,0.575,1,0.0,2026-08-15T16:00:00Z
3288950,Will Calcio Padova win on 2026-08-15?,itc-udi-pad-2026-08-15,21616.56,24,0.105,0,0.5,2026-08-15T16:30:00Z
3288950,Will Calcio Padova win on 2026-08-15?,itc-udi-pad-2026-08-15,21616.56,1,0.095,0,0.5,2026-08-15T16:30:00Z
3288951,Will Venezia FC win on 2026-08-15?,itc-ven-mod-2026-08-15,10011.39,24,0.64,1,0.25,2026-08-15T18:45:00Z
3288951,Will Venezia FC win on 2026-08-15?,itc-ven-mod-2026-08-15,10011.39,1,0.635,1,0.25,2026-08-15T18:45:00Z
3288964,1. FC Kaiserslautern vs. Karlsruher SC: O/U 0.5,bl2-fck-ksc-2026-08-15-more-markets,14963.02,24,0.955,0,0.49,2026-08-15T18:30:00Z
3288964,1. FC Kaiserslautern vs. Karlsruher SC: O/U 0.5,bl2-fck-ksc-2026-08-15-more-markets,14963.02,1,0.955,0,0.49,2026-08-15T18:30:00Z
3288966,1. FC Kaiserslautern vs. Karlsruher SC: O/U 1.5,bl2-fck-ksc-2026-08-15-more-markets,13554.23,24,0.83,0,0.49,2026-08-15T18:30:00Z
3288966,1. FC Kaiserslautern vs. Karlsruher SC: O/U 1.5,bl2-fck-ksc-2026-08-15-more-markets,13554.23,1,0.835,0,0.49,2026-08-15T18:30:00Z
3289038,SpVgg Greuther Fürth vs. 1. FC Nürnberg: O/U 0.5,bl2-fur-fcn-2026-08-15-more-markets,19066.29,24,0.955,1,0.0,2026-08-15T11:00:00Z
3289038,SpVgg Greuther Fürth vs. 1. FC Nürnberg: O/U 0.5,bl2-fur-fcn-2026-08-15-more-markets,19066.29,1,0.95,1,0.0,2026-08-15T11:00:00Z
3289043,SpVgg Greuther Fürth vs. 1. FC Nürnberg: O/U 2.5,bl2-fur-fcn-2026-08-15-more-markets,12394.37,24,0.57,1,0.0,2026-08-15T11:00:00Z
3289043,SpVgg Greuther Fürth vs. 1. FC Nürnberg: O/U 2.5,bl2-fur-fcn-2026-08-15-more-markets,12394.37,1,0.575,1,0.0,2026-08-15T11:00:00Z
3289046,SpVgg Greuther Fürth vs. 1. FC Nürnberg: O/U 3.5,bl2-fur-fcn-2026-08-15-more-markets,104723.53,24,0.345,1,0.0,2026-08-15T11:00:00Z
3289046,SpVgg Greuther Fürth vs. 1. FC Nürnberg: O/U 3.5,bl2-fur-fcn-2026-08-15-more-markets,104723.53,1,0.345,1,0.0,2026-08-15T11:00:00Z
3289049,SpVgg Greuther Fürth vs. 1. FC Nürnberg: O/U 4.5,bl2-fur-fcn-2026-08-15-more-markets,28503.9,24,0.18,1,0.01,2026-08-15T11:00:00Z
3289049,SpVgg Greuther Fürth vs. 1. FC Nürnberg: O/U 4.5,bl2-fur-fcn-2026-08-15-more-markets,28503.9,1,0.175,1,0.0,2026-08-15T11:00:00Z
3289051,SpVgg Greuther Fürth vs. 1. FC Nürnberg: O/U 5.5,bl2-fur-fcn-2026-08-15-more-markets,18128.71,24,0.06,1,0.0,2026-08-15T11:00:00Z
3289051,SpVgg Greuther Fürth vs. 1. FC Nürnberg: O/U 5.5,bl2-fur-fcn-2026-08-15-more-markets,18128.71,1,0.08,1,0.0,2026-08-15T11:00:00Z
3289118,Hertha BSC vs. 1. FC Heidenheim 1846: O/U 5.5,bl2-ber-hei-2026-08-15-more-markets,16686.5,24,0.08,0,0.0,2026-08-15T11:00:00Z
3289118,Hertha BSC vs. 1. FC Heidenheim 1846: O/U 5.5,bl2-ber-hei-2026-08-15-more-markets,16686.5,1,0.095,0,0.0,2026-08-15T11:00:00Z
3289431,Will FC Utrecht win on 2026-08-15?,ere-utr-az-2026-08-15,12179.6,24,0.345,0,0.26,2026-08-15T16:45:00Z
3289431,Will FC Utrecht win on 2026-08-15?,ere-utr-az-2026-08-15,12179.6,1,0.325,0,0.25,2026-08-15T16:45:00Z
3289432,Will FC Utrecht vs. AZ end in a draw?,ere-utr-az-2026-08-15,11279.2,24,0.255,0,0.26,2026-08-15T16:45:00Z
3289432,Will FC Utrecht vs. AZ end in a draw?,ere-utr-az-2026-08-15,11279.2,1,0.265,0,0.25,2026-08-15T16:45:00Z
3289433,Will AZ win on 2026-08-15?,ere-utr-az-2026-08-15,55954.55,24,0.395,1,0.26,2026-08-15T16:45:00Z
3289433,Will AZ win on 2026-08-15?,ere-utr-az-2026-08-15,55954.55,1,0.415,1,0.25,2026-08-15T16:45:00Z
3289435,Will SBV Excelsior win on 2026-08-15?,ere-exc-psv-2026-08-15,58540.62,24,0.175,0,0.0,2026-08-15T18:00:00Z
3289435,Will SBV Excelsior win on 2026-08-15?,ere-exc-psv-2026-08-15,58540.62,1,0.145,0,0.01,2026-08-15T18:00:00Z
3289437,Will PSV win on 2026-08-15?,ere-exc-psv-2026-08-15,88519.2,24,0.615,1,0.0,2026-08-15T18:00:00Z
3289437,Will PSV win on 2026-08-15?,ere-exc-psv-2026-08-15,88519.2,1,0.675,1,0.01,2026-08-15T18:00:00Z
3289438,Will Fortuna Sittard win on 2026-08-15?,ere-sit-cam-2026-08-15,31589.18,24,0.565,1,0.0,2026-08-15T19:00:00Z
3289438,Will Fortuna Sittard win on 2026-08-15?,ere-sit-cam-2026-08-15,31589.18,1,0.595,1,0.0,2026-08-15T19:00:00Z
3289440,Will SC Cambuur-Leeuwarden win on 2026-08-15?,ere-sit-cam-2026-08-15,11644.54,24,0.205,0,0.0,2026-08-15T19:00:00Z
3289440,Will SC Cambuur-Leeuwarden win on 2026-08-15?,ere-sit-cam-2026-08-15,11644.54,1,0.185,0,0.0,2026-08-15T19:00:00Z
3289441,Will ADO Den Haag win on 2026-08-16?,ere-ado-gro-2026-08-16,176381.38,24,0.345,0,0.25,2026-08-16T10:15:00Z
3289441,Will ADO Den Haag win on 2026-08-16?,ere-ado-gro-2026-08-16,176381.38,1,0.355,0,0.24,2026-08-16T10:15:00Z
3289443,Will FC Groningen win on 2026-08-16?,ere-ado-gro-2026-08-16,97921.95,24,0.395,1,0.25,2026-08-16T10:15:00Z
3289443,Will FC Groningen win on 2026-08-16?,ere-ado-gro-2026-08-16,97921.95,1,0.385,1,0.25,2026-08-16T10:15:00Z
3289445,Will FC Twente win on 2026-08-16?,ere-twe-zwo-2026-08-16,60667.85,24,0.785,1,0.5,2026-08-16T12:30:00Z
3289445,Will FC Twente win on 2026-08-16?,ere-twe-zwo-2026-08-16,60667.85,1,0.775,1,0.5,2026-08-16T12:30:00Z
3289446,Will FC Twente vs. PEC Zwolle end in a draw?,ere-twe-zwo-2026-08-16,18526.36,24,0.135,0,0.49,2026-08-16T12:30:00Z
3289446,Will FC Twente vs. PEC Zwolle end in a draw?,ere-twe-zwo-2026-08-16,18526.36,1,0.145,0,0.5,2026-08-16T12:30:00Z
3289447,Will PEC Zwolle win on 2026-08-16?,ere-twe-zwo-2026-08-16,35776.64,24,0.075,0,0.49,2026-08-16T12:30:00Z
3289447,Will PEC Zwolle win on 2026-08-16?,ere-twe-zwo-2026-08-16,35776.64,1,0.085,0,0.5,2026-08-16T12:30:00Z
3289448,Will Feyenoord Rotterdam win on 2026-08-16?,ere-fey-goa-2026-08-16,132093.89,24,0.695,0,0.49,2026-08-16T12:30:00Z
3289448,Will Feyenoord Rotterdam win on 2026-08-16?,ere-fey-goa-2026-08-16,132093.89,1,0.715,0,0.5,2026-08-16T12:30:00Z
3289449,Will Feyenoord Rotterdam vs. Go Ahead Eagles end in a draw?,ere-fey-goa-2026-08-16,23215.26,24,0.165,1,0.5,2026-08-16T12:30:00Z
3289449,Will Feyenoord Rotterdam vs. Go Ahead Eagles end in a draw?,ere-fey-goa-2026-08-16,23215.26,1,0.165,1,0.5,2026-08-16T12:30:00Z
3289450,Will Go Ahead Eagles win on 2026-08-16?,ere-fey-goa-2026-08-16,66132.83,24,0.125,0,0.49,2026-08-16T12:30:00Z
3289450,Will Go Ahead Eagles win on 2026-08-16?,ere-fey-goa-2026-08-16,66132.83,1,0.115,0,0.5,2026-08-16T12:30:00Z
3289494,Exact Score: SBV Excelsior 2 - 1 PSV?,ere-exc-psv-2026-08-15-exact-score,12954.09,24,0.05,0,0.01,2026-08-15T18:00:00Z
3289494,Exact Score: SBV Excelsior 2 - 1 PSV?,ere-exc-psv-2026-08-15-exact-score,12954.09,1,0.045,0,0.01,2026-08-15T18:00:00Z
3289521,Exact Score: Fortuna Sittard 2 - 1 SC Cambuur-Leeuwarden?,ere-sit-cam-2026-08-15-exact-score,11664.4,24,0.095,0,0.0,2026-08-15T19:00:00Z
3289521,Exact Score: Fortuna Sittard 2 - 1 SC Cambuur-Leeuwarden?,ere-sit-cam-2026-08-15-exact-score,11664.4,1,0.105,0,0.0,2026-08-15T19:00:00Z
3289608,Exact Score: Feyenoord Rotterdam 2 - 3 Go Ahead Eagles?,ere-fey-goa-2026-08-16-exact-score,15234.96,24,0.015,0,0.5,2026-08-16T12:30:00Z
3289608,Exact Score: Feyenoord Rotterdam 2 - 3 Go Ahead Eagles?,ere-fey-goa-2026-08-16-exact-score,15234.96,1,0.0145,0,0.5,2026-08-16T12:30:00Z
3289814,Vissel Kōbe vs. FC Tōkyō: O/U 2.5,jap-vis-fct-2026-08-15-more-markets,14502.6,24,0.435,1,0.01,2026-08-15T10:00:00Z
3289814,Vissel Kōbe vs. FC Tōkyō: O/U 2.5,jap-vis-fct-2026-08-15-more-markets,14502.6,1,0.445,1,0.01,2026-08-15T10:00:00Z
3289815,Vissel Kōbe vs. FC Tōkyō: O/U 3.5,jap-vis-fct-2026-08-15-more-markets,10811.64,24,0.235,1,0.01,2026-08-15T10:00:00Z
3289815,Vissel Kōbe vs. FC Tōkyō: O/U 3.5,jap-vis-fct-2026-08-15-more-markets,10811.64,1,0.23,1,0.0,2026-08-15T10:00:00Z
3289816,Vissel Kōbe vs. FC Tōkyō: O/U 4.5,jap-vis-fct-2026-08-15-more-markets,10020.68,24,0.105,0,0.01,2026-08-15T10:00:00Z
3289816,Vissel Kōbe vs. FC Tōkyō: O/U 4.5,jap-vis-fct-2026-08-15-more-markets,10020.68,1,0.105,0,0.0,2026-08-15T10:00:00Z
3289875,Spread: Kawasaki Frontale (-1.5),jap-kaw-kyo-2026-08-15-more-markets,11385.22,24,0.205,0,0.01,2026-08-15T10:00:00Z
3289875,Spread: Kawasaki Frontale (-1.5),jap-kaw-kyo-2026-08-15-more-markets,11385.22,1,0.205,0,0.0,2026-08-15T10:00:00Z
3289882,Kawasaki Frontale vs. Kyōto Sanga FC: O/U 3.5,jap-kaw-kyo-2026-08-15-more-markets,14774.47,24,0.3,1,0.01,2026-08-15T10:00:00Z
3289882,Kawasaki Frontale vs. Kyōto Sanga FC: O/U 3.5,jap-kaw-kyo-2026-08-15-more-markets,14774.47,1,0.3,1,0.01,2026-08-15T10:00:00Z
3289909,Spread: Sanfrecce Hiroshima (-1.5),jap-ura-san-2026-08-15-more-markets,14154.9,24,0.255,1,0.01,2026-08-15T10:00:00Z
3289909,Spread: Sanfrecce Hiroshima (-1.5),jap-ura-san-2026-08-15-more-markets,14154.9,1,0.245,1,0.0,2026-08-15T10:00:00Z
3289911,Spread: Sanfrecce Hiroshima (-2.5),jap-ura-san-2026-08-15-more-markets,10834.03,24,0.1,1,0.0,2026-08-15T10:00:00Z
3289911,Spread: Sanfrecce Hiroshima (-2.5),jap-ura-san-2026-08-15-more-markets,10834.03,1,0.1,1,0.0,2026-08-15T10:00:00Z
3289914,Urawa Red Diamonds vs. Sanfrecce Hiroshima: O/U 2.5,jap-ura-san-2026-08-15-more-markets,12284.88,24,0.495,1,0.01,2026-08-15T10:00:00Z
3289914,Urawa Red Diamonds vs. Sanfrecce Hiroshima: O/U 2.5,jap-ura-san-2026-08-15-more-markets,12284.88,1,0.515,1,0.0,2026-08-15T10:00:00Z
3289915,Urawa Red Diamonds vs. Sanfrecce Hiroshima: O/U 3.5,jap-ura-san-2026-08-15-more-markets,19220.86,24,0.285,1,0.01,2026-08-15T10:00:00Z
3289915,Urawa Red Diamonds vs. Sanfrecce Hiroshima: O/U 3.5,jap-ura-san-2026-08-15-more-markets,19220.86,1,0.295,1,0.0,2026-08-15T10:00:00Z
3289916,Urawa Red Diamonds vs. Sanfrecce Hiroshima: O/U 4.5,jap-ura-san-2026-08-15-more-markets,17256.93,24,0.135,1,0.01,2026-08-15T10:00:00Z
3289916,Urawa Red Diamonds vs. Sanfrecce Hiroshima: O/U 4.5,jap-ura-san-2026-08-15-more-markets,17256.93,1,0.135,1,0.0,2026-08-15T10:00:00Z
3289917,Urawa Red Diamonds vs. Sanfrecce Hiroshima: O/U 5.5,jap-ura-san-2026-08-15-more-markets,12930.66,24,0.065,0,0.01,2026-08-15T10:00:00Z
3289917,Urawa Red Diamonds vs. Sanfrecce Hiroshima: O/U 5.5,jap-ura-san-2026-08-15-more-markets,12930.66,1,0.06,0,0.0,2026-08-15T10:00:00Z
3289942,Spread: FC Machida Zelvia (-1.5),jap-jef-zel-2026-08-15-more-markets,16843.67,24,0.255,1,0.01,2026-08-15T10:00:00Z
3289942,Spread: FC Machida Zelvia (-1.5),jap-jef-zel-2026-08-15-more-markets,16843.67,1,0.28,1,0.0,2026-08-15T10:00:00Z
3289948,JEF United Ichihara Chiba vs. FC Machida Zelvia: O/U 3.5,jap-jef-zel-2026-08-15-more-markets,14826.15,24,0.235,1,0.01,2026-08-15T10:00:00Z
3289948,JEF United Ichihara Chiba vs. FC Machida Zelvia: O/U 3.5,jap-jef-zel-2026-08-15-more-markets,14826.15,1,0.225,1,0.0,2026-08-15T10:00:00Z
3289974,Spread: Fagiano Okayama (-1.5),jap-fag-vva-2026-08-15-more-markets,15239.85,24,0.205,0,0.09,2026-08-15T09:55:00Z
3289974,Spread: Fagiano Okayama (-1.5),jap-fag-vva-2026-08-15-more-markets,15239.85,1,0.295,0,0.09,2026-08-15T09:55:00Z
3289976,Spread: Fagiano Okayama (-2.5),jap-fag-vva-2026-08-15-more-markets,20062.93,24,0.07,0,0.09,2026-08-15T09:55:00Z
3289976,Spread: Fagiano Okayama (-2.5),jap-fag-vva-2026-08-15-more-markets,20062.93,1,0.125,0,0.09,2026-08-15T09:55:00Z
3289979,Fagiano Okayama vs. V-Varen Nagasaki: O/U 1.5,jap-fag-vva-2026-08-15-more-markets,10435.76,24,0.7,0,0.09,2026-08-15T09:55:00Z
3289979,Fagiano Okayama vs. V-Varen Nagasaki: O/U 1.5,jap-fag-vva-2026-08-15-more-markets,10435.76,1,0.715,0,0.09,2026-08-15T09:55:00Z
3289980,Fagiano Okayama vs. V-Varen Nagasaki: O/U 2.5,jap-fag-vva-2026-08-15-more-markets,29363.52,24,0.435,0,0.09,2026-08-15T09:55:00Z
3289980,Fagiano Okayama vs. V-Varen Nagasaki: O/U 2.5,jap-fag-vva-2026-08-15-more-markets,29363.52,1,0.465,0,0.09,2026-08-15T09:55:00Z
3289981,Fagiano Okayama vs. V-Varen Nagasaki: O/U 3.5,jap-fag-vva-2026-08-15-more-markets,20597.94,24,0.235,0,0.09,2026-08-15T09:55:00Z
3289981,Fagiano Okayama vs. V-Varen Nagasaki: O/U 3.5,jap-fag-vva-2026-08-15-more-markets,20597.94,1,0.245,0,0.09,2026-08-15T09:55:00Z
3290011,Shimizu S-Pulse vs. Yokohama F·Marinos: O/U 0.5,jap-ssp-yom-2026-08-15-more-markets,14004.93,24,0.915,1,0.5,2026-08-15T09:30:00Z
3290011,Shimizu S-Pulse vs. Yokohama F·Marinos: O/U 0.5,jap-ssp-yom-2026-08-15-more-markets,14004.93,1,0.92,1,0.5,2026-08-15T09:30:00Z
3290012,Shimizu S-Pulse vs. Yokohama F·Marinos: O/U 1.5,jap-ssp-yom-2026-08-15-more-markets,26366.32,24,0.725,0,0.5,2026-08-15T09:30:00Z
3290012,Shimizu S-Pulse vs. Yokohama F·Marinos: O/U 1.5,jap-ssp-yom-2026-08-15-more-markets,26366.32,1,0.725,0,0.5,2026-08-15T09:30:00Z
3290013,Shimizu S-Pulse vs. Yokohama F·Marinos: O/U 2.5,jap-ssp-yom-2026-08-15-more-markets,58507.61,24,0.475,0,0.5,2026-08-15T09:30:00Z
3290013,Shimizu S-Pulse vs. Yokohama F·Marinos: O/U 2.5,jap-ssp-yom-2026-08-15-more-markets,58507.61,1,0.465,0,0.5,2026-08-15T09:30:00Z
3290040,Spread: Kashima Antlers (-1.5),jap-kas-ngr-2026-08-15-more-markets,21500.76,24,0.275,0,0.0,2026-08-15T09:00:00Z
3290040,Spread: Kashima Antlers (-1.5),jap-kas-ngr-2026-08-15-more-markets,21500.76,1,0.265,0,0.0,2026-08-15T09:00:00Z
3290041,Spread: Nagoya Grampus (-1.5),jap-kas-ngr-2026-08-15-more-markets,10698.17,24,0.065,0,0.0,2026-08-15T09:00:00Z
3290041,Spread: Nagoya Grampus (-1.5),jap-kas-ngr-2026-08-15-more-markets,10698.17,1,0.08,0,0.0,2026-08-15T09:00:00Z
3290044,Kashima Antlers vs. Nagoya Grampus: O/U 0.5,jap-kas-ngr-2026-08-15-more-markets,11007.9,24,0.92,1,0.0,2026-08-15T09:00:00Z
3290044,Kashima Antlers vs. Nagoya Grampus: O/U 0.5,jap-kas-ngr-2026-08-15-more-markets,11007.9,1,0.935,1,0.0,2026-08-15T09:00:00Z
3290045,Kashima Antlers vs. Nagoya Grampus: O/U 1.5,jap-kas-ngr-2026-08-15-more-markets,24414.05,24,0.725,1,0.0,2026-08-15T09:00:00Z
3290045,Kashima Antlers vs. Nagoya Grampus: O/U 1.5,jap-kas-ngr-2026-08-15-more-markets,24414.05,1,0.755,1,0.0,2026-08-15T09:00:00Z
3290046,Kashima Antlers vs. Nagoya Grampus: O/U 2.5,jap-kas-ngr-2026-08-15-more-markets,124834.26,24,0.47,1,0.0,2026-08-15T09:00:00Z
3290046,Kashima Antlers vs. Nagoya Grampus: O/U 2.5,jap-kas-ngr-2026-08-15-more-markets,124834.26,1,0.505,1,0.0,2026-08-15T09:00:00Z
3290047,Kashima Antlers vs. Nagoya Grampus: O/U 3.5,jap-kas-ngr-2026-08-15-more-markets,15023.48,24,0.25,0,0.0,2026-08-15T09:00:00Z
3290047,Kashima Antlers vs. Nagoya Grampus: O/U 3.5,jap-kas-ngr-2026-08-15-more-markets,15023.48,1,0.285,0,0.0,2026-08-15T09:00:00Z
3290048,Kashima Antlers vs. Nagoya Grampus: O/U 4.5,jap-kas-ngr-2026-08-15-more-markets,30024.99,24,0.115,0,0.0,2026-08-15T09:00:00Z
3290048,Kashima Antlers vs. Nagoya Grampus: O/U 4.5,jap-kas-ngr-2026-08-15-more-markets,30024.99,1,0.135,0,0.0,2026-08-15T09:00:00Z
3290073,Spread: FC Mito Holly Hock (-1.5),jap-hol-gam-2026-08-15-more-markets,16410.94,24,0.145,0,0.0,2026-08-15T09:00:00Z
3290073,Spread: FC Mito Holly Hock (-1.5),jap-hol-gam-2026-08-15-more-markets,16410.94,1,0.155,0,0.0,2026-08-15T09:00:00Z
3290078,FC Mito Holly Hock vs. Gamba Ōsaka: O/U 1.5,jap-hol-gam-2026-08-15-more-markets,15669.55,24,0.72,1,0.0,2026-08-15T09:00:00Z
3290078,FC Mito Holly Hock vs. Gamba Ōsaka: O/U 1.5,jap-hol-gam-2026-08-15-more-markets,15669.55,1,0.705,1,0.0,2026-08-15T09:00:00Z
3290079,FC Mito Holly Hock vs. Gamba Ōsaka: O/U 2.5,jap-hol-gam-2026-08-15-more-markets,20474.34,24,0.46,0,0.0,2026-08-15T09:00:00Z
3290079,FC Mito Holly Hock vs. Gamba Ōsaka: O/U 2.5,jap-hol-gam-2026-08-15-more-markets,20474.34,1,0.445,0,0.0,2026-08-15T09:00:00Z
3290080,FC Mito Holly Hock vs. Gamba Ōsaka: O/U 3.5,jap-hol-gam-2026-08-15-more-markets,13816.36,24,0.25,0,0.0,2026-08-15T09:00:00Z
3290080,FC Mito Holly Hock vs. Gamba Ōsaka: O/U 3.5,jap-hol-gam-2026-08-15-more-markets,13816.36,1,0.235,0,0.0,2026-08-15T09:00:00Z
3290818,Will Nottingham Forest win on 2026-08-16?,clf-nfo-stb-2026-08-16,13806.19,24,0.56,1,0.0,2026-08-16T13:00:00Z
3290818,Will Nottingham Forest win on 2026-08-16?,clf-nfo-stb-2026-08-16,13806.19,1,0.565,1,0.0,2026-08-16T13:00:00Z
3290822,Will Gençlerbirliği SK win on 2026-08-15?,tur-gen-fen-2026-08-15,90590.58,24,0.115,1,0.49,2026-08-15T18:30:00Z
3290822,Will Gençlerbirliği SK win on 2026-08-15?,tur-gen-fen-2026-08-15,90590.58,1,0.135,1,0.49,2026-08-15T18:30:00Z
3290823,Will Gençlerbirliği SK vs. Fenerbahçe SK end in a draw?,tur-gen-fen-2026-08-15,36914.01,24,0.185,0,0.49,2026-08-15T18:30:00Z
3290823,Will Gençlerbirliği SK vs. Fenerbahçe SK end in a draw?,tur-gen-fen-2026-08-15,36914.01,1,0.225,0,0.49,2026-08-15T18:30:00Z
3290824,Will Fenerbahçe SK win on 2026-08-15?,tur-gen-fen-2026-08-15,166412.04,24,0.685,0,0.49,2026-08-15T18:30:00Z
3290824,Will Fenerbahçe SK win on 2026-08-15?,tur-gen-fen-2026-08-15,166412.04,1,0.645,0,0.49,2026-08-15T18:30:00Z
3290827,Will Rams Başakşehir FK win on 2026-08-16?,tur-iba-koc-2026-08-16,49480.92,24,0.665,1,0.0,2026-08-16T16:00:00Z
3290827,Will Rams Başakşehir FK win on 2026-08-16?,tur-iba-koc-2026-08-16,49480.92,1,0.555,1,0.0,2026-08-16T16:00:00Z
3290829,Will Kocaelispor win on 2026-08-16?,tur-iba-koc-2026-08-16,27535.72,24,0.13,0,0.0,2026-08-16T16:00:00Z
3290829,Will Kocaelispor win on 2026-08-16?,tur-iba-koc-2026-08-16,27535.72,1,0.175,0,0.01,2026-08-16T16:00:00Z
3291140,Will Atlante FC win on 2026-08-15?,mex-atla-tol-2026-08-15,69444.31,24,0.155,0,0.0,2026-08-15T23:00:00Z
3291140,Will Atlante FC win on 2026-08-15?,mex-atla-tol-2026-08-15,69444.31,1,0.165,0,0.0,2026-08-15T23:00:00Z
3291141,Will Atlante FC vs. Deportivo Toluca FC end in a draw?,mex-atla-tol-2026-08-15,13438.6,24,0.205,1,0.0,2026-08-15T23:00:00Z
3291141,Will Atlante FC vs. Deportivo Toluca FC end in a draw?,mex-atla-tol-2026-08-15,13438.6,1,0.205,1,0.0,2026-08-15T23:00:00Z
3291142,Will Deportivo Toluca FC win on 2026-08-15?,mex-atla-tol-2026-08-15,30948.81,24,0.635,0,0.0,2026-08-15T23:00:00Z
3291142,Will Deportivo Toluca FC win on 2026-08-15?,mex-atla-tol-2026-08-15,30948.81,1,0.615,0,0.0,2026-08-15T23:00:00Z
3291143,Will CF Monterrey win on 2026-08-15?,mex-mon1-jua-2026-08-15,59901.27,24,0.635,1,0.16,2026-08-16T01:10:00Z
3291143,Will CF Monterrey win on 2026-08-15?,mex-mon1-jua-2026-08-15,59901.27,1,0.615,1,0.16,2026-08-16T01:10:00Z
3291147,Will FC Juárez win on 2026-08-15?,mex-mon1-jua-2026-08-15,29127.9,24,0.165,0,0.16,2026-08-16T01:10:00Z
3291147,Will FC Juárez win on 2026-08-15?,mex-mon1-jua-2026-08-15,29127.9,1,0.175,0,0.16,2026-08-16T01:10:00Z
3291151,Will Atlas FC win on 2026-08-15?,mex-atl-tig-2026-08-15,201279.72,24,0.275,1,0.16,2026-08-16T03:10:00Z
3291151,Will Atlas FC win on 2026-08-15?,mex-atl-tig-2026-08-15,201279.72,1,0.295,1,0.16,2026-08-16T03:10:00Z
3291153,Will Atlas FC vs. Tigres de la UANL end in a draw?,mex-atl-tig-2026-08-15,85342.71,24,0.285,0,0.16,2026-08-16T03:10:00Z
3291153,Will Atlas FC vs. Tigres de la UANL end in a draw?,mex-atl-tig-2026-08-15,85342.71,1,0.295,0,0.16,2026-08-16T03:10:00Z
3291154,Will Tigres de la UANL win on 2026-08-15?,mex-atl-tig-2026-08-15,223016.0,24,0.435,0,0.16,2026-08-16T03:10:00Z
3291154,Will Tigres de la UANL win on 2026-08-15?,mex-atl-tig-2026-08-15,223016.0,1,0.415,0,0.16,2026-08-16T03:10:00Z
3291411,Will Independiente Santa Fe win on 2026-08-12?,sud-san1-riv-2026-08-12,16262.2,168,0.35,0,0.49,2026-08-20T00:30:00Z
3291411,Will Independiente Santa Fe win on 2026-08-12?,sud-san1-riv-2026-08-12,16262.2,24,0.265,0,0.49,2026-08-20T00:30:00Z
3291411,Will Independiente Santa Fe win on 2026-08-12?,sud-san1-riv-2026-08-12,16262.2,1,0.265,0,0.5,2026-08-20T00:30:00Z
3291413,Will Independiente Santa Fe vs. CA River Plate end in a draw?,sud-san1-riv-2026-08-12,17143.12,168,0.405,1,0.5,2026-08-20T00:30:00Z
3291413,Will Independiente Santa Fe vs. CA River Plate end in a draw?,sud-san1-riv-2026-08-12,17143.12,24,0.315,1,0.49,2026-08-20T00:30:00Z
3291413,Will Independiente Santa Fe vs. CA River Plate end in a draw?,sud-san1-riv-2026-08-12,17143.12,1,0.335,1,0.5,2026-08-20T00:30:00Z
3291416,Will CA River Plate win on 2026-08-12?,sud-san1-riv-2026-08-12,63098.46,168,0.635,0,0.49,2026-08-20T00:30:00Z
3291416,Will CA River Plate win on 2026-08-12?,sud-san1-riv-2026-08-12,63098.46,24,0.415,0,0.49,2026-08-20T00:30:00Z
3291416,Will CA River Plate win on 2026-08-12?,sud-san1-riv-2026-08-12,63098.46,1,0.405,0,0.5,2026-08-20T00:30:00Z
3291422,Will CR Vasco da Gama win on 2026-08-13?,sud-vas-clo-2026-08-13,121944.03,24,0.57,0,0.0,2026-08-13T22:00:00Z
3291422,Will CR Vasco da Gama win on 2026-08-13?,sud-vas-clo-2026-08-13,121944.03,1,0.545,0,0.0,2026-08-13T22:00:00Z
3291426,Will CR Vasco da Gama vs. Club Olimpia end in a draw?,sud-vas-clo-2026-08-13,10226.39,24,0.25,1,0.0,2026-08-13T22:00:00Z
3291426,Will CR Vasco da Gama vs. Club Olimpia end in a draw?,sud-vas-clo-2026-08-13,10226.39,1,0.275,1,0.0,2026-08-13T22:00:00Z
3291428,Will Club Olimpia win on 2026-08-13?,sud-vas-clo-2026-08-13,25680.75,24,0.175,0,0.0,2026-08-13T22:00:00Z
3291428,Will Club Olimpia win on 2026-08-13?,sud-vas-clo-2026-08-13,25680.75,1,0.175,0,0.0,2026-08-13T22:00:00Z
3291440,Will Santos FC win on 2026-08-13?,sud-san-mac-2026-08-13,426266.44,24,0.685,1,0.0,2026-08-13T22:00:00Z
3291440,Will Santos FC win on 2026-08-13?,sud-san-mac-2026-08-13,426266.44,1,0.705,1,0.0,2026-08-13T22:00:00Z
3291442,Will Santos FC vs. CSyD Macará end in a draw?,sud-san-mac-2026-08-13,67498.13,24,0.205,0,0.0,2026-08-13T22:00:00Z
3291442,Will Santos FC vs. CSyD Macará end in a draw?,sud-san-mac-2026-08-13,67498.13,1,0.205,0,0.0,2026-08-13T22:00:00Z
3291445,Will CSyD Macará win on 2026-08-13?,sud-san-mac-2026-08-13,98829.46,24,0.105,0,0.0,2026-08-13T22:00:00Z
3291445,Will CSyD Macará win on 2026-08-13?,sud-san-mac-2026-08-13,98829.46,1,0.105,0,0.0,2026-08-13T22:00:00Z
3291447,Will CS Cienciano win on 2026-08-13?,sud-cie-bot-2026-08-13,97796.62,24,0.385,1,0.49,2026-08-14T00:30:00Z
3291447,Will CS Cienciano win on 2026-08-13?,sud-cie-bot-2026-08-13,97796.62,1,0.37,1,0.5,2026-08-14T00:30:00Z
3291449,Will CS Cienciano vs. Botafogo FR end in a draw?,sud-cie-bot-2026-08-13,21441.55,24,0.3,0,0.49,2026-08-14T00:30:00Z
3291449,Will CS Cienciano vs. Botafogo FR end in a draw?,sud-cie-bot-2026-08-13,21441.55,1,0.295,0,0.5,2026-08-14T00:30:00Z
3291451,Will Botafogo FR win on 2026-08-13?,sud-cie-bot-2026-08-13,25053.89,24,0.32,0,0.49,2026-08-14T00:30:00Z
3291451,Will Botafogo FR win on 2026-08-13?,sud-cie-bot-2026-08-13,25053.89,1,0.335,0,0.5,2026-08-14T00:30:00Z
3291702,Exact Score: Independiente Santa Fe 3 - 3 CA River Plate?,sud-san1-riv-2026-08-12-exact-score,15712.48,168,0.0505,0,0.49,2026-08-20T00:30:00Z
3291702,Exact Score: Independiente Santa Fe 3 - 3 CA River Plate?,sud-san1-riv-2026-08-12-exact-score,15712.48,24,0.02,0,0.49,2026-08-20T00:30:00Z
3291702,Exact Score: Independiente Santa Fe 3 - 3 CA River Plate?,sud-san1-riv-2026-08-12-exact-score,15712.48,1,0.0045,0,0.5,2026-08-20T00:30:00Z
3292015,Will Rio Ave FC win on 2026-08-15?,por-rio-por-2026-08-15,38682.66,24,0.115,0,0.5,2026-08-15T19:30:00Z
3292015,Will Rio Ave FC win on 2026-08-15?,por-rio-por-2026-08-15,38682.66,1,0.095,0,0.5,2026-08-15T19:30:00Z
3292019,Will FC Porto win on 2026-08-15?,por-rio-por-2026-08-15,93026.34,24,0.695,1,0.5,2026-08-15T19:30:00Z
3292019,Will FC Porto win on 2026-08-15?,por-rio-por-2026-08-15,93026.34,1,0.705,1,0.5,2026-08-15T19:30:00Z
3292029,Will FK Spartak Moskva win on 2026-08-16?,rus-bal-spa-2026-08-16,13148.99,24,0.455,1,0.5,2026-08-16T16:30:00Z
3292029,Will FK Spartak Moskva win on 2026-08-16?,rus-bal-spa-2026-08-16,13148.99,1,0.475,1,0.49,2026-08-16T16:30:00Z
3292893,Will Liverpool FC win on 2026-08-16?,clf-lfc-com-2026-08-16,125742.06,24,0.515,1,0.01,2026-08-16T17:00:00Z
3292893,Will Liverpool FC win on 2026-08-16?,clf-lfc-com-2026-08-16,125742.06,1,0.565,1,0.0,2026-08-16T17:00:00Z
3292894,Will Liverpool FC vs. Como 1907 end in a draw?,clf-lfc-com-2026-08-16,47780.08,24,0.225,0,0.01,2026-08-16T17:00:00Z
3292894,Will Liverpool FC vs. Como 1907 end in a draw?,clf-lfc-com-2026-08-16,47780.08,1,0.215,0,0.0,2026-08-16T17:00:00Z
3292895,Will Como 1907 win on 2026-08-16?,clf-lfc-com-2026-08-16,19314.33,24,0.26,0,0.01,2026-08-16T17:00:00Z
3292895,Will Como 1907 win on 2026-08-16?,clf-lfc-com-2026-08-16,19314.33,1,0.225,0,0.0,2026-08-16T17:00:00Z
3293281,Will FC Nordsjælland win on 2026-08-16?,den-nor-sif-2026-08-16,41769.22,24,0.695,1,0.0,2026-08-16T12:00:00Z
3293281,Will FC Nordsjælland win on 2026-08-16?,den-nor-sif-2026-08-16,41769.22,1,0.695,1,0.0,2026-08-16T12:00:00Z
3293285,Will Odense BK win on 2026-08-16?,den-ode-hor-2026-08-16,20917.19,24,0.565,0,0.01,2026-08-16T12:00:00Z
3293285,Will Odense BK win on 2026-08-16?,den-ode-hor-2026-08-16,20917.19,1,0.545,0,0.0,2026-08-16T12:00:00Z
3293287,Will Odense BK vs. AC Horsens end in a draw?,den-ode-hor-2026-08-16,16493.95,24,0.245,0,0.01,2026-08-16T12:00:00Z
3293287,Will Odense BK vs. AC Horsens end in a draw?,den-ode-hor-2026-08-16,16493.95,1,0.255,0,0.0,2026-08-16T12:00:00Z
3293288,Will AC Horsens win on 2026-08-16?,den-ode-hor-2026-08-16,17571.67,24,0.185,1,0.01,2026-08-16T12:00:00Z
3293288,Will AC Horsens win on 2026-08-16?,den-ode-hor-2026-08-16,17571.67,1,0.195,1,0.0,2026-08-16T12:00:00Z
3293290,Will Lyngby BK vs. FC Midtjylland end in a draw?,den-lyn-mid-2026-08-16,14878.34,24,0.225,1,0.0,2026-08-16T14:00:00Z
3293290,Will Lyngby BK vs. FC Midtjylland end in a draw?,den-lyn-mid-2026-08-16,14878.34,1,0.235,1,0.0,2026-08-16T14:00:00Z
3293292,Will FC Midtjylland win on 2026-08-16?,den-lyn-mid-2026-08-16,54972.84,24,0.545,0,0.0,2026-08-16T14:00:00Z
3293292,Will FC Midtjylland win on 2026-08-16?,den-lyn-mid-2026-08-16,54972.84,1,0.515,0,0.0,2026-08-16T14:00:00Z
3293296,Will FC København win on 2026-08-16?,den-ran-kob-2026-08-16,146163.73,24,0.565,1,0.0,2026-08-16T16:00:00Z
3293296,Will FC København win on 2026-08-16?,den-ran-kob-2026-08-16,146163.73,1,0.565,1,0.0,2026-08-16T16:00:00Z
3295072,Will Bucheon FC 1995 win on 2026-08-16?,kor-bch-jeo-2026-08-16,58453.58,24,0.2,1,0.5,2026-08-16T10:30:00Z
3295072,Will Bucheon FC 1995 win on 2026-08-16?,kor-bch-jeo-2026-08-16,58453.58,1,0.175,1,0.5,2026-08-16T10:30:00Z
3295074,Will Jeonbuk Hyundai Motors FC win on 2026-08-16?,kor-bch-jeo-2026-08-16,62261.58,24,0.54,0,0.5,2026-08-16T10:30:00Z
3295074,Will Jeonbuk Hyundai Motors FC win on 2026-08-16?,kor-bch-jeo-2026-08-16,62261.58,1,0.585,0,0.5,2026-08-16T10:30:00Z
3295076,Will Ulsan HD FC win on 2026-08-16?,kor-uls-gwo-2026-08-16,54998.84,24,0.355,0,0.5,2026-08-16T10:30:00Z
3295076,Will Ulsan HD FC win on 2026-08-16?,kor-uls-gwo-2026-08-16,54998.84,1,0.425,0,0.49,2026-08-16T10:30:00Z
3295078,Will Ulsan HD FC vs. Gangwon FC end in a draw?,kor-uls-gwo-2026-08-16,15562.15,24,0.28,0,0.5,2026-08-16T10:30:00Z
3295078,Will Ulsan HD FC vs. Gangwon FC end in a draw?,kor-uls-gwo-2026-08-16,15562.15,1,0.285,0,0.5,2026-08-16T10:30:00Z
3295079,Will Gangwon FC win on 2026-08-16?,kor-uls-gwo-2026-08-16,12825.58,24,0.36,1,0.5,2026-08-16T10:30:00Z
3295079,Will Gangwon FC win on 2026-08-16?,kor-uls-gwo-2026-08-16,12825.58,1,0.285,1,0.49,2026-08-16T10:30:00Z
3295080,Will Incheon United FC win on 2026-08-16?,kor-inc-san-2026-08-16,150928.99,24,0.46,0,0.5,2026-08-16T10:30:00Z
3295080,Will Incheon United FC win on 2026-08-16?,kor-inc-san-2026-08-16,150928.99,1,0.435,0,0.49,2026-08-16T10:30:00Z
3295082,Will Incheon United FC vs. Gimcheon Sangmu FC end in a draw?,kor-inc-san-2026-08-16,15953.44,24,0.285,1,0.5,2026-08-16T10:30:00Z
3295082,Will Incheon United FC vs. Gimcheon Sangmu FC end in a draw?,kor-inc-san-2026-08-16,15953.44,1,0.295,1,0.49,2026-08-16T10:30:00Z
3295083,Will Gimcheon Sangmu FC win on 2026-08-16?,kor-inc-san-2026-08-16,20021.69,24,0.265,0,0.5,2026-08-16T10:30:00Z
3295083,Will Gimcheon Sangmu FC win on 2026-08-16?,kor-inc-san-2026-08-16,20021.69,1,0.265,0,0.49,2026-08-16T10:30:00Z
3295098,Exact Score: Bucheon FC 1995 2 - 0 Jeonbuk Hyundai Motors FC?,kor-bch-jeo-2026-08-16-exact-score,11352.25,24,0.0855,0,0.5,2026-08-16T10:30:00Z
3295098,Exact Score: Bucheon FC 1995 2 - 0 Jeonbuk Hyundai Motors FC?,kor-bch-jeo-2026-08-16-exact-score,11352.25,1,0.023,0,0.5,2026-08-16T10:30:00Z
3295123,Exact Score: Ulsan HD FC 1 - 1 Gangwon FC?,kor-uls-gwo-2026-08-16-exact-score,10485.28,24,0.14,0,0.5,2026-08-16T10:30:00Z
3295123,Exact Score: Ulsan HD FC 1 - 1 Gangwon FC?,kor-uls-gwo-2026-08-16-exact-score,10485.28,1,0.135,0,0.49,2026-08-16T10:30:00Z
3295200,Will Yokohama FC win on 2026-08-16?,ja2-yok-jub-2026-08-16,34662.32,24,0.465,1,0.0,2026-08-16T09:00:00Z
3295200,Will Yokohama FC win on 2026-08-16?,ja2-yok-jub-2026-08-16,34662.32,1,0.525,1,0.0,2026-08-16T09:00:00Z
3295203,Will Júbilo Iwata win on 2026-08-16?,ja2-yok-jub-2026-08-16,11326.26,24,0.245,0,0.0,2026-08-16T09:00:00Z
3295203,Will Júbilo Iwata win on 2026-08-16?,ja2-yok-jub-2026-08-16,11326.26,1,0.2,0,0.0,2026-08-16T09:00:00Z
3295211,Will Sagan Tosu win on 2026-08-16?,ja2-tok-sag-2026-08-16,18949.54,24,0.305,0,0.0,2026-08-16T10:00:00Z
3295211,Will Sagan Tosu win on 2026-08-16?,ja2-tok-sag-2026-08-16,18949.54,1,0.355,0,0.0,2026-08-16T10:00:00Z
3295683,Yokohama FC vs. Júbilo Iwata: O/U 2.5,ja2-yok-jub-2026-08-16-more-markets,15285.55,24,0.45,1,0.0,2026-08-16T09:00:00Z
3295683,Yokohama FC vs. Júbilo Iwata: O/U 2.5,ja2-yok-jub-2026-08-16-more-markets,15285.55,1,0.47,1,0.0,2026-08-16T09:00:00Z
3295690,Yokohama FC vs. Júbilo Iwata: 1st Half O/U 1.5,ja2-yok-jub-2026-08-16-more-markets,13527.72,24,0.3,0,0.0,2026-08-16T09:00:00Z
3295690,Yokohama FC vs. Júbilo Iwata: 1st Half O/U 1.5,ja2-yok-jub-2026-08-16-more-markets,13527.72,1,0.3,0,0.0,2026-08-16T09:00:00Z
3296269,Spread: Liverpool FC (-1.5),clf-lfc-com-2026-08-16-more-markets,25222.01,24,0.18,1,0.01,2026-08-16T17:00:00Z
3296269,Spread: Liverpool FC (-1.5),clf-lfc-com-2026-08-16-more-markets,25222.01,1,0.35,1,0.0,2026-08-16T17:00:00Z
3296271,Spread: Liverpool FC (-2.5),clf-lfc-com-2026-08-16-more-markets,11031.67,24,0.095,0,0.01,2026-08-16T17:00:00Z
3296271,Spread: Liverpool FC (-2.5),clf-lfc-com-2026-08-16-more-markets,11031.67,1,0.18,0,0.0,2026-08-16T17:00:00Z
3296275,Liverpool FC vs. Como 1907: O/U 2.5,clf-lfc-com-2026-08-16-more-markets,17730.69,24,0.685,0,0.01,2026-08-16T17:00:00Z
3296275,Liverpool FC vs. Como 1907: O/U 2.5,clf-lfc-com-2026-08-16-more-markets,17730.69,1,0.66,0,0.0,2026-08-16T17:00:00Z
3296276,Liverpool FC vs. Como 1907: O/U 3.5,clf-lfc-com-2026-08-16-more-markets,12789.77,24,0.475,0,0.01,2026-08-16T17:00:00Z
3296276,Liverpool FC vs. Como 1907: O/U 3.5,clf-lfc-com-2026-08-16-more-markets,12789.77,1,0.435,0,0.0,2026-08-16T17:00:00Z
3298290,Will Watford FC win on 2026-08-16?,elc-wat-sot-2026-08-16,75899.49,24,0.275,1,0.5,2026-08-16T12:30:00Z
3298290,Will Watford FC win on 2026-08-16?,elc-wat-sot-2026-08-16,75899.49,1,0.265,1,0.5,2026-08-16T12:30:00Z
3298293,Will SG Dynamo Dresden win on 2026-08-16?,bl2-dyn-svd-2026-08-16,19838.16,24,0.455,1,0.5,2026-08-16T11:30:00Z
3298293,Will SG Dynamo Dresden win on 2026-08-16?,bl2-dyn-svd-2026-08-16,19838.16,1,0.485,1,0.5,2026-08-16T11:30:00Z
3298294,Will Watford FC vs. Southampton FC end in a draw?,elc-wat-sot-2026-08-16,17146.96,24,0.275,0,0.5,2026-08-16T12:30:00Z
3298294,Will Watford FC vs. Southampton FC end in a draw?,elc-wat-sot-2026-08-16,17146.96,1,0.275,0,0.5,2026-08-16T12:30:00Z
3298298,Will Southampton FC win on 2026-08-16?,elc-wat-sot-2026-08-16,87708.2,24,0.46,0,0.5,2026-08-16T12:30:00Z
3298298,Will Southampton FC win on 2026-08-16?,elc-wat-sot-2026-08-16,87708.2,1,0.475,0,0.5,2026-08-16T12:30:00Z
3298304,Will SV Darmstadt 98 win on 2026-08-16?,bl2-dyn-svd-2026-08-16,12761.01,24,0.285,0,0.5,2026-08-16T11:30:00Z
3298304,Will SV Darmstadt 98 win on 2026-08-16?,bl2-dyn-svd-2026-08-16,12761.01,1,0.275,0,0.5,2026-08-16T11:30:00Z
3298325,Will Hannover 96 win on 2026-08-16?,bl2-h96-wob-2026-08-16,87825.35,24,0.385,0,0.5,2026-08-16T11:30:00Z
3298325,Will Hannover 96 win on 2026-08-16?,bl2-h96-wob-2026-08-16,87825.35,1,0.405,0,0.5,2026-08-16T11:30:00Z
3298326,Will Burnley FC win on 2026-08-16?,elc-bur-whu-2026-08-16,36608.08,24,0.305,0,0.0,2026-08-16T15:00:00Z
3298326,Will Burnley FC win on 2026-08-16?,elc-bur-whu-2026-08-16,36608.08,1,0.295,0,0.0,2026-08-16T15:00:00Z
3298328,Will Hannover 96 vs. VfL Wolfsburg end in a draw?,bl2-h96-wob-2026-08-16,13960.28,24,0.255,0,0.5,2026-08-16T11:30:00Z
3298328,Will Hannover 96 vs. VfL Wolfsburg end in a draw?,bl2-h96-wob-2026-08-16,13960.28,1,0.255,0,0.5,2026-08-16T11:30:00Z
3298330,Will Burnley FC vs. West Ham United FC end in a draw?,elc-bur-whu-2026-08-16,22584.29,24,0.265,1,0.0,2026-08-16T15:00:00Z
3298330,Will Burnley FC vs. West Ham United FC end in a draw?,elc-bur-whu-2026-08-16,22584.29,1,0.275,1,0.0,2026-08-16T15:00:00Z
3298331,Will VfL Wolfsburg win on 2026-08-16?,bl2-h96-wob-2026-08-16,52004.55,24,0.365,1,0.5,2026-08-16T11:30:00Z
3298331,Will VfL Wolfsburg win on 2026-08-16?,bl2-h96-wob-2026-08-16,52004.55,1,0.335,1,0.5,2026-08-16T11:30:00Z
3298333,Will West Ham United FC win on 2026-08-16?,elc-bur-whu-2026-08-16,208323.61,24,0.415,0,0.0,2026-08-16T15:00:00Z
3298333,Will West Ham United FC win on 2026-08-16?,elc-bur-whu-2026-08-16,208323.61,1,0.435,0,0.0,2026-08-16T15:00:00Z
3298345,Will DSC Arminia Bielefeld win on 2026-08-16?,bl2-bie-fce-2026-08-16,93714.87,24,0.565,1,0.5,2026-08-16T11:30:00Z
3298345,Will DSC Arminia Bielefeld win on 2026-08-16?,bl2-bie-fce-2026-08-16,93714.87,1,0.585,1,0.5,2026-08-16T11:30:00Z
3298354,Will FC Energie Cottbus win on 2026-08-16?,bl2-bie-fce-2026-08-16,54023.01,24,0.205,0,0.5,2026-08-16T11:30:00Z
3298354,Will FC Energie Cottbus win on 2026-08-16?,bl2-bie-fce-2026-08-16,54023.01,1,0.195,0,0.5,2026-08-16T11:30:00Z
3298404,Chicago Sky vs. Seattle Storm,wnba-chi-sea-2026-08-16,161440.83,24,0.525,1,0.0,2026-08-16T21:00:00Z
3298404,Chicago Sky vs. Seattle Storm,wnba-chi-sea-2026-08-16,161440.83,1,0.555,1,0.0,2026-08-16T21:00:00Z
3298438,Portland Fire vs. Phoenix Mercury,wnba-por-phx-2026-08-16,270439.67,24,0.325,1,0.0,2026-08-16T23:00:00Z
3298438,Portland Fire vs. Phoenix Mercury,wnba-por-phx-2026-08-16,270439.67,1,0.345,1,0.0,2026-08-16T23:00:00Z
3298452,Indiana Fever vs. Atlanta Dream,wnba-ind-atl-2026-08-16,614695.41,24,0.435,1,0.0,2026-08-16T21:00:00Z
3298452,Indiana Fever vs. Atlanta Dream,wnba-ind-atl-2026-08-16,614695.41,1,0.455,1,0.0,2026-08-16T21:00:00Z
3298508,Exact Score: Burnley FC 1 - 0 West Ham United FC?,elc-bur-whu-2026-08-16-exact-score,12477.92,24,0.07,0,0.0,2026-08-16T15:00:00Z
3298508,Exact Score: Burnley FC 1 - 0 West Ham United FC?,elc-bur-whu-2026-08-16-exact-score,12477.92,1,0.065,0,0.0,2026-08-16T15:00:00Z
3300145,Will Real Racing Club win on 2026-08-16?,lal-rrc-vil-2026-08-16,336585.86,24,0.285,0,0.0,2026-08-16T15:00:00Z
3300145,Will Real Racing Club win on 2026-08-16?,lal-rrc-vil-2026-08-16,336585.86,1,0.265,0,0.0,2026-08-16T15:00:00Z
3300146,Will SD Eibar win on 2026-08-16?,es2-eib-cdt-2026-08-16,21954.35,24,0.475,0,0.0,2026-08-16T15:00:00Z
3300146,Will SD Eibar win on 2026-08-16?,es2-eib-cdt-2026-08-16,21954.35,1,0.485,0,0.0,2026-08-16T15:00:00Z
3300147,Will Real Racing Club vs. Villarreal CF end in a draw?,lal-rrc-vil-2026-08-16,354476.48,24,0.265,1,0.0,2026-08-16T15:00:00Z
3300147,Will Real Racing Club vs. Villarreal CF end in a draw?,lal-rrc-vil-2026-08-16,354476.48,1,0.265,1,0.0,2026-08-16T15:00:00Z
3300149,Will Villarreal CF win on 2026-08-16?,lal-rrc-vil-2026-08-16,2056731.68,24,0.445,0,0.01,2026-08-16T15:00:00Z
3300149,Will Villarreal CF win on 2026-08-16?,lal-rrc-vil-2026-08-16,2056731.68,1,0.465,0,0.0,2026-08-16T15:00:00Z
3300150,Will CD Tenerife win on 2026-08-16?,es2-eib-cdt-2026-08-16,10351.49,24,0.215,1,0.0,2026-08-16T15:00:00Z
3300150,Will CD Tenerife win on 2026-08-16?,es2-eib-cdt-2026-08-16,10351.49,1,0.215,1,0.0,2026-08-16T15:00:00Z
3300152,Will RCD Espanyol de Barcelona win on 2026-08-16?,lal-esp-lev-2026-08-16,793919.42,24,0.465,1,0.01,2026-08-16T17:00:00Z
3300152,Will RCD Espanyol de Barcelona win on 2026-08-16?,lal-esp-lev-2026-08-16,793919.42,1,0.445,1,0.0,2026-08-16T17:00:00Z
3300153,Will RCD Espanyol de Barcelona vs. Levante UD end in a draw?,lal-esp-lev-2026-08-16,78580.56,24,0.295,0,0.01,2026-08-16T17:00:00Z
3300153,Will RCD Espanyol de Barcelona vs. Levante UD end in a draw?,lal-esp-lev-2026-08-16,78580.56,1,0.295,0,0.0,2026-08-16T17:00:00Z
3300154,Will Levante UD win on 2026-08-16?,lal-esp-lev-2026-08-16,117144.35,24,0.245,0,0.01,2026-08-16T17:00:00Z
3300154,Will Levante UD win on 2026-08-16?,lal-esp-lev-2026-08-16,117144.35,1,0.255,0,0.0,2026-08-16T17:00:00Z
3300156,Will Girona FC win on 2026-08-16?,es2-gir-leg-2026-08-16,27228.43,24,0.57,0,0.01,2026-08-16T17:00:00Z
3300156,Will Girona FC win on 2026-08-16?,es2-gir-leg-2026-08-16,27228.43,1,0.615,0,0.0,2026-08-16T17:00:00Z
3300158,Will CD Leganés win on 2026-08-16?,es2-gir-leg-2026-08-16,13945.39,24,0.165,0,0.01,2026-08-16T17:00:00Z
3300158,Will CD Leganés win on 2026-08-16?,es2-gir-leg-2026-08-16,13945.39,1,0.145,0,0.0,2026-08-16T17:00:00Z
3300160,Will RC Celta de Vigo win on 2026-08-16?,lal-cel-osa-2026-08-16,1190227.03,168,0.495,0,0.49,2026-08-27T18:30:00Z
3300160,Will RC Celta de Vigo win on 2026-08-16?,lal-cel-osa-2026-08-16,1190227.03,24,0.505,0,0.5,2026-08-27T18:30:00Z
3300160,Will RC Celta de Vigo win on 2026-08-16?,lal-cel-osa-2026-08-16,1190227.03,1,0.495,0,0.5,2026-08-27T18:30:00Z
3300161,Will RC Celta de Vigo vs. CA Osasuna end in a draw?,lal-cel-osa-2026-08-16,250146.9,168,0.28,0,0.49,2026-08-27T18:30:00Z
3300161,Will RC Celta de Vigo vs. CA Osasuna end in a draw?,lal-cel-osa-2026-08-16,250146.9,24,0.275,0,0.49,2026-08-27T18:30:00Z
3300161,Will RC Celta de Vigo vs. CA Osasuna end in a draw?,lal-cel-osa-2026-08-16,250146.9,1,0.295,0,0.5,2026-08-27T18:30:00Z
3300162,Will CA Osasuna win on 2026-08-16?,lal-cel-osa-2026-08-16,341750.75,168,0.25,1,0.49,2026-08-27T18:30:00Z
3300162,Will CA Osasuna win on 2026-08-16?,lal-cel-osa-2026-08-16,341750.75,24,0.225,1,0.5,2026-08-27T18:30:00Z
3300162,Will CA Osasuna win on 2026-08-16?,lal-cel-osa-2026-08-16,341750.75,1,0.215,1,0.5,2026-08-27T18:30:00Z
3300164,Will Burgos CF win on 2026-08-16?,es2-bur-cor-2026-08-16,20639.86,24,0.39,1,0.01,2026-08-16T17:00:00Z
3300164,Will Burgos CF win on 2026-08-16?,es2-bur-cor-2026-08-16,20639.86,1,0.415,1,0.0,2026-08-16T17:00:00Z
3300176,Real Racing Club leading at halftime?,lal-rrc-vil-2026-08-16-halftime-result,10834.32,24,0.245,0,0.0,2026-08-16T15:00:00Z
3300176,Real Racing Club leading at halftime?,lal-rrc-vil-2026-08-16-halftime-result,10834.32,1,0.245,0,0.0,2026-08-16T15:00:00Z
3300177,Will UD Las Palmas win on 2026-08-16?,es2-lpm-alb-2026-08-16,52059.23,24,0.575,1,0.5,2026-08-16T19:30:00Z
3300177,Will UD Las Palmas win on 2026-08-16?,es2-lpm-alb-2026-08-16,52059.23,1,0.525,1,0.5,2026-08-16T19:30:00Z
3300179,Spread: Feyenoord Rotterdam (-1.5),ere-fey-goa-2026-08-16-more-markets,95234.58,24,0.485,0,0.5,2026-08-16T12:30:00Z
3300179,Spread: Feyenoord Rotterdam (-1.5),ere-fey-goa-2026-08-16-more-markets,95234.58,1,0.515,0,0.5,2026-08-16T12:30:00Z
3300184,Will UD Las Palmas vs. Albacete Balompié end in a draw?,es2-lpm-alb-2026-08-16,10326.86,24,0.25,0,0.5,2026-08-16T19:30:00Z
3300184,Will UD Las Palmas vs. Albacete Balompié end in a draw?,es2-lpm-alb-2026-08-16,10326.86,1,0.265,0,0.49,2026-08-16T19:30:00Z
3300186,Spread: Feyenoord Rotterdam (-2.5),ere-fey-goa-2026-08-16-more-markets,24809.85,24,0.285,0,0.49,2026-08-16T12:30:00Z
3300186,Spread: Feyenoord Rotterdam (-2.5),ere-fey-goa-2026-08-16-more-markets,24809.85,1,0.305,0,0.5,2026-08-16T12:30:00Z
3300188,Will Albacete Balompié win on 2026-08-16?,es2-lpm-alb-2026-08-16,36043.79,24,0.175,0,0.5,2026-08-16T19:30:00Z
3300188,Will Albacete Balompié win on 2026-08-16?,es2-lpm-alb-2026-08-16,36043.79,1,0.195,0,0.49,2026-08-16T19:30:00Z
3300191,Feyenoord Rotterdam vs. Go Ahead Eagles: O/U 0.5,ere-fey-goa-2026-08-16-more-markets,22939.09,24,0.98,1,0.5,2026-08-16T12:30:00Z
3300191,Feyenoord Rotterdam vs. Go Ahead Eagles: O/U 0.5,ere-fey-goa-2026-08-16-more-markets,22939.09,1,0.9775,1,0.5,2026-08-16T12:30:00Z
3300200,Feyenoord Rotterdam vs. Go Ahead Eagles: O/U 3.5,ere-fey-goa-2026-08-16-more-markets,24827.02,24,0.505,1,0.49,2026-08-16T12:30:00Z
3300200,Feyenoord Rotterdam vs. Go Ahead Eagles: O/U 3.5,ere-fey-goa-2026-08-16-more-markets,24827.02,1,0.515,1,0.5,2026-08-16T12:30:00Z
3300202,Feyenoord Rotterdam vs. Go Ahead Eagles: O/U 4.5,ere-fey-goa-2026-08-16-more-markets,14845.44,24,0.31,0,0.49,2026-08-16T12:30:00Z
3300202,Feyenoord Rotterdam vs. Go Ahead Eagles: O/U 4.5,ere-fey-goa-2026-08-16-more-markets,14845.44,1,0.315,0,0.5,2026-08-16T12:30:00Z
3300204,Exact Score: Real Racing Club 0 - 0 Villarreal CF?,lal-rrc-vil-2026-08-16-exact-score,229831.65,24,0.06,0,0.0,2026-08-16T15:00:00Z
3300204,Exact Score: Real Racing Club 0 - 0 Villarreal CF?,lal-rrc-vil-2026-08-16-exact-score,229831.65,1,0.065,0,0.0,2026-08-16T15:00:00Z
3300218,Exact Score: Real Racing Club 1 - 2 Villarreal CF?,lal-rrc-vil-2026-08-16-exact-score,14177.3,24,0.095,0,0.01,2026-08-16T15:00:00Z
3300218,Exact Score: Real Racing Club 1 - 2 Villarreal CF?,lal-rrc-vil-2026-08-16-exact-score,14177.3,1,0.095,0,0.0,2026-08-16T15:00:00Z
3300227,Exact Score: Real Racing Club 2 - 2 Villarreal CF?,lal-rrc-vil-2026-08-16-exact-score,16467.27,24,0.0595,1,0.01,2026-08-16T15:00:00Z
3300227,Exact Score: Real Racing Club 2 - 2 Villarreal CF?,lal-rrc-vil-2026-08-16-exact-score,16467.27,1,0.0695,1,0.0,2026-08-16T15:00:00Z
3300231,Exact Score: Real Racing Club 2 - 3 Villarreal CF?,lal-rrc-vil-2026-08-16-exact-score,15937.11,24,0.0295,0,0.01,2026-08-16T15:00:00Z
3300231,Exact Score: Real Racing Club 2 - 3 Villarreal CF?,lal-rrc-vil-2026-08-16-exact-score,15937.11,1,0.0365,0,0.0,2026-08-16T15:00:00Z
3300233,Exact Score: Real Racing Club 3 - 2 Villarreal CF?,lal-rrc-vil-2026-08-16-exact-score,14025.76,24,0.023,0,0.01,2026-08-16T15:00:00Z
3300233,Exact Score: Real Racing Club 3 - 2 Villarreal CF?,lal-rrc-vil-2026-08-16-exact-score,14025.76,1,0.0255,0,0.0,2026-08-16T15:00:00Z
3300235,Exact Score: Real Racing Club 3 - 3 Villarreal CF?,lal-rrc-vil-2026-08-16-exact-score,24808.61,24,0.011,0,0.0,2026-08-16T15:00:00Z
3300235,Exact Score: Real Racing Club 3 - 3 Villarreal CF?,lal-rrc-vil-2026-08-16-exact-score,24808.61,1,0.018,0,0.0,2026-08-16T15:00:00Z
3300305,Exact Score: RCD Espanyol de Barcelona 0 - 0 Levante UD?,lal-esp-lev-2026-08-16-exact-score,203136.17,24,0.09,0,0.01,2026-08-16T17:00:00Z
3300305,Exact Score: RCD Espanyol de Barcelona 0 - 0 Levante UD?,lal-esp-lev-2026-08-16-exact-score,203136.17,1,0.105,0,0.0,2026-08-16T17:00:00Z
3300306,Exact Score: RCD Espanyol de Barcelona 0 - 1 Levante UD?,lal-esp-lev-2026-08-16-exact-score,16060.0,24,0.08,0,0.01,2026-08-16T17:00:00Z
3300306,Exact Score: RCD Espanyol de Barcelona 0 - 1 Levante UD?,lal-esp-lev-2026-08-16-exact-score,16060.0,1,0.085,0,0.0,2026-08-16T17:00:00Z
3300308,Exact Score: RCD Espanyol de Barcelona 1 - 0 Levante UD?,lal-esp-lev-2026-08-16-exact-score,27607.96,24,0.12,0,0.01,2026-08-16T17:00:00Z
3300308,Exact Score: RCD Espanyol de Barcelona 1 - 0 Levante UD?,lal-esp-lev-2026-08-16-exact-score,27607.96,1,0.115,0,0.0,2026-08-16T17:00:00Z
3300309,Spread: FC Twente (-1.5),ere-twe-zwo-2026-08-16-more-markets,29594.19,24,0.565,1,0.5,2026-08-16T12:30:00Z
3300309,Spread: FC Twente (-1.5),ere-twe-zwo-2026-08-16-more-markets,29594.19,1,0.555,1,0.5,2026-08-16T12:30:00Z
3300312,Exact Score: RCD Espanyol de Barcelona 1 - 1 Levante UD?,lal-esp-lev-2026-08-16-exact-score,19922.18,24,0.14,0,0.01,2026-08-16T17:00:00Z
3300312,Exact Score: RCD Espanyol de Barcelona 1 - 1 Levante UD?,lal-esp-lev-2026-08-16-exact-score,19922.18,1,0.145,0,0.0,2026-08-16T17:00:00Z
3300337,Exact Score: RCD Espanyol de Barcelona 3 - 3 Levante UD?,lal-esp-lev-2026-08-16-exact-score,120470.62,24,0.0065,0,0.01,2026-08-16T17:00:00Z
3300337,Exact Score: RCD Espanyol de Barcelona 3 - 3 Levante UD?,lal-esp-lev-2026-08-16-exact-score,120470.62,1,0.01,0,0.0,2026-08-16T17:00:00Z
3300341,FC Twente vs. PEC Zwolle: O/U 3.5,ere-twe-zwo-2026-08-16-more-markets,27544.13,24,0.475,1,0.5,2026-08-16T12:30:00Z
3300341,FC Twente vs. PEC Zwolle: O/U 3.5,ere-twe-zwo-2026-08-16-more-markets,27544.13,1,0.475,1,0.5,2026-08-16T12:30:00Z
3300455,ADO Den Haag vs. FC Groningen: O/U 2.5,ere-ado-gro-2026-08-16-more-markets,50621.94,24,0.585,1,0.25,2026-08-16T10:15:00Z
3300455,ADO Den Haag vs. FC Groningen: O/U 2.5,ere-ado-gro-2026-08-16-more-markets,50621.94,1,0.575,1,0.24,2026-08-16T10:15:00Z
3300458,ADO Den Haag vs. FC Groningen: O/U 3.5,ere-ado-gro-2026-08-16-more-markets,15206.76,24,0.36,1,0.25,2026-08-16T10:15:00Z
3300458,ADO Den Haag vs. FC Groningen: O/U 3.5,ere-ado-gro-2026-08-16-more-markets,15206.76,1,0.345,1,0.24,2026-08-16T10:15:00Z
3300460,ADO Den Haag vs. FC Groningen: O/U 4.5,ere-ado-gro-2026-08-16-more-markets,67386.38,24,0.19,1,0.25,2026-08-16T10:15:00Z
3300460,ADO Den Haag vs. FC Groningen: O/U 4.5,ere-ado-gro-2026-08-16-more-markets,67386.38,1,0.185,1,0.25,2026-08-16T10:15:00Z
3300463,ADO Den Haag vs. FC Groningen: O/U 5.5,ere-ado-gro-2026-08-16-more-markets,17405.91,24,0.075,0,0.25,2026-08-16T10:15:00Z
3300463,ADO Den Haag vs. FC Groningen: O/U 5.5,ere-ado-gro-2026-08-16-more-markets,17405.91,1,0.085,0,0.24,2026-08-16T10:15:00Z
3300466,ADO Den Haag vs. FC Groningen: Both Teams to Score,ere-ado-gro-2026-08-16-more-markets,16096.97,24,0.625,1,0.25,2026-08-16T10:15:00Z
3300466,ADO Den Haag vs. FC Groningen: Both Teams to Score,ere-ado-gro-2026-08-16-more-markets,16096.97,1,0.615,1,0.24,2026-08-16T10:15:00Z
3300479,ADO Den Haag vs. FC Groningen: 1st Half O/U 2.5,ere-ado-gro-2026-08-16-more-markets,17392.35,24,0.145,1,0.25,2026-08-16T10:15:00Z
3300479,ADO Den Haag vs. FC Groningen: 1st Half O/U 2.5,ere-ado-gro-2026-08-16-more-markets,17392.35,1,0.145,1,0.25,2026-08-16T10:15:00Z
3300562,Fortuna Sittard vs. SC Cambuur-Leeuwarden: O/U 3.5,ere-sit-cam-2026-08-15-more-markets,101423.05,24,0.42,1,0.0,2026-08-15T19:00:00Z
3300562,Fortuna Sittard vs. SC Cambuur-Leeuwarden: O/U 3.5,ere-sit-cam-2026-08-15-more-markets,101423.05,1,0.415,1,0.0,2026-08-15T19:00:00Z
3300639,SBV Excelsior vs. PSV: O/U 3.5,ere-exc-psv-2026-08-15-more-markets,36167.43,24,0.5,0,0.01,2026-08-15T18:00:00Z
3300639,SBV Excelsior vs. PSV: O/U 3.5,ere-exc-psv-2026-08-15-more-markets,36167.43,1,0.525,0,0.01,2026-08-15T18:00:00Z
3300642,SBV Excelsior vs. PSV: O/U 4.5,ere-exc-psv-2026-08-15-more-markets,11033.0,24,0.3,0,0.01,2026-08-15T18:00:00Z
3300642,SBV Excelsior vs. PSV: O/U 4.5,ere-exc-psv-2026-08-15-more-markets,11033.0,1,0.315,0,0.01,2026-08-15T18:00:00Z
3300645,SBV Excelsior vs. PSV: Both Teams to Score,ere-exc-psv-2026-08-15-more-markets,11075.97,24,0.665,1,0.01,2026-08-15T18:00:00Z
3300645,SBV Excelsior vs. PSV: Both Teams to Score,ere-exc-psv-2026-08-15-more-markets,11075.97,1,0.655,1,0.01,2026-08-15T18:00:00Z
3300704,FC Utrecht vs. AZ: O/U 0.5,ere-utr-az-2026-08-15-more-markets,10678.32,24,0.95,1,0.26,2026-08-15T16:45:00Z
3300704,FC Utrecht vs. AZ: O/U 0.5,ere-utr-az-2026-08-15-more-markets,10678.32,1,0.945,1,0.25,2026-08-15T16:45:00Z
3300706,FC Utrecht vs. AZ: O/U 1.5,ere-utr-az-2026-08-15-more-markets,15495.05,24,0.82,1,0.26,2026-08-15T16:45:00Z
3300706,FC Utrecht vs. AZ: O/U 1.5,ere-utr-az-2026-08-15-more-markets,15495.05,1,0.805,1,0.25,2026-08-15T16:45:00Z
3300710,FC Utrecht vs. AZ: O/U 3.5,ere-utr-az-2026-08-15-more-markets,15683.96,24,0.38,1,0.26,2026-08-15T16:45:00Z
3300710,FC Utrecht vs. AZ: O/U 3.5,ere-utr-az-2026-08-15-more-markets,15683.96,1,0.355,1,0.25,2026-08-15T16:45:00Z
3300712,FC Utrecht vs. AZ: O/U 4.5,ere-utr-az-2026-08-15-more-markets,16911.8,24,0.205,1,0.26,2026-08-15T16:45:00Z
3300712,FC Utrecht vs. AZ: O/U 4.5,ere-utr-az-2026-08-15-more-markets,16911.8,1,0.185,1,0.25,2026-08-15T16:45:00Z
3303142,Torino FC vs. Carrarese Calcio: O/U 1.5,itc-tor-car1-2026-08-15-more-markets,17091.29,24,0.765,0,0.25,2026-08-15T19:15:00Z
3303142,Torino FC vs. Carrarese Calcio: O/U 1.5,itc-tor-car1-2026-08-15-more-markets,17091.29,1,0.785,0,0.25,2026-08-15T19:15:00Z
3303217,Spread: Udinese Calcio (-1.5),itc-udi-pad-2026-08-15-more-markets,10167.88,24,0.47,0,0.5,2026-08-15T16:30:00Z
3303217,Spread: Udinese Calcio (-1.5),itc-udi-pad-2026-08-15-more-markets,10167.88,1,0.47,0,0.49,2026-08-15T16:30:00Z
3303222,Udinese Calcio vs. Calcio Padova: O/U 1.5,itc-udi-pad-2026-08-15-more-markets,15352.08,24,0.785,0,0.5,2026-08-15T16:30:00Z
3303222,Udinese Calcio vs. Calcio Padova: O/U 1.5,itc-udi-pad-2026-08-15-more-markets,15352.08,1,0.785,0,0.49,2026-08-15T16:30:00Z
3303264,US Catanzaro 1929 vs. FC Südtirol: O/U 1.5,itc-cat1-sud-2026-08-15-more-markets,15353.54,24,0.7,1,0.0,2026-08-15T16:00:00Z
3303264,US Catanzaro 1929 vs. FC Südtirol: O/U 1.5,itc-cat1-sud-2026-08-15-more-markets,15353.54,1,0.71,1,0.0,2026-08-15T16:00:00Z
3303595,Will CF Montréal win on 2026-08-15?,mls-mim-dcu-2026-08-15,943686.3,24,0.425,0,0.5,2026-08-15T23:30:00Z
3303595,Will CF Montréal win on 2026-08-15?,mls-mim-dcu-2026-08-15,943686.3,1,0.435,0,0.5,2026-08-15T23:30:00Z
3303605,Will CF Montréal vs. D.C. United SC end in a draw?,mls-mim-dcu-2026-08-15,24404.0,24,0.27,1,0.5,2026-08-15T23:30:00Z
3303605,Will CF Montréal vs. D.C. United SC end in a draw?,mls-mim-dcu-2026-08-15,24404.0,1,0.265,1,0.5,2026-08-15T23:30:00Z
3303613,Will D.C. United SC win on 2026-08-15?,mls-mim-dcu-2026-08-15,20645.84,24,0.305,0,0.5,2026-08-15T23:30:00Z
3303613,Will D.C. United SC win on 2026-08-15?,mls-mim-dcu-2026-08-15,20645.84,1,0.295,0,0.5,2026-08-15T23:30:00Z
3303693,Will Charlotte FC win on 2026-08-15?,mls-clt-clb-2026-08-15,377688.79,24,0.425,1,0.5,2026-08-15T23:30:00Z
3303693,Will Charlotte FC win on 2026-08-15?,mls-clt-clb-2026-08-15,377688.79,1,0.425,1,0.5,2026-08-15T23:30:00Z
3303699,Will Charlotte FC vs. Columbus Crew end in a draw?,mls-clt-clb-2026-08-15,13636.91,24,0.265,0,0.5,2026-08-15T23:30:00Z
3303699,Will Charlotte FC vs. Columbus Crew end in a draw?,mls-clt-clb-2026-08-15,13636.91,1,0.265,0,0.5,2026-08-15T23:30:00Z
3303704,Will Columbus Crew win on 2026-08-15?,mls-clt-clb-2026-08-15,43670.25,24,0.315,0,0.5,2026-08-15T23:30:00Z
3303704,Will Columbus Crew win on 2026-08-15?,mls-clt-clb-2026-08-15,43670.25,1,0.315,0,0.5,2026-08-15T23:30:00Z
3303792,Will Toronto FC win on 2026-08-15?,mls-tor-ner-2026-08-15,56120.11,24,0.455,1,0.5,2026-08-15T23:30:00Z
3303792,Will Toronto FC win on 2026-08-15?,mls-tor-ner-2026-08-15,56120.11,1,0.47,1,0.5,2026-08-15T23:30:00Z
3303810,Will Toronto FC vs. New England Revolution end in a draw?,mls-tor-ner-2026-08-15,52556.9,24,0.26,0,0.5,2026-08-15T23:30:00Z
3303810,Will Toronto FC vs. New England Revolution end in a draw?,mls-tor-ner-2026-08-15,52556.9,1,0.255,0,0.5,2026-08-15T23:30:00Z
3303827,KFUM-Kameratene Oslo vs. Lillestrøm SK: O/U 1.5,nor-kfu-lil-2026-08-15-more-markets,25833.27,24,0.81,1,0.0,2026-08-15T14:00:00Z
3303827,KFUM-Kameratene Oslo vs. Lillestrøm SK: O/U 1.5,nor-kfu-lil-2026-08-15-more-markets,25833.27,1,0.805,1,0.0,2026-08-15T14:00:00Z
3303832,Will New England Revolution win on 2026-08-15?,mls-tor-ner-2026-08-15,47241.63,24,0.285,0,0.5,2026-08-15T23:30:00Z
3303832,Will New England Revolution win on 2026-08-15?,mls-tor-ner-2026-08-15,47241.63,1,0.275,0,0.5,2026-08-15T23:30:00Z
3303853,KFUM-Kameratene Oslo vs. Lillestrøm SK: O/U 2.5,nor-kfu-lil-2026-08-15-more-markets,11498.01,24,0.585,0,0.0,2026-08-15T14:00:00Z
3303853,KFUM-Kameratene Oslo vs. Lillestrøm SK: O/U 2.5,nor-kfu-lil-2026-08-15-more-markets,11498.01,1,0.585,0,0.0,2026-08-15T14:00:00Z
3303917,KFUM-Kameratene Oslo vs. Lillestrøm SK: Both Teams to Score,nor-kfu-lil-2026-08-15-more-markets,15175.41,24,0.615,1,0.0,2026-08-15T14:00:00Z
3303917,KFUM-Kameratene Oslo vs. Lillestrøm SK: Both Teams to Score,nor-kfu-lil-2026-08-15-more-markets,15175.41,1,0.605,1,0.0,2026-08-15T14:00:00Z
3303951,Yunnan Yukun FC vs. Dalian Yingbo FC: O/U 2.5,chi-yun-ygb-2026-08-15-more-markets,16143.36,24,0.695,1,0.01,2026-08-15T12:00:00Z
3303951,Yunnan Yukun FC vs. Dalian Yingbo FC: O/U 2.5,chi-yun-ygb-2026-08-15-more-markets,16143.36,1,0.705,1,0.0,2026-08-15T12:00:00Z
3303955,Yunnan Yukun FC vs. Dalian Yingbo FC: O/U 3.5,chi-yun-ygb-2026-08-15-more-markets,62038.99,24,0.48,1,0.01,2026-08-15T12:00:00Z
3303955,Yunnan Yukun FC vs. Dalian Yingbo FC: O/U 3.5,chi-yun-ygb-2026-08-15-more-markets,62038.99,1,0.495,1,0.0,2026-08-15T12:00:00Z
3303965,Yunnan Yukun FC vs. Dalian Yingbo FC: O/U 4.5,chi-yun-ygb-2026-08-15-more-markets,11814.26,24,0.285,0,0.01,2026-08-15T12:00:00Z
3303965,Yunnan Yukun FC vs. Dalian Yingbo FC: O/U 4.5,chi-yun-ygb-2026-08-15-more-markets,11814.26,1,0.295,0,0.0,2026-08-15T12:00:00Z
3303987,Will Atlanta United FC win on 2026-08-15?,mls-atl-nyr-2026-08-15,37551.73,24,0.455,1,0.5,2026-08-15T23:30:00Z
3303987,Will Atlanta United FC win on 2026-08-15?,mls-atl-nyr-2026-08-15,37551.73,1,0.465,1,0.5,2026-08-15T23:30:00Z
3303993,Yunnan Yukun FC vs. Dalian Yingbo FC: Both Teams to Score,chi-yun-ygb-2026-08-15-more-markets,10832.44,24,0.685,1,0.01,2026-08-15T12:00:00Z
3303993,Yunnan Yukun FC vs. Dalian Yingbo FC: Both Teams to Score,chi-yun-ygb-2026-08-15-more-markets,10832.44,1,0.705,1,0.0,2026-08-15T12:00:00Z
3304014,Will Atlanta United FC vs. New York Red Bulls end in a draw?,mls-atl-nyr-2026-08-15,11966.53,24,0.245,0,0.5,2026-08-15T23:30:00Z
3304014,Will Atlanta United FC vs. New York Red Bulls end in a draw?,mls-atl-nyr-2026-08-15,11966.53,1,0.245,0,0.5,2026-08-15T23:30:00Z
3304043,Will New York Red Bulls win on 2026-08-15?,mls-atl-nyr-2026-08-15,37206.65,24,0.285,0,0.5,2026-08-15T23:30:00Z
3304043,Will New York Red Bulls win on 2026-08-15?,mls-atl-nyr-2026-08-15,37206.65,1,0.295,0,0.5,2026-08-15T23:30:00Z
3304197,Will Orlando City SC win on 2026-08-15?,mls-orl-fcc-2026-08-15,68029.72,24,0.435,0,0.5,2026-08-15T23:30:00Z
3304197,Will Orlando City SC win on 2026-08-15?,mls-orl-fcc-2026-08-15,68029.72,1,0.425,0,0.5,2026-08-15T23:30:00Z
3304216,Will Orlando City SC vs. FC Cincinnati end in a draw?,mls-orl-fcc-2026-08-15,20404.65,24,0.225,1,0.5,2026-08-15T23:30:00Z
3304216,Will Orlando City SC vs. FC Cincinnati end in a draw?,mls-orl-fcc-2026-08-15,20404.65,1,0.225,1,0.5,2026-08-15T23:30:00Z
3304234,Will FC Cincinnati win on 2026-08-15?,mls-orl-fcc-2026-08-15,53461.06,24,0.335,0,0.5,2026-08-15T23:30:00Z
3304234,Will FC Cincinnati win on 2026-08-15?,mls-orl-fcc-2026-08-15,53461.06,1,0.345,0,0.5,2026-08-15T23:30:00Z
3304346,Will Nashville SC win on 2026-08-15?,mls-nas-mia-2026-08-15,108919.3,24,0.385,1,0.49,2026-08-16T00:30:00Z
3304346,Will Nashville SC win on 2026-08-15?,mls-nas-mia-2026-08-15,108919.3,1,0.385,1,0.5,2026-08-16T00:30:00Z
3304358,Will Nashville SC vs. Inter Miami CF end in a draw?,mls-nas-mia-2026-08-15,22681.83,24,0.255,0,0.49,2026-08-16T00:30:00Z
3304358,Will Nashville SC vs. Inter Miami CF end in a draw?,mls-nas-mia-2026-08-15,22681.83,1,0.255,0,0.5,2026-08-16T00:30:00Z
3304370,Will Inter Miami CF win on 2026-08-15?,mls-nas-mia-2026-08-15,180116.74,24,0.365,0,0.5,2026-08-16T00:30:00Z
3304370,Will Inter Miami CF win on 2026-08-15?,mls-nas-mia-2026-08-15,180116.74,1,0.365,0,0.5,2026-08-16T00:30:00Z
3304401,Shanghai Shenhua FC vs. Henan FC: O/U 2.5,chi-sgr-hen-2026-08-15-more-markets,15339.52,24,0.65,1,0.01,2026-08-15T12:00:00Z
3304401,Shanghai Shenhua FC vs. Henan FC: O/U 2.5,chi-sgr-hen-2026-08-15-more-markets,15339.52,1,0.675,1,0.0,2026-08-15T12:00:00Z
3304416,Shanghai Shenhua FC vs. Henan FC: O/U 3.5,chi-sgr-hen-2026-08-15-more-markets,43840.92,24,0.43,1,0.0,2026-08-15T12:00:00Z
3304416,Shanghai Shenhua FC vs. Henan FC: O/U 3.5,chi-sgr-hen-2026-08-15-more-markets,43840.92,1,0.455,1,0.0,2026-08-15T12:00:00Z
3304438,Shanghai Shenhua FC vs. Henan FC: O/U 4.5,chi-sgr-hen-2026-08-15-more-markets,23816.65,24,0.25,1,0.01,2026-08-15T12:00:00Z
3304438,Shanghai Shenhua FC vs. Henan FC: O/U 4.5,chi-sgr-hen-2026-08-15-more-markets,23816.65,1,0.265,1,0.0,2026-08-15T12:00:00Z
3304471,Shanghai Shenhua FC vs. Henan FC: O/U 5.5,chi-sgr-hen-2026-08-15-more-markets,18789.82,24,0.12,0,0.01,2026-08-15T12:00:00Z
3304471,Shanghai Shenhua FC vs. Henan FC: O/U 5.5,chi-sgr-hen-2026-08-15-more-markets,18789.82,1,0.135,0,0.0,2026-08-15T12:00:00Z
3304490,Shanghai Shenhua FC vs. Henan FC: Both Teams to Score,chi-sgr-hen-2026-08-15-more-markets,10090.56,24,0.655,1,0.01,2026-08-15T12:00:00Z
3304490,Shanghai Shenhua FC vs. Henan FC: Both Teams to Score,chi-sgr-hen-2026-08-15-more-markets,10090.56,1,0.665,1,0.0,2026-08-15T12:00:00Z
3304498,Will Houston Dynamo win on 2026-08-15?,mls-hou-lag-2026-08-15,440360.66,24,0.545,1,0.5,2026-08-16T00:30:00Z
3304498,Will Houston Dynamo win on 2026-08-15?,mls-hou-lag-2026-08-15,440360.66,1,0.585,1,0.5,2026-08-16T00:30:00Z
3304507,Will Houston Dynamo vs. Los Angeles Galaxy end in a draw?,mls-hou-lag-2026-08-15,23292.68,24,0.235,0,0.49,2026-08-16T00:30:00Z
3304507,Will Houston Dynamo vs. Los Angeles Galaxy end in a draw?,mls-hou-lag-2026-08-15,23292.68,1,0.235,0,0.5,2026-08-16T00:30:00Z
3304517,Will Los Angeles Galaxy win on 2026-08-15?,mls-hou-lag-2026-08-15,42505.65,24,0.205,0,0.5,2026-08-16T00:30:00Z
3304517,Will Los Angeles Galaxy win on 2026-08-15?,mls-hou-lag-2026-08-15,42505.65,1,0.195,0,0.5,2026-08-16T00:30:00Z
3304655,Will Real Salt Lake win on 2026-08-15?,mls-rsl-min-2026-08-15,85230.67,24,0.555,0,0.5,2026-08-16T01:30:00Z
3304655,Will Real Salt Lake win on 2026-08-15?,mls-rsl-min-2026-08-15,85230.67,1,0.525,0,0.5,2026-08-16T01:30:00Z
3304682,Will Real Salt Lake vs. Minnesota United FC end in a draw?,mls-rsl-min-2026-08-15,41288.7,24,0.235,1,0.5,2026-08-16T01:30:00Z
3304682,Will Real Salt Lake vs. Minnesota United FC end in a draw?,mls-rsl-min-2026-08-15,41288.7,1,0.245,1,0.49,2026-08-16T01:30:00Z
3304704,Will Minnesota United FC win on 2026-08-15?,mls-rsl-min-2026-08-15,33341.04,24,0.205,0,0.5,2026-08-16T01:30:00Z
3304704,Will Minnesota United FC win on 2026-08-15?,mls-rsl-min-2026-08-15,33341.04,1,0.235,0,0.5,2026-08-16T01:30:00Z
3304824,Will Colorado Rapids SC win on 2026-08-15?,mls-col-skc-2026-08-15,62918.11,24,0.655,1,0.5,2026-08-16T01:30:00Z
3304824,Will Colorado Rapids SC win on 2026-08-15?,mls-col-skc-2026-08-15,62918.11,1,0.655,1,0.49,2026-08-16T01:30:00Z
3304831,Will Sporting Kansas City win on 2026-08-15?,mls-col-skc-2026-08-15,14784.86,24,0.155,0,0.5,2026-08-16T01:30:00Z
3304831,Will Sporting Kansas City win on 2026-08-15?,mls-col-skc-2026-08-15,14784.86,1,0.145,0,0.5,2026-08-16T01:30:00Z
3304918,Will San Jose Earthquakes win on 2026-08-15?,mls-sje-stl-2026-08-15,47359.35,24,0.445,0,0.5,2026-08-16T02:30:00Z
3304918,Will San Jose Earthquakes win on 2026-08-15?,mls-sje-stl-2026-08-15,47359.35,1,0.455,0,0.5,2026-08-16T02:30:00Z
3304925,Will San Jose Earthquakes vs. St. Louis City SC end in a draw?,mls-sje-stl-2026-08-15,25391.53,24,0.245,0,0.5,2026-08-16T02:30:00Z
3304925,Will San Jose Earthquakes vs. St. Louis City SC end in a draw?,mls-sje-stl-2026-08-15,25391.53,1,0.245,0,0.5,2026-08-16T02:30:00Z
3304934,Will St. Louis City SC win on 2026-08-15?,mls-sje-stl-2026-08-15,66993.77,24,0.305,1,0.5,2026-08-16T02:30:00Z
3304934,Will St. Louis City SC win on 2026-08-15?,mls-sje-stl-2026-08-15,66993.77,1,0.305,1,0.5,2026-08-16T02:30:00Z
3304943,Tianjin Jinmen Hu FC vs. Beijing Guoan FC: O/U 2.5,chi-jin-bgu-2026-08-15-more-markets,38824.53,24,0.525,1,0.42,2026-08-15T11:35:00Z
3304943,Tianjin Jinmen Hu FC vs. Beijing Guoan FC: O/U 2.5,chi-jin-bgu-2026-08-15-more-markets,38824.53,1,0.575,1,0.42,2026-08-15T11:35:00Z
3304950,Tianjin Jinmen Hu FC vs. Beijing Guoan FC: O/U 3.5,chi-jin-bgu-2026-08-15-more-markets,29756.78,24,0.295,1,0.42,2026-08-15T11:35:00Z
3304950,Tianjin Jinmen Hu FC vs. Beijing Guoan FC: O/U 3.5,chi-jin-bgu-2026-08-15-more-markets,29756.78,1,0.355,1,0.42,2026-08-15T11:35:00Z
3305020,Tianjin Jinmen Hu FC vs. Beijing Guoan FC: Both Teams to Score,chi-jin-bgu-2026-08-15-more-markets,30564.05,24,0.57,1,0.42,2026-08-15T11:35:00Z
3305020,Tianjin Jinmen Hu FC vs. Beijing Guoan FC: Both Teams to Score,chi-jin-bgu-2026-08-15-more-markets,30564.05,1,0.605,1,0.42,2026-08-15T11:35:00Z
3305046,Will Los Angeles FC win on 2026-08-15?,mls-laf-sdg-2026-08-15,90215.91,24,0.605,0,0.5,2026-08-16T02:30:00Z
3305046,Will Los Angeles FC win on 2026-08-15?,mls-laf-sdg-2026-08-15,90215.91,1,0.585,0,0.5,2026-08-16T02:30:00Z
3305057,Will Los Angeles FC vs. San Diego FC end in a draw?,mls-laf-sdg-2026-08-15,19712.59,24,0.205,0,0.5,2026-08-16T02:30:00Z
3305057,Will Los Angeles FC vs. San Diego FC end in a draw?,mls-laf-sdg-2026-08-15,19712.59,1,0.215,0,0.5,2026-08-16T02:30:00Z
3305064,Will San Diego FC win on 2026-08-15?,mls-laf-sdg-2026-08-15,235756.26,24,0.185,1,0.5,2026-08-16T02:30:00Z
3305064,Will San Diego FC win on 2026-08-15?,mls-laf-sdg-2026-08-15,235756.26,1,0.205,1,0.5,2026-08-16T02:30:00Z
3305126,Will New York City FC win on 2026-08-16?,mls-nyc-phi-2026-08-16,276114.55,24,0.415,0,0.0,2026-08-16T22:00:00Z
3305126,Will New York City FC win on 2026-08-16?,mls-nyc-phi-2026-08-16,276114.55,1,0.365,0,0.0,2026-08-16T22:00:00Z
3305129,Will New York City FC vs. Philadelphia Union end in a draw?,mls-nyc-phi-2026-08-16,38862.85,24,0.255,0,0.0,2026-08-16T22:00:00Z
3305129,Will New York City FC vs. Philadelphia Union end in a draw?,mls-nyc-phi-2026-08-16,38862.85,1,0.255,0,0.0,2026-08-16T22:00:00Z
3305131,Will Philadelphia Union win on 2026-08-16?,mls-nyc-phi-2026-08-16,571632.03,24,0.335,1,0.0,2026-08-16T22:00:00Z
3305131,Will Philadelphia Union win on 2026-08-16?,mls-nyc-phi-2026-08-16,571632.03,1,0.385,1,0.0,2026-08-16T22:00:00Z
3305245,Will Chicago Fire FC win on 2026-08-16?,mls-chi-por-2026-08-16,92972.26,24,0.645,1,0.0,2026-08-16T22:00:00Z
3305245,Will Chicago Fire FC win on 2026-08-16?,mls-chi-por-2026-08-16,92972.26,1,0.625,1,0.01,2026-08-16T22:00:00Z
3305261,Will Chicago Fire FC vs. Portland Timbers end in a draw?,mls-chi-por-2026-08-16,20248.98,24,0.195,0,0.0,2026-08-16T22:00:00Z
3305261,Will Chicago Fire FC vs. Portland Timbers end in a draw?,mls-chi-por-2026-08-16,20248.98,1,0.195,0,0.0,2026-08-16T22:00:00Z
3305296,Will Portland Timbers win on 2026-08-16?,mls-chi-por-2026-08-16,64744.78,24,0.175,0,0.0,2026-08-16T22:00:00Z
3305296,Will Portland Timbers win on 2026-08-16?,mls-chi-por-2026-08-16,64744.78,1,0.175,0,0.0,2026-08-16T22:00:00Z
3305422,Spread: Chengdu Rongcheng FC (-1.5),chi-zhe-ron-2026-08-15-more-markets,11643.17,24,0.225,0,0.42,2026-08-15T11:35:00Z
3305422,Spread: Chengdu Rongcheng FC (-1.5),chi-zhe-ron-2026-08-15-more-markets,11643.17,1,0.245,0,0.42,2026-08-15T11:35:00Z
3305423,Will Austin FC win on 2026-08-16?,mls-aus-dal-2026-08-16,16998.67,24,0.325,0,0.49,2026-08-17T00:30:00Z
3305423,Will Austin FC win on 2026-08-16?,mls-aus-dal-2026-08-16,16998.67,1,0.325,0,0.5,2026-08-17T00:30:00Z
3305429,Will Austin FC vs. FC Dallas end in a draw?,mls-aus-dal-2026-08-16,27520.32,24,0.255,0,0.49,2026-08-17T00:30:00Z
3305429,Will Austin FC vs. FC Dallas end in a draw?,mls-aus-dal-2026-08-16,27520.32,1,0.265,0,0.5,2026-08-17T00:30:00Z
3305436,Will FC Dallas win on 2026-08-16?,mls-aus-dal-2026-08-16,114843.69,24,0.415,1,0.5,2026-08-17T00:30:00Z
3305436,Will FC Dallas win on 2026-08-16?,mls-aus-dal-2026-08-16,114843.69,1,0.405,1,0.5,2026-08-17T00:30:00Z
3305442,Zhejiang Zhiye FC vs. Chengdu Rongcheng FC: O/U 0.5,chi-zhe-ron-2026-08-15-more-markets,13258.56,24,0.9635,1,0.42,2026-08-15T11:35:00Z
3305442,Zhejiang Zhiye FC vs. Chengdu Rongcheng FC: O/U 0.5,chi-zhe-ron-2026-08-15-more-markets,13258.56,1,0.968,1,0.42,2026-08-15T11:35:00Z
3305448,Zhejiang Zhiye FC vs. Chengdu Rongcheng FC: O/U 1.5,chi-zhe-ron-2026-08-15-more-markets,10846.28,24,0.86,1,0.42,2026-08-15T11:35:00Z
3305448,Zhejiang Zhiye FC vs. Chengdu Rongcheng FC: O/U 1.5,chi-zhe-ron-2026-08-15-more-markets,10846.28,1,0.865,1,0.42,2026-08-15T11:35:00Z
3305468,Zhejiang Zhiye FC vs. Chengdu Rongcheng FC: O/U 2.5,chi-zhe-ron-2026-08-15-more-markets,14517.51,24,0.665,1,0.42,2026-08-15T11:35:00Z
3305468,Zhejiang Zhiye FC vs. Chengdu Rongcheng FC: O/U 2.5,chi-zhe-ron-2026-08-15-more-markets,14517.51,1,0.685,1,0.42,2026-08-15T11:35:00Z
3305485,Zhejiang Zhiye FC vs. Chengdu Rongcheng FC: O/U 3.5,chi-zhe-ron-2026-08-15-more-markets,48851.18,24,0.455,1,0.42,2026-08-15T11:35:00Z
3305485,Zhejiang Zhiye FC vs. Chengdu Rongcheng FC: O/U 3.5,chi-zhe-ron-2026-08-15-more-markets,48851.18,1,0.465,1,0.42,2026-08-15T11:35:00Z
3305506,Zhejiang Zhiye FC vs. Chengdu Rongcheng FC: O/U 4.5,chi-zhe-ron-2026-08-15-more-markets,49908.65,24,0.265,1,0.42,2026-08-15T11:35:00Z
3305506,Zhejiang Zhiye FC vs. Chengdu Rongcheng FC: O/U 4.5,chi-zhe-ron-2026-08-15-more-markets,49908.65,1,0.275,1,0.42,2026-08-15T11:35:00Z
3305520,Zhejiang Zhiye FC vs. Chengdu Rongcheng FC: O/U 5.5,chi-zhe-ron-2026-08-15-more-markets,23758.87,24,0.135,0,0.42,2026-08-15T11:35:00Z
3305520,Zhejiang Zhiye FC vs. Chengdu Rongcheng FC: O/U 5.5,chi-zhe-ron-2026-08-15-more-markets,23758.87,1,0.145,0,0.42,2026-08-15T11:35:00Z
3305524,Will Seattle Sounders FC win on 2026-08-16?,mls-sea-vwh-2026-08-16,97995.01,24,0.235,0,0.5,2026-08-17T02:30:00Z
3305524,Will Seattle Sounders FC win on 2026-08-16?,mls-sea-vwh-2026-08-16,97995.01,1,0.255,0,0.5,2026-08-17T02:30:00Z
3305534,Will Seattle Sounders FC vs. Vancouver Whitecaps FC end in a draw?,mls-sea-vwh-2026-08-16,47320.48,24,0.235,0,0.5,2026-08-17T02:30:00Z
3305534,Will Seattle Sounders FC vs. Vancouver Whitecaps FC end in a draw?,mls-sea-vwh-2026-08-16,47320.48,1,0.245,0,0.5,2026-08-17T02:30:00Z
3305544,Will Vancouver Whitecaps FC win on 2026-08-16?,mls-sea-vwh-2026-08-16,539910.45,24,0.535,1,0.5,2026-08-17T02:30:00Z
3305544,Will Vancouver Whitecaps FC win on 2026-08-16?,mls-sea-vwh-2026-08-16,539910.45,1,0.495,1,0.5,2026-08-17T02:30:00Z
3305855,Liaoning Tieren FC vs. Shenzhen Xinpengcheng FC: O/U 1.5,chi-tie-xin-2026-08-15-more-markets,11302.12,24,0.82,1,0.0,2026-08-15T11:00:00Z
3305855,Liaoning Tieren FC vs. Shenzhen Xinpengcheng FC: O/U 1.5,chi-tie-xin-2026-08-15-more-markets,11302.12,1,0.82,1,0.0,2026-08-15T11:00:00Z
3305866,Liaoning Tieren FC vs. Shenzhen Xinpengcheng FC: O/U 2.5,chi-tie-xin-2026-08-15-more-markets,84365.87,24,0.6,1,0.0,2026-08-15T11:00:00Z
3305866,Liaoning Tieren FC vs. Shenzhen Xinpengcheng FC: O/U 2.5,chi-tie-xin-2026-08-15-more-markets,84365.87,1,0.595,1,0.0,2026-08-15T11:00:00Z
3305889,Liaoning Tieren FC vs. Shenzhen Xinpengcheng FC: O/U 3.5,chi-tie-xin-2026-08-15-more-markets,12128.6,24,0.38,0,0.0,2026-08-15T11:00:00Z
3305889,Liaoning Tieren FC vs. Shenzhen Xinpengcheng FC: O/U 3.5,chi-tie-xin-2026-08-15-more-markets,12128.6,1,0.375,0,0.0,2026-08-15T11:00:00Z
3305910,Liaoning Tieren FC vs. Shenzhen Xinpengcheng FC: O/U 4.5,chi-tie-xin-2026-08-15-more-markets,15429.03,24,0.2,0,0.0,2026-08-15T11:00:00Z
3305910,Liaoning Tieren FC vs. Shenzhen Xinpengcheng FC: O/U 4.5,chi-tie-xin-2026-08-15-more-markets,15429.03,1,0.205,0,0.0,2026-08-15T11:00:00Z
3307195,Exact Score: New York City FC 1 - 2 Philadelphia Union?,mls-nyc-phi-2026-08-16-exact-score,14170.0,24,0.08,0,0.0,2026-08-16T22:00:00Z
3307195,Exact Score: New York City FC 1 - 2 Philadelphia Union?,mls-nyc-phi-2026-08-16-exact-score,14170.0,1,0.085,0,0.0,2026-08-16T22:00:00Z
3307222,Exact Score: Chicago Fire FC 2 - 1 Portland Timbers?,mls-chi-por-2026-08-16-exact-score,17057.35,24,0.09,1,0.0,2026-08-16T22:00:00Z
3307222,Exact Score: Chicago Fire FC 2 - 1 Portland Timbers?,mls-chi-por-2026-08-16-exact-score,17057.35,1,0.095,1,0.0,2026-08-16T22:00:00Z
3307247,Exact Score: Austin FC 1 - 2 FC Dallas?,mls-aus-dal-2026-08-16-exact-score,12997.2,24,0.09,1,0.49,2026-08-17T00:30:00Z
3307247,Exact Score: Austin FC 1 - 2 FC Dallas?,mls-aus-dal-2026-08-16-exact-score,12997.2,1,0.095,1,0.5,2026-08-17T00:30:00Z
3307261,Seattle Sounders FC vs. Vancouver Whitecaps FC: Draw at halftime?,mls-sea-vwh-2026-08-16-halftime-result,11716.84,24,0.38,1,0.5,2026-08-17T02:30:00Z
3307261,Seattle Sounders FC vs. Vancouver Whitecaps FC: Draw at halftime?,mls-sea-vwh-2026-08-16-halftime-result,11716.84,1,0.385,1,0.5,2026-08-17T02:30:00Z
3307274,Exact Score: Seattle Sounders FC 2 - 1 Vancouver Whitecaps FC?,mls-sea-vwh-2026-08-16-exact-score,26103.43,24,0.06,0,0.5,2026-08-17T02:30:00Z
3307274,Exact Score: Seattle Sounders FC 2 - 1 Vancouver Whitecaps FC?,mls-sea-vwh-2026-08-16-exact-score,26103.43,1,0.075,0,0.5,2026-08-17T02:30:00Z
3307351,Will Beşiktaş JK win on 2026-08-16?,tur-bes-eyu-2026-08-16,148221.71,24,0.725,1,0.5,2026-08-16T18:30:00Z
3307351,Will Beşiktaş JK win on 2026-08-16?,tur-bes-eyu-2026-08-16,148221.71,1,0.695,1,0.49,2026-08-16T18:30:00Z
3307353,Will Beşiktaş JK vs. Eyüpspor end in a draw?,tur-bes-eyu-2026-08-16,26438.13,24,0.165,0,0.5,2026-08-16T18:30:00Z
3307353,Will Beşiktaş JK vs. Eyüpspor end in a draw?,tur-bes-eyu-2026-08-16,26438.13,1,0.185,0,0.49,2026-08-16T18:30:00Z
3307356,Will Eyüpspor win on 2026-08-16?,tur-bes-eyu-2026-08-16,87604.92,24,0.105,0,0.5,2026-08-16T18:30:00Z
3307356,Will Eyüpspor win on 2026-08-16?,tur-bes-eyu-2026-08-16,87604.92,1,0.105,0,0.49,2026-08-16T18:30:00Z
3307370,Will Amed Sportif win on 2026-08-16?,tur-ame-erz-2026-08-16,11385.01,24,0.405,1,0.5,2026-08-16T18:30:00Z
3307370,Will Amed Sportif win on 2026-08-16?,tur-ame-erz-2026-08-16,11385.01,1,0.425,1,0.5,2026-08-16T18:30:00Z
3307375,Will Erzurumspor FK win on 2026-08-16?,tur-ame-erz-2026-08-16,19547.14,24,0.32,0,0.5,2026-08-16T18:30:00Z
3307375,Will Erzurumspor FK win on 2026-08-16?,tur-ame-erz-2026-08-16,19547.14,1,0.295,0,0.5,2026-08-16T18:30:00Z
3307942,"Will Bitcoin dip to $62,500 in August?",what-price-will-bitcoin-hit-in-august-2026,1390913.13,168,0.0075,0,0.01,2026-09-01T04:00:00Z
3307942,"Will Bitcoin dip to $62,500 in August?",what-price-will-bitcoin-hit-in-august-2026,1390913.13,24,0.0015,0,0.0,2026-09-01T04:00:00Z
3307942,"Will Bitcoin dip to $62,500 in August?",what-price-will-bitcoin-hit-in-august-2026,1390913.13,1,0.0005,0,0.01,2026-09-01T04:00:00Z
3310271,Randers FC vs. FC København: O/U 4.5,den-ran-kob-2026-08-16-more-markets,19617.34,24,0.195,0,0.0,2026-08-16T16:00:00Z
3310271,Randers FC vs. FC København: O/U 4.5,den-ran-kob-2026-08-16-more-markets,19617.34,1,0.195,0,0.0,2026-08-16T16:00:00Z
3310310,Randers FC vs. FC København: Both Teams to Score,den-ran-kob-2026-08-16-more-markets,19173.68,24,0.59,0,0.0,2026-08-16T16:00:00Z
3310310,Randers FC vs. FC København: Both Teams to Score,den-ran-kob-2026-08-16-more-markets,19173.68,1,0.595,0,0.0,2026-08-16T16:00:00Z
3310826,Lyngby BK vs. FC Midtjylland: O/U 2.5,den-lyn-mid-2026-08-16-more-markets,16639.07,24,0.625,0,0.0,2026-08-16T14:00:00Z
3310826,Lyngby BK vs. FC Midtjylland: O/U 2.5,den-lyn-mid-2026-08-16-more-markets,16639.07,1,0.605,0,0.0,2026-08-16T14:00:00Z
3310895,Lyngby BK vs. FC Midtjylland: Both Teams to Score,den-lyn-mid-2026-08-16-more-markets,14176.59,24,0.625,1,0.0,2026-08-16T14:00:00Z
3310895,Lyngby BK vs. FC Midtjylland: Both Teams to Score,den-lyn-mid-2026-08-16-more-markets,14176.59,1,0.625,1,0.0,2026-08-16T14:00:00Z
3311343,Odense BK vs. AC Horsens: O/U 2.5,den-ode-hor-2026-08-16-more-markets,174595.43,24,0.475,1,0.01,2026-08-16T12:00:00Z
3311343,Odense BK vs. AC Horsens: O/U 2.5,den-ode-hor-2026-08-16-more-markets,174595.43,1,0.495,1,0.0,2026-08-16T12:00:00Z
3311357,Odense BK vs. AC Horsens: O/U 3.5,den-ode-hor-2026-08-16-more-markets,26962.14,24,0.255,0,0.01,2026-08-16T12:00:00Z
3311357,Odense BK vs. AC Horsens: O/U 3.5,den-ode-hor-2026-08-16-more-markets,26962.14,1,0.275,0,0.0,2026-08-16T12:00:00Z
3311398,Odense BK vs. AC Horsens: Both Teams to Score,den-ode-hor-2026-08-16-more-markets,11927.33,24,0.495,1,0.01,2026-08-16T12:00:00Z
3311398,Odense BK vs. AC Horsens: Both Teams to Score,den-ode-hor-2026-08-16-more-markets,11927.33,1,0.515,1,0.0,2026-08-16T12:00:00Z
3311773,Spread: FC Nordsjælland (-1.5),den-nor-sif-2026-08-16-more-markets,10472.23,24,0.48,0,0.01,2026-08-16T12:00:00Z
3311773,Spread: FC Nordsjælland (-1.5),den-nor-sif-2026-08-16-more-markets,10472.23,1,0.475,0,0.0,2026-08-16T12:00:00Z
3311819,FC Nordsjælland vs. Silkeborg IF: O/U 0.5,den-nor-sif-2026-08-16-more-markets,11711.07,24,0.9655,1,0.01,2026-08-16T12:00:00Z
3311819,FC Nordsjælland vs. Silkeborg IF: O/U 0.5,den-nor-sif-2026-08-16-more-markets,11711.07,1,0.976,1,0.0,2026-08-16T12:00:00Z
3311882,FC Nordsjælland vs. Silkeborg IF: Both Teams to Score,den-nor-sif-2026-08-16-more-markets,10890.17,24,0.615,0,0.0,2026-08-16T12:00:00Z
3311882,FC Nordsjælland vs. Silkeborg IF: Both Teams to Score,den-nor-sif-2026-08-16-more-markets,10890.17,1,0.625,0,0.0,2026-08-16T12:00:00Z
3312939,Will Pumas de la UNAM win on 2026-08-16?,mex-pum-que-2026-08-16,77523.48,24,0.525,0,0.0,2026-08-16T18:00:00Z
3312939,Will Pumas de la UNAM win on 2026-08-16?,mex-pum-que-2026-08-16,77523.48,1,0.515,0,0.01,2026-08-16T18:00:00Z
3312940,Will Pumas de la UNAM vs. Querétaro FC end in a draw?,mex-pum-que-2026-08-16,17174.87,24,0.255,1,0.0,2026-08-16T18:00:00Z
3312940,Will Pumas de la UNAM vs. Querétaro FC end in a draw?,mex-pum-que-2026-08-16,17174.87,1,0.255,1,0.01,2026-08-16T18:00:00Z
3312941,Will Querétaro FC win on 2026-08-16?,mex-pum-que-2026-08-16,17089.87,24,0.215,0,0.0,2026-08-16T18:00:00Z
3312941,Will Querétaro FC win on 2026-08-16?,mex-pum-que-2026-08-16,17089.87,1,0.225,0,0.01,2026-08-16T18:00:00Z
3312945,Will CF América win on 2026-08-16?,mex-ame-asl-2026-08-16,686296.47,24,0.645,1,0.0,2026-08-16T23:00:00Z
3312945,Will CF América win on 2026-08-16?,mex-ame-asl-2026-08-16,686296.47,1,0.645,1,0.0,2026-08-16T23:00:00Z
3312946,Will CF América vs. Atlético San Luis end in a draw?,mex-ame-asl-2026-08-16,42023.97,24,0.205,0,0.0,2026-08-16T23:00:00Z
3312946,Will CF América vs. Atlético San Luis end in a draw?,mex-ame-asl-2026-08-16,42023.97,1,0.205,0,0.0,2026-08-16T23:00:00Z
3312947,Will Atlético San Luis win on 2026-08-16?,mex-ame-asl-2026-08-16,184401.81,24,0.145,0,0.0,2026-08-16T23:00:00Z
3312947,Will Atlético San Luis win on 2026-08-16?,mex-ame-asl-2026-08-16,184401.81,1,0.135,0,0.0,2026-08-16T23:00:00Z
3312948,Will Club Santos Laguna win on 2026-08-16?,mex-san-gua-2026-08-16,76488.93,24,0.165,0,0.16,2026-08-17T01:10:00Z
3312948,Will Club Santos Laguna win on 2026-08-16?,mex-san-gua-2026-08-16,76488.93,1,0.175,0,0.16,2026-08-17T01:10:00Z
3312949,Will Club Santos Laguna vs. CD Guadalajara end in a draw?,mex-san-gua-2026-08-16,27579.18,24,0.205,0,0.16,2026-08-17T01:10:00Z
3312949,Will Club Santos Laguna vs. CD Guadalajara end in a draw?,mex-san-gua-2026-08-16,27579.18,1,0.205,0,0.16,2026-08-17T01:10:00Z
3312950,Will CD Guadalajara win on 2026-08-16?,mex-san-gua-2026-08-16,167833.22,24,0.635,1,0.16,2026-08-17T01:10:00Z
3312950,Will CD Guadalajara win on 2026-08-16?,mex-san-gua-2026-08-16,167833.22,1,0.635,1,0.16,2026-08-17T01:10:00Z
3312951,Will Club Tijuana win on 2026-08-16?,mex-tij-caz-2026-08-16,300004.51,24,0.295,1,0.0,2026-08-17T03:00:00Z
3312951,Will Club Tijuana win on 2026-08-16?,mex-tij-caz-2026-08-16,300004.51,1,0.305,1,0.0,2026-08-17T03:00:00Z
3312952,Will Club Tijuana vs. CF Cruz Azul end in a draw?,mex-tij-caz-2026-08-16,74937.82,24,0.275,0,0.0,2026-08-17T03:00:00Z
3312952,Will Club Tijuana vs. CF Cruz Azul end in a draw?,mex-tij-caz-2026-08-16,74937.82,1,0.275,0,0.0,2026-08-17T03:00:00Z
3312953,Will CF Cruz Azul win on 2026-08-16?,mex-tij-caz-2026-08-16,425124.04,24,0.435,0,0.0,2026-08-17T03:00:00Z
3312953,Will CF Cruz Azul win on 2026-08-16?,mex-tij-caz-2026-08-16,425124.04,1,0.425,0,0.0,2026-08-17T03:00:00Z
3312980,CF América leading at halftime?,mex-ame-asl-2026-08-16-halftime-result,22592.12,24,0.475,1,0.0,2026-08-16T23:00:00Z
3312980,CF América leading at halftime?,mex-ame-asl-2026-08-16-halftime-result,22592.12,1,0.475,1,0.0,2026-08-16T23:00:00Z
3312991,Exact Score: CF América 1 - 0 Atlético San Luis?,mex-ame-asl-2026-08-16-exact-score,11574.72,24,0.11,0,0.0,2026-08-16T23:00:00Z
3312991,Exact Score: CF América 1 - 0 Atlético San Luis?,mex-ame-asl-2026-08-16-exact-score,11574.72,1,0.115,0,0.0,2026-08-16T23:00:00Z
3313302,Spread: Vancouver Whitecaps FC (-1.5),mls-sea-vwh-2026-08-16-more-markets,86307.44,24,0.295,1,0.5,2026-08-17T02:30:00Z
3313302,Spread: Vancouver Whitecaps FC (-1.5),mls-sea-vwh-2026-08-16-more-markets,86307.44,1,0.265,1,0.5,2026-08-17T02:30:00Z
3313313,Spread: Vancouver Whitecaps FC (-2.5),mls-sea-vwh-2026-08-16-more-markets,36806.8,24,0.135,0,0.5,2026-08-17T02:30:00Z
3313313,Spread: Vancouver Whitecaps FC (-2.5),mls-sea-vwh-2026-08-16-more-markets,36806.8,1,0.125,0,0.5,2026-08-17T02:30:00Z
3313315,Seattle Sounders FC vs. Vancouver Whitecaps FC: O/U 0.5,mls-sea-vwh-2026-08-16-more-markets,37815.61,24,0.9555,1,0.5,2026-08-17T02:30:00Z
3313315,Seattle Sounders FC vs. Vancouver Whitecaps FC: O/U 0.5,mls-sea-vwh-2026-08-16-more-markets,37815.61,1,0.952,1,0.5,2026-08-17T02:30:00Z
3313316,Seattle Sounders FC vs. Vancouver Whitecaps FC: O/U 1.5,mls-sea-vwh-2026-08-16-more-markets,44197.18,24,0.815,1,0.5,2026-08-17T02:30:00Z
3313316,Seattle Sounders FC vs. Vancouver Whitecaps FC: O/U 1.5,mls-sea-vwh-2026-08-16-more-markets,44197.18,1,0.815,1,0.5,2026-08-17T02:30:00Z
3313317,Seattle Sounders FC vs. Vancouver Whitecaps FC: O/U 2.5,mls-sea-vwh-2026-08-16-more-markets,54569.49,24,0.6,0,0.5,2026-08-17T02:30:00Z
3313317,Seattle Sounders FC vs. Vancouver Whitecaps FC: O/U 2.5,mls-sea-vwh-2026-08-16-more-markets,54569.49,1,0.595,0,0.5,2026-08-17T02:30:00Z
3313324,Seattle Sounders FC vs. Vancouver Whitecaps FC: O/U 3.5,mls-sea-vwh-2026-08-16-more-markets,34828.18,24,0.375,0,0.5,2026-08-17T02:30:00Z
3313324,Seattle Sounders FC vs. Vancouver Whitecaps FC: O/U 3.5,mls-sea-vwh-2026-08-16-more-markets,34828.18,1,0.375,0,0.5,2026-08-17T02:30:00Z
3313336,Seattle Sounders FC vs. Vancouver Whitecaps FC: Both Teams to Score,mls-sea-vwh-2026-08-16-more-markets,18165.32,24,0.615,0,0.5,2026-08-17T02:30:00Z
3313336,Seattle Sounders FC vs. Vancouver Whitecaps FC: Both Teams to Score,mls-sea-vwh-2026-08-16-more-markets,18165.32,1,0.625,0,0.5,2026-08-17T02:30:00Z
3313449,Austin FC vs. FC Dallas: O/U 0.5,mls-aus-dal-2026-08-16-more-markets,10023.3,24,0.948,1,0.49,2026-08-17T00:30:00Z
3313449,Austin FC vs. FC Dallas: O/U 0.5,mls-aus-dal-2026-08-16-more-markets,10023.3,1,0.9475,1,0.5,2026-08-17T00:30:00Z
3313450,Austin FC vs. FC Dallas: O/U 1.5,mls-aus-dal-2026-08-16-more-markets,13740.22,24,0.805,1,0.49,2026-08-17T00:30:00Z
3313450,Austin FC vs. FC Dallas: O/U 1.5,mls-aus-dal-2026-08-16-more-markets,13740.22,1,0.795,1,0.5,2026-08-17T00:30:00Z
3313458,Austin FC vs. FC Dallas: O/U 2.5,mls-aus-dal-2026-08-16-more-markets,51874.34,24,0.58,1,0.49,2026-08-17T00:30:00Z
3313458,Austin FC vs. FC Dallas: O/U 2.5,mls-aus-dal-2026-08-16-more-markets,51874.34,1,0.565,1,0.5,2026-08-17T00:30:00Z
3313462,Austin FC vs. FC Dallas: O/U 3.5,mls-aus-dal-2026-08-16-more-markets,41077.22,24,0.355,0,0.5,2026-08-17T00:30:00Z
3313462,Austin FC vs. FC Dallas: O/U 3.5,mls-aus-dal-2026-08-16-more-markets,41077.22,1,0.345,0,0.5,2026-08-17T00:30:00Z
3313467,Austin FC vs. FC Dallas: O/U 4.5,mls-aus-dal-2026-08-16-more-markets,22031.2,24,0.185,0,0.49,2026-08-17T00:30:00Z
3313467,Austin FC vs. FC Dallas: O/U 4.5,mls-aus-dal-2026-08-16-more-markets,22031.2,1,0.185,0,0.5,2026-08-17T00:30:00Z
3313469,Austin FC vs. FC Dallas: Both Teams to Score,mls-aus-dal-2026-08-16-more-markets,24361.76,24,0.615,1,0.49,2026-08-17T00:30:00Z
3313469,Austin FC vs. FC Dallas: Both Teams to Score,mls-aus-dal-2026-08-16-more-markets,24361.76,1,0.605,1,0.5,2026-08-17T00:30:00Z
3313570,Spread: Chicago Fire FC (-1.5),mls-chi-por-2026-08-16-more-markets,17349.31,24,0.425,0,0.0,2026-08-16T22:00:00Z
3313570,Spread: Chicago Fire FC (-1.5),mls-chi-por-2026-08-16-more-markets,17349.31,1,0.405,0,0.0,2026-08-16T22:00:00Z
3313580,Chicago Fire FC vs. Portland Timbers: O/U 0.5,mls-chi-por-2026-08-16-more-markets,16180.23,24,0.974,1,0.0,2026-08-16T22:00:00Z
3313580,Chicago Fire FC vs. Portland Timbers: O/U 0.5,mls-chi-por-2026-08-16-more-markets,16180.23,1,0.9765,1,0.0,2026-08-16T22:00:00Z
3313592,Chicago Fire FC vs. Portland Timbers: O/U 2.5,mls-chi-por-2026-08-16-more-markets,42865.33,24,0.725,1,0.0,2026-08-16T22:00:00Z
3313592,Chicago Fire FC vs. Portland Timbers: O/U 2.5,mls-chi-por-2026-08-16-more-markets,42865.33,1,0.725,1,0.0,2026-08-16T22:00:00Z
3313596,Chicago Fire FC vs. Portland Timbers: O/U 3.5,mls-chi-por-2026-08-16-more-markets,113740.2,24,0.515,0,0.0,2026-08-16T22:00:00Z
3313596,Chicago Fire FC vs. Portland Timbers: O/U 3.5,mls-chi-por-2026-08-16-more-markets,113740.2,1,0.51,0,0.01,2026-08-16T22:00:00Z
3313599,Chicago Fire FC vs. Portland Timbers: O/U 5.5,mls-chi-por-2026-08-16-more-markets,12906.95,24,0.175,0,0.0,2026-08-16T22:00:00Z
3313599,Chicago Fire FC vs. Portland Timbers: O/U 5.5,mls-chi-por-2026-08-16-more-markets,12906.95,1,0.165,0,0.0,2026-08-16T22:00:00Z
3313600,Chicago Fire FC vs. Portland Timbers: Both Teams to Score,mls-chi-por-2026-08-16-more-markets,12554.23,24,0.655,1,0.0,2026-08-16T22:00:00Z
3313600,Chicago Fire FC vs. Portland Timbers: Both Teams to Score,mls-chi-por-2026-08-16-more-markets,12554.23,1,0.665,1,0.0,2026-08-16T22:00:00Z
3313623,Spread: New York City FC (-1.5),mls-nyc-phi-2026-08-16-more-markets,10896.91,24,0.2,0,0.0,2026-08-16T22:00:00Z
3313623,Spread: New York City FC (-1.5),mls-nyc-phi-2026-08-16-more-markets,10896.91,1,0.175,0,0.0,2026-08-16T22:00:00Z
3313625,Spread: New York City FC (-2.5),mls-nyc-phi-2026-08-16-more-markets,12116.67,24,0.08,0,0.0,2026-08-16T22:00:00Z
3313625,Spread: New York City FC (-2.5),mls-nyc-phi-2026-08-16-more-markets,12116.67,1,0.065,0,0.0,2026-08-16T22:00:00Z
3313630,New York City FC vs. Philadelphia Union: O/U 3.5,mls-nyc-phi-2026-08-16-more-markets,11662.17,24,0.35,1,0.0,2026-08-16T22:00:00Z
3313630,New York City FC vs. Philadelphia Union: O/U 3.5,mls-nyc-phi-2026-08-16-more-markets,11662.17,1,0.355,1,0.0,2026-08-16T22:00:00Z
3313631,New York City FC vs. Philadelphia Union: O/U 4.5,mls-nyc-phi-2026-08-16-more-markets,12936.54,24,0.185,1,0.0,2026-08-16T22:00:00Z
3313631,New York City FC vs. Philadelphia Union: O/U 4.5,mls-nyc-phi-2026-08-16-more-markets,12936.54,1,0.185,1,0.0,2026-08-16T22:00:00Z
3313633,New York City FC vs. Philadelphia Union: Both Teams to Score,mls-nyc-phi-2026-08-16-more-markets,11999.84,24,0.61,1,0.0,2026-08-16T22:00:00Z
3313633,New York City FC vs. Philadelphia Union: Both Teams to Score,mls-nyc-phi-2026-08-16-more-markets,11999.84,1,0.625,1,0.0,2026-08-16T22:00:00Z
3313656,Spread: Los Angeles FC (-1.5),mls-laf-sdg-2026-08-15-more-markets,12648.16,24,0.375,0,0.5,2026-08-16T02:30:00Z
3313656,Spread: Los Angeles FC (-1.5),mls-laf-sdg-2026-08-15-more-markets,12648.16,1,0.355,0,0.5,2026-08-16T02:30:00Z
3313657,Spread: San Diego FC (-1.5),mls-laf-sdg-2026-08-15-more-markets,11154.71,24,0.075,0,0.5,2026-08-16T02:30:00Z
3313657,Spread: San Diego FC (-1.5),mls-laf-sdg-2026-08-15-more-markets,11154.71,1,0.085,0,0.5,2026-08-16T02:30:00Z
3313660,Los Angeles FC vs. San Diego FC: O/U 0.5,mls-laf-sdg-2026-08-15-more-markets,23427.05,24,0.965,1,0.5,2026-08-16T02:30:00Z
3313660,Los Angeles FC vs. San Diego FC: O/U 0.5,mls-laf-sdg-2026-08-15-more-markets,23427.05,1,0.967,1,0.5,2026-08-16T02:30:00Z
3313661,Los Angeles FC vs. San Diego FC: O/U 1.5,mls-laf-sdg-2026-08-15-more-markets,15326.33,24,0.855,0,0.5,2026-08-16T02:30:00Z
3313661,Los Angeles FC vs. San Diego FC: O/U 1.5,mls-laf-sdg-2026-08-15-more-markets,15326.33,1,0.855,0,0.5,2026-08-16T02:30:00Z
3313662,Los Angeles FC vs. San Diego FC: O/U 2.5,mls-laf-sdg-2026-08-15-more-markets,39989.49,24,0.655,0,0.5,2026-08-16T02:30:00Z
3313662,Los Angeles FC vs. San Diego FC: O/U 2.5,mls-laf-sdg-2026-08-15-more-markets,39989.49,1,0.665,0,0.5,2026-08-16T02:30:00Z
3313663,Los Angeles FC vs. San Diego FC: O/U 3.5,mls-laf-sdg-2026-08-15-more-markets,25299.59,24,0.435,0,0.5,2026-08-16T02:30:00Z
3313663,Los Angeles FC vs. San Diego FC: O/U 3.5,mls-laf-sdg-2026-08-15-more-markets,25299.59,1,0.445,0,0.5,2026-08-16T02:30:00Z
3313666,Los Angeles FC vs. San Diego FC: Both Teams to Score,mls-laf-sdg-2026-08-15-more-markets,19280.68,24,0.615,0,0.5,2026-08-16T02:30:00Z
3313666,Los Angeles FC vs. San Diego FC: Both Teams to Score,mls-laf-sdg-2026-08-15-more-markets,19280.68,1,0.635,0,0.5,2026-08-16T02:30:00Z
3313699,Spread: St. Louis City SC (-1.5),mls-sje-stl-2026-08-15-more-markets,27453.27,24,0.145,1,0.5,2026-08-16T02:30:00Z
3313699,Spread: St. Louis City SC (-1.5),mls-sje-stl-2026-08-15-more-markets,27453.27,1,0.135,1,0.5,2026-08-16T02:30:00Z
3313701,Spread: St. Louis City SC (-2.5),mls-sje-stl-2026-08-15-more-markets,10165.95,24,0.0515,0,0.5,2026-08-16T02:30:00Z
3313701,Spread: St. Louis City SC (-2.5),mls-sje-stl-2026-08-15-more-markets,10165.95,1,0.0525,0,0.5,2026-08-16T02:30:00Z
3313704,San Jose Earthquakes vs. St. Louis City SC: O/U 2.5,mls-sje-stl-2026-08-15-more-markets,10348.89,24,0.645,1,0.5,2026-08-16T02:30:00Z
3313704,San Jose Earthquakes vs. St. Louis City SC: O/U 2.5,mls-sje-stl-2026-08-15-more-markets,10348.89,1,0.645,1,0.5,2026-08-16T02:30:00Z
3313705,San Jose Earthquakes vs. St. Louis City SC: O/U 3.5,mls-sje-stl-2026-08-15-more-markets,29423.25,24,0.425,1,0.5,2026-08-16T02:30:00Z
3313705,San Jose Earthquakes vs. St. Louis City SC: O/U 3.5,mls-sje-stl-2026-08-15-more-markets,29423.25,1,0.435,1,0.5,2026-08-16T02:30:00Z
3313706,San Jose Earthquakes vs. St. Louis City SC: O/U 4.5,mls-sje-stl-2026-08-15-more-markets,21701.31,24,0.235,0,0.5,2026-08-16T02:30:00Z
3313706,San Jose Earthquakes vs. St. Louis City SC: O/U 4.5,mls-sje-stl-2026-08-15-more-markets,21701.31,1,0.245,0,0.5,2026-08-16T02:30:00Z
3313707,San Jose Earthquakes vs. St. Louis City SC: O/U 5.5,mls-sje-stl-2026-08-15-more-markets,12704.1,24,0.115,0,0.5,2026-08-16T02:30:00Z
3313707,San Jose Earthquakes vs. St. Louis City SC: O/U 5.5,mls-sje-stl-2026-08-15-more-markets,12704.1,1,0.115,0,0.5,2026-08-16T02:30:00Z
3313736,Colorado Rapids SC vs. Sporting Kansas City: O/U 1.5,mls-col-skc-2026-08-15-more-markets,34349.87,24,0.845,1,0.5,2026-08-16T01:30:00Z
3313736,Colorado Rapids SC vs. Sporting Kansas City: O/U 1.5,mls-col-skc-2026-08-15-more-markets,34349.87,1,0.845,1,0.49,2026-08-16T01:30:00Z
3313737,Colorado Rapids SC vs. Sporting Kansas City: O/U 2.5,mls-col-skc-2026-08-15-more-markets,14738.42,24,0.655,0,0.5,2026-08-16T01:30:00Z
3313737,Colorado Rapids SC vs. Sporting Kansas City: O/U 2.5,mls-col-skc-2026-08-15-more-markets,14738.42,1,0.655,0,0.5,2026-08-16T01:30:00Z
3313738,Colorado Rapids SC vs. Sporting Kansas City: O/U 3.5,mls-col-skc-2026-08-15-more-markets,12381.47,24,0.435,0,0.5,2026-08-16T01:30:00Z
3313738,Colorado Rapids SC vs. Sporting Kansas City: O/U 3.5,mls-col-skc-2026-08-15-more-markets,12381.47,1,0.435,0,0.49,2026-08-16T01:30:00Z
3313772,Real Salt Lake vs. Minnesota United FC: O/U 0.5,mls-rsl-min-2026-08-15-more-markets,15955.39,24,0.9505,1,0.5,2026-08-16T01:30:00Z
3313772,Real Salt Lake vs. Minnesota United FC: O/U 0.5,mls-rsl-min-2026-08-15-more-markets,15955.39,1,0.9525,1,0.49,2026-08-16T01:30:00Z
3313773,Real Salt Lake vs. Minnesota United FC: O/U 1.5,mls-rsl-min-2026-08-15-more-markets,13996.77,24,0.825,1,0.5,2026-08-16T01:30:00Z
3313773,Real Salt Lake vs. Minnesota United FC: O/U 1.5,mls-rsl-min-2026-08-15-more-markets,13996.77,1,0.815,1,0.49,2026-08-16T01:30:00Z
3313774,Real Salt Lake vs. Minnesota United FC: O/U 2.5,mls-rsl-min-2026-08-15-more-markets,31243.78,24,0.605,0,0.5,2026-08-16T01:30:00Z
3313774,Real Salt Lake vs. Minnesota United FC: O/U 2.5,mls-rsl-min-2026-08-15-more-markets,31243.78,1,0.595,0,0.5,2026-08-16T01:30:00Z
3313801,Spread: Houston Dynamo (-1.5),mls-hou-lag-2026-08-15-more-markets,11712.57,24,0.315,0,0.5,2026-08-16T00:30:00Z
3313801,Spread: Houston Dynamo (-1.5),mls-hou-lag-2026-08-15-more-markets,11712.57,1,0.335,0,0.5,2026-08-16T00:30:00Z
3313807,Houston Dynamo vs. Los Angeles Galaxy: O/U 2.5,mls-hou-lag-2026-08-15-more-markets,19624.06,24,0.575,0,0.5,2026-08-16T00:30:00Z
3313807,Houston Dynamo vs. Los Angeles Galaxy: O/U 2.5,mls-hou-lag-2026-08-15-more-markets,19624.06,1,0.585,0,0.5,2026-08-16T00:30:00Z
3313839,Spread: Inter Miami CF (-1.5),mls-nas-mia-2026-08-15-more-markets,17550.67,24,0.175,0,0.5,2026-08-16T00:30:00Z
3313839,Spread: Inter Miami CF (-1.5),mls-nas-mia-2026-08-15-more-markets,17550.67,1,0.175,0,0.5,2026-08-16T00:30:00Z
3313840,Spread: Nashville SC (-2.5),mls-nas-mia-2026-08-15-more-markets,15139.1,24,0.08,1,0.49,2026-08-16T00:30:00Z
3313840,Spread: Nashville SC (-2.5),mls-nas-mia-2026-08-15-more-markets,15139.1,1,0.085,1,0.5,2026-08-16T00:30:00Z
3313842,Nashville SC vs. Inter Miami CF: O/U 0.5,mls-nas-mia-2026-08-15-more-markets,16831.01,24,0.9615,1,0.5,2026-08-16T00:30:00Z
3313842,Nashville SC vs. Inter Miami CF: O/U 0.5,mls-nas-mia-2026-08-15-more-markets,16831.01,1,0.9615,1,0.5,2026-08-16T00:30:00Z
3313843,Nashville SC vs. Inter Miami CF: O/U 1.5,mls-nas-mia-2026-08-15-more-markets,37631.07,24,0.855,1,0.5,2026-08-16T00:30:00Z
3313843,Nashville SC vs. Inter Miami CF: O/U 1.5,mls-nas-mia-2026-08-15-more-markets,37631.07,1,0.845,1,0.5,2026-08-16T00:30:00Z
3313844,Nashville SC vs. Inter Miami CF: O/U 2.5,mls-nas-mia-2026-08-15-more-markets,15713.53,24,0.645,1,0.49,2026-08-16T00:30:00Z
3313844,Nashville SC vs. Inter Miami CF: O/U 2.5,mls-nas-mia-2026-08-15-more-markets,15713.53,1,0.645,1,0.5,2026-08-16T00:30:00Z
3313845,Nashville SC vs. Inter Miami CF: O/U 3.5,mls-nas-mia-2026-08-15-more-markets,34032.85,24,0.435,1,0.5,2026-08-16T00:30:00Z
3313845,Nashville SC vs. Inter Miami CF: O/U 3.5,mls-nas-mia-2026-08-15-more-markets,34032.85,1,0.425,1,0.5,2026-08-16T00:30:00Z
3313846,Nashville SC vs. Inter Miami CF: O/U 4.5,mls-nas-mia-2026-08-15-more-markets,23350.58,24,0.245,1,0.49,2026-08-16T00:30:00Z
3313846,Nashville SC vs. Inter Miami CF: O/U 4.5,mls-nas-mia-2026-08-15-more-markets,23350.58,1,0.245,1,0.5,2026-08-16T00:30:00Z
3313847,Nashville SC vs. Inter Miami CF: O/U 5.5,mls-nas-mia-2026-08-15-more-markets,26532.34,24,0.12,0,0.5,2026-08-16T00:30:00Z
3313847,Nashville SC vs. Inter Miami CF: O/U 5.5,mls-nas-mia-2026-08-15-more-markets,26532.34,1,0.115,0,0.5,2026-08-16T00:30:00Z
3313848,Nashville SC vs. Inter Miami CF: Both Teams to Score,mls-nas-mia-2026-08-15-more-markets,13893.44,24,0.675,1,0.49,2026-08-16T00:30:00Z
3313848,Nashville SC vs. Inter Miami CF: Both Teams to Score,mls-nas-mia-2026-08-15-more-markets,13893.44,1,0.665,1,0.5,2026-08-16T00:30:00Z
3313850,Nashville SC vs. Inter Miami CF: 1st Half O/U 0.5,mls-nas-mia-2026-08-15-more-markets,10518.86,24,0.785,1,0.49,2026-08-16T00:30:00Z
3313850,Nashville SC vs. Inter Miami CF: 1st Half O/U 0.5,mls-nas-mia-2026-08-15-more-markets,10518.86,1,0.775,1,0.5,2026-08-16T00:30:00Z
3313874,Spread: Orlando City SC (-1.5),mls-orl-fcc-2026-08-15-more-markets,10530.67,24,0.25,0,0.5,2026-08-15T23:30:00Z
3313874,Spread: Orlando City SC (-1.5),mls-orl-fcc-2026-08-15-more-markets,10530.67,1,0.235,0,0.5,2026-08-15T23:30:00Z
3313878,Orlando City SC vs. FC Cincinnati: O/U 0.5,mls-orl-fcc-2026-08-15-more-markets,17667.66,24,0.977,1,0.5,2026-08-15T23:30:00Z
3313878,Orlando City SC vs. FC Cincinnati: O/U 0.5,mls-orl-fcc-2026-08-15-more-markets,17667.66,1,0.9775,1,0.5,2026-08-15T23:30:00Z
3313880,Orlando City SC vs. FC Cincinnati: O/U 2.5,mls-orl-fcc-2026-08-15-more-markets,16234.32,24,0.755,0,0.5,2026-08-15T23:30:00Z
3313880,Orlando City SC vs. FC Cincinnati: O/U 2.5,mls-orl-fcc-2026-08-15-more-markets,16234.32,1,0.745,0,0.5,2026-08-15T23:30:00Z
3313881,Orlando City SC vs. FC Cincinnati: O/U 3.5,mls-orl-fcc-2026-08-15-more-markets,90329.69,24,0.56,0,0.5,2026-08-15T23:30:00Z
3313881,Orlando City SC vs. FC Cincinnati: O/U 3.5,mls-orl-fcc-2026-08-15-more-markets,90329.69,1,0.545,0,0.5,2026-08-15T23:30:00Z
3313882,Orlando City SC vs. FC Cincinnati: O/U 4.5,mls-orl-fcc-2026-08-15-more-markets,17360.21,24,0.365,0,0.5,2026-08-15T23:30:00Z
3313882,Orlando City SC vs. FC Cincinnati: O/U 4.5,mls-orl-fcc-2026-08-15-more-markets,17360.21,1,0.345,0,0.5,2026-08-15T23:30:00Z
3313914,Atlanta United FC vs. New York Red Bulls: O/U 3.5,mls-atl-nyr-2026-08-15-more-markets,14431.26,24,0.465,0,0.5,2026-08-15T23:30:00Z
3313914,Atlanta United FC vs. New York Red Bulls: O/U 3.5,mls-atl-nyr-2026-08-15-more-markets,14431.26,1,0.465,0,0.5,2026-08-15T23:30:00Z
3313916,Atlanta United FC vs. New York Red Bulls: O/U 5.5,mls-atl-nyr-2026-08-15-more-markets,13453.98,24,0.14,0,0.5,2026-08-15T23:30:00Z
3313916,Atlanta United FC vs. New York Red Bulls: O/U 5.5,mls-atl-nyr-2026-08-15-more-markets,13453.98,1,0.135,0,0.5,2026-08-15T23:30:00Z
3313917,Atlanta United FC vs. New York Red Bulls: Both Teams to Score,mls-atl-nyr-2026-08-15-more-markets,20075.26,24,0.685,1,0.5,2026-08-15T23:30:00Z
3313917,Atlanta United FC vs. New York Red Bulls: Both Teams to Score,mls-atl-nyr-2026-08-15-more-markets,20075.26,1,0.685,1,0.5,2026-08-15T23:30:00Z
3313940,Spread: Toronto FC (-1.5),mls-tor-ner-2026-08-15-more-markets,30046.37,24,0.23,0,0.5,2026-08-15T23:30:00Z
3313940,Spread: Toronto FC (-1.5),mls-tor-ner-2026-08-15-more-markets,30046.37,1,0.245,0,0.5,2026-08-15T23:30:00Z
