market_id,question,category,volume,horizon_hours,quoted_prob,outcome,quote_gap_hours,end_date
700645,Will Ashley B. Moody be the Republican nominee for Senate in Florida?,florida-republican-senate-primary-winner,11540.06,168,0.989,1,0.01,2026-08-18T00:00:00Z
700645,Will Ashley B. Moody be the Republican nominee for Senate in Florida?,florida-republican-senate-primary-winner,11540.06,24,0.997,1,0.0,2026-08-18T00:00:00Z
700645,Will Ashley B. Moody be the Republican nominee for Senate in Florida?,florida-republican-senate-primary-winner,11540.06,1,0.989,1,0.0,2026-08-18T00:00:00Z
704423,Will Madison Cawthorn be the Republican nominee for FL-19?,fl-19-republican-primary-winner,11170.62,168,0.035,0,0.01,2026-08-18T00:00:00Z
704423,Will Madison Cawthorn be the Republican nominee for FL-19?,fl-19-republican-primary-winner,11170.62,24,0.0015,0,0.01,2026-08-18T00:00:00Z
704423,Will Madison Cawthorn be the Republican nominee for FL-19?,fl-19-republican-primary-winner,11170.62,1,0.0005,0,0.0,2026-08-18T00:00:00Z
704424,Will Catalina Lauf be the Republican nominee for FL-19?,fl-19-republican-primary-winner,89483.73,168,0.36,0,0.01,2026-08-18T00:00:00Z
704424,Will Catalina Lauf be the Republican nominee for FL-19?,fl-19-republican-primary-winner,89483.73,24,0.825,0,0.01,2026-08-18T00:00:00Z
704424,Will Catalina Lauf be the Republican nominee for FL-19?,fl-19-republican-primary-winner,89483.73,1,0.895,0,0.01,2026-08-18T00:00:00Z
704425,Will Bob Rommel be the Republican nominee for FL-19?,fl-19-republican-primary-winner,43806.74,168,0.0155,0,0.01,2026-08-18T00:00:00Z
704425,Will Bob Rommel be the Republican nominee for FL-19?,fl-19-republican-primary-winner,43806.74,24,0.0005,0,0.01,2026-08-18T00:00:00Z
704425,Will Bob Rommel be the Republican nominee for FL-19?,fl-19-republican-primary-winner,43806.74,1,0.0005,0,0.01,2026-08-18T00:00:00Z
704426,Will Spencer Roach be the Republican nominee for FL-19?,fl-19-republican-primary-winner,42302.65,168,0.007,0,0.01,2026-08-18T00:00:00Z
704426,Will Spencer Roach be the Republican nominee for FL-19?,fl-19-republican-primary-winner,42302.65,24,0.0005,0,0.01,2026-08-18T00:00:00Z
704426,Will Spencer Roach be the Republican nominee for FL-19?,fl-19-republican-primary-winner,42302.65,1,0.0005,0,0.01,2026-08-18T00:00:00Z
704427,Will Jim Oberweis be the Republican nominee for FL-19?,fl-19-republican-primary-winner,14749.85,168,0.1075,0,0.01,2026-08-18T00:00:00Z
704427,Will Jim Oberweis be the Republican nominee for FL-19?,fl-19-republican-primary-winner,14749.85,24,0.0175,0,0.01,2026-08-18T00:00:00Z
704427,Will Jim Oberweis be the Republican nominee for FL-19?,fl-19-republican-primary-winner,14749.85,1,0.0105,0,0.01,2026-08-18T00:00:00Z
704428,Will Jim Schwartzel be the Republican nominee for FL-19?,fl-19-republican-primary-winner,38170.87,168,0.401,1,0.01,2026-08-18T00:00:00Z
704428,Will Jim Schwartzel be the Republican nominee for FL-19?,fl-19-republican-primary-winner,38170.87,24,0.1505,1,0.01,2026-08-18T00:00:00Z
704428,Will Jim Schwartzel be the Republican nominee for FL-19?,fl-19-republican-primary-winner,38170.87,1,0.1005,1,0.01,2026-08-18T00:00:00Z
704474,Will Byron Donalds be the Republican nominee for Florida Governor?,republican-nominee-for-florida-governor,1495808.98,168,0.986,1,0.01,2026-08-18T00:00:00Z
704474,Will Byron Donalds be the Republican nominee for Florida Governor?,republican-nominee-for-florida-governor,1495808.98,24,0.9895,1,0.01,2026-08-18T00:00:00Z
704474,Will Byron Donalds be the Republican nominee for Florida Governor?,republican-nominee-for-florida-governor,1495808.98,1,0.9915,1,0.0,2026-08-18T00:00:00Z
704475,Will James Fishback be the Republican nominee for Florida Governor?,republican-nominee-for-florida-governor,6462255.49,168,0.007,0,0.01,2026-08-18T00:00:00Z
704475,Will James Fishback be the Republican nominee for Florida Governor?,republican-nominee-for-florida-governor,6462255.49,24,0.009,0,0.01,2026-08-18T00:00:00Z
704475,Will James Fishback be the Republican nominee for Florida Governor?,republican-nominee-for-florida-governor,6462255.49,1,0.008,0,0.01,2026-08-18T00:00:00Z
704476,Will Wilton Simpson be the Republican nominee for Florida Governor?,republican-nominee-for-florida-governor,83086.18,168,0.0005,0,0.01,2026-08-18T00:00:00Z
704476,Will Wilton Simpson be the Republican nominee for Florida Governor?,republican-nominee-for-florida-governor,83086.18,24,0.0005,0,0.01,2026-08-18T00:00:00Z
704476,Will Wilton Simpson be the Republican nominee for Florida Governor?,republican-nominee-for-florida-governor,83086.18,1,0.0005,0,0.01,2026-08-18T00:00:00Z
704477,Will Jay Collins be the Republican nominee for Florida Governor?,republican-nominee-for-florida-governor,1419766.75,168,0.0065,0,0.01,2026-08-18T00:00:00Z
704477,Will Jay Collins be the Republican nominee for Florida Governor?,republican-nominee-for-florida-governor,1419766.75,24,0.0005,0,0.01,2026-08-18T00:00:00Z
704477,Will Jay Collins be the Republican nominee for Florida Governor?,republican-nominee-for-florida-governor,1419766.75,1,0.0015,0,0.01,2026-08-18T00:00:00Z
704478,Will Casey DeSantis be the Republican nominee for Florida Governor?,republican-nominee-for-florida-governor,227503.95,168,0.0005,0,0.01,2026-08-18T00:00:00Z
704478,Will Casey DeSantis be the Republican nominee for Florida Governor?,republican-nominee-for-florida-governor,227503.95,24,0.0005,0,0.01,2026-08-18T00:00:00Z
704478,Will Casey DeSantis be the Republican nominee for Florida Governor?,republican-nominee-for-florida-governor,227503.95,1,0.0005,0,0.01,2026-08-18T00:00:00Z
704479,Will Jimmy Patronis be the Republican nominee for Florida Governor?,republican-nominee-for-florida-governor,54194.71,168,0.0005,0,0.01,2026-08-18T00:00:00Z
704479,Will Jimmy Patronis be the Republican nominee for Florida Governor?,republican-nominee-for-florida-governor,54194.71,24,0.0005,0,0.0,2026-08-18T00:00:00Z
704479,Will Jimmy Patronis be the Republican nominee for Florida Governor?,republican-nominee-for-florida-governor,54194.71,1,0.0005,0,0.0,2026-08-18T00:00:00Z
704480,Will Matt Gaetz be the Republican nominee for Florida Governor?,republican-nominee-for-florida-governor,52967.6,168,0.0005,0,0.01,2026-08-18T00:00:00Z
704480,Will Matt Gaetz be the Republican nominee for Florida Governor?,republican-nominee-for-florida-governor,52967.6,24,0.0005,0,0.01,2026-08-18T00:00:00Z
704480,Will Matt Gaetz be the Republican nominee for Florida Governor?,republican-nominee-for-florida-governor,52967.6,1,0.0005,0,0.01,2026-08-18T00:00:00Z
704499,Will David Jolly be the Democratic nominee for Florida Governor?,democratic-nominee-for-florida-governor,13073.1,168,0.9825,1,0.01,2026-08-18T00:00:00Z
704499,Will David Jolly be the Democratic nominee for Florida Governor?,democratic-nominee-for-florida-governor,13073.1,24,0.997,1,0.01,2026-08-18T00:00:00Z
704499,Will David Jolly be the Democratic nominee for Florida Governor?,democratic-nominee-for-florida-governor,13073.1,1,0.997,1,0.01,2026-08-18T00:00:00Z
704500,Will Jerry Demings be the Democratic nominee for Florida Governor?,democratic-nominee-for-florida-governor,15178.95,168,0.0085,0,0.01,2026-08-18T00:00:00Z
704500,Will Jerry Demings be the Democratic nominee for Florida Governor?,democratic-nominee-for-florida-governor,15178.95,24,0.0025,0,0.01,2026-08-18T00:00:00Z
704500,Will Jerry Demings be the Democratic nominee for Florida Governor?,democratic-nominee-for-florida-governor,15178.95,1,0.0035,0,0.01,2026-08-18T00:00:00Z
787547,Will Kaela Berg be the Democratic nominee for MN-02?,who-will-be-the-democratic-nominee-for-mn-02,12769.43,24,0.016,0,0.01,2026-08-11T00:00:00Z
787547,Will Kaela Berg be the Democratic nominee for MN-02?,who-will-be-the-democratic-nominee-for-mn-02,12769.43,1,0.0045,0,0.0,2026-08-11T00:00:00Z
787548,Will Matt Klein be the Democratic nominee for MN-02?,who-will-be-the-democratic-nominee-for-mn-02,29692.21,24,0.331,0,0.0,2026-08-11T00:00:00Z
787548,Will Matt Klein be the Democratic nominee for MN-02?,who-will-be-the-democratic-nominee-for-mn-02,29692.21,1,0.2535,0,0.0,2026-08-11T00:00:00Z
787549,Will Matt Little be the Democratic nominee for MN-02?,who-will-be-the-democratic-nominee-for-mn-02,77991.19,24,0.65,1,0.0,2026-08-11T00:00:00Z
787549,Will Matt Little be the Democratic nominee for MN-02?,who-will-be-the-democratic-nominee-for-mn-02,77991.19,1,0.755,1,0.0,2026-08-11T00:00:00Z
799357,Will Royce White be the Republican nominee for Senate in Minnesota?,minnesota-republican-senate-primary-winner,37736.15,24,0.007,0,0.01,2026-08-11T00:00:00Z
799357,Will Royce White be the Republican nominee for Senate in Minnesota?,minnesota-republican-senate-primary-winner,37736.15,1,0.005,0,0.0,2026-08-11T00:00:00Z
799361,Will Adam Schwarze be the Republican nominee for Senate in Minnesota?,minnesota-republican-senate-primary-winner,11948.35,24,0.015,0,0.01,2026-08-11T00:00:00Z
799361,Will Adam Schwarze be the Republican nominee for Senate in Minnesota?,minnesota-republican-senate-primary-winner,11948.35,1,0.0085,0,0.0,2026-08-11T00:00:00Z
799364,Will David Hann be the Republican nominee for Senate in Minnesota?,minnesota-republican-senate-primary-winner,24038.54,24,0.0005,0,0.0,2026-08-11T00:00:00Z
799364,Will David Hann be the Republican nominee for Senate in Minnesota?,minnesota-republican-senate-primary-winner,24038.54,1,0.0005,0,0.0,2026-08-11T00:00:00Z
799368,Will Michele Tafoya be the Republican nominee for Senate in Minnesota?,minnesota-republican-senate-primary-winner,13534.12,24,0.9855,1,0.01,2026-08-11T00:00:00Z
799368,Will Michele Tafoya be the Republican nominee for Senate in Minnesota?,minnesota-republican-senate-primary-winner,13534.12,1,0.9925,1,0.0,2026-08-11T00:00:00Z
799419,Will Peggy Flanagan be the Democratic nominee for Senate in Minnesota?,minnesota-democratic-senate-primary-winner,255923.23,24,0.71,1,0.0,2026-08-11T00:00:00Z
799419,Will Peggy Flanagan be the Democratic nominee for Senate in Minnesota?,minnesota-democratic-senate-primary-winner,255923.23,1,0.705,1,0.0,2026-08-11T00:00:00Z
799420,Will Angie Craig be the Democratic nominee for Senate in Minnesota?,minnesota-democratic-senate-primary-winner,153321.98,24,0.295,0,0.01,2026-08-11T00:00:00Z
799420,Will Angie Craig be the Democratic nominee for Senate in Minnesota?,minnesota-democratic-senate-primary-winner,153321.98,1,0.305,0,0.0,2026-08-11T00:00:00Z
799422,Will Ilhan Omar be the Democratic nominee for Senate in Minnesota?,minnesota-democratic-senate-primary-winner,11292.91,24,0.0005,0,0.01,2026-08-11T00:00:00Z
799422,Will Ilhan Omar be the Democratic nominee for Senate in Minnesota?,minnesota-democratic-senate-primary-winner,11292.91,1,0.0005,0,0.0,2026-08-11T00:00:00Z
799651,Will Ed Markey be the Democratic nominee for Senate in Massachusetts?,massachusetts-democratic-senate-primary-winner,92725.08,720,0.815,1,136.0,2026-09-01T00:00:00Z
799651,Will Ed Markey be the Democratic nominee for Senate in Massachusetts?,massachusetts-democratic-senate-primary-winner,92725.08,168,0.945,1,0.0,2026-09-01T00:00:00Z
799651,Will Ed Markey be the Democratic nominee for Senate in Massachusetts?,massachusetts-democratic-senate-primary-winner,92725.08,24,0.9865,1,0.01,2026-09-01T00:00:00Z
799651,Will Ed Markey be the Democratic nominee for Senate in Massachusetts?,massachusetts-democratic-senate-primary-winner,92725.08,1,0.99,1,0.0,2026-09-01T00:00:00Z
799654,Will Seth Moulton be the Democratic nominee for Senate in Massachusetts?,massachusetts-democratic-senate-primary-winner,114750.87,720,0.185,0,136.0,2026-09-01T00:00:00Z
799654,Will Seth Moulton be the Democratic nominee for Senate in Massachusetts?,massachusetts-democratic-senate-primary-winner,114750.87,168,0.065,0,0.01,2026-09-01T00:00:00Z
799654,Will Seth Moulton be the Democratic nominee for Senate in Massachusetts?,massachusetts-democratic-senate-primary-winner,114750.87,24,0.012,0,0.01,2026-09-01T00:00:00Z
799654,Will Seth Moulton be the Democratic nominee for Senate in Massachusetts?,massachusetts-democratic-senate-primary-winner,114750.87,1,0.007,0,0.0,2026-09-01T00:00:00Z
799876,Will Jared Moskowitz be the Democratic nominee for Senate in Florida?,florida-democratic-senate-primary-winner,52959.94,168,0.0005,0,0.01,2026-08-18T00:00:00Z
799876,Will Jared Moskowitz be the Democratic nominee for Senate in Florida?,florida-democratic-senate-primary-winner,52959.94,24,0.0005,0,0.01,2026-08-18T00:00:00Z
799876,Will Jared Moskowitz be the Democratic nominee for Senate in Florida?,florida-democratic-senate-primary-winner,52959.94,1,0.0005,0,0.01,2026-08-18T00:00:00Z
799879,Will Alexander Vindman be the Democratic nominee for Senate in Florida?,florida-democratic-senate-primary-winner,99614.48,168,0.9265,0,0.01,2026-08-18T00:00:00Z
799879,Will Alexander Vindman be the Democratic nominee for Senate in Florida?,florida-democratic-senate-primary-winner,99614.48,24,0.926,0,0.01,2026-08-18T00:00:00Z
799879,Will Alexander Vindman be the Democratic nominee for Senate in Florida?,florida-democratic-senate-primary-winner,99614.48,1,0.9185,0,0.0,2026-08-18T00:00:00Z
799881,Will Jennifer Jenkins be the Democratic nominee for Senate in Florida?,florida-democratic-senate-primary-winner,36724.41,168,0.0005,0,0.01,2026-08-18T00:00:00Z
799881,Will Jennifer Jenkins be the Democratic nominee for Senate in Florida?,florida-democratic-senate-primary-winner,36724.41,24,0.0005,0,0.01,2026-08-18T00:00:00Z
799881,Will Jennifer Jenkins be the Democratic nominee for Senate in Florida?,florida-democratic-senate-primary-winner,36724.41,1,0.0005,0,0.01,2026-08-18T00:00:00Z
799883,Will Angie Nixon be the Democratic nominee for Senate in Florida?,florida-democratic-senate-primary-winner,88123.22,168,0.0735,1,0.01,2026-08-18T00:00:00Z
799883,Will Angie Nixon be the Democratic nominee for Senate in Florida?,florida-democratic-senate-primary-winner,88123.22,24,0.0755,1,0.01,2026-08-18T00:00:00Z
799883,Will Angie Nixon be the Democratic nominee for Senate in Florida?,florida-democratic-senate-primary-winner,88123.22,1,0.0725,1,0.01,2026-08-18T00:00:00Z
826114,Will Josh Elliott win the 2026 Connecticut Governor Democratic primary election?,connecticut-governor-democratic-primary-winner,19323.11,24,0.0075,0,0.0,2026-08-11T00:00:00Z
826114,Will Josh Elliott win the 2026 Connecticut Governor Democratic primary election?,connecticut-governor-democratic-primary-winner,19323.11,1,0.005,0,0.0,2026-08-11T00:00:00Z
826115,Will Ned Lamont win the 2026 Connecticut Governor Democratic primary election?,connecticut-governor-democratic-primary-winner,26002.47,24,0.992,1,0.01,2026-08-11T00:00:00Z
826115,Will Ned Lamont win the 2026 Connecticut Governor Democratic primary election?,connecticut-governor-democratic-primary-winner,26002.47,1,0.995,1,0.0,2026-08-11T00:00:00Z
826144,Will Ryan Fazio win the 2026 Connecticut Governor Republican primary election?,connecticut-governor-republican-primary-winner,11546.41,24,0.9955,1,0.0,2026-08-11T00:00:00Z
826144,Will Ryan Fazio win the 2026 Connecticut Governor Republican primary election?,connecticut-governor-republican-primary-winner,11546.41,1,0.996,1,0.0,2026-08-11T00:00:00Z
907436,Will Mike Kennealy win the 2026 Massachusetts Governor Republican primary election?,massachusetts-governor-republican-primary-winner,13508.04,720,0.002,0,136.0,2026-09-01T00:00:00Z
907436,Will Mike Kennealy win the 2026 Massachusetts Governor Republican primary election?,massachusetts-governor-republican-primary-winner,13508.04,168,0.0065,0,0.0,2026-09-01T00:00:00Z
907436,Will Mike Kennealy win the 2026 Massachusetts Governor Republican primary election?,massachusetts-governor-republican-primary-winner,13508.04,24,0.0025,0,0.01,2026-09-01T00:00:00Z
907436,Will Mike Kennealy win the 2026 Massachusetts Governor Republican primary election?,massachusetts-governor-republican-primary-winner,13508.04,1,0.003,0,0.0,2026-09-01T00:00:00Z
907437,Will Michael Minogue win the 2026 Massachusetts Governor Republican primary election?,massachusetts-governor-republican-primary-winner,24658.42,720,0.9705,1,136.0,2026-09-01T00:00:00Z
907437,Will Michael Minogue win the 2026 Massachusetts Governor Republican primary election?,massachusetts-governor-republican-primary-winner,24658.42,168,0.9715,1,0.01,2026-09-01T00:00:00Z
907437,Will Michael Minogue win the 2026 Massachusetts Governor Republican primary election?,massachusetts-governor-republican-primary-winner,24658.42,24,0.9855,1,0.01,2026-09-01T00:00:00Z
907437,Will Michael Minogue win the 2026 Massachusetts Governor Republican primary election?,massachusetts-governor-republican-primary-winner,24658.42,1,0.9895,1,0.0,2026-09-01T00:00:00Z
907475,Will Charity Clark win the 2026 Vermont Governor Democratic primary election?,vermont-governor-democratic-primary-winner,57824.96,24,0.0005,0,0.01,2026-08-11T00:00:00Z
907475,Will Charity Clark win the 2026 Vermont Governor Democratic primary election?,vermont-governor-democratic-primary-winner,57824.96,1,0.0005,0,0.0,2026-08-11T00:00:00Z
907476,Will Mike Pieciak win the 2026 Vermont Governor Democratic primary election?,vermont-governor-democratic-primary-winner,16180.54,24,0.0005,0,0.0,2026-08-11T00:00:00Z
907476,Will Mike Pieciak win the 2026 Vermont Governor Democratic primary election?,vermont-governor-democratic-primary-winner,16180.54,1,0.0005,0,0.0,2026-08-11T00:00:00Z
907477,Will Esther Charlestin win the 2026 Vermont Governor Democratic primary election?,vermont-governor-democratic-primary-winner,11469.46,24,0.0005,0,0.01,2026-08-11T00:00:00Z
907477,Will Esther Charlestin win the 2026 Vermont Governor Democratic primary election?,vermont-governor-democratic-primary-winner,11469.46,1,0.0005,0,0.0,2026-08-11T00:00:00Z
907478,Will Aly Richards win the 2026 Vermont Governor Democratic primary election?,vermont-governor-democratic-primary-winner,22936.82,24,0.685,0,0.01,2026-08-11T00:00:00Z
907478,Will Aly Richards win the 2026 Vermont Governor Democratic primary election?,vermont-governor-democratic-primary-winner,22936.82,1,0.415,0,0.0,2026-08-11T00:00:00Z
907479,Will Amanda Janoo win the 2026 Vermont Governor Democratic primary election?,vermont-governor-democratic-primary-winner,15282.25,24,0.3005,1,0.01,2026-08-11T00:00:00Z
907479,Will Amanda Janoo win the 2026 Vermont Governor Democratic primary election?,vermont-governor-democratic-primary-winner,15282.25,1,0.5725,1,0.0,2026-08-11T00:00:00Z
907493,Will Phil Scott win the 2026 Vermont Governor Republican primary election?,vermont-governor-republican-primary-winner,14087.02,24,0.9995,1,0.01,2026-08-11T00:00:00Z
907493,Will Phil Scott win the 2026 Vermont Governor Republican primary election?,vermont-governor-republican-primary-winner,14087.02,1,0.9995,1,0.0,2026-08-11T00:00:00Z
907511,Will Mandela Barnes win the 2026 Wisconsin Governor Democratic primary election?,wisconsin-governor-democratic-primary-winner,48661.36,24,0.0005,0,0.01,2026-08-11T00:00:00Z
907511,Will Mandela Barnes win the 2026 Wisconsin Governor Democratic primary election?,wisconsin-governor-democratic-primary-winner,48661.36,1,0.0005,0,0.0,2026-08-11T00:00:00Z
907512,Will David Crowley win the 2026 Wisconsin Governor Democratic primary election?,wisconsin-governor-democratic-primary-winner,1407522.86,24,0.0455,1,0.0,2026-08-11T00:00:00Z
907512,Will David Crowley win the 2026 Wisconsin Governor Democratic primary election?,wisconsin-governor-democratic-primary-winner,1407522.86,1,0.0465,1,0.0,2026-08-11T00:00:00Z
907513,Will Francesca Hong win the 2026 Wisconsin Governor Democratic primary election?,wisconsin-governor-democratic-primary-winner,1835669.32,24,0.95,0,0.01,2026-08-11T00:00:00Z
907513,Will Francesca Hong win the 2026 Wisconsin Governor Democratic primary election?,wisconsin-governor-democratic-primary-winner,1835669.32,1,0.956,0,0.0,2026-08-11T00:00:00Z
907514,Will Missy Hughes win the 2026 Wisconsin Governor Democratic primary election?,wisconsin-governor-democratic-primary-winner,12261.13,24,0.0005,0,0.0,2026-08-11T00:00:00Z
907514,Will Missy Hughes win the 2026 Wisconsin Governor Democratic primary election?,wisconsin-governor-democratic-primary-winner,12261.13,1,0.0005,0,0.0,2026-08-11T00:00:00Z
907516,Will Sara Rodriguez win the 2026 Wisconsin Governor Democratic primary election?,wisconsin-governor-democratic-primary-winner,53483.65,24,0.0005,0,0.01,2026-08-11T00:00:00Z
907516,Will Sara Rodriguez win the 2026 Wisconsin Governor Democratic primary election?,wisconsin-governor-democratic-primary-winner,53483.65,1,0.0005,0,0.0,2026-08-11T00:00:00Z
907518,Will Kelda Roys win the 2026 Wisconsin Governor Democratic primary election?,wisconsin-governor-democratic-primary-winner,17710.64,24,0.0025,0,0.01,2026-08-11T00:00:00Z
907518,Will Kelda Roys win the 2026 Wisconsin Governor Democratic primary election?,wisconsin-governor-democratic-primary-winner,17710.64,1,0.0005,0,0.0,2026-08-11T00:00:00Z
907520,Will Joel Brennan win the 2026 Wisconsin Governor Democratic primary election?,wisconsin-governor-democratic-primary-winner,16321.89,24,0.0005,0,0.01,2026-08-11T00:00:00Z
907520,Will Joel Brennan win the 2026 Wisconsin Governor Democratic primary election?,wisconsin-governor-democratic-primary-winner,16321.89,1,0.0005,0,0.0,2026-08-11T00:00:00Z
907522,Will Chris Larson win the 2026 Wisconsin Governor Democratic primary election?,wisconsin-governor-democratic-primary-winner,14740.32,24,0.0005,0,0.01,2026-08-11T00:00:00Z
907522,Will Chris Larson win the 2026 Wisconsin Governor Democratic primary election?,wisconsin-governor-democratic-primary-winner,14740.32,1,0.0005,0,0.0,2026-08-11T00:00:00Z
907577,Will Tom Tiffany win the 2026 Wisconsin Governor Republican primary election?,wisconsin-governor-republican-primary-winner,16383.8,24,0.995,1,0.0,2026-08-11T00:00:00Z
907577,Will Tom Tiffany win the 2026 Wisconsin Governor Republican primary election?,wisconsin-governor-republican-primary-winner,16383.8,1,0.9995,1,0.0,2026-08-11T00:00:00Z
907579,Will Sean Duffy win the 2026 Wisconsin Governor Republican primary election?,wisconsin-governor-republican-primary-winner,37785.12,24,0.001,0,0.01,2026-08-11T00:00:00Z
907579,Will Sean Duffy win the 2026 Wisconsin Governor Republican primary election?,wisconsin-governor-republican-primary-winner,37785.12,1,0.001,0,0.0,2026-08-11T00:00:00Z
907580,Will Eric Hovde win the 2026 Wisconsin Governor Republican primary election?,wisconsin-governor-republican-primary-winner,21778.77,24,0.0025,0,0.0,2026-08-11T00:00:00Z
907580,Will Eric Hovde win the 2026 Wisconsin Governor Republican primary election?,wisconsin-governor-republican-primary-winner,21778.77,1,0.0025,0,0.0,2026-08-11T00:00:00Z
907599,Will Eric Barlow win the 2026 Wyoming Governor Republican primary election?,wyoming-governor-republican-primary-winner,214138.64,168,0.681,1,0.01,2026-08-18T00:00:00Z
907599,Will Eric Barlow win the 2026 Wyoming Governor Republican primary election?,wyoming-governor-republican-primary-winner,214138.64,24,0.827,1,0.01,2026-08-18T00:00:00Z
907599,Will Eric Barlow win the 2026 Wyoming Governor Republican primary election?,wyoming-governor-republican-primary-winner,214138.64,1,0.8075,1,0.01,2026-08-18T00:00:00Z
907600,Will Brent Bien win the 2026 Wyoming Governor Republican primary election?,wyoming-governor-republican-primary-winner,39709.16,168,0.025,0,0.01,2026-08-18T00:00:00Z
907600,Will Brent Bien win the 2026 Wyoming Governor Republican primary election?,wyoming-governor-republican-primary-winner,39709.16,24,0.018,0,0.01,2026-08-18T00:00:00Z
907600,Will Brent Bien win the 2026 Wyoming Governor Republican primary election?,wyoming-governor-republican-primary-winner,39709.16,1,0.0345,0,0.0,2026-08-18T00:00:00Z
907604,Will Megan Degenfelder win the 2026 Wyoming Governor Republican primary election?,wyoming-governor-republican-primary-winner,118618.74,168,0.295,0,0.01,2026-08-18T00:00:00Z
907604,Will Megan Degenfelder win the 2026 Wyoming Governor Republican primary election?,wyoming-governor-republican-primary-winner,118618.74,24,0.1505,0,0.01,2026-08-18T00:00:00Z
907604,Will Megan Degenfelder win the 2026 Wyoming Governor Republican primary election?,wyoming-governor-republican-primary-winner,118618.74,1,0.1695,0,0.0,2026-08-18T00:00:00Z
907983,Will Lisa Demuth win the 2026 Minnesota Governor Republican primary election?,minnesota-governor-republican-primary-winner,213945.64,24,0.565,1,0.01,2026-08-11T00:00:00Z
907983,Will Lisa Demuth win the 2026 Minnesota Governor Republican primary election?,minnesota-governor-republican-primary-winner,213945.64,1,0.63,1,0.0,2026-08-11T00:00:00Z
907984,Will Scott Jensen win the 2026 Minnesota Governor Republican primary election?,minnesota-governor-republican-primary-winner,144416.97,24,0.0005,0,0.01,2026-08-11T00:00:00Z
907984,Will Scott Jensen win the 2026 Minnesota Governor Republican primary election?,minnesota-governor-republican-primary-winner,144416.97,1,0.0005,0,0.0,2026-08-11T00:00:00Z
907986,Will Patrick Knight win the 2026 Minnesota Governor Republican primary election?,minnesota-governor-republican-primary-winner,13164.63,24,0.0005,0,0.01,2026-08-11T00:00:00Z
907986,Will Patrick Knight win the 2026 Minnesota Governor Republican primary election?,minnesota-governor-republican-primary-winner,13164.63,1,0.0005,0,0.0,2026-08-11T00:00:00Z
907988,Will Chris Madel win the 2026 Minnesota Governor Republican primary election?,minnesota-governor-republican-primary-winner,10421.43,24,0.0005,0,0.0,2026-08-11T00:00:00Z
907988,Will Chris Madel win the 2026 Minnesota Governor Republican primary election?,minnesota-governor-republican-primary-winner,10421.43,1,0.0005,0,0.0,2026-08-11T00:00:00Z
907989,Will Phil Parrish win the 2026 Minnesota Governor Republican primary election?,minnesota-governor-republican-primary-winner,26981.89,24,0.0005,0,0.01,2026-08-11T00:00:00Z
907989,Will Phil Parrish win the 2026 Minnesota Governor Republican primary election?,minnesota-governor-republican-primary-winner,26981.89,1,0.0005,0,0.0,2026-08-11T00:00:00Z
907990,Will Kendall Qualls win the 2026 Minnesota Governor Republican primary election?,minnesota-governor-republican-primary-winner,90793.06,24,0.0185,0,0.01,2026-08-11T00:00:00Z
907990,Will Kendall Qualls win the 2026 Minnesota Governor Republican primary election?,minnesota-governor-republican-primary-winner,90793.06,1,0.014,0,0.0,2026-08-11T00:00:00Z
907991,Will Kristin Robbins win the 2026 Minnesota Governor Republican primary election?,minnesota-governor-republican-primary-winner,16632.79,24,0.0005,0,0.01,2026-08-11T00:00:00Z
907991,Will Kristin Robbins win the 2026 Minnesota Governor Republican primary election?,minnesota-governor-republican-primary-winner,16632.79,1,0.0005,0,0.0,2026-08-11T00:00:00Z
907993,Will Mike Lindell win the 2026 Minnesota Governor Republican primary election?,minnesota-governor-republican-primary-winner,330321.43,24,0.425,0,0.01,2026-08-11T00:00:00Z
907993,Will Mike Lindell win the 2026 Minnesota Governor Republican primary election?,minnesota-governor-republican-primary-winner,330321.43,1,0.375,0,0.0,2026-08-11T00:00:00Z
908034,Will Click Bishop advance from the 2026 Alaska Governor primary election?,who-will-advance-from-the-alaska-governor-primary,72623.79,168,0.315,0,0.01,2026-08-18T00:00:00Z
908034,Will Click Bishop advance from the 2026 Alaska Governor primary election?,who-will-advance-from-the-alaska-governor-primary,72623.79,24,0.31,0,0.01,2026-08-18T00:00:00Z
908034,Will Click Bishop advance from the 2026 Alaska Governor primary election?,who-will-advance-from-the-alaska-governor-primary,72623.79,1,0.275,0,0.0,2026-08-18T00:00:00Z
908035,Will Dave Bronson advance from the 2026 Alaska Governor primary election?,who-will-advance-from-the-alaska-governor-primary,20011.6,168,0.515,1,0.01,2026-08-18T00:00:00Z
908035,Will Dave Bronson advance from the 2026 Alaska Governor primary election?,who-will-advance-from-the-alaska-governor-primary,20011.6,24,0.585,1,0.01,2026-08-18T00:00:00Z
908035,Will Dave Bronson advance from the 2026 Alaska Governor primary election?,who-will-advance-from-the-alaska-governor-primary,20011.6,1,0.56,1,0.01,2026-08-18T00:00:00Z
908036,Will Adam Crum advance from the 2026 Alaska Governor primary election?,who-will-advance-from-the-alaska-governor-primary,25066.49,168,0.1005,0,0.01,2026-08-18T00:00:00Z
908036,Will Adam Crum advance from the 2026 Alaska Governor primary election?,who-will-advance-from-the-alaska-governor-primary,25066.49,24,0.088,0,0.01,2026-08-18T00:00:00Z
908036,Will Adam Crum advance from the 2026 Alaska Governor primary election?,who-will-advance-from-the-alaska-governor-primary,25066.49,1,0.1025,0,0.01,2026-08-18T00:00:00Z
908037,Will Nancy Dahlstrom advance from the 2026 Alaska Governor primary election?,who-will-advance-from-the-alaska-governor-primary,15318.08,168,0.022,0,0.01,2026-08-18T00:00:00Z
908037,Will Nancy Dahlstrom advance from the 2026 Alaska Governor primary election?,who-will-advance-from-the-alaska-governor-primary,15318.08,24,0.002,0,0.01,2026-08-18T00:00:00Z
908037,Will Nancy Dahlstrom advance from the 2026 Alaska Governor primary election?,who-will-advance-from-the-alaska-governor-primary,15318.08,1,0.002,0,0.01,2026-08-18T00:00:00Z
908038,Will Edna DeVries advance from the 2026 Alaska Governor primary election?,who-will-advance-from-the-alaska-governor-primary,13966.05,168,0.009,0,0.01,2026-08-18T00:00:00Z
908038,Will Edna DeVries advance from the 2026 Alaska Governor primary election?,who-will-advance-from-the-alaska-governor-primary,13966.05,24,0.0335,0,0.01,2026-08-18T00:00:00Z
908038,Will Edna DeVries advance from the 2026 Alaska Governor primary election?,who-will-advance-from-the-alaska-governor-primary,13966.05,1,0.016,0,0.0,2026-08-18T00:00:00Z
908043,Will Treg Taylor advance from the 2026 Alaska Governor primary election?,who-will-advance-from-the-alaska-governor-primary,93231.23,168,0.315,0,0.01,2026-08-18T00:00:00Z
908043,Will Treg Taylor advance from the 2026 Alaska Governor primary election?,who-will-advance-from-the-alaska-governor-primary,93231.23,24,0.285,0,0.01,2026-08-18T00:00:00Z
908043,Will Treg Taylor advance from the 2026 Alaska Governor primary election?,who-will-advance-from-the-alaska-governor-primary,93231.23,1,0.27,0,0.01,2026-08-18T00:00:00Z
908044,Will Bernadette Wilson advance from the 2026 Alaska Governor primary election?,who-will-advance-from-the-alaska-governor-primary,20304.77,168,0.89,1,0.01,2026-08-18T00:00:00Z
908044,Will Bernadette Wilson advance from the 2026 Alaska Governor primary election?,who-will-advance-from-the-alaska-governor-primary,20304.77,24,0.91,1,0.01,2026-08-18T00:00:00Z
908044,Will Bernadette Wilson advance from the 2026 Alaska Governor primary election?,who-will-advance-from-the-alaska-governor-primary,20304.77,1,0.925,1,0.01,2026-08-18T00:00:00Z
908045,Will Tom Begich advance from the 2026 Alaska Governor primary election?,who-will-advance-from-the-alaska-governor-primary,16852.13,168,0.978,1,0.01,2026-08-18T00:00:00Z
908045,Will Tom Begich advance from the 2026 Alaska Governor primary election?,who-will-advance-from-the-alaska-governor-primary,16852.13,24,0.9965,1,0.0,2026-08-18T00:00:00Z
908045,Will Tom Begich advance from the 2026 Alaska Governor primary election?,who-will-advance-from-the-alaska-governor-primary,16852.13,1,0.9915,1,0.0,2026-08-18T00:00:00Z
908046,Will Matt Claman advance from the 2026 Alaska Governor primary election?,who-will-advance-from-the-alaska-governor-primary,39523.21,168,0.011,0,0.01,2026-08-18T00:00:00Z
908046,Will Matt Claman advance from the 2026 Alaska Governor primary election?,who-will-advance-from-the-alaska-governor-primary,39523.21,24,0.011,0,0.01,2026-08-18T00:00:00Z
908046,Will Matt Claman advance from the 2026 Alaska Governor primary election?,who-will-advance-from-the-alaska-governor-primary,39523.21,1,0.0105,0,0.01,2026-08-18T00:00:00Z
909055,Will the number of Republican House members who retire in 2026 be fewer than 24?,how-many-republican-house-members-not-running-in-2026,12578.38,720,0.0555,0,160.0,2026-08-31T00:00:00Z
909055,Will the number of Republican House members who retire in 2026 be fewer than 24?,how-many-republican-house-members-not-running-in-2026,12578.38,168,0.013,0,0.01,2026-08-31T00:00:00Z
909055,Will the number of Republican House members who retire in 2026 be fewer than 24?,how-many-republican-house-members-not-running-in-2026,12578.38,24,0.0065,0,0.01,2026-08-31T00:00:00Z
909055,Will the number of Republican House members who retire in 2026 be fewer than 24?,how-many-republican-house-members-not-running-in-2026,12578.38,1,0.011,0,0.0,2026-08-31T00:00:00Z
909056,Will the number of Republican House members who retire in 2026 be between 24 and 27 inclusive?,how-many-republican-house-members-not-running-in-2026,27211.21,720,0.0175,0,160.0,2026-08-31T00:00:00Z
909056,Will the number of Republican House members who retire in 2026 be between 24 and 27 inclusive?,how-many-republican-house-members-not-running-in-2026,27211.21,168,0.012,0,0.01,2026-08-31T00:00:00Z
909056,Will the number of Republican House members who retire in 2026 be between 24 and 27 inclusive?,how-many-republican-house-members-not-running-in-2026,27211.21,24,0.0035,0,0.01,2026-08-31T00:00:00Z
909056,Will the number of Republican House members who retire in 2026 be between 24 and 27 inclusive?,how-many-republican-house-members-not-running-in-2026,27211.21,1,0.0025,0,0.0,2026-08-31T00:00:00Z
909057,Will the number of Republican House members who retire in 2026 be between 28 and 31 inclusive?,how-many-republican-house-members-not-running-in-2026,23781.43,720,0.0015,0,160.0,2026-08-31T00:00:00Z
909057,Will the number of Republican House members who retire in 2026 be between 28 and 31 inclusive?,how-many-republican-house-members-not-running-in-2026,23781.43,168,0.003,0,0.01,2026-08-31T00:00:00Z
909057,Will the number of Republican House members who retire in 2026 be between 28 and 31 inclusive?,how-many-republican-house-members-not-running-in-2026,23781.43,24,0.007,0,0.01,2026-08-31T00:00:00Z
909057,Will the number of Republican House members who retire in 2026 be between 28 and 31 inclusive?,how-many-republican-house-members-not-running-in-2026,23781.43,1,0.0105,0,0.01,2026-08-31T00:00:00Z
909059,Will the number of Republican House members who retire in 2026 be between 36 and 39 inclusive?,how-many-republican-house-members-not-running-in-2026,11774.15,720,0.763,1,160.0,2026-08-31T00:00:00Z
909059,Will the number of Republican House members who retire in 2026 be between 36 and 39 inclusive?,how-many-republican-house-members-not-running-in-2026,11774.15,168,0.899,1,0.01,2026-08-31T00:00:00Z
909059,Will the number of Republican House members who retire in 2026 be between 36 and 39 inclusive?,how-many-republican-house-members-not-running-in-2026,11774.15,24,0.9315,1,0.01,2026-08-31T00:00:00Z
909059,Will the number of Republican House members who retire in 2026 be between 36 and 39 inclusive?,how-many-republican-house-members-not-running-in-2026,11774.15,1,0.946,1,0.0,2026-08-31T00:00:00Z
909060,Will the number of Republican House members who retire in 2026 be between 40 and 43 inclusive?,how-many-republican-house-members-not-running-in-2026,11892.09,720,0.0635,0,160.0,2026-08-31T00:00:00Z
909060,Will the number of Republican House members who retire in 2026 be between 40 and 43 inclusive?,how-many-republican-house-members-not-running-in-2026,11892.09,168,0.0535,0,0.0,2026-08-31T00:00:00Z
909060,Will the number of Republican House members who retire in 2026 be between 40 and 43 inclusive?,how-many-republican-house-members-not-running-in-2026,11892.09,24,0.0325,0,0.0,2026-08-31T00:00:00Z
909060,Will the number of Republican House members who retire in 2026 be between 40 and 43 inclusive?,how-many-republican-house-members-not-running-in-2026,11892.09,1,0.031,0,0.0,2026-08-31T00:00:00Z
909061,Will the number of Republican House members who retire in 2026 be 44 or more?,how-many-republican-house-members-not-running-in-2026,10804.57,720,0.0255,0,160.0,2026-08-31T00:00:00Z
909061,Will the number of Republican House members who retire in 2026 be 44 or more?,how-many-republican-house-members-not-running-in-2026,10804.57,168,0.0135,0,0.01,2026-08-31T00:00:00Z
909061,Will the number of Republican House members who retire in 2026 be 44 or more?,how-many-republican-house-members-not-running-in-2026,10804.57,24,0.0025,0,0.01,2026-08-31T00:00:00Z
909061,Will the number of Republican House members who retire in 2026 be 44 or more?,how-many-republican-house-members-not-running-in-2026,10804.57,1,0.0025,0,0.0,2026-08-31T00:00:00Z
909070,Will the number of Democratic House members who retire in 2026 be fewer than 20?,how-many-democratic-house-members-not-running-in-2026,20458.53,720,0.033,0,160.0,2026-08-31T00:00:00Z
909070,Will the number of Democratic House members who retire in 2026 be fewer than 20?,how-many-democratic-house-members-not-running-in-2026,20458.53,168,0.0655,0,0.01,2026-08-31T00:00:00Z
909070,Will the number of Democratic House members who retire in 2026 be fewer than 20?,how-many-democratic-house-members-not-running-in-2026,20458.53,24,0.0225,0,0.01,2026-08-31T00:00:00Z
909070,Will the number of Democratic House members who retire in 2026 be fewer than 20?,how-many-democratic-house-members-not-running-in-2026,20458.53,1,0.013,0,0.0,2026-08-31T00:00:00Z
909071,Will the number of Democratic House members who retire in 2026 be between 20 and 23 inclusive?,how-many-democratic-house-members-not-running-in-2026,14206.08,720,0.403,1,160.0,2026-08-31T00:00:00Z
909071,Will the number of Democratic House members who retire in 2026 be between 20 and 23 inclusive?,how-many-democratic-house-members-not-running-in-2026,14206.08,168,0.7525,1,0.01,2026-08-31T00:00:00Z
909071,Will the number of Democratic House members who retire in 2026 be between 20 and 23 inclusive?,how-many-democratic-house-members-not-running-in-2026,14206.08,24,0.9425,1,0.01,2026-08-31T00:00:00Z
909071,Will the number of Democratic House members who retire in 2026 be between 20 and 23 inclusive?,how-many-democratic-house-members-not-running-in-2026,14206.08,1,0.9855,1,0.01,2026-08-31T00:00:00Z
909072,Will the number of Democratic House members who retire in 2026 be between 24 and 27 inclusive?,how-many-democratic-house-members-not-running-in-2026,11354.87,720,0.325,0,160.0,2026-08-31T00:00:00Z
909072,Will the number of Democratic House members who retire in 2026 be between 24 and 27 inclusive?,how-many-democratic-house-members-not-running-in-2026,11354.87,168,0.155,0,0.01,2026-08-31T00:00:00Z
909072,Will the number of Democratic House members who retire in 2026 be between 24 and 27 inclusive?,how-many-democratic-house-members-not-running-in-2026,11354.87,24,0.0175,0,0.01,2026-08-31T00:00:00Z
909072,Will the number of Democratic House members who retire in 2026 be between 24 and 27 inclusive?,how-many-democratic-house-members-not-running-in-2026,11354.87,1,0.0035,0,0.0,2026-08-31T00:00:00Z
909077,Will the number of Republican Senate members who retire in 2026 be less than 5?,how-many-republican-senators-not-running-in-2026,27438.27,720,0.0135,0,160.0,2026-08-31T00:00:00Z
909077,Will the number of Republican Senate members who retire in 2026 be less than 5?,how-many-republican-senators-not-running-in-2026,27438.27,168,0.0325,0,0.0,2026-08-31T00:00:00Z
909077,Will the number of Republican Senate members who retire in 2026 be less than 5?,how-many-republican-senators-not-running-in-2026,27438.27,24,0.0145,0,0.0,2026-08-31T00:00:00Z
909077,Will the number of Republican Senate members who retire in 2026 be less than 5?,how-many-republican-senators-not-running-in-2026,27438.27,1,0.0145,0,0.0,2026-08-31T00:00:00Z
909078,Will the number of Republican Senate members who retire in 2026 be exactly 6?,how-many-republican-senators-not-running-in-2026,39434.61,720,0.0115,0,160.0,2026-08-31T00:00:00Z
909078,Will the number of Republican Senate members who retire in 2026 be exactly 6?,how-many-republican-senators-not-running-in-2026,39434.61,168,0.0105,0,0.01,2026-08-31T00:00:00Z
909078,Will the number of Republican Senate members who retire in 2026 be exactly 6?,how-many-republican-senators-not-running-in-2026,39434.61,24,0.0105,0,0.01,2026-08-31T00:00:00Z
909078,Will the number of Republican Senate members who retire in 2026 be exactly 6?,how-many-republican-senators-not-running-in-2026,39434.61,1,0.006,0,0.0,2026-08-31T00:00:00Z
909079,Will the number of Republican Senate members who retire in 2026 be exactly 7?,how-many-republican-senators-not-running-in-2026,21184.5,720,0.795,1,160.0,2026-08-31T00:00:00Z
909079,Will the number of Republican Senate members who retire in 2026 be exactly 7?,how-many-republican-senators-not-running-in-2026,21184.5,168,0.855,1,0.0,2026-08-31T00:00:00Z
909079,Will the number of Republican Senate members who retire in 2026 be exactly 7?,how-many-republican-senators-not-running-in-2026,21184.5,24,0.925,1,0.0,2026-08-31T00:00:00Z
909079,Will the number of Republican Senate members who retire in 2026 be exactly 7?,how-many-republican-senators-not-running-in-2026,21184.5,1,0.95,1,0.0,2026-08-31T00:00:00Z
923035,Will the number of Republican Senate members who retire in 2026 be exactly 5?,how-many-republican-senators-not-running-in-2026,24747.67,720,0.0445,0,160.0,2026-08-31T00:00:00Z
923035,Will the number of Republican Senate members who retire in 2026 be exactly 5?,how-many-republican-senators-not-running-in-2026,24747.67,168,0.0245,0,0.01,2026-08-31T00:00:00Z
923035,Will the number of Republican Senate members who retire in 2026 be exactly 5?,how-many-republican-senators-not-running-in-2026,24747.67,24,0.0025,0,0.01,2026-08-31T00:00:00Z
923035,Will the number of Republican Senate members who retire in 2026 be exactly 5?,how-many-republican-senators-not-running-in-2026,24747.67,1,0.002,0,0.01,2026-08-31T00:00:00Z
943396,Will N’Kiyla “Jasmine” Thomas be the Democratic nominee for Senate in Oklahoma?,oklahoma-democratic-senate-primary-winner,88648.84,168,0.953,1,0.01,2026-08-25T00:00:00Z
943396,Will N’Kiyla “Jasmine” Thomas be the Democratic nominee for Senate in Oklahoma?,oklahoma-democratic-senate-primary-winner,88648.84,24,0.9385,1,0.01,2026-08-25T00:00:00Z
943396,Will N’Kiyla “Jasmine” Thomas be the Democratic nominee for Senate in Oklahoma?,oklahoma-democratic-senate-primary-winner,88648.84,1,0.9125,1,0.0,2026-08-25T00:00:00Z
943398,Will Jim Priest be the Democratic nominee for Senate in Oklahoma?,oklahoma-democratic-senate-primary-winner,29839.83,168,0.0405,0,0.01,2026-08-25T00:00:00Z
943398,Will Jim Priest be the Democratic nominee for Senate in Oklahoma?,oklahoma-democratic-senate-primary-winner,29839.83,24,0.0635,0,0.0,2026-08-25T00:00:00Z
943398,Will Jim Priest be the Democratic nominee for Senate in Oklahoma?,oklahoma-democratic-senate-primary-winner,29839.83,1,0.0855,0,0.0,2026-08-25T00:00:00Z
959546,Will Tyler Kistner be the Republican Nominee for MN-02?,mn-02-republican-primary-winner,18277.94,24,0.013,0,0.01,2026-08-11T00:00:00Z
959546,Will Tyler Kistner be the Republican Nominee for MN-02?,mn-02-republican-primary-winner,18277.94,1,0.012,0,0.0,2026-08-11T00:00:00Z
973114,Will Jared Moskowitz be the Democratic Nominee for FL-23?,fl-23-democratic-primary-winner,17100.45,168,0.0025,0,0.01,2026-08-18T00:00:00Z
973114,Will Jared Moskowitz be the Democratic Nominee for FL-23?,fl-23-democratic-primary-winner,17100.45,24,0.0005,0,0.01,2026-08-18T00:00:00Z
973114,Will Jared Moskowitz be the Democratic Nominee for FL-23?,fl-23-democratic-primary-winner,17100.45,1,0.0005,0,0.01,2026-08-18T00:00:00Z
973115,Will Oliver Adams Larkin be the Democratic Nominee for FL-23?,fl-23-democratic-primary-winner,24980.63,168,0.003,0,0.01,2026-08-18T00:00:00Z
973115,Will Oliver Adams Larkin be the Democratic Nominee for FL-23?,fl-23-democratic-primary-winner,24980.63,24,0.003,0,0.01,2026-08-18T00:00:00Z
973115,Will Oliver Adams Larkin be the Democratic Nominee for FL-23?,fl-23-democratic-primary-winner,24980.63,1,0.001,0,0.0,2026-08-18T00:00:00Z
973117,Will Lois Frankel be the Democratic Nominee for FL-23?,fl-23-democratic-primary-winner,22168.86,168,0.9575,1,0.01,2026-08-18T00:00:00Z
973117,Will Lois Frankel be the Democratic Nominee for FL-23?,fl-23-democratic-primary-winner,22168.86,24,0.975,1,0.01,2026-08-18T00:00:00Z
973117,Will Lois Frankel be the Democratic Nominee for FL-23?,fl-23-democratic-primary-winner,22168.86,1,0.9775,1,0.0,2026-08-18T00:00:00Z
973624,Will Ilhan Omar be the Democratic Nominee for MN-05?,mn-05-democratic-primary-winner,31428.52,24,0.994,1,0.01,2026-08-11T00:00:00Z
973624,Will Ilhan Omar be the Democratic Nominee for MN-05?,mn-05-democratic-primary-winner,31428.52,1,0.9945,1,0.0,2026-08-11T00:00:00Z
1006908,Will Thomas Chalifoux be the Republican nominee for FL-09?,fl-09-republican-primary-winner,62915.11,168,0.255,0,0.01,2026-08-18T00:00:00Z
1006908,Will Thomas Chalifoux be the Republican nominee for FL-09?,fl-09-republican-primary-winner,62915.11,24,0.197,0,0.01,2026-08-18T00:00:00Z
1006908,Will Thomas Chalifoux be the Republican nominee for FL-09?,fl-09-republican-primary-winner,62915.11,1,0.169,0,0.01,2026-08-18T00:00:00Z
1006910,Will Howard Steven Rance be the Republican nominee for FL-09?,fl-09-republican-primary-winner,10668.07,168,0.0015,0,0.01,2026-08-18T00:00:00Z
1006910,Will Howard Steven Rance be the Republican nominee for FL-09?,fl-09-republican-primary-winner,10668.07,24,0.0015,0,0.01,2026-08-18T00:00:00Z
1006910,Will Howard Steven Rance be the Republican nominee for FL-09?,fl-09-republican-primary-winner,10668.07,1,0.0015,0,0.01,2026-08-18T00:00:00Z
1006911,Will Justin Story be the Republican nominee for FL-09?,fl-09-republican-primary-winner,12108.96,168,0.0025,0,0.01,2026-08-18T00:00:00Z
1006911,Will Justin Story be the Republican nominee for FL-09?,fl-09-republican-primary-winner,12108.96,24,0.0015,0,0.01,2026-08-18T00:00:00Z
1006911,Will Justin Story be the Republican nominee for FL-09?,fl-09-republican-primary-winner,12108.96,1,0.0015,0,0.01,2026-08-18T00:00:00Z
1006912,Will Ben Butler be the Republican nominee for FL-09?,fl-09-republican-primary-winner,43845.26,168,0.497,0,0.01,2026-08-18T00:00:00Z
1006912,Will Ben Butler be the Republican nominee for FL-09?,fl-09-republican-primary-winner,43845.26,24,0.3115,0,0.0,2026-08-18T00:00:00Z
1006912,Will Ben Butler be the Republican nominee for FL-09?,fl-09-republican-primary-winner,43845.26,1,0.3105,0,0.0,2026-08-18T00:00:00Z
1006913,Will Dan Green be the Republican nominee for FL-09?,fl-09-republican-primary-winner,31519.52,168,0.17,1,0.01,2026-08-18T00:00:00Z
1006913,Will Dan Green be the Republican nominee for FL-09?,fl-09-republican-primary-winner,31519.52,24,0.285,1,0.01,2026-08-18T00:00:00Z
1006913,Will Dan Green be the Republican nominee for FL-09?,fl-09-republican-primary-winner,31519.52,1,0.285,1,0.01,2026-08-18T00:00:00Z
1006914,Will Jorge Martinez be the Republican nominee for FL-09?,fl-09-republican-primary-winner,20664.72,168,0.105,0,0.01,2026-08-18T00:00:00Z
1006914,Will Jorge Martinez be the Republican nominee for FL-09?,fl-09-republican-primary-winner,20664.72,24,0.2315,0,0.0,2026-08-18T00:00:00Z
1006914,Will Jorge Martinez be the Republican nominee for FL-09?,fl-09-republican-primary-winner,20664.72,1,0.2375,0,0.0,2026-08-18T00:00:00Z
1113978,Will Amy Klobuchar win the 2026 Minnesota Governor Democratic primary election?,minnesota-governor-democratic-primary-winner,19560.69,24,0.9985,1,0.01,2026-08-11T00:00:00Z
1113978,Will Amy Klobuchar win the 2026 Minnesota Governor Democratic primary election?,minnesota-governor-democratic-primary-winner,19560.69,1,0.9985,1,0.0,2026-08-11T00:00:00Z
1131737,Will Declan Rice win the 2026 PFA Player of the Year?,2025-2026-pfa-players-player-of-the-year-winner,66058.64,720,0.17,0,136.09,2026-08-31T23:55:00Z
1131737,Will Declan Rice win the 2026 PFA Player of the Year?,2025-2026-pfa-players-player-of-the-year-winner,66058.64,168,0.11,0,0.09,2026-08-31T23:55:00Z
1131738,Will Erling Haaland win the 2026 PFA Player of the Year?,2025-2026-pfa-players-player-of-the-year-winner,58260.09,720,0.0215,0,136.09,2026-08-31T23:55:00Z
1131738,Will Erling Haaland win the 2026 PFA Player of the Year?,2025-2026-pfa-players-player-of-the-year-winner,58260.09,168,0.0175,0,0.09,2026-08-31T23:55:00Z
1131739,Will Bukayo Saka win the 2026 PFA Player of the Year?,2025-2026-pfa-players-player-of-the-year-winner,10656.42,720,0.0005,0,136.09,2026-08-31T23:55:00Z
1131739,Will Bukayo Saka win the 2026 PFA Player of the Year?,2025-2026-pfa-players-player-of-the-year-winner,10656.42,168,0.0005,0,0.09,2026-08-31T23:55:00Z
1131742,Will Rayan Cherki win the 2026 PFA Player of the Year?,2025-2026-pfa-players-player-of-the-year-winner,28670.76,720,0.0005,0,136.09,2026-08-31T23:55:00Z
1131742,Will Rayan Cherki win the 2026 PFA Player of the Year?,2025-2026-pfa-players-player-of-the-year-winner,28670.76,168,0.002,0,0.09,2026-08-31T23:55:00Z
1131745,Will Cole Palmer win the 2026 PFA Player of the Year?,2025-2026-pfa-players-player-of-the-year-winner,16016.75,720,0.0005,0,136.09,2026-08-31T23:55:00Z
1131745,Will Cole Palmer win the 2026 PFA Player of the Year?,2025-2026-pfa-players-player-of-the-year-winner,16016.75,168,0.0005,0,0.09,2026-08-31T23:55:00Z
1131753,Will Bruno Fernandes win the 2026 PFA Player of the Year?,2025-2026-pfa-players-player-of-the-year-winner,148907.49,720,0.81,1,136.09,2026-08-31T23:55:00Z
1131753,Will Bruno Fernandes win the 2026 PFA Player of the Year?,2025-2026-pfa-players-player-of-the-year-winner,148907.49,168,0.875,1,0.09,2026-08-31T23:55:00Z
1327966,Will Cristiano Ronaldo play for Atlanta United FC next?,which-club-will-cristiano-ronaldo-play-for-next,17386.79,720,0.0065,0,158.0,2026-08-31T02:00:00Z
1327966,Will Cristiano Ronaldo play for Atlanta United FC next?,which-club-will-cristiano-ronaldo-play-for-next,17386.79,168,0.0065,0,0.0,2026-08-31T02:00:00Z
1327966,Will Cristiano Ronaldo play for Atlanta United FC next?,which-club-will-cristiano-ronaldo-play-for-next,17386.79,24,0.007,0,0.01,2026-08-31T02:00:00Z
1327966,Will Cristiano Ronaldo play for Atlanta United FC next?,which-club-will-cristiano-ronaldo-play-for-next,17386.79,1,0.0035,0,0.0,2026-08-31T02:00:00Z
1327991,Will Cristiano Ronaldo play for Seattle Sounders FC next?,which-club-will-cristiano-ronaldo-play-for-next,33090.0,720,0.012,0,158.0,2026-08-31T02:00:00Z
1327991,Will Cristiano Ronaldo play for Seattle Sounders FC next?,which-club-will-cristiano-ronaldo-play-for-next,33090.0,168,0.0075,0,0.0,2026-08-31T02:00:00Z
1327991,Will Cristiano Ronaldo play for Seattle Sounders FC next?,which-club-will-cristiano-ronaldo-play-for-next,33090.0,24,0.005,0,0.01,2026-08-31T02:00:00Z
1327991,Will Cristiano Ronaldo play for Seattle Sounders FC next?,which-club-will-cristiano-ronaldo-play-for-next,33090.0,1,0.003,0,0.0,2026-08-31T02:00:00Z
1356219,Will New England Revolution win on 2026-03-07?,mls-ner-hou-2026-03-07,65579.54,24,0.395,0,0.5,2026-08-08T20:30:00Z
1356219,Will New England Revolution win on 2026-03-07?,mls-ner-hou-2026-03-07,65579.54,1,0.385,0,0.5,2026-08-08T20:30:00Z
1356220,Will New England Revolution vs. Houston Dynamo end in a draw?,mls-ner-hou-2026-03-07,58353.87,24,0.275,0,0.5,2026-08-08T20:30:00Z
1356220,Will New England Revolution vs. Houston Dynamo end in a draw?,mls-ner-hou-2026-03-07,58353.87,1,0.265,0,0.5,2026-08-08T20:30:00Z
1356224,Will Houston Dynamo win on 2026-03-07?,mls-ner-hou-2026-03-07,60445.46,24,0.325,1,0.5,2026-08-08T20:30:00Z
1356224,Will Houston Dynamo win on 2026-03-07?,mls-ner-hou-2026-03-07,60445.46,1,0.345,1,0.5,2026-08-08T20:30:00Z
1356536,New England Revolution vs. Houston Dynamo: O/U 2.5,mls-ner-hou-2026-03-07-more-markets,39857.38,24,0.545,0,0.5,2026-08-08T20:30:00Z
1356536,New England Revolution vs. Houston Dynamo: O/U 2.5,mls-ner-hou-2026-03-07-more-markets,39857.38,1,0.575,0,0.5,2026-08-08T20:30:00Z
1356537,New England Revolution vs. Houston Dynamo: O/U 3.5,mls-ner-hou-2026-03-07-more-markets,32925.17,24,0.315,0,0.5,2026-08-08T20:30:00Z
1356537,New England Revolution vs. Houston Dynamo: O/U 3.5,mls-ner-hou-2026-03-07-more-markets,32925.17,1,0.355,0,0.5,2026-08-08T20:30:00Z
1356538,New England Revolution vs. Houston Dynamo: O/U 4.5,mls-ner-hou-2026-03-07-more-markets,12378.76,24,0.155,0,0.5,2026-08-08T20:30:00Z
1356538,New England Revolution vs. Houston Dynamo: O/U 4.5,mls-ner-hou-2026-03-07-more-markets,12378.76,1,0.18,0,0.5,2026-08-08T20:30:00Z
1361010,Will Maxx Crosby play for Arizona Cardinals next?,where-will-maxx-crosby-play-in-2026,73432.43,720,0.0005,0,136.0,2026-09-01T00:00:00Z
1361010,Will Maxx Crosby play for Arizona Cardinals next?,where-will-maxx-crosby-play-in-2026,73432.43,168,0.0005,0,0.01,2026-09-01T00:00:00Z
1361010,Will Maxx Crosby play for Arizona Cardinals next?,where-will-maxx-crosby-play-in-2026,73432.43,24,0.0005,0,0.01,2026-09-01T00:00:00Z
1361010,Will Maxx Crosby play for Arizona Cardinals next?,where-will-maxx-crosby-play-in-2026,73432.43,1,0.0005,0,0.0,2026-09-01T00:00:00Z
1361012,Will Maxx Crosby play for Baltimore Ravens next?,where-will-maxx-crosby-play-in-2026,11902.23,720,0.0005,0,136.0,2026-09-01T00:00:00Z
1361012,Will Maxx Crosby play for Baltimore Ravens next?,where-will-maxx-crosby-play-in-2026,11902.23,168,0.0005,0,0.0,2026-09-01T00:00:00Z
1361012,Will Maxx Crosby play for Baltimore Ravens next?,where-will-maxx-crosby-play-in-2026,11902.23,24,0.0005,0,0.01,2026-09-01T00:00:00Z
1361012,Will Maxx Crosby play for Baltimore Ravens next?,where-will-maxx-crosby-play-in-2026,11902.23,1,0.0005,0,0.0,2026-09-01T00:00:00Z
1361014,Will Maxx Crosby play for Carolina Panthers next?,where-will-maxx-crosby-play-in-2026,846268.4,720,0.0015,0,136.0,2026-09-01T00:00:00Z
1361014,Will Maxx Crosby play for Carolina Panthers next?,where-will-maxx-crosby-play-in-2026,846268.4,168,0.0005,0,0.01,2026-09-01T00:00:00Z
1361014,Will Maxx Crosby play for Carolina Panthers next?,where-will-maxx-crosby-play-in-2026,846268.4,24,0.0005,0,0.01,2026-09-01T00:00:00Z
1361014,Will Maxx Crosby play for Carolina Panthers next?,where-will-maxx-crosby-play-in-2026,846268.4,1,0.0005,0,0.0,2026-09-01T00:00:00Z
1361015,Will Maxx Crosby play for Chicago Bears next?,where-will-maxx-crosby-play-in-2026,300736.23,720,0.0005,0,136.0,2026-09-01T00:00:00Z
1361015,Will Maxx Crosby play for Chicago Bears next?,where-will-maxx-crosby-play-in-2026,300736.23,168,0.0015,0,0.01,2026-09-01T00:00:00Z
1361015,Will Maxx Crosby play for Chicago Bears next?,where-will-maxx-crosby-play-in-2026,300736.23,24,0.0015,0,0.01,2026-09-01T00:00:00Z
1361015,Will Maxx Crosby play for Chicago Bears next?,where-will-maxx-crosby-play-in-2026,300736.23,1,0.0015,0,0.0,2026-09-01T00:00:00Z
1361018,Will Maxx Crosby play for Dallas Cowboys next?,where-will-maxx-crosby-play-in-2026,87855.17,720,0.072,0,136.0,2026-09-01T00:00:00Z
1361018,Will Maxx Crosby play for Dallas Cowboys next?,where-will-maxx-crosby-play-in-2026,87855.17,168,0.078,0,0.01,2026-09-01T00:00:00Z
1361018,Will Maxx Crosby play for Dallas Cowboys next?,where-will-maxx-crosby-play-in-2026,87855.17,24,0.05,0,0.01,2026-09-01T00:00:00Z
1361018,Will Maxx Crosby play for Dallas Cowboys next?,where-will-maxx-crosby-play-in-2026,87855.17,1,0.0015,0,0.0,2026-09-01T00:00:00Z
1361020,Will Maxx Crosby play for Detroit Lions next?,where-will-maxx-crosby-play-in-2026,15794.28,720,0.003,0,136.0,2026-09-01T00:00:00Z
1361020,Will Maxx Crosby play for Detroit Lions next?,where-will-maxx-crosby-play-in-2026,15794.28,168,0.0015,0,0.01,2026-09-01T00:00:00Z
1361020,Will Maxx Crosby play for Detroit Lions next?,where-will-maxx-crosby-play-in-2026,15794.28,24,0.005,0,0.01,2026-09-01T00:00:00Z
1361020,Will Maxx Crosby play for Detroit Lions next?,where-will-maxx-crosby-play-in-2026,15794.28,1,0.0005,0,0.0,2026-09-01T00:00:00Z
1361021,Will Maxx Crosby play for Green Bay Packers next?,where-will-maxx-crosby-play-in-2026,30487.89,720,0.0005,0,136.0,2026-09-01T00:00:00Z
1361021,Will Maxx Crosby play for Green Bay Packers next?,where-will-maxx-crosby-play-in-2026,30487.89,168,0.0005,0,0.01,2026-09-01T00:00:00Z
1361021,Will Maxx Crosby play for Green Bay Packers next?,where-will-maxx-crosby-play-in-2026,30487.89,24,0.0005,0,0.01,2026-09-01T00:00:00Z
1361021,Will Maxx Crosby play for Green Bay Packers next?,where-will-maxx-crosby-play-in-2026,30487.89,1,0.0005,0,0.0,2026-09-01T00:00:00Z
1361023,Will Maxx Crosby play for Indianapolis Colts next?,where-will-maxx-crosby-play-in-2026,1150890.21,720,0.0015,0,136.0,2026-09-01T00:00:00Z
1361023,Will Maxx Crosby play for Indianapolis Colts next?,where-will-maxx-crosby-play-in-2026,1150890.21,168,0.0015,0,0.0,2026-09-01T00:00:00Z
1361023,Will Maxx Crosby play for Indianapolis Colts next?,where-will-maxx-crosby-play-in-2026,1150890.21,24,0.0005,0,0.0,2026-09-01T00:00:00Z
1361023,Will Maxx Crosby play for Indianapolis Colts next?,where-will-maxx-crosby-play-in-2026,1150890.21,1,0.0005,0,0.0,2026-09-01T00:00:00Z
1361024,Will Maxx Crosby play for Jacksonville Jaguars next?,where-will-maxx-crosby-play-in-2026,437163.28,720,0.0045,0,136.0,2026-09-01T00:00:00Z
1361024,Will Maxx Crosby play for Jacksonville Jaguars next?,where-will-maxx-crosby-play-in-2026,437163.28,168,0.0045,0,0.01,2026-09-01T00:00:00Z
1361024,Will Maxx Crosby play for Jacksonville Jaguars next?,where-will-maxx-crosby-play-in-2026,437163.28,24,0.0045,0,0.01,2026-09-01T00:00:00Z
1361024,Will Maxx Crosby play for Jacksonville Jaguars next?,where-will-maxx-crosby-play-in-2026,437163.28,1,0.0015,0,0.0,2026-09-01T00:00:00Z
1361025,Will Maxx Crosby play for Kansas City Chiefs next?,where-will-maxx-crosby-play-in-2026,34622.7,720,0.006,0,136.0,2026-09-01T00:00:00Z
1361025,Will Maxx Crosby play for Kansas City Chiefs next?,where-will-maxx-crosby-play-in-2026,34622.7,168,0.0005,0,0.0,2026-09-01T00:00:00Z
1361025,Will Maxx Crosby play for Kansas City Chiefs next?,where-will-maxx-crosby-play-in-2026,34622.7,24,0.0005,0,0.01,2026-09-01T00:00:00Z
1361025,Will Maxx Crosby play for Kansas City Chiefs next?,where-will-maxx-crosby-play-in-2026,34622.7,1,0.0005,0,0.0,2026-09-01T00:00:00Z
1361026,Will Maxx Crosby play for Las Vegas Raiders next?,where-will-maxx-crosby-play-in-2026,23298.63,720,0.8275,1,136.0,2026-09-01T00:00:00Z
1361026,Will Maxx Crosby play for Las Vegas Raiders next?,where-will-maxx-crosby-play-in-2026,23298.63,168,0.9505,1,0.0,2026-09-01T00:00:00Z
1361026,Will Maxx Crosby play for Las Vegas Raiders next?,where-will-maxx-crosby-play-in-2026,23298.63,24,0.9225,1,0.01,2026-09-01T00:00:00Z
1361026,Will Maxx Crosby play for Las Vegas Raiders next?,where-will-maxx-crosby-play-in-2026,23298.63,1,0.9525,1,0.0,2026-09-01T00:00:00Z
1361028,Will Maxx Crosby play for Los Angeles Rams next?,where-will-maxx-crosby-play-in-2026,406043.84,720,0.0025,0,136.0,2026-09-01T00:00:00Z
1361028,Will Maxx Crosby play for Los Angeles Rams next?,where-will-maxx-crosby-play-in-2026,406043.84,168,0.0015,0,0.0,2026-09-01T00:00:00Z
1361028,Will Maxx Crosby play for Los Angeles Rams next?,where-will-maxx-crosby-play-in-2026,406043.84,24,0.0015,0,0.01,2026-09-01T00:00:00Z
1361028,Will Maxx Crosby play for Los Angeles Rams next?,where-will-maxx-crosby-play-in-2026,406043.84,1,0.0005,0,0.0,2026-09-01T00:00:00Z
1361030,Will Maxx Crosby play for Minnesota Vikings next?,where-will-maxx-crosby-play-in-2026,61340.52,720,0.0015,0,136.0,2026-09-01T00:00:00Z
1361030,Will Maxx Crosby play for Minnesota Vikings next?,where-will-maxx-crosby-play-in-2026,61340.52,168,0.0015,0,0.0,2026-09-01T00:00:00Z
1361030,Will Maxx Crosby play for Minnesota Vikings next?,where-will-maxx-crosby-play-in-2026,61340.52,24,0.0005,0,0.0,2026-09-01T00:00:00Z
1361030,Will Maxx Crosby play for Minnesota Vikings next?,where-will-maxx-crosby-play-in-2026,61340.52,1,0.0005,0,0.0,2026-09-01T00:00:00Z
1361034,Will Maxx Crosby play for New York Jets next?,where-will-maxx-crosby-play-in-2026,1204878.24,720,0.0035,0,136.0,2026-09-01T00:00:00Z
1361034,Will Maxx Crosby play for New York Jets next?,where-will-maxx-crosby-play-in-2026,1204878.24,168,0.0035,0,0.0,2026-09-01T00:00:00Z
1361034,Will Maxx Crosby play for New York Jets next?,where-will-maxx-crosby-play-in-2026,1204878.24,24,0.013,0,0.01,2026-09-01T00:00:00Z
1361034,Will Maxx Crosby play for New York Jets next?,where-will-maxx-crosby-play-in-2026,1204878.24,1,0.0015,0,0.0,2026-09-01T00:00:00Z
1361035,Will Maxx Crosby play for Philadelphia Eagles next?,where-will-maxx-crosby-play-in-2026,13674.27,720,0.016,0,136.0,2026-09-01T00:00:00Z
1361035,Will Maxx Crosby play for Philadelphia Eagles next?,where-will-maxx-crosby-play-in-2026,13674.27,168,0.003,0,0.0,2026-09-01T00:00:00Z
1361035,Will Maxx Crosby play for Philadelphia Eagles next?,where-will-maxx-crosby-play-in-2026,13674.27,24,0.0325,0,0.0,2026-09-01T00:00:00Z
1361035,Will Maxx Crosby play for Philadelphia Eagles next?,where-will-maxx-crosby-play-in-2026,13674.27,1,0.0015,0,0.0,2026-09-01T00:00:00Z
1361037,Will Maxx Crosby play for San Francisco 49ers next?,where-will-maxx-crosby-play-in-2026,620379.45,720,0.009,0,136.0,2026-09-01T00:00:00Z
1361037,Will Maxx Crosby play for San Francisco 49ers next?,where-will-maxx-crosby-play-in-2026,620379.45,168,0.0035,0,0.0,2026-09-01T00:00:00Z
1361037,Will Maxx Crosby play for San Francisco 49ers next?,where-will-maxx-crosby-play-in-2026,620379.45,24,0.0135,0,0.01,2026-09-01T00:00:00Z
1361037,Will Maxx Crosby play for San Francisco 49ers next?,where-will-maxx-crosby-play-in-2026,620379.45,1,0.0015,0,0.0,2026-09-01T00:00:00Z
1361039,Will Maxx Crosby play for Tampa Bay Buccaneers next?,where-will-maxx-crosby-play-in-2026,69658.27,720,0.0005,0,136.0,2026-09-01T00:00:00Z
1361039,Will Maxx Crosby play for Tampa Bay Buccaneers next?,where-will-maxx-crosby-play-in-2026,69658.27,168,0.0005,0,0.0,2026-09-01T00:00:00Z
1361039,Will Maxx Crosby play for Tampa Bay Buccaneers next?,where-will-maxx-crosby-play-in-2026,69658.27,24,0.0005,0,0.0,2026-09-01T00:00:00Z
1361039,Will Maxx Crosby play for Tampa Bay Buccaneers next?,where-will-maxx-crosby-play-in-2026,69658.27,1,0.0005,0,0.0,2026-09-01T00:00:00Z
1361040,Will Maxx Crosby play for Tennessee Titans next?,where-will-maxx-crosby-play-in-2026,888964.31,720,0.0025,0,136.0,2026-09-01T00:00:00Z
1361040,Will Maxx Crosby play for Tennessee Titans next?,where-will-maxx-crosby-play-in-2026,888964.31,168,0.0015,0,0.01,2026-09-01T00:00:00Z
1361040,Will Maxx Crosby play for Tennessee Titans next?,where-will-maxx-crosby-play-in-2026,888964.31,24,0.0015,0,0.01,2026-09-01T00:00:00Z
1361040,Will Maxx Crosby play for Tennessee Titans next?,where-will-maxx-crosby-play-in-2026,888964.31,1,0.0005,0,0.0,2026-09-01T00:00:00Z
1363963,Will CDU win the most seats in the 2026 Sachsen-Anhalt parliamentary elections?,sachsen-anhalt-parliamentary-election-winner,527082.65,720,0.0185,0,16.0,2026-09-06T00:00:00Z
1363963,Will CDU win the most seats in the 2026 Sachsen-Anhalt parliamentary elections?,sachsen-anhalt-parliamentary-election-winner,527082.65,168,0.0065,0,0.01,2026-09-06T00:00:00Z
1363963,Will CDU win the most seats in the 2026 Sachsen-Anhalt parliamentary elections?,sachsen-anhalt-parliamentary-election-winner,527082.65,24,0.0025,0,0.01,2026-09-06T00:00:00Z
1363963,Will CDU win the most seats in the 2026 Sachsen-Anhalt parliamentary elections?,sachsen-anhalt-parliamentary-election-winner,527082.65,1,0.0025,0,0.0,2026-09-06T00:00:00Z
1363964,Will AfD win the most seats in the 2026 Sachsen-Anhalt parliamentary elections?,sachsen-anhalt-parliamentary-election-winner,141735.42,720,0.9825,1,16.0,2026-09-06T00:00:00Z
1363964,Will AfD win the most seats in the 2026 Sachsen-Anhalt parliamentary elections?,sachsen-anhalt-parliamentary-election-winner,141735.42,168,0.993,1,0.01,2026-09-06T00:00:00Z
1363964,Will AfD win the most seats in the 2026 Sachsen-Anhalt parliamentary elections?,sachsen-anhalt-parliamentary-election-winner,141735.42,24,0.9975,1,0.0,2026-09-06T00:00:00Z
1363964,Will AfD win the most seats in the 2026 Sachsen-Anhalt parliamentary elections?,sachsen-anhalt-parliamentary-election-winner,141735.42,1,0.9975,1,0.0,2026-09-06T00:00:00Z
1363965,Will SPD win the most seats in the 2026 Sachsen-Anhalt parliamentary elections?,sachsen-anhalt-parliamentary-election-winner,124095.31,720,0.0005,0,16.0,2026-09-06T00:00:00Z
1363965,Will SPD win the most seats in the 2026 Sachsen-Anhalt parliamentary elections?,sachsen-anhalt-parliamentary-election-winner,124095.31,168,0.0005,0,0.0,2026-09-06T00:00:00Z
1363965,Will SPD win the most seats in the 2026 Sachsen-Anhalt parliamentary elections?,sachsen-anhalt-parliamentary-election-winner,124095.31,24,0.0005,0,0.0,2026-09-06T00:00:00Z
1363965,Will SPD win the most seats in the 2026 Sachsen-Anhalt parliamentary elections?,sachsen-anhalt-parliamentary-election-winner,124095.31,1,0.0005,0,0.0,2026-09-06T00:00:00Z
1363966,Will The Greens win the most seats in the 2026 Sachsen-Anhalt parliamentary elections?,sachsen-anhalt-parliamentary-election-winner,56850.54,720,0.0005,0,16.0,2026-09-06T00:00:00Z
1363966,Will The Greens win the most seats in the 2026 Sachsen-Anhalt parliamentary elections?,sachsen-anhalt-parliamentary-election-winner,56850.54,168,0.0005,0,0.01,2026-09-06T00:00:00Z
1363966,Will The Greens win the most seats in the 2026 Sachsen-Anhalt parliamentary elections?,sachsen-anhalt-parliamentary-election-winner,56850.54,24,0.0005,0,0.0,2026-09-06T00:00:00Z
1363966,Will The Greens win the most seats in the 2026 Sachsen-Anhalt parliamentary elections?,sachsen-anhalt-parliamentary-election-winner,56850.54,1,0.0005,0,0.0,2026-09-06T00:00:00Z
1363967,Will The Left win the most seats in the 2026 Sachsen-Anhalt parliamentary elections?,sachsen-anhalt-parliamentary-election-winner,47106.48,720,0.0005,0,16.0,2026-09-06T00:00:00Z
1363967,Will The Left win the most seats in the 2026 Sachsen-Anhalt parliamentary elections?,sachsen-anhalt-parliamentary-election-winner,47106.48,168,0.0005,0,0.01,2026-09-06T00:00:00Z
1363967,Will The Left win the most seats in the 2026 Sachsen-Anhalt parliamentary elections?,sachsen-anhalt-parliamentary-election-winner,47106.48,24,0.0005,0,0.01,2026-09-06T00:00:00Z
1363967,Will The Left win the most seats in the 2026 Sachsen-Anhalt parliamentary elections?,sachsen-anhalt-parliamentary-election-winner,47106.48,1,0.0005,0,0.01,2026-09-06T00:00:00Z
1363968,Will FDP win the most seats in the 2026 Sachsen-Anhalt parliamentary elections?,sachsen-anhalt-parliamentary-election-winner,27385.38,720,0.0005,0,16.0,2026-09-06T00:00:00Z
1363968,Will FDP win the most seats in the 2026 Sachsen-Anhalt parliamentary elections?,sachsen-anhalt-parliamentary-election-winner,27385.38,168,0.0005,0,0.0,2026-09-06T00:00:00Z
1363968,Will FDP win the most seats in the 2026 Sachsen-Anhalt parliamentary elections?,sachsen-anhalt-parliamentary-election-winner,27385.38,24,0.0005,0,0.0,2026-09-06T00:00:00Z
1363968,Will FDP win the most seats in the 2026 Sachsen-Anhalt parliamentary elections?,sachsen-anhalt-parliamentary-election-winner,27385.38,1,0.0005,0,0.0,2026-09-06T00:00:00Z
1363969,Will BSW win the most seats in the 2026 Sachsen-Anhalt parliamentary elections?,sachsen-anhalt-parliamentary-election-winner,36802.61,720,0.0005,0,16.0,2026-09-06T00:00:00Z
1363969,Will BSW win the most seats in the 2026 Sachsen-Anhalt parliamentary elections?,sachsen-anhalt-parliamentary-election-winner,36802.61,168,0.0005,0,0.01,2026-09-06T00:00:00Z
1363969,Will BSW win the most seats in the 2026 Sachsen-Anhalt parliamentary elections?,sachsen-anhalt-parliamentary-election-winner,36802.61,24,0.0005,0,0.01,2026-09-06T00:00:00Z
1363969,Will BSW win the most seats in the 2026 Sachsen-Anhalt parliamentary elections?,sachsen-anhalt-parliamentary-election-winner,36802.61,1,0.0005,0,0.01,2026-09-06T00:00:00Z
1387114,Will Tyreek Hill play for the Kansas City Chiefs next?,where-will-tyreek-hill-play-in-2026,20841.89,720,0.1325,0,136.09,2026-08-31T23:55:00Z
1387114,Will Tyreek Hill play for the Kansas City Chiefs next?,where-will-tyreek-hill-play-in-2026,20841.89,168,0.0015,0,0.09,2026-08-31T23:55:00Z
1387114,Will Tyreek Hill play for the Kansas City Chiefs next?,where-will-tyreek-hill-play-in-2026,20841.89,24,0.0535,0,0.09,2026-08-31T23:55:00Z
1387114,Will Tyreek Hill play for the Kansas City Chiefs next?,where-will-tyreek-hill-play-in-2026,20841.89,1,0.006,0,0.09,2026-08-31T23:55:00Z
1387118,Will Tyreek Hill play for the New England Patriots next?,where-will-tyreek-hill-play-in-2026,504693.58,720,0.008,0,136.09,2026-08-31T23:55:00Z
1387118,Will Tyreek Hill play for the New England Patriots next?,where-will-tyreek-hill-play-in-2026,504693.58,168,0.0065,0,0.09,2026-08-31T23:55:00Z
1387118,Will Tyreek Hill play for the New England Patriots next?,where-will-tyreek-hill-play-in-2026,504693.58,24,0.0015,0,0.09,2026-08-31T23:55:00Z
1387118,Will Tyreek Hill play for the New England Patriots next?,where-will-tyreek-hill-play-in-2026,504693.58,1,0.0015,0,0.09,2026-08-31T23:55:00Z
1387120,Will Tyreek Hill play for the Baltimore Ravens next?,where-will-tyreek-hill-play-in-2026,131624.68,720,0.004,0,136.09,2026-08-31T23:55:00Z
1387120,Will Tyreek Hill play for the Baltimore Ravens next?,where-will-tyreek-hill-play-in-2026,131624.68,168,0.0015,0,0.09,2026-08-31T23:55:00Z
1387120,Will Tyreek Hill play for the Baltimore Ravens next?,where-will-tyreek-hill-play-in-2026,131624.68,24,0.0015,0,0.09,2026-08-31T23:55:00Z
1387120,Will Tyreek Hill play for the Baltimore Ravens next?,where-will-tyreek-hill-play-in-2026,131624.68,1,0.0015,0,0.09,2026-08-31T23:55:00Z
1387121,Will Tyreek Hill play for the Minnesota Vikings next?,where-will-tyreek-hill-play-in-2026,222557.44,720,0.01,0,136.09,2026-08-31T23:55:00Z
1387121,Will Tyreek Hill play for the Minnesota Vikings next?,where-will-tyreek-hill-play-in-2026,222557.44,168,0.0025,0,0.09,2026-08-31T23:55:00Z
1387121,Will Tyreek Hill play for the Minnesota Vikings next?,where-will-tyreek-hill-play-in-2026,222557.44,24,0.0015,0,0.09,2026-08-31T23:55:00Z
1387121,Will Tyreek Hill play for the Minnesota Vikings next?,where-will-tyreek-hill-play-in-2026,222557.44,1,0.0005,0,0.09,2026-08-31T23:55:00Z
1387123,Will Tyreek Hill play for the Chicago Bears next?,where-will-tyreek-hill-play-in-2026,2195683.91,720,0.008,0,136.09,2026-08-31T23:55:00Z
1387123,Will Tyreek Hill play for the Chicago Bears next?,where-will-tyreek-hill-play-in-2026,2195683.91,168,0.007,0,0.09,2026-08-31T23:55:00Z
1387123,Will Tyreek Hill play for the Chicago Bears next?,where-will-tyreek-hill-play-in-2026,2195683.91,24,0.0065,0,0.09,2026-08-31T23:55:00Z
1387123,Will Tyreek Hill play for the Chicago Bears next?,where-will-tyreek-hill-play-in-2026,2195683.91,1,0.006,0,0.09,2026-08-31T23:55:00Z
1387124,Will Tyreek Hill play for the Los Angeles Rams next?,where-will-tyreek-hill-play-in-2026,42128.1,720,0.005,0,136.09,2026-08-31T23:55:00Z
1387124,Will Tyreek Hill play for the Los Angeles Rams next?,where-will-tyreek-hill-play-in-2026,42128.1,168,0.0045,0,0.09,2026-08-31T23:55:00Z
1387124,Will Tyreek Hill play for the Los Angeles Rams next?,where-will-tyreek-hill-play-in-2026,42128.1,24,0.0045,0,0.09,2026-08-31T23:55:00Z
1387124,Will Tyreek Hill play for the Los Angeles Rams next?,where-will-tyreek-hill-play-in-2026,42128.1,1,0.0045,0,0.09,2026-08-31T23:55:00Z
1387126,Will Tyreek Hill play for the Dallas Cowboys next?,where-will-tyreek-hill-play-in-2026,1781737.9,720,0.006,0,136.09,2026-08-31T23:55:00Z
1387126,Will Tyreek Hill play for the Dallas Cowboys next?,where-will-tyreek-hill-play-in-2026,1781737.9,168,0.0055,0,0.09,2026-08-31T23:55:00Z
1387126,Will Tyreek Hill play for the Dallas Cowboys next?,where-will-tyreek-hill-play-in-2026,1781737.9,24,0.0005,0,0.09,2026-08-31T23:55:00Z
1387126,Will Tyreek Hill play for the Dallas Cowboys next?,where-will-tyreek-hill-play-in-2026,1781737.9,1,0.0005,0,0.09,2026-08-31T23:55:00Z
1387127,Will Tyreek Hill play for the Philadelphia Eagles next?,where-will-tyreek-hill-play-in-2026,221352.81,720,0.0055,0,136.09,2026-08-31T23:55:00Z
1387127,Will Tyreek Hill play for the Philadelphia Eagles next?,where-will-tyreek-hill-play-in-2026,221352.81,168,0.004,0,0.09,2026-08-31T23:55:00Z
1387127,Will Tyreek Hill play for the Philadelphia Eagles next?,where-will-tyreek-hill-play-in-2026,221352.81,24,0.0015,0,0.09,2026-08-31T23:55:00Z
1387127,Will Tyreek Hill play for the Philadelphia Eagles next?,where-will-tyreek-hill-play-in-2026,221352.81,1,0.0095,0,0.09,2026-08-31T23:55:00Z
1447729,Will John Larson be the Democratic nominee for CT-01?,ct-01-democratic-primary-winner,34109.67,24,0.155,0,0.01,2026-08-11T00:00:00Z
1447729,Will John Larson be the Democratic nominee for CT-01?,ct-01-democratic-primary-winner,34109.67,1,0.17,0,0.0,2026-08-11T00:00:00Z
1447730,Will Luke Bronin be the Democratic nominee for CT-01?,ct-01-democratic-primary-winner,31192.95,24,0.855,1,0.01,2026-08-11T00:00:00Z
1447730,Will Luke Bronin be the Democratic nominee for CT-01?,ct-01-democratic-primary-winner,31192.95,1,0.82,1,0.0,2026-08-11T00:00:00Z
1459608,Will George Pickens play for Atlanta Falcons in 2026-27?,where-will-george-pickens-play-in-2026-27,190390.18,720,0.0095,0,136.0,2026-09-01T00:00:00Z
1459608,Will George Pickens play for Atlanta Falcons in 2026-27?,where-will-george-pickens-play-in-2026-27,190390.18,168,0.003,0,0.0,2026-09-01T00:00:00Z
1459608,Will George Pickens play for Atlanta Falcons in 2026-27?,where-will-george-pickens-play-in-2026-27,190390.18,24,0.0015,0,0.01,2026-09-01T00:00:00Z
1459608,Will George Pickens play for Atlanta Falcons in 2026-27?,where-will-george-pickens-play-in-2026-27,190390.18,1,0.0015,0,0.0,2026-09-01T00:00:00Z
1459610,Will George Pickens play for Buffalo Bills in 2026-27?,where-will-george-pickens-play-in-2026-27,124436.81,720,0.0035,0,136.0,2026-09-01T00:00:00Z
1459610,Will George Pickens play for Buffalo Bills in 2026-27?,where-will-george-pickens-play-in-2026-27,124436.81,168,0.0025,0,0.01,2026-09-01T00:00:00Z
1459610,Will George Pickens play for Buffalo Bills in 2026-27?,where-will-george-pickens-play-in-2026-27,124436.81,24,0.0025,0,0.01,2026-09-01T00:00:00Z
1459610,Will George Pickens play for Buffalo Bills in 2026-27?,where-will-george-pickens-play-in-2026-27,124436.81,1,0.002,0,0.0,2026-09-01T00:00:00Z
1459614,Will George Pickens play for Cleveland Browns in 2026-27?,where-will-george-pickens-play-in-2026-27,320884.35,720,0.0065,0,136.0,2026-09-01T00:00:00Z
1459614,Will George Pickens play for Cleveland Browns in 2026-27?,where-will-george-pickens-play-in-2026-27,320884.35,168,0.0015,0,0.01,2026-09-01T00:00:00Z
1459614,Will George Pickens play for Cleveland Browns in 2026-27?,where-will-george-pickens-play-in-2026-27,320884.35,24,0.0015,0,0.01,2026-09-01T00:00:00Z
1459614,Will George Pickens play for Cleveland Browns in 2026-27?,where-will-george-pickens-play-in-2026-27,320884.35,1,0.0015,0,0.0,2026-09-01T00:00:00Z
1459620,Will George Pickens play for Indianapolis Colts in 2026-27?,where-will-george-pickens-play-in-2026-27,79438.49,720,0.0015,0,136.0,2026-09-01T00:00:00Z
1459620,Will George Pickens play for Indianapolis Colts in 2026-27?,where-will-george-pickens-play-in-2026-27,79438.49,168,0.0015,0,0.01,2026-09-01T00:00:00Z
1459620,Will George Pickens play for Indianapolis Colts in 2026-27?,where-will-george-pickens-play-in-2026-27,79438.49,24,0.0015,0,0.01,2026-09-01T00:00:00Z
1459620,Will George Pickens play for Indianapolis Colts in 2026-27?,where-will-george-pickens-play-in-2026-27,79438.49,1,0.0015,0,0.0,2026-09-01T00:00:00Z
1459629,Will George Pickens play for New Orleans Saints in 2026-27?,where-will-george-pickens-play-in-2026-27,125005.26,720,0.0015,0,136.0,2026-09-01T00:00:00Z
1459629,Will George Pickens play for New Orleans Saints in 2026-27?,where-will-george-pickens-play-in-2026-27,125005.26,168,0.0015,0,0.0,2026-09-01T00:00:00Z
1459629,Will George Pickens play for New Orleans Saints in 2026-27?,where-will-george-pickens-play-in-2026-27,125005.26,24,0.0015,0,0.0,2026-09-01T00:00:00Z
1459629,Will George Pickens play for New Orleans Saints in 2026-27?,where-will-george-pickens-play-in-2026-27,125005.26,1,0.0015,0,0.0,2026-09-01T00:00:00Z
1459630,Will George Pickens play for New York Giants in 2026-27?,where-will-george-pickens-play-in-2026-27,11925.33,720,0.0175,0,136.0,2026-09-01T00:00:00Z
1459630,Will George Pickens play for New York Giants in 2026-27?,where-will-george-pickens-play-in-2026-27,11925.33,168,0.0025,0,0.0,2026-09-01T00:00:00Z
1459630,Will George Pickens play for New York Giants in 2026-27?,where-will-george-pickens-play-in-2026-27,11925.33,24,0.0005,0,0.0,2026-09-01T00:00:00Z
1459630,Will George Pickens play for New York Giants in 2026-27?,where-will-george-pickens-play-in-2026-27,11925.33,1,0.0005,0,0.0,2026-09-01T00:00:00Z
1459635,Will George Pickens play for Seattle Seahawks in 2026-27?,where-will-george-pickens-play-in-2026-27,29629.56,720,0.0005,0,136.0,2026-09-01T00:00:00Z
1459635,Will George Pickens play for Seattle Seahawks in 2026-27?,where-will-george-pickens-play-in-2026-27,29629.56,168,0.0005,0,0.01,2026-09-01T00:00:00Z
1459635,Will George Pickens play for Seattle Seahawks in 2026-27?,where-will-george-pickens-play-in-2026-27,29629.56,24,0.0005,0,0.01,2026-09-01T00:00:00Z
1459635,Will George Pickens play for Seattle Seahawks in 2026-27?,where-will-george-pickens-play-in-2026-27,29629.56,1,0.0005,0,0.0,2026-09-01T00:00:00Z
1485174,Will Joey Bosa play for Carolina Panthers in 2026-27?,where-will-joey-bosa-play-in-2026-27,29889.96,720,0.4,0,160.0,2026-08-31T00:00:00Z
1485174,Will Joey Bosa play for Carolina Panthers in 2026-27?,where-will-joey-bosa-play-in-2026-27,29889.96,168,0.35,0,0.01,2026-08-31T00:00:00Z
1485174,Will Joey Bosa play for Carolina Panthers in 2026-27?,where-will-joey-bosa-play-in-2026-27,29889.96,24,0.395,0,0.01,2026-08-31T00:00:00Z
1485174,Will Joey Bosa play for Carolina Panthers in 2026-27?,where-will-joey-bosa-play-in-2026-27,29889.96,1,0.0105,0,0.0,2026-08-31T00:00:00Z
1493235,Will Stephen Lynch be the Democratic nominee for MA-08?,ma-08-democratic-primary-winner,135786.52,720,0.475,1,136.0,2026-09-01T00:00:00Z
1493235,Will Stephen Lynch be the Democratic nominee for MA-08?,ma-08-democratic-primary-winner,135786.52,168,0.525,1,0.0,2026-09-01T00:00:00Z
1493235,Will Stephen Lynch be the Democratic nominee for MA-08?,ma-08-democratic-primary-winner,135786.52,24,0.815,1,0.01,2026-09-01T00:00:00Z
1493235,Will Stephen Lynch be the Democratic nominee for MA-08?,ma-08-democratic-primary-winner,135786.52,1,0.795,1,0.0,2026-09-01T00:00:00Z
1493236,Will Patrick Roath be the Democratic nominee for MA-08?,ma-08-democratic-primary-winner,99658.84,720,0.53,0,136.0,2026-09-01T00:00:00Z
1493236,Will Patrick Roath be the Democratic nominee for MA-08?,ma-08-democratic-primary-winner,99658.84,168,0.485,0,0.0,2026-09-01T00:00:00Z
1493236,Will Patrick Roath be the Democratic nominee for MA-08?,ma-08-democratic-primary-winner,99658.84,24,0.18,0,0.0,2026-09-01T00:00:00Z
1493236,Will Patrick Roath be the Democratic nominee for MA-08?,ma-08-democratic-primary-winner,99658.84,1,0.215,0,0.0,2026-09-01T00:00:00Z
1545032,Will CDU win the second most seats in the 2026 Sachsen-Anhalt parliamentary elections?,sachsen-anhalt-parliamentary-elections-2nd-place,94088.82,720,0.9775,1,16.0,2026-09-06T00:00:00Z
1545032,Will CDU win the second most seats in the 2026 Sachsen-Anhalt parliamentary elections?,sachsen-anhalt-parliamentary-elections-2nd-place,94088.82,168,0.9855,1,0.01,2026-09-06T00:00:00Z
1545032,Will CDU win the second most seats in the 2026 Sachsen-Anhalt parliamentary elections?,sachsen-anhalt-parliamentary-elections-2nd-place,94088.82,24,0.9955,1,0.01,2026-09-06T00:00:00Z
1545032,Will CDU win the second most seats in the 2026 Sachsen-Anhalt parliamentary elections?,sachsen-anhalt-parliamentary-elections-2nd-place,94088.82,1,0.994,1,0.0,2026-09-06T00:00:00Z
1545037,Will SPD win the second most seats in the 2026 Sachsen-Anhalt parliamentary elections?,sachsen-anhalt-parliamentary-elections-2nd-place,25526.76,720,0.0025,0,16.0,2026-09-06T00:00:00Z
1545037,Will SPD win the second most seats in the 2026 Sachsen-Anhalt parliamentary elections?,sachsen-anhalt-parliamentary-elections-2nd-place,25526.76,168,0.0015,0,0.01,2026-09-06T00:00:00Z
1545037,Will SPD win the second most seats in the 2026 Sachsen-Anhalt parliamentary elections?,sachsen-anhalt-parliamentary-elections-2nd-place,25526.76,24,0.0005,0,0.0,2026-09-06T00:00:00Z
1545037,Will SPD win the second most seats in the 2026 Sachsen-Anhalt parliamentary elections?,sachsen-anhalt-parliamentary-elections-2nd-place,25526.76,1,0.0005,0,0.0,2026-09-06T00:00:00Z
1807950,Kristi Noem divorce by August 31?,kristi-noem-divorce-by-august-31,38140.58,720,0.455,1,132.02,2026-09-01T03:59:00Z
1807950,Kristi Noem divorce by August 31?,kristi-noem-divorce-by-august-31,38140.58,168,0.23,1,0.03,2026-09-01T03:59:00Z
1807950,Kristi Noem divorce by August 31?,kristi-noem-divorce-by-august-31,38140.58,24,0.09,1,0.02,2026-09-01T03:59:00Z
1829855,Will Jonathan Kreiss-Tomkins advance from the 2026 Alaska Governor primary election?,who-will-advance-from-the-alaska-governor-primary,19201.44,168,0.79,1,0.01,2026-08-18T00:00:00Z
1829855,Will Jonathan Kreiss-Tomkins advance from the 2026 Alaska Governor primary election?,who-will-advance-from-the-alaska-governor-primary,19201.44,24,0.795,1,0.01,2026-08-18T00:00:00Z
1829855,Will Jonathan Kreiss-Tomkins advance from the 2026 Alaska Governor primary election?,who-will-advance-from-the-alaska-governor-primary,19201.44,1,0.805,1,0.01,2026-08-18T00:00:00Z
1923635,Will Valve add Cobblestone to the map pool by August 30? ,will-valve-add-cobblestone-to-the-map-pool-by,63098.57,720,0.0225,0,156.02,2026-08-31T03:59:00Z
1923635,Will Valve add Cobblestone to the map pool by August 30? ,will-valve-add-cobblestone-to-the-map-pool-by,63098.57,168,0.006,0,0.03,2026-08-31T03:59:00Z
1923635,Will Valve add Cobblestone to the map pool by August 30? ,will-valve-add-cobblestone-to-the-map-pool-by,63098.57,24,0.007,0,0.02,2026-08-31T03:59:00Z
1923635,Will Valve add Cobblestone to the map pool by August 30? ,will-valve-add-cobblestone-to-the-map-pool-by,63098.57,1,0.003,0,0.02,2026-08-31T03:59:00Z
1973820,Will Alexandra Van Cleef be the Republican nominee for FL-06?,fl-06-republican-primary-winner,41190.92,168,0.0065,0,0.01,2026-08-18T00:00:00Z
1973820,Will Alexandra Van Cleef be the Republican nominee for FL-06?,fl-06-republican-primary-winner,41190.92,24,0.0025,0,0.01,2026-08-18T00:00:00Z
1973820,Will Alexandra Van Cleef be the Republican nominee for FL-06?,fl-06-republican-primary-winner,41190.92,1,0.0005,0,0.0,2026-08-18T00:00:00Z
1973821,Will Joshua Vasquez be the Republican nominee for FL-06?,fl-06-republican-primary-winner,13606.91,168,0.0005,0,0.01,2026-08-18T00:00:00Z
1973821,Will Joshua Vasquez be the Republican nominee for FL-06?,fl-06-republican-primary-winner,13606.91,24,0.0005,0,0.01,2026-08-18T00:00:00Z
1973821,Will Joshua Vasquez be the Republican nominee for FL-06?,fl-06-republican-primary-winner,13606.91,1,0.0005,0,0.01,2026-08-18T00:00:00Z
1973822,Will Aaron Baker be the Republican nominee for FL-06?,fl-06-republican-primary-winner,28867.23,168,0.01,0,0.01,2026-08-18T00:00:00Z
1973822,Will Aaron Baker be the Republican nominee for FL-06?,fl-06-republican-primary-winner,28867.23,24,0.016,0,0.01,2026-08-18T00:00:00Z
1973822,Will Aaron Baker be the Republican nominee for FL-06?,fl-06-republican-primary-winner,28867.23,1,0.0105,0,0.01,2026-08-18T00:00:00Z
1973823,Will Dan Bilzerian be the Republican nominee for FL-06?,fl-06-republican-primary-winner,204780.44,168,0.007,0,0.01,2026-08-18T00:00:00Z
1973823,Will Dan Bilzerian be the Republican nominee for FL-06?,fl-06-republican-primary-winner,204780.44,24,0.012,0,0.01,2026-08-18T00:00:00Z
1973823,Will Dan Bilzerian be the Republican nominee for FL-06?,fl-06-republican-primary-winner,204780.44,1,0.008,0,0.01,2026-08-18T00:00:00Z
1973824,Will Randy Fine be the Republican nominee for FL-06?,fl-06-republican-primary-winner,42459.34,168,0.9745,1,0.01,2026-08-18T00:00:00Z
1973824,Will Randy Fine be the Republican nominee for FL-06?,fl-06-republican-primary-winner,42459.34,24,0.965,1,0.01,2026-08-18T00:00:00Z
1973824,Will Randy Fine be the Republican nominee for FL-06?,fl-06-republican-primary-winner,42459.34,1,0.9845,1,0.0,2026-08-18T00:00:00Z
1973825,Will Charles Gambaro be the Republican nominee for FL-06?,fl-06-republican-primary-winner,17668.92,168,0.0025,0,0.01,2026-08-18T00:00:00Z
1973825,Will Charles Gambaro be the Republican nominee for FL-06?,fl-06-republican-primary-winner,17668.92,24,0.0005,0,0.01,2026-08-18T00:00:00Z
1973825,Will Charles Gambaro be the Republican nominee for FL-06?,fl-06-republican-primary-winner,17668.92,1,0.0005,0,0.0,2026-08-18T00:00:00Z
1973826,Will Ernest Audino be the Republican nominee for FL-06?,fl-06-republican-primary-winner,20147.98,168,0.0005,0,0.01,2026-08-18T00:00:00Z
1973826,Will Ernest Audino be the Republican nominee for FL-06?,fl-06-republican-primary-winner,20147.98,24,0.0005,0,0.01,2026-08-18T00:00:00Z
1973826,Will Ernest Audino be the Republican nominee for FL-06?,fl-06-republican-primary-winner,20147.98,1,0.0005,0,0.0,2026-08-18T00:00:00Z
1973887,Will Scottie Scheffler win the 2026 TOUR Championship?,fedex-cup-playoffs-winner,30932.57,720,0.24,1,160.0,2026-08-31T00:00:00Z
1973887,Will Scottie Scheffler win the 2026 TOUR Championship?,fedex-cup-playoffs-winner,30932.57,168,0.275,1,0.01,2026-08-31T00:00:00Z
1973887,Will Scottie Scheffler win the 2026 TOUR Championship?,fedex-cup-playoffs-winner,30932.57,24,0.19,1,0.01,2026-08-31T00:00:00Z
1973887,Will Scottie Scheffler win the 2026 TOUR Championship?,fedex-cup-playoffs-winner,30932.57,1,0.986,1,0.0,2026-08-31T00:00:00Z
1973888,Will Jacob Bridgeman win the 2026 TOUR Championship?,fedex-cup-playoffs-winner,25337.19,720,0.017,0,160.0,2026-08-31T00:00:00Z
1973888,Will Jacob Bridgeman win the 2026 TOUR Championship?,fedex-cup-playoffs-winner,25337.19,168,0.0045,0,0.01,2026-08-31T00:00:00Z
1973888,Will Jacob Bridgeman win the 2026 TOUR Championship?,fedex-cup-playoffs-winner,25337.19,24,0.007,0,0.01,2026-08-31T00:00:00Z
1973888,Will Jacob Bridgeman win the 2026 TOUR Championship?,fedex-cup-playoffs-winner,25337.19,1,0.0005,0,0.0,2026-08-31T00:00:00Z
1973890,Will Matt Fitzpatrick win the 2026 TOUR Championship?,fedex-cup-playoffs-winner,12257.12,720,0.0465,0,160.0,2026-08-31T00:00:00Z
1973890,Will Matt Fitzpatrick win the 2026 TOUR Championship?,fedex-cup-playoffs-winner,12257.12,168,0.036,0,0.01,2026-08-31T00:00:00Z
1973890,Will Matt Fitzpatrick win the 2026 TOUR Championship?,fedex-cup-playoffs-winner,12257.12,24,0.004,0,0.01,2026-08-31T00:00:00Z
1973890,Will Matt Fitzpatrick win the 2026 TOUR Championship?,fedex-cup-playoffs-winner,12257.12,1,0.001,0,1.0,2026-08-31T00:00:00Z
1973894,Will Min Woo Lee win the 2026 TOUR Championship?,fedex-cup-playoffs-winner,101020.69,720,0.009,0,160.0,2026-08-31T00:00:00Z
1973894,Will Min Woo Lee win the 2026 TOUR Championship?,fedex-cup-playoffs-winner,101020.69,168,0.0035,0,0.01,2026-08-31T00:00:00Z
1973894,Will Min Woo Lee win the 2026 TOUR Championship?,fedex-cup-playoffs-winner,101020.69,24,0.0075,0,0.01,2026-08-31T00:00:00Z
1973894,Will Min Woo Lee win the 2026 TOUR Championship?,fedex-cup-playoffs-winner,101020.69,1,0.0005,0,0.0,2026-08-31T00:00:00Z
1973896,Will Jake Knapp win the 2026 TOUR Championship?,fedex-cup-playoffs-winner,290327.26,720,0.003,0,160.0,2026-08-31T00:00:00Z
1973896,Will Jake Knapp win the 2026 TOUR Championship?,fedex-cup-playoffs-winner,290327.26,168,0.001,0,0.01,2026-08-31T00:00:00Z
1973903,Will Sepp Straka win the 2026 TOUR Championship?,fedex-cup-playoffs-winner,18044.34,720,0.0195,0,160.0,2026-08-31T00:00:00Z
1973903,Will Sepp Straka win the 2026 TOUR Championship?,fedex-cup-playoffs-winner,18044.34,168,0.0045,0,0.01,2026-08-31T00:00:00Z
1973908,Will Nicolai Højgaard win the 2026 TOUR Championship?,fedex-cup-playoffs-winner,188722.41,720,0.0055,0,160.0,2026-08-31T00:00:00Z
1973908,Will Nicolai Højgaard win the 2026 TOUR Championship?,fedex-cup-playoffs-winner,188722.41,168,0.0005,0,0.0,2026-08-31T00:00:00Z
1973911,Will Sahith Theegala win the 2026 TOUR Championship?,fedex-cup-playoffs-winner,1330903.78,720,0.0015,0,160.0,2026-08-31T00:00:00Z
1973911,Will Sahith Theegala win the 2026 TOUR Championship?,fedex-cup-playoffs-winner,1330903.78,168,0.001,0,0.01,2026-08-31T00:00:00Z
1973912,Will Gary Woodland win the 2026 TOUR Championship?,fedex-cup-playoffs-winner,318922.89,720,0.035,0,160.0,2026-08-31T00:00:00Z
1973912,Will Gary Woodland win the 2026 TOUR Championship?,fedex-cup-playoffs-winner,318922.89,168,0.0095,0,0.01,2026-08-31T00:00:00Z
1973912,Will Gary Woodland win the 2026 TOUR Championship?,fedex-cup-playoffs-winner,318922.89,24,0.006,0,0.0,2026-08-31T00:00:00Z
1973912,Will Gary Woodland win the 2026 TOUR Championship?,fedex-cup-playoffs-winner,318922.89,1,0.0035,0,2.0,2026-08-31T00:00:00Z
1973915,Will Sudarshan Yellamaraju win the 2026 TOUR Championship?,fedex-cup-playoffs-winner,330244.1,720,0.0015,0,160.0,2026-08-31T00:00:00Z
1973915,Will Sudarshan Yellamaraju win the 2026 TOUR Championship?,fedex-cup-playoffs-winner,330244.1,168,0.0005,0,0.01,2026-08-31T00:00:00Z
1993060,Will Aisha Wahab win the CA-14 special election?,ca-14-special-election-winner,111999.89,168,0.825,1,0.01,2026-08-18T00:00:00Z
1993060,Will Aisha Wahab win the CA-14 special election?,ca-14-special-election-winner,111999.89,24,0.845,1,0.01,2026-08-18T00:00:00Z
1993060,Will Aisha Wahab win the CA-14 special election?,ca-14-special-election-winner,111999.89,1,0.86,1,0.01,2026-08-18T00:00:00Z
1993061,Will Melissa Hernandez win the CA-14 special election?,ca-14-special-election-winner,37655.07,168,0.1785,0,0.01,2026-08-18T00:00:00Z
1993061,Will Melissa Hernandez win the CA-14 special election?,ca-14-special-election-winner,37655.07,24,0.1495,0,0.01,2026-08-18T00:00:00Z
1993061,Will Melissa Hernandez win the CA-14 special election?,ca-14-special-election-winner,37655.07,1,0.125,0,0.01,2026-08-18T00:00:00Z
1999469,Will the Workers' Party nominate Lula for President of Brazil by August 15?,will-the-workers-party-nominate-lula-for-president-of-brazil-by-august-15,199726.27,168,0.985,1,0.0,2026-08-15T06:00:00Z
1999469,Will the Workers' Party nominate Lula for President of Brazil by August 15?,will-the-workers-party-nominate-lula-for-president-of-brazil-by-august-15,199726.27,24,0.993,1,0.01,2026-08-15T06:00:00Z
1999469,Will the Workers' Party nominate Lula for President of Brazil by August 15?,will-the-workers-party-nominate-lula-for-president-of-brazil-by-august-15,199726.27,1,0.9995,1,0.0,2026-08-15T06:00:00Z
2044833,Will Elijah Manley be the Democratic nominee for FL-20?,fl-20-democratic-primary-winner,40380.42,168,0.135,0,0.01,2026-08-18T00:00:00Z
2044833,Will Elijah Manley be the Democratic nominee for FL-20?,fl-20-democratic-primary-winner,40380.42,24,0.085,0,0.0,2026-08-18T00:00:00Z
2044833,Will Elijah Manley be the Democratic nominee for FL-20?,fl-20-democratic-primary-winner,40380.42,1,0.105,0,0.0,2026-08-18T00:00:00Z
2044836,Will Debbie Wasserman Schultz be the Democratic nominee for FL-20?,fl-20-democratic-primary-winner,31657.29,168,0.875,1,0.01,2026-08-18T00:00:00Z
2044836,Will Debbie Wasserman Schultz be the Democratic nominee for FL-20?,fl-20-democratic-primary-winner,31657.29,24,0.915,1,0.01,2026-08-18T00:00:00Z
2044836,Will Debbie Wasserman Schultz be the Democratic nominee for FL-20?,fl-20-democratic-primary-winner,31657.29,1,0.905,1,0.01,2026-08-18T00:00:00Z
2127670,Will Gabriel Magalhães be named to the 2026 PFA Premier League Team of the Year?,epl-2026-team-of-the-season,10257.08,168,0.9,1,0.01,2026-08-21T00:00:00Z
2127670,Will Gabriel Magalhães be named to the 2026 PFA Premier League Team of the Year?,epl-2026-team-of-the-season,10257.08,24,0.929,1,0.01,2026-08-21T00:00:00Z
2127670,Will Gabriel Magalhães be named to the 2026 PFA Premier League Team of the Year?,epl-2026-team-of-the-season,10257.08,1,0.8925,1,0.01,2026-08-21T00:00:00Z
2127676,Will Declan Rice be named to the 2026 PFA Premier League Team of the Year?,epl-2026-team-of-the-season,10667.26,168,0.925,1,0.01,2026-08-21T00:00:00Z
2127676,Will Declan Rice be named to the 2026 PFA Premier League Team of the Year?,epl-2026-team-of-the-season,10667.26,24,0.9865,1,0.01,2026-08-21T00:00:00Z
2127676,Will Declan Rice be named to the 2026 PFA Premier League Team of the Year?,epl-2026-team-of-the-season,10667.26,1,0.9865,1,0.01,2026-08-21T00:00:00Z
2127677,Will Bruno Fernandes be named to the 2026 PFA Premier League Team of the Year?,epl-2026-team-of-the-season,11020.3,168,0.921,1,0.01,2026-08-21T00:00:00Z
2127677,Will Bruno Fernandes be named to the 2026 PFA Premier League Team of the Year?,epl-2026-team-of-the-season,11020.3,24,0.9755,1,0.01,2026-08-21T00:00:00Z
2127677,Will Bruno Fernandes be named to the 2026 PFA Premier League Team of the Year?,epl-2026-team-of-the-season,11020.3,1,0.976,1,0.0,2026-08-21T00:00:00Z
2127683,Will Erling Haaland be named to the 2026 PFA Premier League Team of the Year?,epl-2026-team-of-the-season,13080.57,168,0.93,1,0.0,2026-08-21T00:00:00Z
2127683,Will Erling Haaland be named to the 2026 PFA Premier League Team of the Year?,epl-2026-team-of-the-season,13080.57,24,0.92,1,0.01,2026-08-21T00:00:00Z
2127683,Will Erling Haaland be named to the 2026 PFA Premier League Team of the Year?,epl-2026-team-of-the-season,13080.57,1,0.915,1,0.0,2026-08-21T00:00:00Z
2127686,Will João Pedro be named to the 2026 PFA Premier League Team of the Year?,epl-2026-team-of-the-season,15327.1,168,0.095,0,0.01,2026-08-21T00:00:00Z
2127686,Will João Pedro be named to the 2026 PFA Premier League Team of the Year?,epl-2026-team-of-the-season,15327.1,24,0.12,0,0.01,2026-08-21T00:00:00Z
2127686,Will João Pedro be named to the 2026 PFA Premier League Team of the Year?,epl-2026-team-of-the-season,15327.1,1,0.12,0,0.0,2026-08-21T00:00:00Z
2183578,Will Kylian Mbappe leave Real Madrid before August 31?,will-kylian-mbappe-leave-real-madrid-before-august-31,25080.06,720,0.0075,0,132.02,2026-09-01T03:59:00Z
2183578,Will Kylian Mbappe leave Real Madrid before August 31?,will-kylian-mbappe-leave-real-madrid-before-august-31,25080.06,168,0.005,0,0.03,2026-09-01T03:59:00Z
2183578,Will Kylian Mbappe leave Real Madrid before August 31?,will-kylian-mbappe-leave-real-madrid-before-august-31,25080.06,24,0.0075,0,0.02,2026-09-01T03:59:00Z
2183578,Will Kylian Mbappe leave Real Madrid before August 31?,will-kylian-mbappe-leave-real-madrid-before-august-31,25080.06,1,0.008,0,0.02,2026-09-01T03:59:00Z
2234098,No change in Reserve Bank of Australia's interest rates at the August 2026 meeting?,reserve-bank-of-australia-decision-in-august,63892.57,24,0.9965,1,0.0,2026-08-11T00:00:00Z
2234098,No change in Reserve Bank of Australia's interest rates at the August 2026 meeting?,reserve-bank-of-australia-decision-in-august,63892.57,1,0.994,1,0.0,2026-08-11T00:00:00Z
2234099,Reserve Bank of Australia increases interest rates by 25 bps at the August 2026 meeting?,reserve-bank-of-australia-decision-in-august,43418.64,24,0.005,0,0.0,2026-08-11T00:00:00Z
2234099,Reserve Bank of Australia increases interest rates by 25 bps at the August 2026 meeting?,reserve-bank-of-australia-decision-in-august,43418.64,1,0.005,0,0.0,2026-08-11T00:00:00Z
2244513,Will AfD win an absolute majority of seats in Sachsen-Anhalt?,will-afd-win-an-absolute-majority-of-seats-in-sachsen-anhalt,1377255.68,720,0.255,0,16.0,2026-09-06T00:00:00Z
2244513,Will AfD win an absolute majority of seats in Sachsen-Anhalt?,will-afd-win-an-absolute-majority-of-seats-in-sachsen-anhalt,1377255.68,168,0.175,0,0.01,2026-09-06T00:00:00Z
2244513,Will AfD win an absolute majority of seats in Sachsen-Anhalt?,will-afd-win-an-absolute-majority-of-seats-in-sachsen-anhalt,1377255.68,24,0.185,0,0.01,2026-09-06T00:00:00Z
2244513,Will AfD win an absolute majority of seats in Sachsen-Anhalt?,will-afd-win-an-absolute-majority-of-seats-in-sachsen-anhalt,1377255.68,1,0.165,0,0.01,2026-09-06T00:00:00Z
2264063,Will UK GDP growth in Q2 2026 be between 0.2% and 0.3%?,uk-gdp-growth-in-q2-2026-qoq,14932.69,24,0.485,0,0.01,2026-08-12T00:00:00Z
2264063,Will UK GDP growth in Q2 2026 be between 0.2% and 0.3%?,uk-gdp-growth-in-q2-2026-qoq,14932.69,1,0.33,0,0.0,2026-08-12T00:00:00Z
2292417,St. Louis Cardinals vs. Cincinnati Reds,mlb-stl-cin-2026-05-24,1321610.46,168,0.715,1,0.34,2026-08-24T17:40:00Z
2292418,Will there be a run scored in the first inning?: St. Louis Cardinals vs. Cincinnati Reds,mlb-stl-cin-2026-05-24,12121.43,168,0.9945,1,0.34,2026-08-24T17:40:00Z
2296217,"Will Elon Musk tweet ""Hyperliquid"" by August 31, 2026?",will-elon-musk-tweet-about-hyperliquid-by,12101.51,720,0.017,0,132.0,2026-09-01T04:00:00Z
2296217,"Will Elon Musk tweet ""Hyperliquid"" by August 31, 2026?",will-elon-musk-tweet-about-hyperliquid-by,12101.51,168,0.017,0,0.01,2026-09-01T04:00:00Z
2296217,"Will Elon Musk tweet ""Hyperliquid"" by August 31, 2026?",will-elon-musk-tweet-about-hyperliquid-by,12101.51,24,0.0155,0,0.0,2026-09-01T04:00:00Z
2296217,"Will Elon Musk tweet ""Hyperliquid"" by August 31, 2026?",will-elon-musk-tweet-about-hyperliquid-by,12101.51,1,0.0105,0,0.01,2026-09-01T04:00:00Z
2321903,Will Japan Q2 GDP growth (annualized) be between -0.8% and 0.0%?,japan-gdp-growth-in-q2-2026-qoq-annualized,13318.07,168,0.06,0,0.01,2026-08-17T00:00:00Z
2321903,Will Japan Q2 GDP growth (annualized) be between -0.8% and 0.0%?,japan-gdp-growth-in-q2-2026-qoq-annualized,13318.07,24,0.0105,0,0.01,2026-08-17T00:00:00Z
2321903,Will Japan Q2 GDP growth (annualized) be between -0.8% and 0.0%?,japan-gdp-growth-in-q2-2026-qoq-annualized,13318.07,1,0.018,0,0.0,2026-08-17T00:00:00Z
2321904,Will Japan Q2 GDP growth (annualized) be between 0.0% and 0.8%?,japan-gdp-growth-in-q2-2026-qoq-annualized,42137.21,168,0.345,0,0.0,2026-08-17T00:00:00Z
2321904,Will Japan Q2 GDP growth (annualized) be between 0.0% and 0.8%?,japan-gdp-growth-in-q2-2026-qoq-annualized,42137.21,24,0.065,0,0.0,2026-08-17T00:00:00Z
2321904,Will Japan Q2 GDP growth (annualized) be between 0.0% and 0.8%?,japan-gdp-growth-in-q2-2026-qoq-annualized,42137.21,1,0.044,0,0.0,2026-08-17T00:00:00Z
2321905,Will Japan Q2 GDP growth (annualized) be between 0.8% and 1.6%?,japan-gdp-growth-in-q2-2026-qoq-annualized,22323.5,168,0.37,1,0.0,2026-08-17T00:00:00Z
2321905,Will Japan Q2 GDP growth (annualized) be between 0.8% and 1.6%?,japan-gdp-growth-in-q2-2026-qoq-annualized,22323.5,24,0.115,1,0.0,2026-08-17T00:00:00Z
2321905,Will Japan Q2 GDP growth (annualized) be between 0.8% and 1.6%?,japan-gdp-growth-in-q2-2026-qoq-annualized,22323.5,1,0.0245,1,0.0,2026-08-17T00:00:00Z
2340756,Spread: St. Louis Cardinals (-1.5),mlb-stl-cin-2026-05-24,169926.41,168,0.295,0,0.34,2026-08-17T17:40:00Z
2340756,Spread: St. Louis Cardinals (-1.5),mlb-stl-cin-2026-05-24,169926.41,24,0.375,0,0.34,2026-08-17T17:40:00Z
2340756,Spread: St. Louis Cardinals (-1.5),mlb-stl-cin-2026-05-24,169926.41,1,0.405,0,0.34,2026-08-17T17:40:00Z
2340757,St. Louis Cardinals vs. Cincinnati Reds: O/U 9.5,mlb-stl-cin-2026-05-24,368542.9,168,0.53,0,0.34,2026-08-17T17:40:00Z
2340757,St. Louis Cardinals vs. Cincinnati Reds: O/U 9.5,mlb-stl-cin-2026-05-24,368542.9,24,0.575,0,0.34,2026-08-17T17:40:00Z
2340757,St. Louis Cardinals vs. Cincinnati Reds: O/U 9.5,mlb-stl-cin-2026-05-24,368542.9,1,0.485,0,0.34,2026-08-17T17:40:00Z
2341056,St. Louis Cardinals vs. Cincinnati Reds: O/U 10.5,mlb-stl-cin-2026-05-24,10467.54,168,0.425,0,0.34,2026-08-17T17:40:00Z
2341056,St. Louis Cardinals vs. Cincinnati Reds: O/U 10.5,mlb-stl-cin-2026-05-24,10467.54,24,0.425,0,0.34,2026-08-17T17:40:00Z
2341056,St. Louis Cardinals vs. Cincinnati Reds: O/U 10.5,mlb-stl-cin-2026-05-24,10467.54,1,0.405,0,0.34,2026-08-17T17:40:00Z
2341061,St. Louis Cardinals vs. Cincinnati Reds: O/U 8.5,mlb-stl-cin-2026-05-24,12735.16,168,0.49,0,0.34,2026-08-17T17:40:00Z
2341061,St. Louis Cardinals vs. Cincinnati Reds: O/U 8.5,mlb-stl-cin-2026-05-24,12735.16,24,0.585,0,0.34,2026-08-17T17:40:00Z
2341061,St. Louis Cardinals vs. Cincinnati Reds: O/U 8.5,mlb-stl-cin-2026-05-24,12735.16,1,0.585,0,0.34,2026-08-17T17:40:00Z
2356726,Will the Bank of Israel cut by 50 bps or more at the August 2026 meeting?,bank-of-israel-decision-in-august,11526.09,720,0.0025,0,160.0,2026-08-31T00:00:00Z
2356726,Will the Bank of Israel cut by 50 bps or more at the August 2026 meeting?,bank-of-israel-decision-in-august,11526.09,168,0.0005,0,0.01,2026-08-31T00:00:00Z
2356726,Will the Bank of Israel cut by 50 bps or more at the August 2026 meeting?,bank-of-israel-decision-in-august,11526.09,24,0.0005,0,0.01,2026-08-31T00:00:00Z
2356726,Will the Bank of Israel cut by 50 bps or more at the August 2026 meeting?,bank-of-israel-decision-in-august,11526.09,1,0.0005,0,0.0,2026-08-31T00:00:00Z
2356727,Will the Bank of Israel hold at the August 2026 meeting?,bank-of-israel-decision-in-august,75368.44,720,0.755,0,160.0,2026-08-31T00:00:00Z
2356727,Will the Bank of Israel hold at the August 2026 meeting?,bank-of-israel-decision-in-august,75368.44,168,0.89,0,0.01,2026-08-31T00:00:00Z
2356727,Will the Bank of Israel hold at the August 2026 meeting?,bank-of-israel-decision-in-august,75368.44,24,0.89,0,0.01,2026-08-31T00:00:00Z
2356727,Will the Bank of Israel hold at the August 2026 meeting?,bank-of-israel-decision-in-august,75368.44,1,0.905,0,0.0,2026-08-31T00:00:00Z
2361891,Will Matt Schultz advance from the AK-AL primary election?,alaska-at-large-primary-winners,17136.18,168,0.502,0,0.01,2026-08-18T00:00:00Z
2361891,Will Matt Schultz advance from the AK-AL primary election?,alaska-at-large-primary-winners,17136.18,24,0.195,0,0.01,2026-08-18T00:00:00Z
2361891,Will Matt Schultz advance from the AK-AL primary election?,alaska-at-large-primary-winners,17136.18,1,0.5945,0,0.0,2026-08-18T00:00:00Z
2361894,Will John Williams advance from the AK-AL primary election?,alaska-at-large-primary-winners,14307.78,168,0.345,0,0.01,2026-08-18T00:00:00Z
2361894,Will John Williams advance from the AK-AL primary election?,alaska-at-large-primary-winners,14307.78,24,0.725,0,0.01,2026-08-18T00:00:00Z
2361894,Will John Williams advance from the AK-AL primary election?,alaska-at-large-primary-winners,14307.78,1,0.65,0,0.0,2026-08-18T00:00:00Z
2363939,Will the Bank of Israel cut by 25 bps at the August 2026 meeting?,bank-of-israel-decision-in-august,41742.93,720,0.215,1,160.0,2026-08-31T00:00:00Z
2363939,Will the Bank of Israel cut by 25 bps at the August 2026 meeting?,bank-of-israel-decision-in-august,41742.93,168,0.115,1,0.0,2026-08-31T00:00:00Z
2363939,Will the Bank of Israel cut by 25 bps at the August 2026 meeting?,bank-of-israel-decision-in-august,41742.93,24,0.115,1,0.0,2026-08-31T00:00:00Z
2363939,Will the Bank of Israel cut by 25 bps at the August 2026 meeting?,bank-of-israel-decision-in-august,41742.93,1,0.06,1,0.0,2026-08-31T00:00:00Z
2378914,Will the Bank of Korea hold at the August 2026 meeting?,bank-of-korea-decision-in-august,29862.17,168,0.615,0,0.01,2026-08-26T00:00:00Z
2378914,Will the Bank of Korea hold at the August 2026 meeting?,bank-of-korea-decision-in-august,29862.17,24,0.315,0,0.01,2026-08-26T00:00:00Z
2378914,Will the Bank of Korea hold at the August 2026 meeting?,bank-of-korea-decision-in-august,29862.17,1,0.33,0,0.01,2026-08-26T00:00:00Z
2378915,Will the Bank of Korea hike by 25 bps at the August 2026 meeting?,bank-of-korea-decision-in-august,28022.16,168,0.375,1,0.01,2026-08-26T00:00:00Z
2378915,Will the Bank of Korea hike by 25 bps at the August 2026 meeting?,bank-of-korea-decision-in-august,28022.16,24,0.705,1,0.01,2026-08-26T00:00:00Z
2378915,Will the Bank of Korea hike by 25 bps at the August 2026 meeting?,bank-of-korea-decision-in-august,28022.16,1,0.67,1,0.01,2026-08-26T00:00:00Z
2378916,Will the Bank of Korea hike by 50 bps or more at the August 2026 meeting?,bank-of-korea-decision-in-august,66151.86,168,0.0005,0,0.01,2026-08-26T00:00:00Z
2378916,Will the Bank of Korea hike by 50 bps or more at the August 2026 meeting?,bank-of-korea-decision-in-august,66151.86,24,0.0005,0,0.01,2026-08-26T00:00:00Z
2378916,Will the Bank of Korea hike by 50 bps or more at the August 2026 meeting?,bank-of-korea-decision-in-august,66151.86,1,0.0005,0,0.01,2026-08-26T00:00:00Z
2402159,Boston Red Sox vs. New York Yankees,mlb-bos-nyy-2026-06-06,1333326.57,720,0.545,1,22.92,2026-09-05T17:05:00Z
2402159,Boston Red Sox vs. New York Yankees,mlb-bos-nyy-2026-06-06,1333326.57,168,0.505,1,0.08,2026-09-05T17:05:00Z
2402160,Will there be a run scored in the first inning?: Boston Red Sox vs. New York Yankees,mlb-bos-nyy-2026-06-06,11090.88,720,0.545,1,22.92,2026-09-05T17:05:00Z
2402160,Will there be a run scored in the first inning?: Boston Red Sox vs. New York Yankees,mlb-bos-nyy-2026-06-06,11090.88,168,0.445,1,0.08,2026-09-05T17:05:00Z
2428142,Will Brazil's Q2 2026 GDP growth rate (QoQ) be between 0.3% and 0.5%?,brazil-gdp-growth-in-q2-2026-qoq,31148.83,720,0.3935,1,112.02,2026-09-01T23:59:00Z
2428142,Will Brazil's Q2 2026 GDP growth rate (QoQ) be between 0.3% and 0.5%?,brazil-gdp-growth-in-q2-2026-qoq,31148.83,168,0.6355,1,0.02,2026-09-01T23:59:00Z
2428142,Will Brazil's Q2 2026 GDP growth rate (QoQ) be between 0.3% and 0.5%?,brazil-gdp-growth-in-q2-2026-qoq,31148.83,24,0.7715,1,0.02,2026-09-01T23:59:00Z
2428143,Will Brazil's Q2 2026 GDP growth rate (QoQ) be between 0.6% and 0.8%?,brazil-gdp-growth-in-q2-2026-qoq,16893.78,720,0.28,0,112.02,2026-09-01T23:59:00Z
2428143,Will Brazil's Q2 2026 GDP growth rate (QoQ) be between 0.6% and 0.8%?,brazil-gdp-growth-in-q2-2026-qoq,16893.78,168,0.081,0,0.02,2026-09-01T23:59:00Z
2428143,Will Brazil's Q2 2026 GDP growth rate (QoQ) be between 0.6% and 0.8%?,brazil-gdp-growth-in-q2-2026-qoq,16893.78,24,0.1515,0,0.03,2026-09-01T23:59:00Z
2438747,Italy Senate approves Nuclear Power Bill by August 31?,italy-senate-approves-nuclear-power-bill-by-august-31,26155.35,720,0.0125,0,138.02,2026-08-31T21:59:00Z
2438747,Italy Senate approves Nuclear Power Bill by August 31?,italy-senate-approves-nuclear-power-bill-by-august-31,26155.35,168,0.01,0,0.02,2026-08-31T21:59:00Z
2438747,Italy Senate approves Nuclear Power Bill by August 31?,italy-senate-approves-nuclear-power-bill-by-august-31,26155.35,24,0.0045,0,0.02,2026-08-31T21:59:00Z
2438747,Italy Senate approves Nuclear Power Bill by August 31?,italy-senate-approves-nuclear-power-bill-by-august-31,26155.35,1,0.005,0,0.02,2026-08-31T21:59:00Z
2443691,Atlanta Braves vs. Chicago White Sox,mlb-atl-cws-2026-06-11,1218451.37,168,0.505,1,0.16,2026-08-27T18:10:00Z
2446412,Spread: New York Yankees (-1.5),mlb-bos-nyy-2026-06-06,15276.99,168,0.29,0,0.08,2026-08-29T17:05:00Z
2446412,Spread: New York Yankees (-1.5),mlb-bos-nyy-2026-06-06,15276.99,24,0.205,0,0.08,2026-08-29T17:05:00Z
2446412,Spread: New York Yankees (-1.5),mlb-bos-nyy-2026-06-06,15276.99,1,0.335,0,0.08,2026-08-29T17:05:00Z
2446413,Boston Red Sox vs. New York Yankees: O/U 8.5,mlb-bos-nyy-2026-06-06,125422.07,168,0.375,0,0.08,2026-08-29T17:05:00Z
2446413,Boston Red Sox vs. New York Yankees: O/U 8.5,mlb-bos-nyy-2026-06-06,125422.07,24,0.375,0,0.08,2026-08-29T17:05:00Z
2446413,Boston Red Sox vs. New York Yankees: O/U 8.5,mlb-bos-nyy-2026-06-06,125422.07,1,0.425,0,0.08,2026-08-29T17:05:00Z
2446611,Will Hakainde Hichilema win the 2026 Zambian presidential elections?,zambia-presidential-election-winner-20260604205247322,122664.04,168,0.885,1,12.02,2026-08-14T03:59:00Z
2446611,Will Hakainde Hichilema win the 2026 Zambian presidential elections?,zambia-presidential-election-winner-20260604205247322,122664.04,24,0.915,1,0.03,2026-08-14T03:59:00Z
2446611,Will Hakainde Hichilema win the 2026 Zambian presidential elections?,zambia-presidential-election-winner-20260604205247322,122664.04,1,0.941,1,0.02,2026-08-14T03:59:00Z
2446612,Will Brian Mundubile win the 2026 Zambian presidential elections?,zambia-presidential-election-winner-20260604205247322,93002.45,168,0.12,0,12.02,2026-08-14T03:59:00Z
2446612,Will Brian Mundubile win the 2026 Zambian presidential elections?,zambia-presidential-election-winner-20260604205247322,93002.45,24,0.075,0,0.03,2026-08-14T03:59:00Z
2446612,Will Brian Mundubile win the 2026 Zambian presidential elections?,zambia-presidential-election-winner-20260604205247322,93002.45,1,0.059,0,0.02,2026-08-14T03:59:00Z
2446613,Will Fred M'membe win the 2026 Zambian presidential elections?,zambia-presidential-election-winner-20260604205247322,20498.21,168,0.0025,0,12.02,2026-08-14T03:59:00Z
2446613,Will Fred M'membe win the 2026 Zambian presidential elections?,zambia-presidential-election-winner-20260604205247322,20498.21,24,0.002,0,0.03,2026-08-14T03:59:00Z
2446613,Will Fred M'membe win the 2026 Zambian presidential elections?,zambia-presidential-election-winner-20260604205247322,20498.21,1,0.0005,0,0.02,2026-08-14T03:59:00Z
2446889,Will voter turnout be between 50% and 60% in the first round of the 2026 Zambian presidential elections?,zambia-presidential-election-1st-round-turnout-20260604214258491,11780.21,168,0.255,1,12.02,2026-08-14T03:59:00Z
2446889,Will voter turnout be between 50% and 60% in the first round of the 2026 Zambian presidential elections?,zambia-presidential-election-1st-round-turnout-20260604214258491,11780.21,24,0.365,1,0.02,2026-08-14T03:59:00Z
2446889,Will voter turnout be between 50% and 60% in the first round of the 2026 Zambian presidential elections?,zambia-presidential-election-1st-round-turnout-20260604214258491,11780.21,1,0.245,1,0.02,2026-08-14T03:59:00Z
2446890,Will voter turnout be between 60% and 70% in the first round of the 2026 Zambian presidential elections?,zambia-presidential-election-1st-round-turnout-20260604214258491,14468.9,168,0.595,0,12.02,2026-08-14T03:59:00Z
2446890,Will voter turnout be between 60% and 70% in the first round of the 2026 Zambian presidential elections?,zambia-presidential-election-1st-round-turnout-20260604214258491,14468.9,24,0.61,0,0.03,2026-08-14T03:59:00Z
2446890,Will voter turnout be between 60% and 70% in the first round of the 2026 Zambian presidential elections?,zambia-presidential-election-1st-round-turnout-20260604214258491,14468.9,1,0.57,0,0.02,2026-08-14T03:59:00Z
2448882,Boston Red Sox vs. New York Yankees: O/U 7.5,mlb-bos-nyy-2026-06-06,240863.08,168,0.605,0,0.08,2026-08-29T17:05:00Z
2448882,Boston Red Sox vs. New York Yankees: O/U 7.5,mlb-bos-nyy-2026-06-06,240863.08,24,0.4945,0,0.08,2026-08-29T17:05:00Z
2448882,Boston Red Sox vs. New York Yankees: O/U 7.5,mlb-bos-nyy-2026-06-06,240863.08,1,0.5105,0,0.08,2026-08-29T17:05:00Z
2487205,"Next Mythos-Class Model released by August 31, 2026?",next-mythos-class-model-released-by,380203.8,720,0.225,0,156.02,2026-08-31T03:59:00Z
2487205,"Next Mythos-Class Model released by August 31, 2026?",next-mythos-class-model-released-by,380203.8,168,0.29,0,0.02,2026-08-31T03:59:00Z
2487205,"Next Mythos-Class Model released by August 31, 2026?",next-mythos-class-model-released-by,380203.8,24,0.275,0,0.02,2026-08-31T03:59:00Z
2487205,"Next Mythos-Class Model released by August 31, 2026?",next-mythos-class-model-released-by,380203.8,1,0.205,0,0.02,2026-08-31T03:59:00Z
2496475,"Will ""hate that i made you love me - Ariana Grande"" be the song of the summer?",2026-song-of-the-summer-20260610191834334,45252.32,720,0.0175,0,132.02,2026-09-01T03:59:00Z
2496475,"Will ""hate that i made you love me - Ariana Grande"" be the song of the summer?",2026-song-of-the-summer-20260610191834334,45252.32,168,0.045,0,0.03,2026-09-01T03:59:00Z
2496475,"Will ""hate that i made you love me - Ariana Grande"" be the song of the summer?",2026-song-of-the-summer-20260610191834334,45252.32,24,0.024,0,0.02,2026-09-01T03:59:00Z
2496475,"Will ""hate that i made you love me - Ariana Grande"" be the song of the summer?",2026-song-of-the-summer-20260610191834334,45252.32,1,0.027,0,0.02,2026-09-01T03:59:00Z
2501181,Spread: Atlanta Braves (-1.5),mlb-atl-cws-2026-06-11,81713.52,168,0.21,1,0.16,2026-08-20T18:10:00Z
2501181,Spread: Atlanta Braves (-1.5),mlb-atl-cws-2026-06-11,81713.52,24,0.395,1,0.16,2026-08-20T18:10:00Z
2501181,Spread: Atlanta Braves (-1.5),mlb-atl-cws-2026-06-11,81713.52,1,0.375,1,0.16,2026-08-20T18:10:00Z
2501182,Atlanta Braves vs. Chicago White Sox: O/U 8.5,mlb-atl-cws-2026-06-11,350938.21,168,0.595,0,0.16,2026-08-20T18:10:00Z
2501182,Atlanta Braves vs. Chicago White Sox: O/U 8.5,mlb-atl-cws-2026-06-11,350938.21,24,0.535,0,0.16,2026-08-20T18:10:00Z
2501182,Atlanta Braves vs. Chicago White Sox: O/U 8.5,mlb-atl-cws-2026-06-11,350938.21,1,0.525,0,0.16,2026-08-20T18:10:00Z
2501750,Atlanta Braves vs. Chicago White Sox: O/U 5.5,mlb-atl-cws-2026-06-11,10949.77,168,0.745,0,0.16,2026-08-20T18:10:00Z
2501750,Atlanta Braves vs. Chicago White Sox: O/U 5.5,mlb-atl-cws-2026-06-11,10949.77,24,0.695,0,0.16,2026-08-20T18:10:00Z
2501750,Atlanta Braves vs. Chicago White Sox: O/U 5.5,mlb-atl-cws-2026-06-11,10949.77,1,0.775,0,0.16,2026-08-20T18:10:00Z
2501920,Spread: Atlanta Braves (-2.5),mlb-atl-cws-2026-06-11,25030.64,168,0.325,0,0.16,2026-08-20T18:10:00Z
2501920,Spread: Atlanta Braves (-2.5),mlb-atl-cws-2026-06-11,25030.64,24,0.305,0,0.16,2026-08-20T18:10:00Z
2501920,Spread: Atlanta Braves (-2.5),mlb-atl-cws-2026-06-11,25030.64,1,0.285,0,0.16,2026-08-20T18:10:00Z
2507618,Kharg Island no longer under Iranian control by August 31?,kharg-island-no-longer-under-iranian-control-by-march-31,5917973.91,720,0.024,0,132.02,2026-09-01T03:59:00Z
2507618,Kharg Island no longer under Iranian control by August 31?,kharg-island-no-longer-under-iranian-control-by-march-31,5917973.91,168,0.0045,0,0.03,2026-09-01T03:59:00Z
2507618,Kharg Island no longer under Iranian control by August 31?,kharg-island-no-longer-under-iranian-control-by-march-31,5917973.91,24,0.0005,0,0.02,2026-09-01T03:59:00Z
2507618,Kharg Island no longer under Iranian control by August 31?,kharg-island-no-longer-under-iranian-control-by-march-31,5917973.91,1,0.0005,0,0.02,2026-09-01T03:59:00Z
2534132,Spread: Cleveland Guardians (-1.5),mlb-det-cle-2026-06-14,22688.54,720,0.405,0,45.84,2026-09-04T18:10:00Z
2534132,Spread: Cleveland Guardians (-1.5),mlb-det-cle-2026-06-14,22688.54,168,0.36,0,0.16,2026-09-04T18:10:00Z
2534132,Spread: Cleveland Guardians (-1.5),mlb-det-cle-2026-06-14,22688.54,24,0.475,0,0.16,2026-09-04T18:10:00Z
2534132,Spread: Cleveland Guardians (-1.5),mlb-det-cle-2026-06-14,22688.54,1,0.37,0,0.16,2026-09-04T18:10:00Z
2534133,Detroit Tigers vs. Cleveland Guardians: O/U 7.5,mlb-det-cle-2026-06-14,12686.26,720,0.7,1,45.84,2026-09-04T18:10:00Z
2534133,Detroit Tigers vs. Cleveland Guardians: O/U 7.5,mlb-det-cle-2026-06-14,12686.26,168,0.63,1,0.16,2026-09-04T18:10:00Z
2534133,Detroit Tigers vs. Cleveland Guardians: O/U 7.5,mlb-det-cle-2026-06-14,12686.26,24,0.575,1,0.16,2026-09-04T18:10:00Z
2534133,Detroit Tigers vs. Cleveland Guardians: O/U 7.5,mlb-det-cle-2026-06-14,12686.26,1,0.57,1,0.16,2026-09-04T18:10:00Z
2534739,Detroit Tigers vs. Cleveland Guardians: O/U 8.5,mlb-det-cle-2026-06-14,29203.7,720,0.36,1,45.84,2026-09-04T18:10:00Z
2534739,Detroit Tigers vs. Cleveland Guardians: O/U 8.5,mlb-det-cle-2026-06-14,29203.7,168,0.355,1,0.16,2026-09-04T18:10:00Z
2534739,Detroit Tigers vs. Cleveland Guardians: O/U 8.5,mlb-det-cle-2026-06-14,29203.7,24,0.385,1,0.16,2026-09-04T18:10:00Z
2534739,Detroit Tigers vs. Cleveland Guardians: O/U 8.5,mlb-det-cle-2026-06-14,29203.7,1,0.485,1,0.16,2026-09-04T18:10:00Z
2553042,Will Emiliano Martinez join Chelsea?,where-will-emiliano-martinez-transfer-20260612234353773,13065.57,720,0.042,1,108.02,2026-09-02T03:59:00Z
2553042,Will Emiliano Martinez join Chelsea?,where-will-emiliano-martinez-transfer-20260612234353773,13065.57,168,0.3415,1,0.02,2026-09-02T03:59:00Z
2553053,Will Emiliano Martinez stay at Aston Villa?,where-will-emiliano-martinez-transfer-20260612234353773,79291.96,720,0.904,0,108.02,2026-09-02T03:59:00Z
2553053,Will Emiliano Martinez stay at Aston Villa?,where-will-emiliano-martinez-transfer-20260612234353773,79291.96,168,0.425,0,0.02,2026-09-02T03:59:00Z
2553062,Will Leon Goretzka join AC Milan?,where-will-leon-goretzka-transfer-20260612231121906,10420.35,720,0.165,0,108.02,2026-09-02T03:59:00Z
2553062,Will Leon Goretzka join AC Milan?,where-will-leon-goretzka-transfer-20260612231121906,10420.35,168,0.0325,0,0.02,2026-09-02T03:59:00Z
2553120,Will Aurelien Tchouameni stay at Real Madrid?,where-will-aurelien-tchouameni-transfer-20260612233725155,75475.64,720,0.9805,1,108.02,2026-09-02T03:59:00Z
2553120,Will Aurelien Tchouameni stay at Real Madrid?,where-will-aurelien-tchouameni-transfer-20260612233725155,75475.64,168,0.964,1,0.02,2026-09-02T03:59:00Z
2553120,Will Aurelien Tchouameni stay at Real Madrid?,where-will-aurelien-tchouameni-transfer-20260612233725155,75475.64,24,0.9965,1,0.02,2026-09-02T03:59:00Z
2553120,Will Aurelien Tchouameni stay at Real Madrid?,where-will-aurelien-tchouameni-transfer-20260612233725155,75475.64,1,0.9995,1,0.02,2026-09-02T03:59:00Z
2553843,Will Vinicius Junior join Al-Hilal?,where-will-vinicius-junior-transfer-20260612232836376,116120.46,720,0.0005,0,108.02,2026-09-02T03:59:00Z
2553846,Will Vinicius Junior join Al-Nassr?,where-will-vinicius-junior-transfer-20260612232836376,75453.57,720,0.0005,0,108.02,2026-09-02T03:59:00Z
2553853,Will Vinicius Junior join Paris Saint-Germain?,where-will-vinicius-junior-transfer-20260612232836376,119942.76,720,0.0005,0,108.02,2026-09-02T03:59:00Z
2553857,Will Vinicius Junior join Bayern Munich?,where-will-vinicius-junior-transfer-20260612232836376,66684.51,720,0.0005,0,108.02,2026-09-02T03:59:00Z
2553864,Will Vinicius Junior join Manchester City?,where-will-vinicius-junior-transfer-20260612232836376,168035.85,720,0.0005,0,108.02,2026-09-02T03:59:00Z
2553868,Will Vinicius Junior join Arsenal?,where-will-vinicius-junior-transfer-20260612232836376,444067.84,720,0.0025,0,108.02,2026-09-02T03:59:00Z
2553871,Will Vinicius Junior join Chelsea?,where-will-vinicius-junior-transfer-20260612232836376,46320.63,720,0.0005,0,108.02,2026-09-02T03:59:00Z
2553900,Will Vinicius Junior stay at Real Madrid?,where-will-vinicius-junior-transfer-20260612232836376,486262.84,720,0.9955,1,108.02,2026-09-02T03:59:00Z
2554071,Will Nico Schlotterbeck join Manchester City?,where-will-nico-schlotterbeck-transfer-20260612234038080,17619.27,720,0.0025,0,108.02,2026-09-02T03:59:00Z
2554071,Will Nico Schlotterbeck join Manchester City?,where-will-nico-schlotterbeck-transfer-20260612234038080,17619.27,168,0.009,0,0.02,2026-09-02T03:59:00Z
2554071,Will Nico Schlotterbeck join Manchester City?,where-will-nico-schlotterbeck-transfer-20260612234038080,17619.27,24,0.0095,0,0.02,2026-09-02T03:59:00Z
2554071,Will Nico Schlotterbeck join Manchester City?,where-will-nico-schlotterbeck-transfer-20260612234038080,17619.27,1,0.008,0,0.02,2026-09-02T03:59:00Z
2554082,Will Nico Schlotterbeck stay at Borussia Dortmund?,where-will-nico-schlotterbeck-transfer-20260612234038080,11780.6,720,0.9955,1,108.02,2026-09-02T03:59:00Z
2554082,Will Nico Schlotterbeck stay at Borussia Dortmund?,where-will-nico-schlotterbeck-transfer-20260612234038080,11780.6,168,0.9875,1,0.02,2026-09-02T03:59:00Z
2554082,Will Nico Schlotterbeck stay at Borussia Dortmund?,where-will-nico-schlotterbeck-transfer-20260612234038080,11780.6,24,0.988,1,0.02,2026-09-02T03:59:00Z
2554082,Will Nico Schlotterbeck stay at Borussia Dortmund?,where-will-nico-schlotterbeck-transfer-20260612234038080,11780.6,1,0.9885,1,0.02,2026-09-02T03:59:00Z
2554098,Will Enzo Fernandez join Real Madrid?,where-will-enzo-fernandez-transfer-20260612231640461,54598.6,720,0.13,0,108.02,2026-09-02T03:59:00Z
2554098,Will Enzo Fernandez join Real Madrid?,where-will-enzo-fernandez-transfer-20260612231640461,54598.6,168,0.001,0,0.02,2026-09-02T03:59:00Z
2554098,Will Enzo Fernandez join Real Madrid?,where-will-enzo-fernandez-transfer-20260612231640461,54598.6,24,0.0005,0,0.02,2026-09-02T03:59:00Z
2554098,Will Enzo Fernandez join Real Madrid?,where-will-enzo-fernandez-transfer-20260612231640461,54598.6,1,0.0005,0,2.98,2026-09-02T03:59:00Z
2554099,Will Enzo Fernandez join Barcelona?,where-will-enzo-fernandez-transfer-20260612231640461,12746.21,720,0.0065,0,108.02,2026-09-02T03:59:00Z
2554099,Will Enzo Fernandez join Barcelona?,where-will-enzo-fernandez-transfer-20260612231640461,12746.21,168,0.0005,0,0.02,2026-09-02T03:59:00Z
2554099,Will Enzo Fernandez join Barcelona?,where-will-enzo-fernandez-transfer-20260612231640461,12746.21,24,0.0005,0,0.02,2026-09-02T03:59:00Z
2554099,Will Enzo Fernandez join Barcelona?,where-will-enzo-fernandez-transfer-20260612231640461,12746.21,1,0.0005,0,2.98,2026-09-02T03:59:00Z
2554100,Will Enzo Fernandez join Bayern Munich?,where-will-enzo-fernandez-transfer-20260612231640461,12600.68,720,0.006,0,108.02,2026-09-02T03:59:00Z
2554100,Will Enzo Fernandez join Bayern Munich?,where-will-enzo-fernandez-transfer-20260612231640461,12600.68,168,0.001,0,0.02,2026-09-02T03:59:00Z
2554100,Will Enzo Fernandez join Bayern Munich?,where-will-enzo-fernandez-transfer-20260612231640461,12600.68,24,0.0005,0,0.02,2026-09-02T03:59:00Z
2554100,Will Enzo Fernandez join Bayern Munich?,where-will-enzo-fernandez-transfer-20260612231640461,12600.68,1,0.0005,0,2.98,2026-09-02T03:59:00Z
2554101,Will Enzo Fernandez join Atletico Madrid?,where-will-enzo-fernandez-transfer-20260612231640461,21697.12,720,0.0065,0,108.02,2026-09-02T03:59:00Z
2554101,Will Enzo Fernandez join Atletico Madrid?,where-will-enzo-fernandez-transfer-20260612231640461,21697.12,168,0.0005,0,0.02,2026-09-02T03:59:00Z
2554101,Will Enzo Fernandez join Atletico Madrid?,where-will-enzo-fernandez-transfer-20260612231640461,21697.12,24,0.0005,0,0.02,2026-09-02T03:59:00Z
2554101,Will Enzo Fernandez join Atletico Madrid?,where-will-enzo-fernandez-transfer-20260612231640461,21697.12,1,0.0005,0,2.98,2026-09-02T03:59:00Z
2554102,Will Enzo Fernandez join Paris Saint-Germain?,where-will-enzo-fernandez-transfer-20260612231640461,12431.64,720,0.003,0,108.02,2026-09-02T03:59:00Z
2554102,Will Enzo Fernandez join Paris Saint-Germain?,where-will-enzo-fernandez-transfer-20260612231640461,12431.64,168,0.0005,0,0.02,2026-09-02T03:59:00Z
2554102,Will Enzo Fernandez join Paris Saint-Germain?,where-will-enzo-fernandez-transfer-20260612231640461,12431.64,24,0.0005,0,0.02,2026-09-02T03:59:00Z
2554102,Will Enzo Fernandez join Paris Saint-Germain?,where-will-enzo-fernandez-transfer-20260612231640461,12431.64,1,0.0005,0,2.98,2026-09-02T03:59:00Z
2554103,Will Enzo Fernandez join Manchester City?,where-will-enzo-fernandez-transfer-20260612231640461,182081.56,720,0.475,1,109.02,2026-09-02T03:59:00Z
2554103,Will Enzo Fernandez join Manchester City?,where-will-enzo-fernandez-transfer-20260612231640461,182081.56,168,0.845,1,0.02,2026-09-02T03:59:00Z
2554103,Will Enzo Fernandez join Manchester City?,where-will-enzo-fernandez-transfer-20260612231640461,182081.56,24,0.86,1,0.02,2026-09-02T03:59:00Z
2554103,Will Enzo Fernandez join Manchester City?,where-will-enzo-fernandez-transfer-20260612231640461,182081.56,1,0.9995,1,2.98,2026-09-02T03:59:00Z
2554113,Will Enzo Fernandez stay at Chelsea?,where-will-enzo-fernandez-transfer-20260612231640461,193129.73,720,0.662,0,108.02,2026-09-02T03:59:00Z
2554113,Will Enzo Fernandez stay at Chelsea?,where-will-enzo-fernandez-transfer-20260612231640461,193129.73,168,0.116,0,0.02,2026-09-02T03:59:00Z
2554113,Will Enzo Fernandez stay at Chelsea?,where-will-enzo-fernandez-transfer-20260612231640461,193129.73,24,0.133,0,0.02,2026-09-02T03:59:00Z
2554113,Will Enzo Fernandez stay at Chelsea?,where-will-enzo-fernandez-transfer-20260612231640461,193129.73,1,0.0005,0,2.98,2026-09-02T03:59:00Z
2555460,Will Dusan Vlahovic join Besiktas?,where-will-dusan-vlahovic-transfer-20260612230821334,22619.15,720,0.485,1,108.02,2026-09-02T03:59:00Z
2555470,Will Dusan Vlahovic stay at Juventus?,where-will-dusan-vlahovic-transfer-20260612230821334,11738.53,720,0.053,0,108.02,2026-09-02T03:59:00Z
2555491,Will Rodri join Real Madrid?,where-will-rodri-transfer-20260612230519201,202523.02,720,0.0395,0,108.02,2026-09-02T03:59:00Z
2555492,Will Rodri join Barcelona?,where-will-rodri-transfer-20260612230519201,331338.63,720,0.8605,1,108.02,2026-09-02T03:59:00Z
2555493,Will Rodri join Paris Saint-Germain?,where-will-rodri-transfer-20260612230519201,78449.78,720,0.0015,0,108.02,2026-09-02T03:59:00Z
2555494,Will Rodri join Al-Hilal?,where-will-rodri-transfer-20260612230519201,33373.39,720,0.0005,0,108.02,2026-09-02T03:59:00Z
2555505,Will Rodri stay at Manchester City?,where-will-rodri-transfer-20260612230519201,172877.3,720,0.1115,0,108.02,2026-09-02T03:59:00Z
2555508,Will Julian Alvarez join Real Madrid?,where-will-julian-alvarez-transfer-20260612230221012,35560.78,720,0.0025,0,108.02,2026-09-02T03:59:00Z
2555508,Will Julian Alvarez join Real Madrid?,where-will-julian-alvarez-transfer-20260612230221012,35560.78,168,0.0015,0,0.02,2026-09-02T03:59:00Z
2555508,Will Julian Alvarez join Real Madrid?,where-will-julian-alvarez-transfer-20260612230221012,35560.78,24,0.0005,0,0.02,2026-09-02T03:59:00Z
2555508,Will Julian Alvarez join Real Madrid?,where-will-julian-alvarez-transfer-20260612230221012,35560.78,1,0.0005,0,0.02,2026-09-02T03:59:00Z
2555509,Will Julian Alvarez join Barcelona?,where-will-julian-alvarez-transfer-20260612230221012,353334.75,720,0.29,0,108.02,2026-09-02T03:59:00Z
2555509,Will Julian Alvarez join Barcelona?,where-will-julian-alvarez-transfer-20260612230221012,353334.75,168,0.1225,0,0.02,2026-09-02T03:59:00Z
2555509,Will Julian Alvarez join Barcelona?,where-will-julian-alvarez-transfer-20260612230221012,353334.75,24,0.0345,0,0.02,2026-09-02T03:59:00Z
2555509,Will Julian Alvarez join Barcelona?,where-will-julian-alvarez-transfer-20260612230221012,353334.75,1,0.0015,0,0.02,2026-09-02T03:59:00Z
2555510,Will Julian Alvarez join Manchester City?,where-will-julian-alvarez-transfer-20260612230221012,58934.89,720,0.0025,0,108.02,2026-09-02T03:59:00Z
2555510,Will Julian Alvarez join Manchester City?,where-will-julian-alvarez-transfer-20260612230221012,58934.89,168,0.0005,0,0.02,2026-09-02T03:59:00Z
2555510,Will Julian Alvarez join Manchester City?,where-will-julian-alvarez-transfer-20260612230221012,58934.89,24,0.0005,0,0.02,2026-09-02T03:59:00Z
2555510,Will Julian Alvarez join Manchester City?,where-will-julian-alvarez-transfer-20260612230221012,58934.89,1,0.0005,0,0.02,2026-09-02T03:59:00Z
2555511,Will Julian Alvarez join Chelsea?,where-will-julian-alvarez-transfer-20260612230221012,88179.2,720,0.0005,0,108.02,2026-09-02T03:59:00Z
2555511,Will Julian Alvarez join Chelsea?,where-will-julian-alvarez-transfer-20260612230221012,88179.2,168,0.0295,0,0.02,2026-09-02T03:59:00Z
2555511,Will Julian Alvarez join Chelsea?,where-will-julian-alvarez-transfer-20260612230221012,88179.2,24,0.004,0,0.02,2026-09-02T03:59:00Z
2555511,Will Julian Alvarez join Chelsea?,where-will-julian-alvarez-transfer-20260612230221012,88179.2,1,0.0005,0,0.02,2026-09-02T03:59:00Z
2555512,Will Julian Alvarez join Arsenal?,where-will-julian-alvarez-transfer-20260612230221012,286876.74,720,0.184,0,108.02,2026-09-02T03:59:00Z
2555512,Will Julian Alvarez join Arsenal?,where-will-julian-alvarez-transfer-20260612230221012,286876.74,168,0.137,0,0.02,2026-09-02T03:59:00Z
2555512,Will Julian Alvarez join Arsenal?,where-will-julian-alvarez-transfer-20260612230221012,286876.74,24,0.0975,0,0.02,2026-09-02T03:59:00Z
2555512,Will Julian Alvarez join Arsenal?,where-will-julian-alvarez-transfer-20260612230221012,286876.74,1,0.0005,0,0.02,2026-09-02T03:59:00Z
2555530,Will Julian Alvarez stay at Atletico Madrid?,where-will-julian-alvarez-transfer-20260612230221012,411708.48,720,0.5325,1,108.02,2026-09-02T03:59:00Z
2555530,Will Julian Alvarez stay at Atletico Madrid?,where-will-julian-alvarez-transfer-20260612230221012,411708.48,168,0.7045,1,0.02,2026-09-02T03:59:00Z
2555530,Will Julian Alvarez stay at Atletico Madrid?,where-will-julian-alvarez-transfer-20260612230221012,411708.48,24,0.8535,1,0.02,2026-09-02T03:59:00Z
2555530,Will Julian Alvarez stay at Atletico Madrid?,where-will-julian-alvarez-transfer-20260612230221012,411708.48,1,0.9975,1,0.02,2026-09-02T03:59:00Z
2555591,Will Joao Cancelo join Barcelona?,where-will-joao-cancelo-transfer-20260612225511908,20540.63,720,0.953,1,108.02,2026-09-02T03:59:00Z
2555641,Will Eduardo Camavinga stay at Real Madrid?,where-will-eduardo-camavinga-transfer-20260612224955761,53246.74,720,0.875,1,108.02,2026-09-02T03:59:00Z
2555641,Will Eduardo Camavinga stay at Real Madrid?,where-will-eduardo-camavinga-transfer-20260612224955761,53246.74,168,0.917,1,0.02,2026-09-02T03:59:00Z
2555641,Will Eduardo Camavinga stay at Real Madrid?,where-will-eduardo-camavinga-transfer-20260612224955761,53246.74,24,0.994,1,0.02,2026-09-02T03:59:00Z
2555641,Will Eduardo Camavinga stay at Real Madrid?,where-will-eduardo-camavinga-transfer-20260612224955761,53246.74,1,0.997,1,0.02,2026-09-02T03:59:00Z
2555679,Will Bradley Barcola join Liverpool?,where-will-bradley-barcola-transfer-20260612224628256,72344.6,720,0.8075,1,108.02,2026-09-02T03:59:00Z
2555679,Will Bradley Barcola join Liverpool?,where-will-bradley-barcola-transfer-20260612224628256,72344.6,168,0.826,1,0.02,2026-09-02T03:59:00Z
2555684,Will Bradley Barcola join Arsenal?,where-will-bradley-barcola-transfer-20260612224628256,10159.36,720,0.0465,0,108.02,2026-09-02T03:59:00Z
2555684,Will Bradley Barcola join Arsenal?,where-will-bradley-barcola-transfer-20260612224628256,10159.36,168,0.037,0,0.02,2026-09-02T03:59:00Z
2555694,Will Bradley Barcola stay at Paris Saint-Germain?,where-will-bradley-barcola-transfer-20260612224628256,31137.11,720,0.1435,0,108.02,2026-09-02T03:59:00Z
2555694,Will Bradley Barcola stay at Paris Saint-Germain?,where-will-bradley-barcola-transfer-20260612224628256,31137.11,168,0.141,0,0.02,2026-09-02T03:59:00Z
2555698,Will Jack Grealish join Everton?,where-will-jack-grealish-transfer-20260612224322458,41406.79,720,0.535,1,108.02,2026-09-02T03:59:00Z
2555698,Will Jack Grealish join Everton?,where-will-jack-grealish-transfer-20260612224322458,41406.79,168,0.105,1,0.02,2026-09-02T03:59:00Z
2555698,Will Jack Grealish join Everton?,where-will-jack-grealish-transfer-20260612224322458,41406.79,24,0.989,1,0.02,2026-09-02T03:59:00Z
2555698,Will Jack Grealish join Everton?,where-will-jack-grealish-transfer-20260612224322458,41406.79,1,0.9995,1,2.98,2026-09-02T03:59:00Z
2555717,Will Jack Grealish stay at Manchester City?,where-will-jack-grealish-transfer-20260612224322458,21908.07,720,0.1645,0,108.02,2026-09-02T03:59:00Z
2555717,Will Jack Grealish stay at Manchester City?,where-will-jack-grealish-transfer-20260612224322458,21908.07,168,0.6815,0,0.02,2026-09-02T03:59:00Z
2555717,Will Jack Grealish stay at Manchester City?,where-will-jack-grealish-transfer-20260612224322458,21908.07,24,0.011,0,0.02,2026-09-02T03:59:00Z
2555717,Will Jack Grealish stay at Manchester City?,where-will-jack-grealish-transfer-20260612224322458,21908.07,1,0.0005,0,2.98,2026-09-02T03:59:00Z
2555747,Will Marcus Rashford stay at Manchester United?,where-will-marcus-rashford-transfer-20260612223855109,49623.42,720,0.68,1,108.02,2026-09-02T03:59:00Z
2555747,Will Marcus Rashford stay at Manchester United?,where-will-marcus-rashford-transfer-20260612223855109,49623.42,168,0.918,1,0.02,2026-09-02T03:59:00Z
2555747,Will Marcus Rashford stay at Manchester United?,where-will-marcus-rashford-transfer-20260612223855109,49623.42,24,0.9865,1,0.02,2026-09-02T03:59:00Z
2555747,Will Marcus Rashford stay at Manchester United?,where-will-marcus-rashford-transfer-20260612223855109,49623.42,1,0.9995,1,0.02,2026-09-02T03:59:00Z
2555776,Will Bruno Fernandes stay at Manchester United?,where-will-bruno-fernandes-transfer-20260612223228777,35438.31,720,0.977,1,108.02,2026-09-02T03:59:00Z
2555776,Will Bruno Fernandes stay at Manchester United?,where-will-bruno-fernandes-transfer-20260612223228777,35438.31,168,0.987,1,0.02,2026-09-02T03:59:00Z
2555776,Will Bruno Fernandes stay at Manchester United?,where-will-bruno-fernandes-transfer-20260612223228777,35438.31,24,0.998,1,0.02,2026-09-02T03:59:00Z
2555776,Will Bruno Fernandes stay at Manchester United?,where-will-bruno-fernandes-transfer-20260612223228777,35438.31,1,0.9995,1,0.02,2026-09-02T03:59:00Z
2555794,Will Rafael Leao join Fenerbahce?,where-will-rafael-leao-transfer-20260612222809594,29758.63,720,0.18,0,108.02,2026-09-02T03:59:00Z
2555794,Will Rafael Leao join Fenerbahce?,where-will-rafael-leao-transfer-20260612222809594,29758.63,168,0.04,0,0.02,2026-09-02T03:59:00Z
2555804,Will Rafael Leao stay at AC Milan?,where-will-rafael-leao-transfer-20260612222809594,75000.07,720,0.372,0,108.02,2026-09-02T03:59:00Z
2555804,Will Rafael Leao stay at AC Milan?,where-will-rafael-leao-transfer-20260612222809594,75000.07,168,0.2505,0,0.02,2026-09-02T03:59:00Z
2584814,Spread: Atlanta Braves (-1.5),mlb-sf-atl-2026-06-18,111420.97,720,0.2,0,137.92,2026-08-31T22:05:00Z
2584814,Spread: Atlanta Braves (-1.5),mlb-sf-atl-2026-06-18,111420.97,168,0.215,0,0.08,2026-08-31T22:05:00Z
2584814,Spread: Atlanta Braves (-1.5),mlb-sf-atl-2026-06-18,111420.97,24,0.45,0,0.08,2026-08-31T22:05:00Z
2584814,Spread: Atlanta Braves (-1.5),mlb-sf-atl-2026-06-18,111420.97,1,0.465,0,0.08,2026-08-31T22:05:00Z
2584815,San Francisco Giants vs. Atlanta Braves: O/U 8.5,mlb-sf-atl-2026-06-18,209821.1,720,0.395,1,137.92,2026-08-31T22:05:00Z
2584815,San Francisco Giants vs. Atlanta Braves: O/U 8.5,mlb-sf-atl-2026-06-18,209821.1,168,0.625,1,0.08,2026-08-31T22:05:00Z
2584815,San Francisco Giants vs. Atlanta Braves: O/U 8.5,mlb-sf-atl-2026-06-18,209821.1,24,0.51,1,0.08,2026-08-31T22:05:00Z
2584815,San Francisco Giants vs. Atlanta Braves: O/U 8.5,mlb-sf-atl-2026-06-18,209821.1,1,0.545,1,0.08,2026-08-31T22:05:00Z
2584822,San Francisco Giants vs. Atlanta Braves: 1st 5 Innings O/U 4.5,mlb-sf-atl-2026-06-18,21092.58,720,0.495,1,137.92,2026-08-31T22:05:00Z
2584822,San Francisco Giants vs. Atlanta Braves: 1st 5 Innings O/U 4.5,mlb-sf-atl-2026-06-18,21092.58,168,0.545,1,0.07,2026-08-31T22:05:00Z
2584822,San Francisco Giants vs. Atlanta Braves: 1st 5 Innings O/U 4.5,mlb-sf-atl-2026-06-18,21092.58,24,0.535,1,0.08,2026-08-31T22:05:00Z
2584822,San Francisco Giants vs. Atlanta Braves: 1st 5 Innings O/U 4.5,mlb-sf-atl-2026-06-18,21092.58,1,0.555,1,0.08,2026-08-31T22:05:00Z
2590184,San Francisco Giants vs. Atlanta Braves: O/U 7.5,mlb-sf-atl-2026-06-18,98045.04,720,0.68,1,137.92,2026-08-31T22:05:00Z
2590184,San Francisco Giants vs. Atlanta Braves: O/U 7.5,mlb-sf-atl-2026-06-18,98045.04,168,0.61,1,0.08,2026-08-31T22:05:00Z
2590184,San Francisco Giants vs. Atlanta Braves: O/U 7.5,mlb-sf-atl-2026-06-18,98045.04,24,0.665,1,0.08,2026-08-31T22:05:00Z
2590184,San Francisco Giants vs. Atlanta Braves: O/U 7.5,mlb-sf-atl-2026-06-18,98045.04,1,0.615,1,0.08,2026-08-31T22:05:00Z
2590185,San Francisco Giants vs. Atlanta Braves: O/U 9.5,mlb-sf-atl-2026-06-18,52273.3,720,0.29,1,137.92,2026-08-31T22:05:00Z
2590185,San Francisco Giants vs. Atlanta Braves: O/U 9.5,mlb-sf-atl-2026-06-18,52273.3,168,0.36,1,0.08,2026-08-31T22:05:00Z
2590185,San Francisco Giants vs. Atlanta Braves: O/U 9.5,mlb-sf-atl-2026-06-18,52273.3,24,0.375,1,0.08,2026-08-31T22:05:00Z
2590185,San Francisco Giants vs. Atlanta Braves: O/U 9.5,mlb-sf-atl-2026-06-18,52273.3,1,0.435,1,0.08,2026-08-31T22:05:00Z
2602052,"Russia x Ukraine ceasefire agreement by August 31, 2026?",russia-x-ukraine-ceasefire-agreement-by,586175.51,720,0.027,0,132.02,2026-09-01T03:59:00Z
2602052,"Russia x Ukraine ceasefire agreement by August 31, 2026?",russia-x-ukraine-ceasefire-agreement-by,586175.51,168,0.0155,0,0.03,2026-09-01T03:59:00Z
2602052,"Russia x Ukraine ceasefire agreement by August 31, 2026?",russia-x-ukraine-ceasefire-agreement-by,586175.51,24,0.001,0,0.02,2026-09-01T03:59:00Z
2602052,"Russia x Ukraine ceasefire agreement by August 31, 2026?",russia-x-ukraine-ceasefire-agreement-by,586175.51,1,0.0005,0,0.02,2026-09-01T03:59:00Z
2602067,"Ukraine election called by August 31, 2026?",ukraine-election-called-in-2025,210858.08,720,0.021,0,132.02,2026-09-01T03:59:00Z
2602067,"Ukraine election called by August 31, 2026?",ukraine-election-called-in-2025,210858.08,168,0.0075,0,0.03,2026-09-01T03:59:00Z
2602067,"Ukraine election called by August 31, 2026?",ukraine-election-called-in-2025,210858.08,24,0.0005,0,0.02,2026-09-01T03:59:00Z
2602067,"Ukraine election called by August 31, 2026?",ukraine-election-called-in-2025,210858.08,1,0.0005,0,0.02,2026-09-01T03:59:00Z
2602228,Will Zelenskyy talk to Putin by August 31?,will-zelenskyy-talk-to-putin-by-november-30-821,68745.74,720,0.0145,0,132.02,2026-09-01T03:59:00Z
2602228,Will Zelenskyy talk to Putin by August 31?,will-zelenskyy-talk-to-putin-by-november-30-821,68745.74,168,0.0055,0,0.03,2026-09-01T03:59:00Z
2602228,Will Zelenskyy talk to Putin by August 31?,will-zelenskyy-talk-to-putin-by-november-30-821,68745.74,24,0.0005,0,0.02,2026-09-01T03:59:00Z
2602228,Will Zelenskyy talk to Putin by August 31?,will-zelenskyy-talk-to-putin-by-november-30-821,68745.74,1,0.0015,0,0.02,2026-09-01T03:59:00Z
2602277,Ukraine signs peace deal with Russia by August 31?,ukraine-signs-peace-deal-with-russia-by-august-31-20260619003108240,321701.84,720,0.0115,0,132.02,2026-09-01T03:59:00Z
2602277,Ukraine signs peace deal with Russia by August 31?,ukraine-signs-peace-deal-with-russia-by-august-31-20260619003108240,321701.84,168,0.009,0,0.03,2026-09-01T03:59:00Z
2602277,Ukraine signs peace deal with Russia by August 31?,ukraine-signs-peace-deal-with-russia-by-august-31-20260619003108240,321701.84,24,0.0005,0,0.02,2026-09-01T03:59:00Z
2602277,Ukraine signs peace deal with Russia by August 31?,ukraine-signs-peace-deal-with-russia-by-august-31-20260619003108240,321701.84,1,0.0005,0,0.02,2026-09-01T03:59:00Z
2602501,Ukraine agrees not to join NATO by August 31?,ukraine-agrees-not-to-join-nato-by-august-31-20260619004335094,30199.07,720,0.0125,0,132.02,2026-09-01T03:59:00Z
2602501,Ukraine agrees not to join NATO by August 31?,ukraine-agrees-not-to-join-nato-by-august-31-20260619004335094,30199.07,168,0.007,0,0.03,2026-09-01T03:59:00Z
2602501,Ukraine agrees not to join NATO by August 31?,ukraine-agrees-not-to-join-nato-by-august-31-20260619004335094,30199.07,24,0.0015,0,0.02,2026-09-01T03:59:00Z
2602501,Ukraine agrees not to join NATO by August 31?,ukraine-agrees-not-to-join-nato-by-august-31-20260619004335094,30199.07,1,0.004,0,0.02,2026-09-01T03:59:00Z
2602509,"Will Putin meet with Zelenskyy by August 31, 2026?",will-putin-meet-with-zelenskyy-by-august-31-2026-20260619004734475,98453.99,720,0.008,0,132.02,2026-09-01T03:59:00Z
2602509,"Will Putin meet with Zelenskyy by August 31, 2026?",will-putin-meet-with-zelenskyy-by-august-31-2026-20260619004734475,98453.99,168,0.0025,0,0.03,2026-09-01T03:59:00Z
2602509,"Will Putin meet with Zelenskyy by August 31, 2026?",will-putin-meet-with-zelenskyy-by-august-31-2026-20260619004734475,98453.99,24,0.001,0,0.02,2026-09-01T03:59:00Z
2602509,"Will Putin meet with Zelenskyy by August 31, 2026?",will-putin-meet-with-zelenskyy-by-august-31-2026-20260619004734475,98453.99,1,0.0005,0,0.02,2026-09-01T03:59:00Z
2610025,Putin and Zelenskyy shake hands by August 31?,putin-and-zelenskyy-shake-hands-by-june-30,84248.44,720,0.024,0,132.02,2026-09-01T03:59:00Z
2610025,Putin and Zelenskyy shake hands by August 31?,putin-and-zelenskyy-shake-hands-by-june-30,84248.44,168,0.004,0,0.03,2026-09-01T03:59:00Z
2610025,Putin and Zelenskyy shake hands by August 31?,putin-and-zelenskyy-shake-hands-by-june-30,84248.44,24,0.0005,0,0.02,2026-09-01T03:59:00Z
2610025,Putin and Zelenskyy shake hands by August 31?,putin-and-zelenskyy-shake-hands-by-june-30,84248.44,1,0.0005,0,0.02,2026-09-01T03:59:00Z
2610235,"Will Ukraine agree to cede territory to Russia by August 31, 2026?",will-ukraine-agree-to-cede-territory-to-russia-before-2027,67532.36,720,0.008,0,132.02,2026-09-01T03:59:00Z
2610235,"Will Ukraine agree to cede territory to Russia by August 31, 2026?",will-ukraine-agree-to-cede-territory-to-russia-before-2027,67532.36,168,0.005,0,0.03,2026-09-01T03:59:00Z
2610235,"Will Ukraine agree to cede territory to Russia by August 31, 2026?",will-ukraine-agree-to-cede-territory-to-russia-before-2027,67532.36,24,0.001,0,0.02,2026-09-01T03:59:00Z
2610235,"Will Ukraine agree to cede territory to Russia by August 31, 2026?",will-ukraine-agree-to-cede-territory-to-russia-before-2027,67532.36,1,0.0005,0,0.02,2026-09-01T03:59:00Z
2633428,"US-Iran Final Nuclear Deal by August 13, 2026?",us-iran-final-nuclear-deal-by-20260621201254412,1144432.78,168,0.0045,0,12.02,2026-08-14T03:59:00Z
2633428,"US-Iran Final Nuclear Deal by August 13, 2026?",us-iran-final-nuclear-deal-by-20260621201254412,1144432.78,24,0.0005,0,0.02,2026-08-14T03:59:00Z
2633428,"US-Iran Final Nuclear Deal by August 13, 2026?",us-iran-final-nuclear-deal-by-20260621201254412,1144432.78,1,0.0005,0,0.02,2026-08-14T03:59:00Z
2633429,"US-Iran Final Nuclear Deal by August 18, 2026?",us-iran-final-nuclear-deal-by-20260621201254412,2730303.83,168,0.0045,0,0.02,2026-08-19T03:59:00Z
2633429,"US-Iran Final Nuclear Deal by August 18, 2026?",us-iran-final-nuclear-deal-by-20260621201254412,2730303.83,24,0.0015,0,0.02,2026-08-19T03:59:00Z
2633429,"US-Iran Final Nuclear Deal by August 18, 2026?",us-iran-final-nuclear-deal-by-20260621201254412,2730303.83,1,0.0005,0,0.02,2026-08-19T03:59:00Z
2633430,"US-Iran Final Nuclear Deal by August 31, 2026?",us-iran-final-nuclear-deal-by-20260621201254412,4562610.17,720,0.026,0,132.02,2026-09-01T03:59:00Z
2633430,"US-Iran Final Nuclear Deal by August 31, 2026?",us-iran-final-nuclear-deal-by-20260621201254412,4562610.17,168,0.0035,0,0.03,2026-09-01T03:59:00Z
2633430,"US-Iran Final Nuclear Deal by August 31, 2026?",us-iran-final-nuclear-deal-by-20260621201254412,4562610.17,24,0.0005,0,0.02,2026-09-01T03:59:00Z
2633430,"US-Iran Final Nuclear Deal by August 31, 2026?",us-iran-final-nuclear-deal-by-20260621201254412,4562610.17,1,0.0005,0,0.02,2026-09-01T03:59:00Z
2641010,"Israel withdraws from Lebanon by August 31, 2026?",israel-withdraws-from-lebanon-by,669321.51,720,0.013,0,132.02,2026-09-01T03:59:00Z
2641010,"Israel withdraws from Lebanon by August 31, 2026?",israel-withdraws-from-lebanon-by,669321.51,168,0.004,0,0.03,2026-09-01T03:59:00Z
2641010,"Israel withdraws from Lebanon by August 31, 2026?",israel-withdraws-from-lebanon-by,669321.51,24,0.0005,0,0.02,2026-09-01T03:59:00Z
2641010,"Israel withdraws from Lebanon by August 31, 2026?",israel-withdraws-from-lebanon-by,669321.51,1,0.0005,0,0.02,2026-09-01T03:59:00Z
2658302,Mojtaba Khamenei seen in public by August 31?,mojtaba-khamenei-public-appearance-by,532829.42,720,0.0305,0,132.02,2026-09-01T03:59:00Z
2658302,Mojtaba Khamenei seen in public by August 31?,mojtaba-khamenei-public-appearance-by,532829.42,168,0.025,0,0.03,2026-09-01T03:59:00Z
2658302,Mojtaba Khamenei seen in public by August 31?,mojtaba-khamenei-public-appearance-by,532829.42,24,0.0055,0,0.02,2026-09-01T03:59:00Z
2658302,Mojtaba Khamenei seen in public by August 31?,mojtaba-khamenei-public-appearance-by,532829.42,1,0.0025,0,0.02,2026-09-01T03:59:00Z
2663611,US-Iran 60 day negotiation period extended?,us-iran-60-day-negotiation-period-extended-20260624044855448,2894249.76,168,0.245,0,0.02,2026-08-20T23:59:00Z
2663611,US-Iran 60 day negotiation period extended?,us-iran-60-day-negotiation-period-extended-20260624044855448,2894249.76,24,0.0135,0,0.02,2026-08-20T23:59:00Z
2663611,US-Iran 60 day negotiation period extended?,us-iran-60-day-negotiation-period-extended-20260624044855448,2894249.76,1,0.004,0,0.02,2026-08-20T23:59:00Z
2672029,"Will Donald Trump attend a US x Iran diplomatic meeting by August 31, 2026?",who-will-attend-a-round-of-us-iran-peace-by-august-31-20260623143114130,14128.96,720,0.0235,0,132.02,2026-09-01T03:59:00Z
2672029,"Will Donald Trump attend a US x Iran diplomatic meeting by August 31, 2026?",who-will-attend-a-round-of-us-iran-peace-by-august-31-20260623143114130,14128.96,168,0.011,0,0.03,2026-09-01T03:59:00Z
2672029,"Will Donald Trump attend a US x Iran diplomatic meeting by August 31, 2026?",who-will-attend-a-round-of-us-iran-peace-by-august-31-20260623143114130,14128.96,24,0.0015,0,0.02,2026-09-01T03:59:00Z
2672029,"Will Donald Trump attend a US x Iran diplomatic meeting by August 31, 2026?",who-will-attend-a-round-of-us-iran-peace-by-august-31-20260623143114130,14128.96,1,0.001,0,0.02,2026-09-01T03:59:00Z
2672031,"Will J.D. Vance attend a US x Iran diplomatic meeting by August 31, 2026?",who-will-attend-a-round-of-us-iran-peace-by-august-31-20260623143114130,25409.17,720,0.27,0,132.02,2026-09-01T03:59:00Z
2672031,"Will J.D. Vance attend a US x Iran diplomatic meeting by August 31, 2026?",who-will-attend-a-round-of-us-iran-peace-by-august-31-20260623143114130,25409.17,168,0.019,0,0.03,2026-09-01T03:59:00Z
2672031,"Will J.D. Vance attend a US x Iran diplomatic meeting by August 31, 2026?",who-will-attend-a-round-of-us-iran-peace-by-august-31-20260623143114130,25409.17,24,0.003,0,0.02,2026-09-01T03:59:00Z
2672031,"Will J.D. Vance attend a US x Iran diplomatic meeting by August 31, 2026?",who-will-attend-a-round-of-us-iran-peace-by-august-31-20260623143114130,25409.17,1,0.0015,0,0.02,2026-09-01T03:59:00Z
2672032,"Will Jared Kushner attend a US x Iran diplomatic meeting by August 31, 2026?",who-will-attend-a-round-of-us-iran-peace-by-august-31-20260623143114130,28640.19,720,0.345,0,132.02,2026-09-01T03:59:00Z
2672032,"Will Jared Kushner attend a US x Iran diplomatic meeting by August 31, 2026?",who-will-attend-a-round-of-us-iran-peace-by-august-31-20260623143114130,28640.19,168,0.0205,0,0.03,2026-09-01T03:59:00Z
2672032,"Will Jared Kushner attend a US x Iran diplomatic meeting by August 31, 2026?",who-will-attend-a-round-of-us-iran-peace-by-august-31-20260623143114130,28640.19,24,0.0025,0,0.02,2026-09-01T03:59:00Z
2672032,"Will Jared Kushner attend a US x Iran diplomatic meeting by August 31, 2026?",who-will-attend-a-round-of-us-iran-peace-by-august-31-20260623143114130,28640.19,1,0.002,0,0.02,2026-09-01T03:59:00Z
2672033,"Will Steve Witkoff attend a US x Iran diplomatic meeting by August 31, 2026?",who-will-attend-a-round-of-us-iran-peace-by-august-31-20260623143114130,27626.64,720,0.34,0,132.02,2026-09-01T03:59:00Z
2672033,"Will Steve Witkoff attend a US x Iran diplomatic meeting by August 31, 2026?",who-will-attend-a-round-of-us-iran-peace-by-august-31-20260623143114130,27626.64,168,0.0165,0,0.03,2026-09-01T03:59:00Z
2672033,"Will Steve Witkoff attend a US x Iran diplomatic meeting by August 31, 2026?",who-will-attend-a-round-of-us-iran-peace-by-august-31-20260623143114130,27626.64,24,0.0005,0,0.02,2026-09-01T03:59:00Z
2672033,"Will Steve Witkoff attend a US x Iran diplomatic meeting by August 31, 2026?",who-will-attend-a-round-of-us-iran-peace-by-august-31-20260623143114130,27626.64,1,0.003,0,0.02,2026-09-01T03:59:00Z
2672036,"Will Mohammad Bagher Ghalibaf attend a US x Iran diplomatic meeting by August 31, 2026?",who-will-attend-a-round-of-us-iran-peace-by-august-31-20260623143114130,13930.33,720,0.38,0,132.02,2026-09-01T03:59:00Z
2672036,"Will Mohammad Bagher Ghalibaf attend a US x Iran diplomatic meeting by August 31, 2026?",who-will-attend-a-round-of-us-iran-peace-by-august-31-20260623143114130,13930.33,168,0.0165,0,0.03,2026-09-01T03:59:00Z
2672036,"Will Mohammad Bagher Ghalibaf attend a US x Iran diplomatic meeting by August 31, 2026?",who-will-attend-a-round-of-us-iran-peace-by-august-31-20260623143114130,13930.33,24,0.002,0,0.02,2026-09-01T03:59:00Z
2672036,"Will Mohammad Bagher Ghalibaf attend a US x Iran diplomatic meeting by August 31, 2026?",who-will-attend-a-round-of-us-iran-peace-by-august-31-20260623143114130,13930.33,1,0.0005,0,0.02,2026-09-01T03:59:00Z
2676035,"Spain snap election called by August 31, 2026?",spain-snap-election-called-by,13226.56,720,0.0205,0,132.02,2026-09-01T03:59:00Z
2676035,"Spain snap election called by August 31, 2026?",spain-snap-election-called-by,13226.56,168,0.011,0,0.03,2026-09-01T03:59:00Z
2676035,"Spain snap election called by August 31, 2026?",spain-snap-election-called-by,13226.56,24,0.0005,0,0.02,2026-09-01T03:59:00Z
2676035,"Spain snap election called by August 31, 2026?",spain-snap-election-called-by,13226.56,1,0.0005,0,0.02,2026-09-01T03:59:00Z
2682695,Will CopperTech Metals not IPO before September 2026?,coppertech-metals-ipo-closing-market-cap-20260625160623001,12090.2,720,0.985,1,132.02,2026-09-01T03:59:00Z
2682695,Will CopperTech Metals not IPO before September 2026?,coppertech-metals-ipo-closing-market-cap-20260625160623001,12090.2,168,0.983,1,0.03,2026-09-01T03:59:00Z
2682695,Will CopperTech Metals not IPO before September 2026?,coppertech-metals-ipo-closing-market-cap-20260625160623001,12090.2,24,0.981,1,0.02,2026-09-01T03:59:00Z
2682695,Will CopperTech Metals not IPO before September 2026?,coppertech-metals-ipo-closing-market-cap-20260625160623001,12090.2,1,0.986,1,0.02,2026-09-01T03:59:00Z
2686766,Iran charges Hormuz fees by August 31?,iran-charges-hormuz-fees-byptptpt-20260625175035466,1261684.38,720,0.08,0,132.02,2026-09-01T03:59:00Z
2686766,Iran charges Hormuz fees by August 31?,iran-charges-hormuz-fees-byptptpt-20260625175035466,1261684.38,168,0.034,0,0.03,2026-09-01T03:59:00Z
2686766,Iran charges Hormuz fees by August 31?,iran-charges-hormuz-fees-byptptpt-20260625175035466,1261684.38,24,0.0105,0,0.02,2026-09-01T03:59:00Z
2686766,Iran charges Hormuz fees by August 31?,iran-charges-hormuz-fees-byptptpt-20260625175035466,1261684.38,1,0.0055,0,0.02,2026-09-01T03:59:00Z
2686771,Iran full airspace closure by August 31?,iran-full-airspace-closure-byptptpt-20260625195253028,1543856.78,720,0.115,0,132.02,2026-09-01T03:59:00Z
2686771,Iran full airspace closure by August 31?,iran-full-airspace-closure-byptptpt-20260625195253028,1543856.78,168,0.027,0,0.03,2026-09-01T03:59:00Z
2686771,Iran full airspace closure by August 31?,iran-full-airspace-closure-byptptpt-20260625195253028,1543856.78,24,0.013,0,0.02,2026-09-01T03:59:00Z
2686771,Iran full airspace closure by August 31?,iran-full-airspace-closure-byptptpt-20260625195253028,1543856.78,1,0.002,0,0.02,2026-09-01T03:59:00Z
2730712,Israel closes its airspace by August 31?,israel-closes-its-airspace-by,1561277.87,720,0.095,0,132.02,2026-09-01T03:59:00Z
2730712,Israel closes its airspace by August 31?,israel-closes-its-airspace-by,1561277.87,168,0.0235,0,0.03,2026-09-01T03:59:00Z
2730712,Israel closes its airspace by August 31?,israel-closes-its-airspace-by,1561277.87,24,0.0085,0,0.02,2026-09-01T03:59:00Z
2730712,Israel closes its airspace by August 31?,israel-closes-its-airspace-by,1561277.87,1,0.0015,0,0.02,2026-09-01T03:59:00Z
2732505,Another GTA VI trailer released by August 31?,another-gta-vi-trailer-released-by,798671.42,720,0.48,0,132.02,2026-09-01T03:59:00Z
2732505,Another GTA VI trailer released by August 31?,another-gta-vi-trailer-released-by,798671.42,168,0.33,0,0.03,2026-09-01T03:59:00Z
2732505,Another GTA VI trailer released by August 31?,another-gta-vi-trailer-released-by,798671.42,24,0.0135,0,0.02,2026-09-01T03:59:00Z
2732505,Another GTA VI trailer released by August 31?,another-gta-vi-trailer-released-by,798671.42,1,0.004,0,0.02,2026-09-01T03:59:00Z
2732526,"Will Russia and Ukraine hold any diplomatic meeting by August 31, 2026?",russia-x-ukraine-any-diplomatic-meeting-byptptpt-20260629155934230,302859.42,720,0.245,1,136.02,2026-08-31T23:59:00Z
2734399,Will the Serbian National Assembly be dissolved by August 31?,serbia-parliament-dissolved-by-20260629164744649,56306.95,720,0.175,0,132.02,2026-09-01T03:59:00Z
2734399,Will the Serbian National Assembly be dissolved by August 31?,serbia-parliament-dissolved-by-20260629164744649,56306.95,168,0.14,0,0.03,2026-09-01T03:59:00Z
2734399,Will the Serbian National Assembly be dissolved by August 31?,serbia-parliament-dissolved-by-20260629164744649,56306.95,24,0.0165,0,0.02,2026-09-01T03:59:00Z
2734399,Will the Serbian National Assembly be dissolved by August 31?,serbia-parliament-dissolved-by-20260629164744649,56306.95,1,0.0035,0,0.02,2026-09-01T03:59:00Z
2734706,"Will Jio Platforms IPO by August 31, 2026?",jio-platforms-ipo-byptptpt-20260629175823569,13788.49,720,0.0885,0,132.02,2026-09-01T03:59:00Z
2734706,"Will Jio Platforms IPO by August 31, 2026?",jio-platforms-ipo-byptptpt-20260629175823569,13788.49,168,0.055,0,0.03,2026-09-01T03:59:00Z
2734706,"Will Jio Platforms IPO by August 31, 2026?",jio-platforms-ipo-byptptpt-20260629175823569,13788.49,24,0.0005,0,0.02,2026-09-01T03:59:00Z
2734706,"Will Jio Platforms IPO by August 31, 2026?",jio-platforms-ipo-byptptpt-20260629175823569,13788.49,1,0.0005,0,0.02,2026-09-01T03:59:00Z
2761137,Will James Fishback win less than 10% of votes in the Florida Republican Governor primary?,james-fishback-vote-share-in-2026-florida-republican-governor-primary-20260701214154078,280544.05,168,0.355,0,0.02,2026-08-18T23:59:00Z
2761137,Will James Fishback win less than 10% of votes in the Florida Republican Governor primary?,james-fishback-vote-share-in-2026-florida-republican-governor-primary-20260701214154078,280544.05,24,0.525,0,0.03,2026-08-18T23:59:00Z
2761137,Will James Fishback win less than 10% of votes in the Florida Republican Governor primary?,james-fishback-vote-share-in-2026-florida-republican-governor-primary-20260701214154078,280544.05,1,0.495,0,0.02,2026-08-18T23:59:00Z
2761138,Will James Fishback win 10–15% of votes in the Florida Republican Governor primary?,james-fishback-vote-share-in-2026-florida-republican-governor-primary-20260701214154078,36005.64,168,0.37,1,0.02,2026-08-18T23:59:00Z
2761138,Will James Fishback win 10–15% of votes in the Florida Republican Governor primary?,james-fishback-vote-share-in-2026-florida-republican-governor-primary-20260701214154078,36005.64,24,0.365,1,0.03,2026-08-18T23:59:00Z
2761138,Will James Fishback win 10–15% of votes in the Florida Republican Governor primary?,james-fishback-vote-share-in-2026-florida-republican-governor-primary-20260701214154078,36005.64,1,0.285,1,0.02,2026-08-18T23:59:00Z
2761139,Will James Fishback win 15–20% of votes in the Florida Republican Governor primary?,james-fishback-vote-share-in-2026-florida-republican-governor-primary-20260701214154078,13550.6,168,0.105,0,0.02,2026-08-18T23:59:00Z
2761139,Will James Fishback win 15–20% of votes in the Florida Republican Governor primary?,james-fishback-vote-share-in-2026-florida-republican-governor-primary-20260701214154078,13550.6,24,0.105,0,0.03,2026-08-18T23:59:00Z
2761139,Will James Fishback win 15–20% of votes in the Florida Republican Governor primary?,james-fishback-vote-share-in-2026-florida-republican-governor-primary-20260701214154078,13550.6,1,0.09,0,0.02,2026-08-18T23:59:00Z
2761140,Will James Fishback win 20–25% of votes in the Florida Republican Governor primary?,james-fishback-vote-share-in-2026-florida-republican-governor-primary-20260701214154078,17596.7,168,0.041,0,0.02,2026-08-18T23:59:00Z
2761140,Will James Fishback win 20–25% of votes in the Florida Republican Governor primary?,james-fishback-vote-share-in-2026-florida-republican-governor-primary-20260701214154078,17596.7,24,0.0175,0,0.03,2026-08-18T23:59:00Z
2761140,Will James Fishback win 20–25% of votes in the Florida Republican Governor primary?,james-fishback-vote-share-in-2026-florida-republican-governor-primary-20260701214154078,17596.7,1,0.0275,0,0.02,2026-08-18T23:59:00Z
2761141,Will James Fishback win 25–30% of votes in the Florida Republican Governor primary?,james-fishback-vote-share-in-2026-florida-republican-governor-primary-20260701214154078,10829.37,168,0.027,0,0.02,2026-08-18T23:59:00Z
2761141,Will James Fishback win 25–30% of votes in the Florida Republican Governor primary?,james-fishback-vote-share-in-2026-florida-republican-governor-primary-20260701214154078,10829.37,24,0.013,0,0.03,2026-08-18T23:59:00Z
2761141,Will James Fishback win 25–30% of votes in the Florida Republican Governor primary?,james-fishback-vote-share-in-2026-florida-republican-governor-primary-20260701214154078,10829.37,1,0.0435,0,0.02,2026-08-18T23:59:00Z
2761142,Will James Fishback at least 30% of votes in the Florida Republican Governor primary?,james-fishback-vote-share-in-2026-florida-republican-governor-primary-20260701214154078,29054.47,168,0.011,0,0.02,2026-08-18T23:59:00Z
2761142,Will James Fishback at least 30% of votes in the Florida Republican Governor primary?,james-fishback-vote-share-in-2026-florida-republican-governor-primary-20260701214154078,29054.47,24,0.011,0,0.02,2026-08-18T23:59:00Z
2761142,Will James Fishback at least 30% of votes in the Florida Republican Governor primary?,james-fishback-vote-share-in-2026-florida-republican-governor-primary-20260701214154078,29054.47,1,0.0115,0,0.02,2026-08-18T23:59:00Z
2773241,Will the Bank of Canada increase the target for the overnight rate by 25 bps at the September interest rate announcement?,bank-of-canada-decision-in-september-20260701223913897,18812.76,720,0.0145,0,112.0,2026-09-02T00:00:00Z
2773241,Will the Bank of Canada increase the target for the overnight rate by 25 bps at the September interest rate announcement?,bank-of-canada-decision-in-september-20260701223913897,18812.76,168,0.0015,0,0.01,2026-09-02T00:00:00Z
2773241,Will the Bank of Canada increase the target for the overnight rate by 25 bps at the September interest rate announcement?,bank-of-canada-decision-in-september-20260701223913897,18812.76,24,0.0015,0,0.01,2026-09-02T00:00:00Z
2773241,Will the Bank of Canada increase the target for the overnight rate by 25 bps at the September interest rate announcement?,bank-of-canada-decision-in-september-20260701223913897,18812.76,1,0.001,0,1.0,2026-09-02T00:00:00Z
2773242,Will the Bank of Canada make no change to the target for the overnight rate at the September interest rate announcement?,bank-of-canada-decision-in-september-20260701223913897,56653.06,720,0.9755,1,112.0,2026-09-02T00:00:00Z
2773242,Will the Bank of Canada make no change to the target for the overnight rate at the September interest rate announcement?,bank-of-canada-decision-in-september-20260701223913897,56653.06,168,0.9965,1,0.0,2026-09-02T00:00:00Z
2773242,Will the Bank of Canada make no change to the target for the overnight rate at the September interest rate announcement?,bank-of-canada-decision-in-september-20260701223913897,56653.06,24,0.9975,1,0.01,2026-09-02T00:00:00Z
2773242,Will the Bank of Canada make no change to the target for the overnight rate at the September interest rate announcement?,bank-of-canada-decision-in-september-20260701223913897,56653.06,1,0.998,1,1.0,2026-09-02T00:00:00Z
2784601,Will US withdraw from NATO by August 31?,will-us-withdraw-from-nato-before-2027,22750.64,720,0.0055,0,132.02,2026-09-01T03:59:00Z
2784601,Will US withdraw from NATO by August 31?,will-us-withdraw-from-nato-before-2027,22750.64,168,0.0045,0,0.03,2026-09-01T03:59:00Z
2784601,Will US withdraw from NATO by August 31?,will-us-withdraw-from-nato-before-2027,22750.64,24,0.0005,0,0.02,2026-09-01T03:59:00Z
2784601,Will US withdraw from NATO by August 31?,will-us-withdraw-from-nato-before-2027,22750.64,1,0.0005,0,0.02,2026-09-01T03:59:00Z
2786063,Putin meets with Iranian officials by August 31?,putin-meets-with-iranian-officials-by-august-31-20260702174616624,263480.39,720,0.4725,1,132.02,2026-09-01T03:59:00Z
2786063,Putin meets with Iranian officials by August 31?,putin-meets-with-iranian-officials-by-august-31-20260702174616624,263480.39,168,0.159,1,0.03,2026-09-01T03:59:00Z
2786063,Putin meets with Iranian officials by August 31?,putin-meets-with-iranian-officials-by-august-31-20260702174616624,263480.39,24,0.357,1,0.02,2026-09-01T03:59:00Z
2786063,Putin meets with Iranian officials by August 31?,putin-meets-with-iranian-officials-by-august-31-20260702174616624,263480.39,1,0.3615,1,0.02,2026-09-01T03:59:00Z
2810504,Will Core CPI MoM be 0.0% or less in July?,core-cpi-mom-july-2026-20260705181328287,12884.72,24,0.0365,0,0.02,2026-08-12T03:59:00Z
2810504,Will Core CPI MoM be 0.0% or less in July?,core-cpi-mom-july-2026-20260705181328287,12884.72,1,0.0685,0,0.02,2026-08-12T03:59:00Z
2810505,Will Core CPI MoM be 0.1% in July?,core-cpi-mom-july-2026-20260705181328287,38443.83,24,0.34,0,0.02,2026-08-12T03:59:00Z
2810505,Will Core CPI MoM be 0.1% in July?,core-cpi-mom-july-2026-20260705181328287,38443.83,1,0.3115,0,0.02,2026-08-12T03:59:00Z
2810506,Will Core CPI MoM be 0.2% in July?,core-cpi-mom-july-2026-20260705181328287,56809.65,24,0.5405,1,0.02,2026-08-12T03:59:00Z
2810506,Will Core CPI MoM be 0.2% in July?,core-cpi-mom-july-2026-20260705181328287,56809.65,1,0.5455,1,0.02,2026-08-12T03:59:00Z
2810507,Will Core CPI MoM be 0.3% in July?,core-cpi-mom-july-2026-20260705181328287,39842.1,24,0.0925,0,0.02,2026-08-12T03:59:00Z
2810507,Will Core CPI MoM be 0.3% in July?,core-cpi-mom-july-2026-20260705181328287,39842.1,1,0.1205,0,0.02,2026-08-12T03:59:00Z
2810508,Will Core CPI MoM be 0.4% in July?,core-cpi-mom-july-2026-20260705181328287,10663.58,24,0.026,0,0.02,2026-08-12T03:59:00Z
2810508,Will Core CPI MoM be 0.4% in July?,core-cpi-mom-july-2026-20260705181328287,10663.58,1,0.0175,0,0.02,2026-08-12T03:59:00Z
2820206,Will Iran announce withdrawal from MOU negotiations by August 15?,iran-announces-withdrawal-from-mou-negotiations-byptptpt-20260622191732319,1530015.73,168,0.0175,0,0.02,2026-08-15T23:59:00Z
2820206,Will Iran announce withdrawal from MOU negotiations by August 15?,iran-announces-withdrawal-from-mou-negotiations-byptptpt-20260622191732319,1530015.73,24,0.0035,0,0.02,2026-08-15T23:59:00Z
2820206,Will Iran announce withdrawal from MOU negotiations by August 15?,iran-announces-withdrawal-from-mou-negotiations-byptptpt-20260622191732319,1530015.73,1,0.0245,0,0.02,2026-08-15T23:59:00Z
2822003,"Putin out as President of Russia by August 31, 2026?",putin-out-before-2027,1079267.56,720,0.0105,0,132.02,2026-09-01T03:59:00Z
2822003,"Putin out as President of Russia by August 31, 2026?",putin-out-before-2027,1079267.56,168,0.0035,0,0.03,2026-09-01T03:59:00Z
2822003,"Putin out as President of Russia by August 31, 2026?",putin-out-before-2027,1079267.56,24,0.0005,0,0.02,2026-09-01T03:59:00Z
2822003,"Putin out as President of Russia by August 31, 2026?",putin-out-before-2027,1079267.56,1,0.0005,0,0.02,2026-09-01T03:59:00Z
2830896,Will Tarsier Pharma not IPO before September 2026?,tarsier-pharma-ipo-closing-market-cap-20260706015028159,11539.34,720,0.984,1,132.02,2026-09-01T03:59:00Z
2830896,Will Tarsier Pharma not IPO before September 2026?,tarsier-pharma-ipo-closing-market-cap-20260706015028159,11539.34,168,0.99,1,0.03,2026-09-01T03:59:00Z
2830896,Will Tarsier Pharma not IPO before September 2026?,tarsier-pharma-ipo-closing-market-cap-20260706015028159,11539.34,24,0.9665,1,0.02,2026-09-01T03:59:00Z
2830896,Will Tarsier Pharma not IPO before September 2026?,tarsier-pharma-ipo-closing-market-cap-20260706015028159,11539.34,1,0.9665,1,0.02,2026-09-01T03:59:00Z
2832140,Will Nigel Farage win the Clacton by-election?,clacton-by-election-winner-20260707143521303,1950322.36,168,0.9895,1,24.0,2026-08-13T16:00:00Z
2832140,Will Nigel Farage win the Clacton by-election?,clacton-by-election-winner-20260707143521303,1950322.36,24,0.991,1,0.0,2026-08-13T16:00:00Z
2832140,Will Nigel Farage win the Clacton by-election?,clacton-by-election-winner-20260707143521303,1950322.36,1,0.9885,1,0.0,2026-08-13T16:00:00Z
2832147,Will Count Binface win the Clacton by-election?,clacton-by-election-winner-20260707143521303,3692242.22,168,0.0095,0,24.0,2026-08-13T16:00:00Z
2832147,Will Count Binface win the Clacton by-election?,clacton-by-election-winner-20260707143521303,3692242.22,24,0.0105,0,0.0,2026-08-13T16:00:00Z
2832147,Will Count Binface win the Clacton by-election?,clacton-by-election-winner-20260707143521303,3692242.22,1,0.0125,0,0.0,2026-08-13T16:00:00Z
2839298,"Israel x Hezbollah diplomatic meeting by August 31, 2026?",israel-x-hezbollah-diplomatic-meeting-byptptpt-20260706181026740,90472.35,720,0.0215,0,132.02,2026-09-01T03:59:00Z
2839298,"Israel x Hezbollah diplomatic meeting by August 31, 2026?",israel-x-hezbollah-diplomatic-meeting-byptptpt-20260706181026740,90472.35,168,0.0065,0,0.03,2026-09-01T03:59:00Z
2839298,"Israel x Hezbollah diplomatic meeting by August 31, 2026?",israel-x-hezbollah-diplomatic-meeting-byptptpt-20260706181026740,90472.35,24,0.001,0,0.02,2026-09-01T03:59:00Z
2839298,"Israel x Hezbollah diplomatic meeting by August 31, 2026?",israel-x-hezbollah-diplomatic-meeting-byptptpt-20260706181026740,90472.35,1,0.001,0,0.02,2026-09-01T03:59:00Z
2840107,Will Nigel Farage up his vote share in Clacton?,will-nigel-farage-up-his-vote-share-in-clacton-20260707171746907,31748.28,168,0.958,1,16.02,2026-08-13T23:59:00Z
2840107,Will Nigel Farage up his vote share in Clacton?,will-nigel-farage-up-his-vote-share-in-clacton-20260707171746907,31748.28,24,0.9845,1,0.02,2026-08-13T23:59:00Z
2840107,Will Nigel Farage up his vote share in Clacton?,will-nigel-farage-up-his-vote-share-in-clacton-20260707171746907,31748.28,1,0.99,1,0.02,2026-08-13T23:59:00Z
2840108,Will Nigel Farage get second place in the Clacton by-election?,clacton-by-election-2nd-place-20260707214539733,89593.72,168,0.0105,0,24.0,2026-08-13T16:00:00Z
2840108,Will Nigel Farage get second place in the Clacton by-election?,clacton-by-election-2nd-place-20260707214539733,89593.72,24,0.009,0,0.0,2026-08-13T16:00:00Z
2840108,Will Nigel Farage get second place in the Clacton by-election?,clacton-by-election-2nd-place-20260707214539733,89593.72,1,0.0095,0,0.0,2026-08-13T16:00:00Z
2840115,Will Count Binface get second place in the Clacton by-election?,clacton-by-election-2nd-place-20260707214539733,581180.92,168,0.9755,1,24.0,2026-08-13T16:00:00Z
2840115,Will Count Binface get second place in the Clacton by-election?,clacton-by-election-2nd-place-20260707214539733,581180.92,24,0.988,1,0.0,2026-08-13T16:00:00Z
2840115,Will Count Binface get second place in the Clacton by-election?,clacton-by-election-2nd-place-20260707214539733,581180.92,1,0.971,1,0.0,2026-08-13T16:00:00Z
2840116,Will Laurence Fox get second place in the Clacton by-election?,clacton-by-election-2nd-place-20260707214539733,28263.67,168,0.005,0,24.0,2026-08-13T16:00:00Z
2840116,Will Laurence Fox get second place in the Clacton by-election?,clacton-by-election-2nd-place-20260707214539733,28263.67,24,0.002,0,0.0,2026-08-13T16:00:00Z
2840116,Will Laurence Fox get second place in the Clacton by-election?,clacton-by-election-2nd-place-20260707214539733,28263.67,1,0.0035,0,0.0,2026-08-13T16:00:00Z
2846073,Will Count Binface win less than 10% of votes in the Clacton parliamentary by-election?,clacton-by-election-count-binface-vote-20260708142507718,185307.92,168,0.085,0,40.0,2026-08-13T00:00:00Z
2846073,Will Count Binface win less than 10% of votes in the Clacton parliamentary by-election?,clacton-by-election-count-binface-vote-20260708142507718,185307.92,24,0.115,0,0.0,2026-08-13T00:00:00Z
2846073,Will Count Binface win less than 10% of votes in the Clacton parliamentary by-election?,clacton-by-election-count-binface-vote-20260708142507718,185307.92,1,0.075,0,0.0,2026-08-13T00:00:00Z
2846076,Will Count Binface win 30–40% of votes in the Clacton parliamentary by-election?,clacton-by-election-count-binface-vote-20260708142507718,89297.5,168,0.064,0,40.0,2026-08-13T00:00:00Z
2846076,Will Count Binface win 30–40% of votes in the Clacton parliamentary by-election?,clacton-by-election-count-binface-vote-20260708142507718,89297.5,24,0.0495,0,0.0,2026-08-13T00:00:00Z
2846076,Will Count Binface win 30–40% of votes in the Clacton parliamentary by-election?,clacton-by-election-count-binface-vote-20260708142507718,89297.5,1,0.0615,0,0.0,2026-08-13T00:00:00Z
2846077,Will Count Binface win at least 40% of votes in the Clacton parliamentary by-election?,clacton-by-election-count-binface-vote-20260708142507718,51771.67,168,0.026,0,40.0,2026-08-13T00:00:00Z
2846077,Will Count Binface win at least 40% of votes in the Clacton parliamentary by-election?,clacton-by-election-count-binface-vote-20260708142507718,51771.67,24,0.02,0,0.0,2026-08-13T00:00:00Z
2846077,Will Count Binface win at least 40% of votes in the Clacton parliamentary by-election?,clacton-by-election-count-binface-vote-20260708142507718,51771.67,1,0.011,0,0.0,2026-08-13T00:00:00Z
2846130,Will Nigel Farage win the 2026 Clacton by-election by 30% or more?,clacton-by-election-margin-of-victory-20260708144145603,38386.89,168,0.956,1,40.0,2026-08-13T00:00:00Z
2846130,Will Nigel Farage win the 2026 Clacton by-election by 30% or more?,clacton-by-election-margin-of-victory-20260708144145603,38386.89,24,0.956,1,0.0,2026-08-13T00:00:00Z
2846130,Will Nigel Farage win the 2026 Clacton by-election by 30% or more?,clacton-by-election-margin-of-victory-20260708144145603,38386.89,1,0.9385,1,0.0,2026-08-13T00:00:00Z
2849008,Will the US announce withdrawal from MOU negotiations by August 31?,us-announces-withdrawal-from-mou-negotiations-byptptpt-20260622192051747,472591.82,720,0.055,0,132.02,2026-09-01T03:59:00Z
2849008,Will the US announce withdrawal from MOU negotiations by August 31?,us-announces-withdrawal-from-mou-negotiations-byptptpt-20260622192051747,472591.82,168,0.0255,0,0.03,2026-09-01T03:59:00Z
2849008,Will the US announce withdrawal from MOU negotiations by August 31?,us-announces-withdrawal-from-mou-negotiations-byptptpt-20260622192051747,472591.82,24,0.014,0,0.02,2026-09-01T03:59:00Z
2849008,Will the US announce withdrawal from MOU negotiations by August 31?,us-announces-withdrawal-from-mou-negotiations-byptptpt-20260622192051747,472591.82,1,0.0015,0,0.02,2026-09-01T03:59:00Z
2849356,US reissues Iran oil sanction relief by August 31?,us-reissues-iran-oil-sales-sanction-relief-byptptpt-20260708142359046,241388.74,720,0.52,0,132.02,2026-09-01T03:59:00Z
2849356,US reissues Iran oil sanction relief by August 31?,us-reissues-iran-oil-sales-sanction-relief-byptptpt-20260708142359046,241388.74,168,0.03,0,0.03,2026-09-01T03:59:00Z
2849356,US reissues Iran oil sanction relief by August 31?,us-reissues-iran-oil-sales-sanction-relief-byptptpt-20260708142359046,241388.74,24,0.0045,0,0.02,2026-09-01T03:59:00Z
2849356,US reissues Iran oil sanction relief by August 31?,us-reissues-iran-oil-sales-sanction-relief-byptptpt-20260708142359046,241388.74,1,0.0075,0,0.02,2026-09-01T03:59:00Z
2850825,"Will GPT-6 be released by August 31, 2026?",gpt-6-released-by,297817.39,720,0.305,0,132.02,2026-09-01T03:59:00Z
2850825,"Will GPT-6 be released by August 31, 2026?",gpt-6-released-by,297817.39,168,0.0125,0,0.03,2026-09-01T03:59:00Z
2850825,"Will GPT-6 be released by August 31, 2026?",gpt-6-released-by,297817.39,24,0.0035,0,0.02,2026-09-01T03:59:00Z
2850825,"Will GPT-6 be released by August 31, 2026?",gpt-6-released-by,297817.39,1,0.0015,0,0.02,2026-09-01T03:59:00Z
2851406,Israel military action against Greater Beirut by August 31?,israel-military-action-against-beirut-byptptpt-20260708221422557,192569.68,720,0.135,0,139.02,2026-08-31T20:59:00Z
2851406,Israel military action against Greater Beirut by August 31?,israel-military-action-against-beirut-byptptpt-20260708221422557,192569.68,168,0.047,0,0.02,2026-08-31T20:59:00Z
2851406,Israel military action against Greater Beirut by August 31?,israel-military-action-against-beirut-byptptpt-20260708221422557,192569.68,24,0.013,0,0.02,2026-08-31T20:59:00Z
2851406,Israel military action against Greater Beirut by August 31?,israel-military-action-against-beirut-byptptpt-20260708221422557,192569.68,1,0.0125,0,0.02,2026-08-31T20:59:00Z
2853113,"IAEA visits Isfahan, Fordow, or Natanz nuclear site by August 31?",iaea-visits-isfahan-fordow-or-natanz-nuclear-site-by-july-31-20260624040209014,60074.67,720,0.033,0,132.02,2026-09-01T03:59:00Z
2853113,"IAEA visits Isfahan, Fordow, or Natanz nuclear site by August 31?",iaea-visits-isfahan-fordow-or-natanz-nuclear-site-by-july-31-20260624040209014,60074.67,168,0.006,0,0.03,2026-09-01T03:59:00Z
2853113,"IAEA visits Isfahan, Fordow, or Natanz nuclear site by August 31?",iaea-visits-isfahan-fordow-or-natanz-nuclear-site-by-july-31-20260624040209014,60074.67,24,0.001,0,0.02,2026-09-01T03:59:00Z
2853113,"IAEA visits Isfahan, Fordow, or Natanz nuclear site by August 31?",iaea-visits-isfahan-fordow-or-natanz-nuclear-site-by-july-31-20260624040209014,60074.67,1,0.001,0,0.02,2026-09-01T03:59:00Z
2853119,"Iran agrees to surrender enriched uranium stockpile by August 31, 2026?",iran-agrees-to-surrender-enriched-uranium-stockpile-by,147822.02,720,0.021,0,132.02,2026-09-01T03:59:00Z
2853119,"Iran agrees to surrender enriched uranium stockpile by August 31, 2026?",iran-agrees-to-surrender-enriched-uranium-stockpile-by,147822.02,168,0.004,0,0.03,2026-09-01T03:59:00Z
2853119,"Iran agrees to surrender enriched uranium stockpile by August 31, 2026?",iran-agrees-to-surrender-enriched-uranium-stockpile-by,147822.02,24,0.0015,0,0.02,2026-09-01T03:59:00Z
2853119,"Iran agrees to surrender enriched uranium stockpile by August 31, 2026?",iran-agrees-to-surrender-enriched-uranium-stockpile-by,147822.02,1,0.0005,0,0.02,2026-09-01T03:59:00Z
2853384,"Will GPT-6 be released by August 14, 2026?",gpt-6-released-by,171415.4,168,0.0155,0,0.02,2026-08-15T03:59:00Z
2853384,"Will GPT-6 be released by August 14, 2026?",gpt-6-released-by,171415.4,24,0.0015,0,0.02,2026-08-15T03:59:00Z
2853384,"Will GPT-6 be released by August 14, 2026?",gpt-6-released-by,171415.4,1,0.006,0,0.02,2026-08-15T03:59:00Z
2853462,"Will GPT-6 be released by August 21, 2026?",gpt-6-released-by,190368.81,168,0.0195,0,0.02,2026-08-22T03:59:00Z
2853462,"Will GPT-6 be released by August 21, 2026?",gpt-6-released-by,190368.81,24,0.006,0,0.03,2026-08-22T03:59:00Z
2853462,"Will GPT-6 be released by August 21, 2026?",gpt-6-released-by,190368.81,1,0.0005,0,0.02,2026-08-22T03:59:00Z
2853652,Will Russia capture Kostyantynivka by August 31?,will-russia-capture-kostyantynivka-by,505499.33,720,0.355,1,148.0,2026-08-31T12:00:00Z
2853670,"Will ""PAW Patrol: The Dino Movie"" Opening Weekend Box Office be between 15m and 20m?",paw-patrol-the-dino-movie-opening-weekend-box-office-20260708164748952,11504.9,168,0.1855,0,0.02,2026-08-16T23:59:00Z
2853670,"Will ""PAW Patrol: The Dino Movie"" Opening Weekend Box Office be between 15m and 20m?",paw-patrol-the-dino-movie-opening-weekend-box-office-20260708164748952,11504.9,24,0.388,0,0.02,2026-08-16T23:59:00Z
2853670,"Will ""PAW Patrol: The Dino Movie"" Opening Weekend Box Office be between 15m and 20m?",paw-patrol-the-dino-movie-opening-weekend-box-office-20260708164748952,11504.9,1,0.0085,0,0.02,2026-08-16T23:59:00Z
2853671,"Will ""PAW Patrol: The Dino Movie"" Opening Weekend Box Office be between 20m and 25m?",paw-patrol-the-dino-movie-opening-weekend-box-office-20260708164748952,12430.1,168,0.1765,1,0.02,2026-08-16T23:59:00Z
2853671,"Will ""PAW Patrol: The Dino Movie"" Opening Weekend Box Office be between 20m and 25m?",paw-patrol-the-dino-movie-opening-weekend-box-office-20260708164748952,12430.1,24,0.584,1,0.02,2026-08-16T23:59:00Z
2853671,"Will ""PAW Patrol: The Dino Movie"" Opening Weekend Box Office be between 20m and 25m?",paw-patrol-the-dino-movie-opening-weekend-box-office-20260708164748952,12430.1,1,0.991,1,0.02,2026-08-16T23:59:00Z
2853672,"Will ""PAW Patrol: The Dino Movie"" Opening Weekend Box Office be between 25m and 30m?",paw-patrol-the-dino-movie-opening-weekend-box-office-20260708164748952,13783.2,168,0.3095,0,0.02,2026-08-16T23:59:00Z
2853672,"Will ""PAW Patrol: The Dino Movie"" Opening Weekend Box Office be between 25m and 30m?",paw-patrol-the-dino-movie-opening-weekend-box-office-20260708164748952,13783.2,24,0.0025,0,0.02,2026-08-16T23:59:00Z
2853672,"Will ""PAW Patrol: The Dino Movie"" Opening Weekend Box Office be between 25m and 30m?",paw-patrol-the-dino-movie-opening-weekend-box-office-20260708164748952,13783.2,1,0.0005,0,0.02,2026-08-16T23:59:00Z
2853673,"Will ""PAW Patrol: The Dino Movie"" Opening Weekend Box Office be at least 30m?",paw-patrol-the-dino-movie-opening-weekend-box-office-20260708164748952,12531.18,168,0.27,0,0.02,2026-08-16T23:59:00Z
2853673,"Will ""PAW Patrol: The Dino Movie"" Opening Weekend Box Office be at least 30m?",paw-patrol-the-dino-movie-opening-weekend-box-office-20260708164748952,12531.18,24,0.0015,0,0.02,2026-08-16T23:59:00Z
2853673,"Will ""PAW Patrol: The Dino Movie"" Opening Weekend Box Office be at least 30m?",paw-patrol-the-dino-movie-opening-weekend-box-office-20260708164748952,12531.18,1,0.0005,0,0.02,2026-08-16T23:59:00Z
2858754,Panthers vs. Bills,nfl-car-buf-2026-08-15,128034.42,168,0.465,0,0.0,2026-08-15T17:00:00Z
2858754,Panthers vs. Bills,nfl-car-buf-2026-08-15,128034.42,24,0.405,0,0.01,2026-08-15T17:00:00Z
2858754,Panthers vs. Bills,nfl-car-buf-2026-08-15,128034.42,1,0.385,0,0.0,2026-08-15T17:00:00Z
2858763,Eagles vs. Ravens,nfl-phi-bal-2026-08-15,113595.53,168,0.545,0,0.0,2026-08-15T23:00:00Z
2858763,Eagles vs. Ravens,nfl-phi-bal-2026-08-15,113595.53,24,0.635,0,0.0,2026-08-15T23:00:00Z
2858763,Eagles vs. Ravens,nfl-phi-bal-2026-08-15,113595.53,1,0.615,0,0.0,2026-08-15T23:00:00Z
2858775,Packers vs. Steelers,nfl-gb-pit-2026-08-13,204392.57,168,0.49,0,17.0,2026-08-13T23:00:00Z
2858775,Packers vs. Steelers,nfl-gb-pit-2026-08-13,204392.57,24,0.585,0,0.0,2026-08-13T23:00:00Z
2858775,Packers vs. Steelers,nfl-gb-pit-2026-08-13,204392.57,1,0.585,0,0.0,2026-08-13T23:00:00Z
2858788,Lions vs. Bengals,nfl-det-cin-2026-08-13,167849.59,168,0.405,0,17.0,2026-08-13T23:00:00Z
2858788,Lions vs. Bengals,nfl-det-cin-2026-08-13,167849.59,24,0.295,0,0.0,2026-08-13T23:00:00Z
2858788,Lions vs. Bengals,nfl-det-cin-2026-08-13,167849.59,1,0.285,0,0.0,2026-08-13T23:00:00Z
2858797,Chargers vs. Texans,nfl-lac-hou-2026-08-14,147102.48,168,0.48,1,16.0,2026-08-14T00:00:00Z
2858797,Chargers vs. Texans,nfl-lac-hou-2026-08-14,147102.48,24,0.465,1,0.01,2026-08-14T00:00:00Z
2858797,Chargers vs. Texans,nfl-lac-hou-2026-08-14,147102.48,1,0.515,1,0.0,2026-08-14T00:00:00Z
2858805,Jaguars vs. Saints,nfl-jax-no-2026-08-15,178056.65,168,0.53,1,0.01,2026-08-15T20:00:00Z
2858805,Jaguars vs. Saints,nfl-jax-no-2026-08-15,178056.65,24,0.43,1,0.0,2026-08-15T20:00:00Z
2858805,Jaguars vs. Saints,nfl-jax-no-2026-08-15,178056.65,1,0.425,1,0.0,2026-08-15T20:00:00Z
2858814,Broncos vs. Falcons,nfl-den-atl-2026-08-14,99825.84,168,0.63,1,0.01,2026-08-14T23:00:00Z
2858814,Broncos vs. Falcons,nfl-den-atl-2026-08-14,99825.84,24,0.65,1,0.0,2026-08-14T23:00:00Z
2858814,Broncos vs. Falcons,nfl-den-atl-2026-08-14,99825.84,1,0.635,1,0.0,2026-08-14T23:00:00Z
2858834,Buccaneers vs. Jets,nfl-tb-nyj-2026-08-14,285259.55,168,0.54,1,0.01,2026-08-14T23:00:00Z
2858834,Buccaneers vs. Jets,nfl-tb-nyj-2026-08-14,285259.55,24,0.295,1,0.0,2026-08-14T23:00:00Z
2858834,Buccaneers vs. Jets,nfl-tb-nyj-2026-08-14,285259.55,1,0.305,1,0.01,2026-08-14T23:00:00Z
2858842,Dolphins vs. Commanders,nfl-mia-was-2026-08-14,128572.47,168,0.5,0,0.01,2026-08-14T23:00:00Z
2858842,Dolphins vs. Commanders,nfl-mia-was-2026-08-14,128572.47,24,0.615,0,0.0,2026-08-14T23:00:00Z
2858842,Dolphins vs. Commanders,nfl-mia-was-2026-08-14,128572.47,1,0.625,0,0.0,2026-08-14T23:00:00Z
2858850,Vikings vs. Giants,nfl-min-nyg-2026-08-15,236270.27,168,0.565,1,0.0,2026-08-15T17:00:00Z
2858850,Vikings vs. Giants,nfl-min-nyg-2026-08-15,236270.27,24,0.565,1,0.01,2026-08-15T17:00:00Z
2858850,Vikings vs. Giants,nfl-min-nyg-2026-08-15,236270.27,1,0.535,1,0.0,2026-08-15T17:00:00Z
2858856,Rams vs. Chiefs,nfl-la-kc-2026-08-15,303870.24,168,0.46,1,0.01,2026-08-15T20:00:00Z
2858856,Rams vs. Chiefs,nfl-la-kc-2026-08-15,303870.24,24,0.44,1,0.0,2026-08-15T20:00:00Z
2858856,Rams vs. Chiefs,nfl-la-kc-2026-08-15,303870.24,1,0.445,1,0.0,2026-08-15T20:00:00Z
2858873,Cardinals vs. Raiders,nfl-ari-lv-2026-08-14,191640.45,168,0.46,1,16.0,2026-08-14T00:00:00Z
2858873,Cardinals vs. Raiders,nfl-ari-lv-2026-08-14,191640.45,24,0.455,1,0.01,2026-08-14T00:00:00Z
2858873,Cardinals vs. Raiders,nfl-ari-lv-2026-08-14,191640.45,1,0.385,1,0.0,2026-08-14T00:00:00Z
2858878,Browns vs. Bears,nfl-cle-chi-2026-08-15,532240.74,168,0.495,0,0.0,2026-08-15T17:00:00Z
2858878,Browns vs. Bears,nfl-cle-chi-2026-08-15,532240.74,24,0.61,0,0.01,2026-08-15T17:00:00Z
2858878,Browns vs. Bears,nfl-cle-chi-2026-08-15,532240.74,1,0.605,0,0.0,2026-08-15T17:00:00Z
2858884,Titans vs. 49ers,nfl-ten-sf-2026-08-14,439651.36,168,0.42,1,15.0,2026-08-14T01:00:00Z
2858884,Titans vs. 49ers,nfl-ten-sf-2026-08-14,439651.36,24,0.665,1,0.0,2026-08-14T01:00:00Z
2858884,Titans vs. 49ers,nfl-ten-sf-2026-08-14,439651.36,1,0.715,1,0.0,2026-08-14T01:00:00Z
2869647,Raiders vs. Texans,nfl-lv-hou-2026-08-21,570244.59,168,0.5,1,0.01,2026-08-21T00:00:00Z
2869647,Raiders vs. Texans,nfl-lv-hou-2026-08-21,570244.59,24,0.525,1,0.01,2026-08-21T00:00:00Z
2869647,Raiders vs. Texans,nfl-lv-hou-2026-08-21,570244.59,1,0.545,1,0.01,2026-08-21T00:00:00Z
2869657,49ers vs. Chargers,nfl-sf-lac-2026-08-21,941064.94,168,0.47,1,0.0,2026-08-21T02:00:00Z
2869657,49ers vs. Chargers,nfl-sf-lac-2026-08-21,941064.94,24,0.52,1,0.01,2026-08-21T02:00:00Z
2869657,49ers vs. Chargers,nfl-sf-lac-2026-08-21,941064.94,1,0.475,1,0.01,2026-08-21T02:00:00Z
2870680,Will the Reserve Bank of New Zealand increase the official cash rate after the September decision?,reserve-bank-of-new-zealand-decision-in-september-20260710022000963,15660.36,720,0.875,1,88.02,2026-09-02T23:59:00Z
2870680,Will the Reserve Bank of New Zealand increase the official cash rate after the September decision?,reserve-bank-of-new-zealand-decision-in-september-20260710022000963,15660.36,168,0.97,1,0.02,2026-09-02T23:59:00Z
2870680,Will the Reserve Bank of New Zealand increase the official cash rate after the September decision?,reserve-bank-of-new-zealand-decision-in-september-20260710022000963,15660.36,24,0.985,1,0.02,2026-09-02T23:59:00Z
2870681,Will the Reserve Bank of New Zealand make no change to the official cash rate after the September decision?,reserve-bank-of-new-zealand-decision-in-september-20260710022000963,17787.51,720,0.125,0,88.02,2026-09-02T23:59:00Z
2870681,Will the Reserve Bank of New Zealand make no change to the official cash rate after the September decision?,reserve-bank-of-new-zealand-decision-in-september-20260710022000963,17787.51,168,0.0325,0,0.02,2026-09-02T23:59:00Z
2870681,Will the Reserve Bank of New Zealand make no change to the official cash rate after the September decision?,reserve-bank-of-new-zealand-decision-in-september-20260710022000963,17787.51,24,0.0065,0,0.02,2026-09-02T23:59:00Z
2870692,Will the Bank of Israel decrease the Bank of Israel Interest Rate after the September decision?,bank-of-israel-decision-in-september-20260710022159182,36763.37,720,0.205,1,112.02,2026-09-01T23:59:00Z
2870692,Will the Bank of Israel decrease the Bank of Israel Interest Rate after the September decision?,bank-of-israel-decision-in-september-20260710022159182,36763.37,168,0.095,1,0.02,2026-09-01T23:59:00Z
2870692,Will the Bank of Israel decrease the Bank of Israel Interest Rate after the September decision?,bank-of-israel-decision-in-september-20260710022159182,36763.37,24,0.155,1,0.03,2026-09-01T23:59:00Z
2870693,Will the Bank of Israel make no change to the Bank of Israel Interest Rate after the September decision?,bank-of-israel-decision-in-september-20260710022159182,44603.87,720,0.78,0,112.02,2026-09-01T23:59:00Z
2870693,Will the Bank of Israel make no change to the Bank of Israel Interest Rate after the September decision?,bank-of-israel-decision-in-september-20260710022159182,44603.87,168,0.915,0,0.02,2026-09-01T23:59:00Z
2870693,Will the Bank of Israel make no change to the Bank of Israel Interest Rate after the September decision?,bank-of-israel-decision-in-september-20260710022159182,44603.87,24,0.84,0,0.03,2026-09-01T23:59:00Z
2870694,Will the Bank of Israel increase the Bank of Israel Interest Rate after the September decision?,bank-of-israel-decision-in-september-20260710022159182,13076.9,720,0.0055,0,112.02,2026-09-01T23:59:00Z
2870694,Will the Bank of Israel increase the Bank of Israel Interest Rate after the September decision?,bank-of-israel-decision-in-september-20260710022159182,13076.9,168,0.004,0,0.02,2026-09-01T23:59:00Z
2870694,Will the Bank of Israel increase the Bank of Israel Interest Rate after the September decision?,bank-of-israel-decision-in-september-20260710022159182,13076.9,24,0.0005,0,0.02,2026-09-01T23:59:00Z
2874029,Trump declassifies new UFO files by August 15?,trump-declassifies-new-ufo-files-byptptpt-20260710184334563,21564.55,168,0.9785,1,31.98,2026-08-15T23:59:00Z
2874030,Trump declassifies new UFO files by August 31?,trump-declassifies-new-ufo-files-byptptpt-20260710184334563,14596.87,720,0.998,1,136.02,2026-08-31T23:59:00Z
2874958,Will Justin Bieber's monthly listeners figure hit 150m by August 31?,justin-bieber-monthly-listeners-hits-by-august-31-20260710220109217,17016.93,720,0.0215,0,132.02,2026-09-01T03:59:00Z
2874958,Will Justin Bieber's monthly listeners figure hit 150m by August 31?,justin-bieber-monthly-listeners-hits-by-august-31-20260710220109217,17016.93,168,0.0045,0,0.03,2026-09-01T03:59:00Z
2874958,Will Justin Bieber's monthly listeners figure hit 150m by August 31?,justin-bieber-monthly-listeners-hits-by-august-31-20260710220109217,17016.93,24,0.0045,0,0.02,2026-09-01T03:59:00Z
2874958,Will Justin Bieber's monthly listeners figure hit 150m by August 31?,justin-bieber-monthly-listeners-hits-by-august-31-20260710220109217,17016.93,1,0.0005,0,0.02,2026-09-01T03:59:00Z
2875012,Will Jay Collins finish second in the Florida Republican Governor primary?,florida-governor-republican-primary-second-place-20260710143927093,81042.25,168,0.79,1,0.02,2026-08-18T23:59:00Z
2875012,Will Jay Collins finish second in the Florida Republican Governor primary?,florida-governor-republican-primary-second-place-20260710143927093,81042.25,24,0.82,1,0.02,2026-08-18T23:59:00Z
2875012,Will Jay Collins finish second in the Florida Republican Governor primary?,florida-governor-republican-primary-second-place-20260710143927093,81042.25,1,0.705,1,0.02,2026-08-18T23:59:00Z
2875013,Will Byron Donalds finish second in the Florida Republican Governor primary?,florida-governor-republican-primary-second-place-20260710143927093,13181.99,168,0.0015,0,0.02,2026-08-18T23:59:00Z
2875013,Will Byron Donalds finish second in the Florida Republican Governor primary?,florida-governor-republican-primary-second-place-20260710143927093,13181.99,24,0.004,0,0.02,2026-08-18T23:59:00Z
2875013,Will Byron Donalds finish second in the Florida Republican Governor primary?,florida-governor-republican-primary-second-place-20260710143927093,13181.99,1,0.0075,0,0.02,2026-08-18T23:59:00Z
2875014,Will Paul Renner finish second in the Florida Republican Governor primary?,florida-governor-republican-primary-second-place-20260710143927093,20533.77,168,0.0055,0,0.02,2026-08-18T23:59:00Z
2875014,Will Paul Renner finish second in the Florida Republican Governor primary?,florida-governor-republican-primary-second-place-20260710143927093,20533.77,24,0.008,0,0.03,2026-08-18T23:59:00Z
2875014,Will Paul Renner finish second in the Florida Republican Governor primary?,florida-governor-republican-primary-second-place-20260710143927093,20533.77,1,0.003,0,0.02,2026-08-18T23:59:00Z
2875015,Will James Fishback finish second in the Florida Republican Governor primary?,florida-governor-republican-primary-second-place-20260710143927093,79787.33,168,0.195,0,0.02,2026-08-18T23:59:00Z
2875015,Will James Fishback finish second in the Florida Republican Governor primary?,florida-governor-republican-primary-second-place-20260710143927093,79787.33,24,0.17,0,0.03,2026-08-18T23:59:00Z
2875015,Will James Fishback finish second in the Florida Republican Governor primary?,florida-governor-republican-primary-second-place-20260710143927093,79787.33,1,0.305,0,0.02,2026-08-18T23:59:00Z
2883845,Will CD Coquimbo Unido win on 2026-07-25?,chi1-ccu-cu1-2026-07-25,25492.59,720,0.795,1,90.0,2026-09-02T22:00:00Z
2883845,Will CD Coquimbo Unido win on 2026-07-25?,chi1-ccu-cu1-2026-07-25,25492.59,168,0.69,1,0.01,2026-09-02T22:00:00Z
2883845,Will CD Coquimbo Unido win on 2026-07-25?,chi1-ccu-cu1-2026-07-25,25492.59,24,0.615,1,0.01,2026-09-02T22:00:00Z
2883845,Will CD Coquimbo Unido win on 2026-07-25?,chi1-ccu-cu1-2026-07-25,25492.59,1,0.615,1,0.01,2026-09-02T22:00:00Z
2893986,Ravens vs. Vikings,nfl-bal-min-2026-08-22,251162.1,168,0.475,1,0.01,2026-08-22T17:00:00Z
2893986,Ravens vs. Vikings,nfl-bal-min-2026-08-22,251162.1,24,0.395,1,0.0,2026-08-22T17:00:00Z
2893986,Ravens vs. Vikings,nfl-bal-min-2026-08-22,251162.1,1,0.395,1,0.0,2026-08-22T17:00:00Z
2894004,Bills vs. Browns,nfl-buf-cle-2026-08-22,194030.65,168,0.495,1,0.01,2026-08-22T17:00:00Z
2894004,Bills vs. Browns,nfl-buf-cle-2026-08-22,194030.65,24,0.415,1,0.0,2026-08-22T17:00:00Z
2894004,Bills vs. Browns,nfl-buf-cle-2026-08-22,194030.65,1,0.395,1,0.0,2026-08-22T17:00:00Z
2894022,Jets vs. Steelers,nfl-nyj-pit-2026-08-21,470419.87,168,0.5,1,0.0,2026-08-21T23:00:00Z
2894022,Jets vs. Steelers,nfl-nyj-pit-2026-08-21,470419.87,24,0.535,1,0.0,2026-08-21T23:00:00Z
2894022,Jets vs. Steelers,nfl-nyj-pit-2026-08-21,470419.87,1,0.455,1,0.0,2026-08-21T23:00:00Z
2894043,Panthers vs. Jaguars,nfl-car-jax-2026-08-21,204450.36,168,0.5,1,0.5,2026-08-21T23:30:00Z
2894043,Panthers vs. Jaguars,nfl-car-jax-2026-08-21,204450.36,24,0.535,1,0.5,2026-08-21T23:30:00Z
2894043,Panthers vs. Jaguars,nfl-car-jax-2026-08-21,204450.36,1,0.555,1,0.5,2026-08-21T23:30:00Z
2894062,Bears vs. Bengals,nfl-chi-cin-2026-08-22,155763.04,168,0.48,0,0.0,2026-08-22T23:00:00Z
2894062,Bears vs. Bengals,nfl-chi-cin-2026-08-22,155763.04,24,0.535,0,0.01,2026-08-22T23:00:00Z
2894062,Bears vs. Bengals,nfl-chi-cin-2026-08-22,155763.04,1,0.575,0,0.0,2026-08-22T23:00:00Z
2894089,Falcons vs. Colts,nfl-atl-ind-2026-08-22,30303.04,168,0.505,1,0.01,2026-08-22T17:00:00Z
2894089,Falcons vs. Colts,nfl-atl-ind-2026-08-22,30303.04,24,0.355,1,0.0,2026-08-22T17:00:00Z
2894089,Falcons vs. Colts,nfl-atl-ind-2026-08-22,30303.04,1,0.355,1,0.0,2026-08-22T17:00:00Z
2894115,Saints vs. Rams,nfl-no-la-2026-08-22,320047.36,168,0.49,0,0.0,2026-08-22T20:00:00Z
2894115,Saints vs. Rams,nfl-no-la-2026-08-22,320047.36,24,0.515,0,0.01,2026-08-22T20:00:00Z
2894115,Saints vs. Rams,nfl-no-la-2026-08-22,320047.36,1,0.525,0,0.01,2026-08-22T20:00:00Z
2894136,Giants vs. Dolphins,nfl-nyg-mia-2026-08-22,66214.37,168,0.49,1,0.0,2026-08-22T20:00:00Z
2894136,Giants vs. Dolphins,nfl-nyg-mia-2026-08-22,66214.37,24,0.6,1,0.0,2026-08-22T20:00:00Z
2894136,Giants vs. Dolphins,nfl-nyg-mia-2026-08-22,66214.37,1,0.625,1,0.0,2026-08-22T20:00:00Z
2894162,Eagles vs. Patriots,nfl-phi-ne-2026-08-22,667179.67,168,0.5,0,0.0,2026-08-22T23:00:00Z
2894162,Eagles vs. Patriots,nfl-phi-ne-2026-08-22,667179.67,24,0.535,0,0.01,2026-08-22T23:00:00Z
2894162,Eagles vs. Patriots,nfl-phi-ne-2026-08-22,667179.67,1,0.535,0,0.0,2026-08-22T23:00:00Z
2894176,Chiefs vs. Buccaneers,nfl-kc-tb-2026-08-22,129015.42,168,0.51,0,0.5,2026-08-22T23:30:00Z
2894176,Chiefs vs. Buccaneers,nfl-kc-tb-2026-08-22,129015.42,24,0.31,0,0.49,2026-08-22T23:30:00Z
2894176,Chiefs vs. Buccaneers,nfl-kc-tb-2026-08-22,129015.42,1,0.345,0,0.5,2026-08-22T23:30:00Z
2894183,Commanders vs. Lions,nfl-was-det-2026-08-22,726097.08,168,0.47,0,0.0,2026-08-22T16:00:00Z
2894183,Commanders vs. Lions,nfl-was-det-2026-08-22,726097.08,24,0.48,0,0.01,2026-08-22T16:00:00Z
2894183,Commanders vs. Lions,nfl-was-det-2026-08-22,726097.08,1,0.535,0,0.01,2026-08-22T16:00:00Z
2894190,Packers vs. Broncos,nfl-gb-den-2026-08-22,108879.44,168,0.47,1,0.0,2026-08-22T01:00:00Z
2894190,Packers vs. Broncos,nfl-gb-den-2026-08-22,108879.44,24,0.31,1,0.01,2026-08-22T01:00:00Z
2894190,Packers vs. Broncos,nfl-gb-den-2026-08-22,108879.44,1,0.295,1,0.01,2026-08-22T01:00:00Z
2894197,Cowboys vs. Cardinals,nfl-dal-ari-2026-08-23,185323.02,168,0.525,1,0.0,2026-08-23T02:00:00Z
2894197,Cowboys vs. Cardinals,nfl-dal-ari-2026-08-23,185323.02,24,0.495,1,0.0,2026-08-23T02:00:00Z
2894197,Cowboys vs. Cardinals,nfl-dal-ari-2026-08-23,185323.02,1,0.505,1,0.0,2026-08-23T02:00:00Z
2896067,Will Nancy Mace be the new Republican nominee for Senate in South Carolina?,south-carolina-republican-senate-special-primary-winner-20260712135206676,12261.62,168,0.0005,0,0.02,2026-08-25T23:59:00Z
2896067,Will Nancy Mace be the new Republican nominee for Senate in South Carolina?,south-carolina-republican-senate-special-primary-winner-20260712135206676,12261.62,24,0.0005,0,0.02,2026-08-25T23:59:00Z
2896067,Will Nancy Mace be the new Republican nominee for Senate in South Carolina?,south-carolina-republican-senate-special-primary-winner-20260712135206676,12261.62,1,0.0005,0,0.02,2026-08-25T23:59:00Z
2896069,Will Mark Lynch be the new Republican nominee for Senate in South Carolina?,south-carolina-republican-senate-special-primary-winner-20260712135206676,26817.96,168,0.0005,0,0.02,2026-08-25T23:59:00Z
2896069,Will Mark Lynch be the new Republican nominee for Senate in South Carolina?,south-carolina-republican-senate-special-primary-winner-20260712135206676,26817.96,24,0.0005,0,0.02,2026-08-25T23:59:00Z
2896069,Will Mark Lynch be the new Republican nominee for Senate in South Carolina?,south-carolina-republican-senate-special-primary-winner-20260712135206676,26817.96,1,0.0005,0,0.02,2026-08-25T23:59:00Z
2896071,Will Ralph Norman be the new Republican nominee for Senate in South Carolina?,south-carolina-republican-senate-special-primary-winner-20260712135206676,1322260.55,168,0.12,0,0.02,2026-08-25T23:59:00Z
2896071,Will Ralph Norman be the new Republican nominee for Senate in South Carolina?,south-carolina-republican-senate-special-primary-winner-20260712135206676,1322260.55,24,0.325,0,0.02,2026-08-25T23:59:00Z
2896071,Will Ralph Norman be the new Republican nominee for Senate in South Carolina?,south-carolina-republican-senate-special-primary-winner-20260712135206676,1322260.55,1,0.435,0,0.02,2026-08-25T23:59:00Z
2896073,Will Russell Fry be the new Republican nominee for Senate in South Carolina?,south-carolina-republican-senate-special-primary-winner-20260712135206676,287282.7,168,0.0005,0,0.02,2026-08-25T23:59:00Z
2896073,Will Russell Fry be the new Republican nominee for Senate in South Carolina?,south-carolina-republican-senate-special-primary-winner-20260712135206676,287282.7,24,0.0005,0,0.02,2026-08-25T23:59:00Z
2896073,Will Russell Fry be the new Republican nominee for Senate in South Carolina?,south-carolina-republican-senate-special-primary-winner-20260712135206676,287282.7,1,0.0005,0,0.02,2026-08-25T23:59:00Z
2896075,Will Pamela Evette be the new Republican nominee for Senate in South Carolina?,south-carolina-republican-senate-special-primary-winner-20260712135206676,21355.87,168,0.0005,0,0.02,2026-08-25T23:59:00Z
2896075,Will Pamela Evette be the new Republican nominee for Senate in South Carolina?,south-carolina-republican-senate-special-primary-winner-20260712135206676,21355.87,24,0.0005,0,0.02,2026-08-25T23:59:00Z
2896075,Will Pamela Evette be the new Republican nominee for Senate in South Carolina?,south-carolina-republican-senate-special-primary-winner-20260712135206676,21355.87,1,0.0005,0,0.03,2026-08-25T23:59:00Z
2896080,Will Darline Graham Nordone be the new republican nominee for Senate in South Carolina?,south-carolina-republican-senate-special-primary-winner-20260712135206676,2445816.8,168,0.881,1,0.02,2026-08-25T23:59:00Z
2896080,Will Darline Graham Nordone be the new republican nominee for Senate in South Carolina?,south-carolina-republican-senate-special-primary-winner-20260712135206676,2445816.8,24,0.6815,1,0.02,2026-08-25T23:59:00Z
2896080,Will Darline Graham Nordone be the new republican nominee for Senate in South Carolina?,south-carolina-republican-senate-special-primary-winner-20260712135206676,2445816.8,1,0.5695,1,0.03,2026-08-25T23:59:00Z
2896081,Will Mark Sanford be the new republican nominee for Senate in South Carolina?,south-carolina-republican-senate-special-primary-winner-20260712135206676,371025.48,168,0.0015,0,0.02,2026-08-25T23:59:00Z
2896081,Will Mark Sanford be the new republican nominee for Senate in South Carolina?,south-carolina-republican-senate-special-primary-winner-20260712135206676,371025.48,24,0.0005,0,0.02,2026-08-25T23:59:00Z
2896081,Will Mark Sanford be the new republican nominee for Senate in South Carolina?,south-carolina-republican-senate-special-primary-winner-20260712135206676,371025.48,1,0.0005,0,0.02,2026-08-25T23:59:00Z
2905282,Seahawks vs. Titans,nfl-sea-ten-2026-08-24,1124686.48,168,0.545,0,0.01,2026-08-24T00:00:00Z
2905282,Seahawks vs. Titans,nfl-sea-ten-2026-08-24,1124686.48,24,0.345,0,0.0,2026-08-24T00:00:00Z
2905282,Seahawks vs. Titans,nfl-sea-ten-2026-08-24,1124686.48,1,0.425,0,0.01,2026-08-24T00:00:00Z
2907312,"US charges Hormuz fees by August 31, 2026?",us-charges-hormuz-fees-byptptpt-20260713151243232,181151.99,720,0.0175,0,132.02,2026-09-01T03:59:00Z
2907312,"US charges Hormuz fees by August 31, 2026?",us-charges-hormuz-fees-byptptpt-20260713151243232,181151.99,168,0.0055,0,0.03,2026-09-01T03:59:00Z
2907312,"US charges Hormuz fees by August 31, 2026?",us-charges-hormuz-fees-byptptpt-20260713151243232,181151.99,24,0.001,0,0.02,2026-09-01T03:59:00Z
2907312,"US charges Hormuz fees by August 31, 2026?",us-charges-hormuz-fees-byptptpt-20260713151243232,181151.99,1,0.0005,0,0.02,2026-09-01T03:59:00Z
2910437,"US announces end of Iranian blockade by August 15, 2026?",us-announces-end-of-iranian-blockade-byptptpt-20260713152715080,3291960.57,168,0.275,0,0.02,2026-08-16T03:59:00Z
2910437,"US announces end of Iranian blockade by August 15, 2026?",us-announces-end-of-iranian-blockade-byptptpt-20260713152715080,3291960.57,24,0.0095,0,0.02,2026-08-16T03:59:00Z
2910437,"US announces end of Iranian blockade by August 15, 2026?",us-announces-end-of-iranian-blockade-byptptpt-20260713152715080,3291960.57,1,0.0015,0,0.02,2026-08-16T03:59:00Z
2910438,"US announces end of Iranian blockade by August 31, 2026?",us-announces-end-of-iranian-blockade-byptptpt-20260713152715080,4936927.52,720,0.715,0,132.02,2026-09-01T03:59:00Z
2910438,"US announces end of Iranian blockade by August 31, 2026?",us-announces-end-of-iranian-blockade-byptptpt-20260713152715080,4936927.52,168,0.0305,0,0.03,2026-09-01T03:59:00Z
2910438,"US announces end of Iranian blockade by August 31, 2026?",us-announces-end-of-iranian-blockade-byptptpt-20260713152715080,4936927.52,24,0.004,0,0.02,2026-09-01T03:59:00Z
2910438,"US announces end of Iranian blockade by August 31, 2026?",us-announces-end-of-iranian-blockade-byptptpt-20260713152715080,4936927.52,1,0.0015,0,0.02,2026-09-01T03:59:00Z
2911832,"US x Iran diplomatic meeting by August 31, 2026?",next-round-of-us-iran-peace-talks-byptptpt-20260623022722982,1506145.0,720,0.425,0,132.02,2026-09-01T03:59:00Z
2911832,"US x Iran diplomatic meeting by August 31, 2026?",next-round-of-us-iran-peace-talks-byptptpt-20260623022722982,1506145.0,168,0.02,0,0.03,2026-09-01T03:59:00Z
2911832,"US x Iran diplomatic meeting by August 31, 2026?",next-round-of-us-iran-peace-talks-byptptpt-20260623022722982,1506145.0,24,0.0025,0,0.02,2026-09-01T03:59:00Z
2911832,"US x Iran diplomatic meeting by August 31, 2026?",next-round-of-us-iran-peace-talks-byptptpt-20260623022722982,1506145.0,1,0.0005,0,0.02,2026-09-01T03:59:00Z
2915349,Will Adilet win the second most seats in the 2026 Kazakh Kurultai elections?,kazakhstan-kurultai-election-2nd-place-20260713225045611,19961.8,168,0.0025,0,0.02,2026-08-23T23:59:00Z
2915349,Will Adilet win the second most seats in the 2026 Kazakh Kurultai elections?,kazakhstan-kurultai-election-2nd-place-20260713225045611,19961.8,24,0.0005,0,0.02,2026-08-23T23:59:00Z
2915349,Will Adilet win the second most seats in the 2026 Kazakh Kurultai elections?,kazakhstan-kurultai-election-2nd-place-20260713225045611,19961.8,1,0.0005,0,0.02,2026-08-23T23:59:00Z
2915350,Will Auyl win the second most seats in the 2026 Kazakh Kurultai elections?,kazakhstan-kurultai-election-2nd-place-20260713225045611,83760.59,168,0.73,1,0.02,2026-08-23T23:59:00Z
2915350,Will Auyl win the second most seats in the 2026 Kazakh Kurultai elections?,kazakhstan-kurultai-election-2nd-place-20260713225045611,83760.59,24,0.78,1,0.02,2026-08-23T23:59:00Z
2915350,Will Auyl win the second most seats in the 2026 Kazakh Kurultai elections?,kazakhstan-kurultai-election-2nd-place-20260713225045611,83760.59,1,0.9845,1,0.02,2026-08-23T23:59:00Z
2915352,Will Aq Jol win the second most seats in the 2026 Kazakh Kurultai elections?,kazakhstan-kurultai-election-2nd-place-20260713225045611,12078.68,168,0.116,0,0.02,2026-08-23T23:59:00Z
2915352,Will Aq Jol win the second most seats in the 2026 Kazakh Kurultai elections?,kazakhstan-kurultai-election-2nd-place-20260713225045611,12078.68,24,0.086,0,0.02,2026-08-23T23:59:00Z
2915352,Will Aq Jol win the second most seats in the 2026 Kazakh Kurultai elections?,kazakhstan-kurultai-election-2nd-place-20260713225045611,12078.68,1,0.021,0,0.02,2026-08-23T23:59:00Z
2925072,Will annual inflation be 3.1% or less in July?,july-inflation-us-annual-20260714150613267,59103.42,24,0.026,0,0.02,2026-08-12T03:59:00Z
2925072,Will annual inflation be 3.1% or less in July?,july-inflation-us-annual-20260714150613267,59103.42,1,0.0475,0,0.02,2026-08-12T03:59:00Z
2925073,Will annual inflation be 3.2% in July?,july-inflation-us-annual-20260714150613267,50191.09,24,0.056,0,0.02,2026-08-12T03:59:00Z
2925073,Will annual inflation be 3.2% in July?,july-inflation-us-annual-20260714150613267,50191.09,1,0.061,0,0.02,2026-08-12T03:59:00Z
2925074,Will annual inflation be 3.3% in July?,july-inflation-us-annual-20260714150613267,112143.89,24,0.335,0,0.02,2026-08-12T03:59:00Z
2925074,Will annual inflation be 3.3% in July?,july-inflation-us-annual-20260714150613267,112143.89,1,0.375,0,0.02,2026-08-12T03:59:00Z
2925075,Will annual inflation be 3.4% in July?,july-inflation-us-annual-20260714150613267,108548.64,24,0.415,1,0.02,2026-08-12T03:59:00Z
2925075,Will annual inflation be 3.4% in July?,july-inflation-us-annual-20260714150613267,108548.64,1,0.39,1,0.02,2026-08-12T03:59:00Z
2925076,Will annual inflation be 3.5% in July?,july-inflation-us-annual-20260714150613267,81345.05,24,0.135,0,0.02,2026-08-12T03:59:00Z
2925076,Will annual inflation be 3.5% in July?,july-inflation-us-annual-20260714150613267,81345.05,1,0.145,0,0.02,2026-08-12T03:59:00Z
2925077,Will annual inflation be 3.6% in July?,july-inflation-us-annual-20260714150613267,50502.62,24,0.039,0,0.02,2026-08-12T03:59:00Z
2925077,Will annual inflation be 3.6% in July?,july-inflation-us-annual-20260714150613267,50502.62,1,0.04,0,0.02,2026-08-12T03:59:00Z
2925078,Will annual inflation be 3.7% in July?,july-inflation-us-annual-20260714150613267,42968.39,24,0.0035,0,0.02,2026-08-12T03:59:00Z
2925078,Will annual inflation be 3.7% in July?,july-inflation-us-annual-20260714150613267,42968.39,1,0.0025,0,0.02,2026-08-12T03:59:00Z
2925079,Will annual inflation be 3.8% in July?,july-inflation-us-annual-20260714150613267,35572.31,24,0.0035,0,0.02,2026-08-12T03:59:00Z
2925079,Will annual inflation be 3.8% in July?,july-inflation-us-annual-20260714150613267,35572.31,1,0.002,0,0.02,2026-08-12T03:59:00Z
2925080,Will annual inflation be 3.9% in July?,july-inflation-us-annual-20260714150613267,32770.46,24,0.0045,0,0.02,2026-08-12T03:59:00Z
2925080,Will annual inflation be 3.9% in July?,july-inflation-us-annual-20260714150613267,32770.46,1,0.0005,0,0.02,2026-08-12T03:59:00Z
2925081,Will annual inflation be 4.0% in July?,july-inflation-us-annual-20260714150613267,26540.07,24,0.0015,0,0.02,2026-08-12T03:59:00Z
2925081,Will annual inflation be 4.0% in July?,july-inflation-us-annual-20260714150613267,26540.07,1,0.0005,0,0.02,2026-08-12T03:59:00Z
2925082,Will annual inflation be 4.1% in July?,july-inflation-us-annual-20260714150613267,25136.62,24,0.0005,0,0.02,2026-08-12T03:59:00Z
2925082,Will annual inflation be 4.1% in July?,july-inflation-us-annual-20260714150613267,25136.62,1,0.0005,0,0.02,2026-08-12T03:59:00Z
2925083,Will annual inflation be 4.2% or more in July?,july-inflation-us-annual-20260714150613267,24656.62,24,0.0005,0,0.02,2026-08-12T03:59:00Z
2925083,Will annual inflation be 4.2% or more in July?,july-inflation-us-annual-20260714150613267,24656.62,1,0.0005,0,0.02,2026-08-12T03:59:00Z
2925098,Will monthly inflation decrease by 0.7% or more in July?,july-inflation-us-monthly-20260714151042665,19527.45,24,0.0045,0,0.02,2026-08-12T03:59:00Z
2925098,Will monthly inflation decrease by 0.7% or more in July?,july-inflation-us-monthly-20260714151042665,19527.45,1,0.0005,0,0.02,2026-08-12T03:59:00Z
2925099,Will monthly inflation decrease by 0.6% in July?,july-inflation-us-monthly-20260714151042665,12124.52,24,0.0005,0,0.02,2026-08-12T03:59:00Z
2925099,Will monthly inflation decrease by 0.6% in July?,july-inflation-us-monthly-20260714151042665,12124.52,1,0.0005,0,0.02,2026-08-12T03:59:00Z
2925100,Will monthly inflation decrease by 0.5% in July?,july-inflation-us-monthly-20260714151042665,12971.04,24,0.0015,0,0.02,2026-08-12T03:59:00Z
2925100,Will monthly inflation decrease by 0.5% in July?,july-inflation-us-monthly-20260714151042665,12971.04,1,0.0005,0,0.02,2026-08-12T03:59:00Z
2925101,Will monthly inflation decrease by 0.4% in July?,july-inflation-us-monthly-20260714151042665,13691.53,24,0.0015,0,0.02,2026-08-12T03:59:00Z
2925101,Will monthly inflation decrease by 0.4% in July?,july-inflation-us-monthly-20260714151042665,13691.53,1,0.0005,0,0.02,2026-08-12T03:59:00Z
2925102,Will monthly inflation decrease by 0.3% in July?,july-inflation-us-monthly-20260714151042665,13313.99,24,0.0015,0,0.02,2026-08-12T03:59:00Z
2925102,Will monthly inflation decrease by 0.3% in July?,july-inflation-us-monthly-20260714151042665,13313.99,1,0.0005,0,0.02,2026-08-12T03:59:00Z
2925103,Will monthly inflation decrease by 0.2% in July?,july-inflation-us-monthly-20260714151042665,15515.39,24,0.0035,0,0.02,2026-08-12T03:59:00Z
2925103,Will monthly inflation decrease by 0.2% in July?,july-inflation-us-monthly-20260714151042665,15515.39,1,0.001,0,0.02,2026-08-12T03:59:00Z
2925104,Will monthly inflation decrease by 0.1% in July?,july-inflation-us-monthly-20260714151042665,29884.06,24,0.0545,0,0.02,2026-08-12T03:59:00Z
2925104,Will monthly inflation decrease by 0.1% in July?,july-inflation-us-monthly-20260714151042665,29884.06,1,0.0565,0,0.02,2026-08-12T03:59:00Z
2925105,Will monthly inflation stay flat (0.0%) in July?,july-inflation-us-monthly-20260714151042665,67046.34,24,0.33,0,0.02,2026-08-12T03:59:00Z
2925105,Will monthly inflation stay flat (0.0%) in July?,july-inflation-us-monthly-20260714151042665,67046.34,1,0.275,0,0.02,2026-08-12T03:59:00Z
2925106,Will monthly inflation increase by 0.1% or more in July?,july-inflation-us-monthly-20260714151042665,121071.35,24,0.625,1,0.02,2026-08-12T03:59:00Z
2925106,Will monthly inflation increase by 0.1% or more in July?,july-inflation-us-monthly-20260714151042665,121071.35,1,0.67,1,0.02,2026-08-12T03:59:00Z
2925110,Will a dozen eggs cost between $2.00–$2.25 in July?,price-of-dozen-eggs-in-july-20260714151433730,14768.43,24,0.955,1,0.02,2026-08-12T03:59:00Z
2925110,Will a dozen eggs cost between $2.00–$2.25 in July?,price-of-dozen-eggs-in-july-20260714151433730,14768.43,1,0.952,1,0.02,2026-08-12T03:59:00Z
2925164,Will Core CPI YoY be 2.4% in July?,core-cpi-yoy-july-2026-20260714151811920,45358.48,24,0.44,0,0.02,2026-08-12T03:59:00Z
2925164,Will Core CPI YoY be 2.4% in July?,core-cpi-yoy-july-2026-20260714151811920,45358.48,1,0.425,0,0.02,2026-08-12T03:59:00Z
2925165,Will Core CPI YoY be 2.5% in July?,core-cpi-yoy-july-2026-20260714151811920,19032.37,24,0.435,1,0.02,2026-08-12T03:59:00Z
2925165,Will Core CPI YoY be 2.5% in July?,core-cpi-yoy-july-2026-20260714151811920,19032.37,1,0.41,1,0.02,2026-08-12T03:59:00Z
2925166,Will Core CPI YoY be 2.6% in July?,core-cpi-yoy-july-2026-20260714151811920,20331.41,24,0.0615,0,0.02,2026-08-12T03:59:00Z
2925166,Will Core CPI YoY be 2.6% in July?,core-cpi-yoy-july-2026-20260714151811920,20331.41,1,0.077,0,0.02,2026-08-12T03:59:00Z
2925167,Will Core CPI YoY be 2.7% in July?,core-cpi-yoy-july-2026-20260714151811920,20827.54,24,0.021,0,0.02,2026-08-12T03:59:00Z
2925167,Will Core CPI YoY be 2.7% in July?,core-cpi-yoy-july-2026-20260714151811920,20827.54,1,0.029,0,0.02,2026-08-12T03:59:00Z
2925169,Will Core CPI YoY be 2.9% in July?,core-cpi-yoy-july-2026-20260714151811920,16858.23,24,0.0195,0,0.02,2026-08-12T03:59:00Z
2925169,Will Core CPI YoY be 2.9% in July?,core-cpi-yoy-july-2026-20260714151811920,16858.23,1,0.003,0,0.02,2026-08-12T03:59:00Z
2925999,"Will Russia capture Bilytske by August 31, 2026?",will-russia-capture-bilytske-by,48070.96,720,0.19,0,132.02,2026-09-01T03:59:00Z
2925999,"Will Russia capture Bilytske by August 31, 2026?",will-russia-capture-bilytske-by,48070.96,168,0.0265,0,0.03,2026-09-01T03:59:00Z
2925999,"Will Russia capture Bilytske by August 31, 2026?",will-russia-capture-bilytske-by,48070.96,24,0.0355,0,0.02,2026-09-01T03:59:00Z
2925999,"Will Russia capture Bilytske by August 31, 2026?",will-russia-capture-bilytske-by,48070.96,1,0.0185,0,0.02,2026-09-01T03:59:00Z
2926628,"Will the next Google Gemini Pro model be released by August 31, 2026?",next-google-gemini-pro-model-released-byptptpt,347191.58,720,0.51,0,132.02,2026-09-01T03:59:00Z
2926628,"Will the next Google Gemini Pro model be released by August 31, 2026?",next-google-gemini-pro-model-released-byptptpt,347191.58,168,0.0645,0,0.03,2026-09-01T03:59:00Z
2926628,"Will the next Google Gemini Pro model be released by August 31, 2026?",next-google-gemini-pro-model-released-byptptpt,347191.58,24,0.0075,0,0.02,2026-09-01T03:59:00Z
2926628,"Will the next Google Gemini Pro model be released by August 31, 2026?",next-google-gemini-pro-model-released-byptptpt,347191.58,1,0.0045,0,0.02,2026-09-01T03:59:00Z
2928824,Will US crude oil reserves fall to 270M by August 31?,will-us-crude-oil-reserves-fall-to-by-august-28-20260714142248732,11033.83,168,0.0115,0,0.01,2026-08-28T00:00:00Z
2928824,Will US crude oil reserves fall to 270M by August 31?,will-us-crude-oil-reserves-fall-to-by-august-28-20260714142248732,11033.83,24,0.006,0,0.01,2026-08-28T00:00:00Z
2928824,Will US crude oil reserves fall to 270M by August 31?,will-us-crude-oil-reserves-fall-to-by-august-28-20260714142248732,11033.83,1,0.0065,0,0.01,2026-08-28T00:00:00Z
2928906,Will Ed Case be the HI-01 Democratic nominee?,hi-01-democratic-primary-winner-20260714153639754,59550.02,24,0.535,1,0.02,2026-08-08T23:59:00Z
2928906,Will Ed Case be the HI-01 Democratic nominee?,hi-01-democratic-primary-winner-20260714153639754,59550.02,1,0.45,1,0.02,2026-08-08T23:59:00Z
2928908,Will Jarrett Keohokalole be the HI-01 Democratic nominee?,hi-01-democratic-primary-winner-20260714153639754,33821.16,24,0.455,0,0.02,2026-08-08T23:59:00Z
2928908,Will Jarrett Keohokalole be the HI-01 Democratic nominee?,hi-01-democratic-primary-winner-20260714153639754,33821.16,1,0.495,0,0.02,2026-08-08T23:59:00Z
2929095,Will Argentina's monthly inflation in July 2026 be between 1.8% and 2.0%?,argentina-monthly-inflation-july-20260714204403042,11678.91,168,0.575,0,24.02,2026-08-13T15:59:00Z
2929095,Will Argentina's monthly inflation in July 2026 be between 1.8% and 2.0%?,argentina-monthly-inflation-july-20260714204403042,11678.91,24,0.66,0,0.02,2026-08-13T15:59:00Z
2929095,Will Argentina's monthly inflation in July 2026 be between 1.8% and 2.0%?,argentina-monthly-inflation-july-20260714204403042,11678.91,1,0.7,0,0.02,2026-08-13T15:59:00Z
2937526,US x Iran Effective Ceasefire by August 14?,us-x-iran-effective-ceasfire-byptptpt-2-week-pause-20260715194822042,1604219.44,168,0.895,1,0.02,2026-08-14T23:59:00Z
2937527,US x Iran Effective Ceasefire by August 31?,us-x-iran-effective-ceasfire-byptptpt-2-week-pause-20260715194822042,1855057.56,720,0.895,1,136.02,2026-08-31T23:59:00Z
2938005,Will Peggy Flanagan win the Minnesota Senate Democratic primary by 15–20%?,minnesota-democratic-senate-primary-margin-of-victory-20260715150700515,19808.17,24,0.105,1,0.02,2026-08-11T23:59:00Z
2938005,Will Peggy Flanagan win the Minnesota Senate Democratic primary by 15–20%?,minnesota-democratic-senate-primary-margin-of-victory-20260715150700515,19808.17,1,0.105,1,0.02,2026-08-11T23:59:00Z
2938006,Will Peggy Flanagan win the Minnesota Senate Democratic primary by 10–15%?,minnesota-democratic-senate-primary-margin-of-victory-20260715150700515,10046.62,24,0.0795,0,0.02,2026-08-11T23:59:00Z
2938006,Will Peggy Flanagan win the Minnesota Senate Democratic primary by 10–15%?,minnesota-democratic-senate-primary-margin-of-victory-20260715150700515,10046.62,1,0.04,0,0.02,2026-08-11T23:59:00Z
2938036,Will Emily Berge be the WI-03 Democratic nominee?,wi-03-democratic-primary-winner-20260714154921992,12142.29,24,0.0435,0,0.02,2026-08-11T23:59:00Z
2938036,Will Emily Berge be the WI-03 Democratic nominee?,wi-03-democratic-primary-winner-20260714154921992,12142.29,1,0.048,0,0.02,2026-08-11T23:59:00Z
2938037,Will Rebecca Cooke be the WI-03 Democratic nominee?,wi-03-democratic-primary-winner-20260714154921992,49573.14,24,0.9575,1,0.02,2026-08-11T23:59:00Z
2938037,Will Rebecca Cooke be the WI-03 Democratic nominee?,wi-03-democratic-primary-winner-20260714154921992,49573.14,1,0.9535,1,0.02,2026-08-11T23:59:00Z
2941257,Will NVIDIA be the third-largest company in the world by market cap on August 31?,3rd-largest-company-end-of-august-20260715203029875,102566.13,720,0.036,0,136.02,2026-08-31T23:59:00Z
2941257,Will NVIDIA be the third-largest company in the world by market cap on August 31?,3rd-largest-company-end-of-august-20260715203029875,102566.13,168,0.004,0,0.02,2026-08-31T23:59:00Z
2941257,Will NVIDIA be the third-largest company in the world by market cap on August 31?,3rd-largest-company-end-of-august-20260715203029875,102566.13,24,0.0005,0,0.02,2026-08-31T23:59:00Z
2941257,Will NVIDIA be the third-largest company in the world by market cap on August 31?,3rd-largest-company-end-of-august-20260715203029875,102566.13,1,0.0005,0,0.98,2026-08-31T23:59:00Z
2941258,Will Microsoft be the third-largest company in the world by market cap on August 31?,3rd-largest-company-end-of-august-20260715203029875,61015.94,720,0.0565,0,136.02,2026-08-31T23:59:00Z
2941258,Will Microsoft be the third-largest company in the world by market cap on August 31?,3rd-largest-company-end-of-august-20260715203029875,61015.94,168,0.0085,0,0.02,2026-08-31T23:59:00Z
2941258,Will Microsoft be the third-largest company in the world by market cap on August 31?,3rd-largest-company-end-of-august-20260715203029875,61015.94,24,0.006,0,0.02,2026-08-31T23:59:00Z
2941258,Will Microsoft be the third-largest company in the world by market cap on August 31?,3rd-largest-company-end-of-august-20260715203029875,61015.94,1,0.0005,0,0.98,2026-08-31T23:59:00Z
2941259,Will Apple be the third-largest company in the world by market cap on August 31?,3rd-largest-company-end-of-august-20260715203029875,78717.98,720,0.2,0,136.02,2026-08-31T23:59:00Z
2941259,Will Apple be the third-largest company in the world by market cap on August 31?,3rd-largest-company-end-of-august-20260715203029875,78717.98,168,0.0395,0,0.02,2026-08-31T23:59:00Z
2941259,Will Apple be the third-largest company in the world by market cap on August 31?,3rd-largest-company-end-of-august-20260715203029875,78717.98,24,0.0015,0,0.02,2026-08-31T23:59:00Z
2941259,Will Apple be the third-largest company in the world by market cap on August 31?,3rd-largest-company-end-of-august-20260715203029875,78717.98,1,0.0005,0,0.98,2026-08-31T23:59:00Z
2941260,Will Alphabet be the third-largest company in the world by market cap on August 31?,3rd-largest-company-end-of-august-20260715203029875,104733.97,720,0.725,1,136.02,2026-08-31T23:59:00Z
2941260,Will Alphabet be the third-largest company in the world by market cap on August 31?,3rd-largest-company-end-of-august-20260715203029875,104733.97,168,0.945,1,0.02,2026-08-31T23:59:00Z
2941260,Will Alphabet be the third-largest company in the world by market cap on August 31?,3rd-largest-company-end-of-august-20260715203029875,104733.97,24,0.984,1,0.02,2026-08-31T23:59:00Z
2941260,Will Alphabet be the third-largest company in the world by market cap on August 31?,3rd-largest-company-end-of-august-20260715203029875,104733.97,1,0.9995,1,0.98,2026-08-31T23:59:00Z
2941263,Will Amazon be the third-largest company in the world by market cap on August 31?,3rd-largest-company-end-of-august-20260715203029875,10376.46,720,0.0005,0,136.02,2026-08-31T23:59:00Z
2941263,Will Amazon be the third-largest company in the world by market cap on August 31?,3rd-largest-company-end-of-august-20260715203029875,10376.46,168,0.0005,0,0.02,2026-08-31T23:59:00Z
2941263,Will Amazon be the third-largest company in the world by market cap on August 31?,3rd-largest-company-end-of-august-20260715203029875,10376.46,24,0.0005,0,0.02,2026-08-31T23:59:00Z
2941263,Will Amazon be the third-largest company in the world by market cap on August 31?,3rd-largest-company-end-of-august-20260715203029875,10376.46,1,0.0005,0,0.98,2026-08-31T23:59:00Z
2941286,Will NVIDIA be the second-largest company in the world by market cap on August 31?,2nd-largest-company-end-of-august-20260715202554129,114784.6,720,0.055,0,136.02,2026-08-31T23:59:00Z
2941286,Will NVIDIA be the second-largest company in the world by market cap on August 31?,2nd-largest-company-end-of-august-20260715202554129,114784.6,168,0.0145,0,0.02,2026-08-31T23:59:00Z
2941286,Will NVIDIA be the second-largest company in the world by market cap on August 31?,2nd-largest-company-end-of-august-20260715202554129,114784.6,24,0.0025,0,0.02,2026-08-31T23:59:00Z
2941286,Will NVIDIA be the second-largest company in the world by market cap on August 31?,2nd-largest-company-end-of-august-20260715202554129,114784.6,1,0.0005,0,0.98,2026-08-31T23:59:00Z
2941287,Will Microsoft be the second-largest company in the world by market cap on August 31?,2nd-largest-company-end-of-august-20260715202554129,36049.69,720,0.0055,0,136.02,2026-08-31T23:59:00Z
2941287,Will Microsoft be the second-largest company in the world by market cap on August 31?,2nd-largest-company-end-of-august-20260715202554129,36049.69,168,0.0005,0,0.02,2026-08-31T23:59:00Z
2941287,Will Microsoft be the second-largest company in the world by market cap on August 31?,2nd-largest-company-end-of-august-20260715202554129,36049.69,24,0.0005,0,0.02,2026-08-31T23:59:00Z
2941287,Will Microsoft be the second-largest company in the world by market cap on August 31?,2nd-largest-company-end-of-august-20260715202554129,36049.69,1,0.0005,0,0.98,2026-08-31T23:59:00Z
2941288,Will Apple be the second-largest company in the world by market cap on August 31?,2nd-largest-company-end-of-august-20260715202554129,189649.48,720,0.665,1,136.02,2026-08-31T23:59:00Z
2941288,Will Apple be the second-largest company in the world by market cap on August 31?,2nd-largest-company-end-of-august-20260715202554129,189649.48,168,0.93,1,0.02,2026-08-31T23:59:00Z
2941288,Will Apple be the second-largest company in the world by market cap on August 31?,2nd-largest-company-end-of-august-20260715202554129,189649.48,24,0.9965,1,0.02,2026-08-31T23:59:00Z
2941288,Will Apple be the second-largest company in the world by market cap on August 31?,2nd-largest-company-end-of-august-20260715202554129,189649.48,1,0.9995,1,0.98,2026-08-31T23:59:00Z
2941289,Will Alphabet be the second-largest company in the world by market cap on August 31?,2nd-largest-company-end-of-august-20260715202554129,178155.61,720,0.255,0,136.02,2026-08-31T23:59:00Z
2941289,Will Alphabet be the second-largest company in the world by market cap on August 31?,2nd-largest-company-end-of-august-20260715202554129,178155.61,168,0.062,0,0.02,2026-08-31T23:59:00Z
2941289,Will Alphabet be the second-largest company in the world by market cap on August 31?,2nd-largest-company-end-of-august-20260715202554129,178155.61,24,0.005,0,0.02,2026-08-31T23:59:00Z
2941289,Will Alphabet be the second-largest company in the world by market cap on August 31?,2nd-largest-company-end-of-august-20260715202554129,178155.61,1,0.0005,0,0.98,2026-08-31T23:59:00Z
2941315,Will NVIDIA be the largest company in the world by market cap on August 31?,largest-company-end-of-august-20260715202138598,779953.75,720,0.875,1,136.02,2026-08-31T23:59:00Z
2941315,Will NVIDIA be the largest company in the world by market cap on August 31?,largest-company-end-of-august-20260715202138598,779953.75,168,0.9685,1,0.02,2026-08-31T23:59:00Z
2941315,Will NVIDIA be the largest company in the world by market cap on August 31?,largest-company-end-of-august-20260715202138598,779953.75,24,0.998,1,0.02,2026-08-31T23:59:00Z
2941315,Will NVIDIA be the largest company in the world by market cap on August 31?,largest-company-end-of-august-20260715202138598,779953.75,1,0.9995,1,0.98,2026-08-31T23:59:00Z
2941316,Will Microsoft be the largest company in the world by market cap on August 31?,largest-company-end-of-august-20260715202138598,275761.0,720,0.0015,0,136.02,2026-08-31T23:59:00Z
2941316,Will Microsoft be the largest company in the world by market cap on August 31?,largest-company-end-of-august-20260715202138598,275761.0,168,0.0005,0,0.02,2026-08-31T23:59:00Z
2941316,Will Microsoft be the largest company in the world by market cap on August 31?,largest-company-end-of-august-20260715202138598,275761.0,24,0.0005,0,0.02,2026-08-31T23:59:00Z
2941316,Will Microsoft be the largest company in the world by market cap on August 31?,largest-company-end-of-august-20260715202138598,275761.0,1,0.0005,0,0.98,2026-08-31T23:59:00Z
2941317,Will Apple be the largest company in the world by market cap on August 31?,largest-company-end-of-august-20260715202138598,526940.08,720,0.085,0,136.02,2026-08-31T23:59:00Z
2941317,Will Apple be the largest company in the world by market cap on August 31?,largest-company-end-of-august-20260715202138598,526940.08,168,0.0315,0,0.02,2026-08-31T23:59:00Z
2941317,Will Apple be the largest company in the world by market cap on August 31?,largest-company-end-of-august-20260715202138598,526940.08,24,0.0005,0,0.02,2026-08-31T23:59:00Z
2941317,Will Apple be the largest company in the world by market cap on August 31?,largest-company-end-of-august-20260715202138598,526940.08,1,0.0005,0,0.98,2026-08-31T23:59:00Z
2941318,Will Alphabet be the largest company in the world by market cap on August 31?,largest-company-end-of-august-20260715202138598,506642.24,720,0.0435,0,136.02,2026-08-31T23:59:00Z
2941318,Will Alphabet be the largest company in the world by market cap on August 31?,largest-company-end-of-august-20260715202138598,506642.24,168,0.0025,0,0.02,2026-08-31T23:59:00Z
2941318,Will Alphabet be the largest company in the world by market cap on August 31?,largest-company-end-of-august-20260715202138598,506642.24,24,0.0005,0,0.02,2026-08-31T23:59:00Z
2941318,Will Alphabet be the largest company in the world by market cap on August 31?,largest-company-end-of-august-20260715202138598,506642.24,1,0.0005,0,0.98,2026-08-31T23:59:00Z
2941319,Will Tesla be the largest company in the world by market cap on August 31?,largest-company-end-of-august-20260715202138598,226000.6,720,0.0015,0,136.02,2026-08-31T23:59:00Z
2941319,Will Tesla be the largest company in the world by market cap on August 31?,largest-company-end-of-august-20260715202138598,226000.6,168,0.0005,0,0.02,2026-08-31T23:59:00Z
2941319,Will Tesla be the largest company in the world by market cap on August 31?,largest-company-end-of-august-20260715202138598,226000.6,24,0.0005,0,0.02,2026-08-31T23:59:00Z
2941319,Will Tesla be the largest company in the world by market cap on August 31?,largest-company-end-of-august-20260715202138598,226000.6,1,0.0005,0,0.98,2026-08-31T23:59:00Z
2941320,Will Saudi Aramco be the largest company in the world by market cap on August 31?,largest-company-end-of-august-20260715202138598,176480.74,720,0.0005,0,136.02,2026-08-31T23:59:00Z
2941320,Will Saudi Aramco be the largest company in the world by market cap on August 31?,largest-company-end-of-august-20260715202138598,176480.74,168,0.0005,0,0.02,2026-08-31T23:59:00Z
2941320,Will Saudi Aramco be the largest company in the world by market cap on August 31?,largest-company-end-of-august-20260715202138598,176480.74,24,0.0005,0,0.02,2026-08-31T23:59:00Z
2941320,Will Saudi Aramco be the largest company in the world by market cap on August 31?,largest-company-end-of-august-20260715202138598,176480.74,1,0.0005,0,0.98,2026-08-31T23:59:00Z
2941321,Will Amazon be the largest company in the world by market cap on August 31?,largest-company-end-of-august-20260715202138598,275772.67,720,0.0015,0,136.02,2026-08-31T23:59:00Z
2941321,Will Amazon be the largest company in the world by market cap on August 31?,largest-company-end-of-august-20260715202138598,275772.67,168,0.0005,0,0.02,2026-08-31T23:59:00Z
2941321,Will Amazon be the largest company in the world by market cap on August 31?,largest-company-end-of-august-20260715202138598,275772.67,24,0.0005,0,0.02,2026-08-31T23:59:00Z
2941321,Will Amazon be the largest company in the world by market cap on August 31?,largest-company-end-of-august-20260715202138598,275772.67,1,0.0005,0,0.98,2026-08-31T23:59:00Z
2941322,Will Broadcom be the largest company in the world by market cap on August 31?,largest-company-end-of-august-20260715202138598,153957.14,720,0.0005,0,136.02,2026-08-31T23:59:00Z
2941322,Will Broadcom be the largest company in the world by market cap on August 31?,largest-company-end-of-august-20260715202138598,153957.14,168,0.0005,0,0.02,2026-08-31T23:59:00Z
2941322,Will Broadcom be the largest company in the world by market cap on August 31?,largest-company-end-of-august-20260715202138598,153957.14,24,0.0005,0,0.02,2026-08-31T23:59:00Z
2941322,Will Broadcom be the largest company in the world by market cap on August 31?,largest-company-end-of-august-20260715202138598,153957.14,1,0.0005,0,0.98,2026-08-31T23:59:00Z
2946383,Will Tukaka George Tamarua Ama win the Ngatangiia constituency in the 2026 Cook Islands parliamentary elections?,cook-islands-parliamentary-election-ngatangiia-winner-20260715192220118,30368.73,168,0.8925,1,40.02,2026-08-12T23:59:00Z
2946383,Will Tukaka George Tamarua Ama win the Ngatangiia constituency in the 2026 Cook Islands parliamentary elections?,cook-islands-parliamentary-election-ngatangiia-winner-20260715192220118,30368.73,24,0.8285,1,0.02,2026-08-12T23:59:00Z
2946383,Will Tukaka George Tamarua Ama win the Ngatangiia constituency in the 2026 Cook Islands parliamentary elections?,cook-islands-parliamentary-election-ngatangiia-winner-20260715192220118,30368.73,1,0.861,1,0.02,2026-08-12T23:59:00Z
2946706,Will PPI YoY be 5.1% or less in July?,ppi-yoy-july-2026-20260715201412025,19244.5,168,0.705,1,36.02,2026-08-13T03:59:00Z
2946706,Will PPI YoY be 5.1% or less in July?,ppi-yoy-july-2026-20260715201412025,19244.5,24,0.785,1,0.02,2026-08-13T03:59:00Z
2946706,Will PPI YoY be 5.1% or less in July?,ppi-yoy-july-2026-20260715201412025,19244.5,1,0.8,1,0.02,2026-08-13T03:59:00Z
2946707,Will PPI YoY be 5.2% in July?,ppi-yoy-july-2026-20260715201412025,37875.32,168,0.12,0,36.02,2026-08-13T03:59:00Z
2946707,Will PPI YoY be 5.2% in July?,ppi-yoy-july-2026-20260715201412025,37875.32,24,0.055,0,0.02,2026-08-13T03:59:00Z
2946707,Will PPI YoY be 5.2% in July?,ppi-yoy-july-2026-20260715201412025,37875.32,1,0.088,0,0.02,2026-08-13T03:59:00Z
2952488,Israel x Iran ceasefire continues through August 15?,israel-x-iran-ceasefire-continues-throughptptpt-20260716224448963,2534770.35,168,0.925,1,0.02,2026-08-15T23:59:00Z
2952488,Israel x Iran ceasefire continues through August 15?,israel-x-iran-ceasefire-continues-throughptptpt-20260716224448963,2534770.35,24,0.993,1,0.02,2026-08-15T23:59:00Z
2952488,Israel x Iran ceasefire continues through August 15?,israel-x-iran-ceasefire-continues-throughptptpt-20260716224448963,2534770.35,1,0.9985,1,0.02,2026-08-15T23:59:00Z
2952493,Israel x Iran ceasefire continues through August 31?,israel-x-iran-ceasefire-continues-throughptptpt-20260716224448963,3333310.6,720,0.795,1,139.52,2026-08-31T20:29:00Z
2952493,Israel x Iran ceasefire continues through August 31?,israel-x-iran-ceasefire-continues-throughptptpt-20260716224448963,3333310.6,168,0.9725,1,0.48,2026-08-31T20:29:00Z
2952493,Israel x Iran ceasefire continues through August 31?,israel-x-iran-ceasefire-continues-throughptptpt-20260716224448963,3333310.6,24,0.974,1,0.48,2026-08-31T20:29:00Z
2952493,Israel x Iran ceasefire continues through August 31?,israel-x-iran-ceasefire-continues-throughptptpt-20260716224448963,3333310.6,1,0.992,1,0.48,2026-08-31T20:29:00Z
2953600,Will Cook Islands Party win the most seats in the 2026 Cook Islands parliamentary elections?,cook-islands-parliamentary-election-party-winner-20260715185920487,59662.65,168,0.9655,1,40.02,2026-08-12T23:59:00Z
2953600,Will Cook Islands Party win the most seats in the 2026 Cook Islands parliamentary elections?,cook-islands-parliamentary-election-party-winner-20260715185920487,59662.65,24,0.9535,1,0.02,2026-08-12T23:59:00Z
2953600,Will Cook Islands Party win the most seats in the 2026 Cook Islands parliamentary elections?,cook-islands-parliamentary-election-party-winner-20260715185920487,59662.65,1,0.955,1,0.02,2026-08-12T23:59:00Z
2954620,Will the total domestic gross for The Odyssey be between 300m and 350m by August 31?,the-odyssey-total-domestic-gross-by-august-31-20260716181154228,13180.67,720,0.0105,0,132.02,2026-09-01T03:59:00Z
2954620,Will the total domestic gross for The Odyssey be between 300m and 350m by August 31?,the-odyssey-total-domestic-gross-by-august-31-20260716181154228,13180.67,168,0.004,0,0.03,2026-09-01T03:59:00Z
2954620,Will the total domestic gross for The Odyssey be between 300m and 350m by August 31?,the-odyssey-total-domestic-gross-by-august-31-20260716181154228,13180.67,24,0.0035,0,0.02,2026-09-01T03:59:00Z
2954620,Will the total domestic gross for The Odyssey be between 300m and 350m by August 31?,the-odyssey-total-domestic-gross-by-august-31-20260716181154228,13180.67,1,0.002,0,0.02,2026-09-01T03:59:00Z
2954621,Will the total domestic gross for The Odyssey be at least 350m by August 31?,the-odyssey-total-domestic-gross-by-august-31-20260716181154228,31839.16,720,0.9875,1,132.02,2026-09-01T03:59:00Z
2954621,Will the total domestic gross for The Odyssey be at least 350m by August 31?,the-odyssey-total-domestic-gross-by-august-31-20260716181154228,31839.16,168,0.996,1,0.03,2026-09-01T03:59:00Z
2954621,Will the total domestic gross for The Odyssey be at least 350m by August 31?,the-odyssey-total-domestic-gross-by-august-31-20260716181154228,31839.16,24,0.991,1,0.02,2026-09-01T03:59:00Z
2954621,Will the total domestic gross for The Odyssey be at least 350m by August 31?,the-odyssey-total-domestic-gross-by-august-31-20260716181154228,31839.16,1,0.9985,1,0.02,2026-09-01T03:59:00Z
2954882,Will OpenAI have the best Text-to-Image AI at the end of August 2026?,which-company-has-the-best-text-to-image-ai-end-of-august-20260716212635678,21588.44,720,0.925,1,132.02,2026-09-01T03:59:00Z
2954882,Will OpenAI have the best Text-to-Image AI at the end of August 2026?,which-company-has-the-best-text-to-image-ai-end-of-august-20260716212635678,21588.44,168,0.9695,1,0.03,2026-09-01T03:59:00Z
2954882,Will OpenAI have the best Text-to-Image AI at the end of August 2026?,which-company-has-the-best-text-to-image-ai-end-of-august-20260716212635678,21588.44,24,0.9965,1,0.02,2026-09-01T03:59:00Z
2954910,Will Anthropic have the best Code Arena | WebDev AI at the end of August 2026?,which-company-has-the-best-code-arena-webdev-ai-model-end-of-august-20260716213053775,34777.26,720,0.88,1,132.02,2026-09-01T03:59:00Z
2954910,Will Anthropic have the best Code Arena | WebDev AI at the end of August 2026?,which-company-has-the-best-code-arena-webdev-ai-model-end-of-august-20260716213053775,34777.26,168,0.9575,1,0.03,2026-09-01T03:59:00Z
2954910,Will Anthropic have the best Code Arena | WebDev AI at the end of August 2026?,which-company-has-the-best-code-arena-webdev-ai-model-end-of-august-20260716213053775,34777.26,24,0.963,1,0.02,2026-09-01T03:59:00Z
2954946,Will Alibaba have the best Chinese AI model at the end of August 2026?,best-chinese-ai-company-end-of-august-20260717004241592,266067.74,720,0.895,1,132.02,2026-09-01T03:59:00Z
2954946,Will Alibaba have the best Chinese AI model at the end of August 2026?,best-chinese-ai-company-end-of-august-20260717004241592,266067.74,168,0.946,1,0.03,2026-09-01T03:59:00Z
2954946,Will Alibaba have the best Chinese AI model at the end of August 2026?,best-chinese-ai-company-end-of-august-20260717004241592,266067.74,24,0.985,1,0.02,2026-09-01T03:59:00Z
2954947,Will Moonshot have the best Chinese AI model at the end of August 2026?,best-chinese-ai-company-end-of-august-20260717004241592,88488.72,720,0.036,0,132.02,2026-09-01T03:59:00Z
2954947,Will Moonshot have the best Chinese AI model at the end of August 2026?,best-chinese-ai-company-end-of-august-20260717004241592,88488.72,168,0.0115,0,0.03,2026-09-01T03:59:00Z
2954947,Will Moonshot have the best Chinese AI model at the end of August 2026?,best-chinese-ai-company-end-of-august-20260717004241592,88488.72,24,0.0115,0,0.02,2026-09-01T03:59:00Z
2954948,Will Baidu have the best Chinese AI model at the end of August 2026?,best-chinese-ai-company-end-of-august-20260717004241592,98242.01,720,0.0015,0,132.02,2026-09-01T03:59:00Z
2954948,Will Baidu have the best Chinese AI model at the end of August 2026?,best-chinese-ai-company-end-of-august-20260717004241592,98242.01,168,0.0015,0,0.03,2026-09-01T03:59:00Z
2954948,Will Baidu have the best Chinese AI model at the end of August 2026?,best-chinese-ai-company-end-of-august-20260717004241592,98242.01,24,0.0005,0,0.02,2026-09-01T03:59:00Z
2954949,Will Z.ai have the best Chinese AI model at the end of August 2026?,best-chinese-ai-company-end-of-august-20260717004241592,162079.37,720,0.041,0,132.02,2026-09-01T03:59:00Z
2954949,Will Z.ai have the best Chinese AI model at the end of August 2026?,best-chinese-ai-company-end-of-august-20260717004241592,162079.37,168,0.038,0,0.03,2026-09-01T03:59:00Z
2954949,Will Z.ai have the best Chinese AI model at the end of August 2026?,best-chinese-ai-company-end-of-august-20260717004241592,162079.37,24,0.0015,0,0.02,2026-09-01T03:59:00Z
2954950,Will Xiaomi have the best Chinese AI model at the end of August 2026?,best-chinese-ai-company-end-of-august-20260717004241592,56729.11,720,0.0015,0,132.02,2026-09-01T03:59:00Z
2954950,Will Xiaomi have the best Chinese AI model at the end of August 2026?,best-chinese-ai-company-end-of-august-20260717004241592,56729.11,168,0.0035,0,0.03,2026-09-01T03:59:00Z
2954950,Will Xiaomi have the best Chinese AI model at the end of August 2026?,best-chinese-ai-company-end-of-august-20260717004241592,56729.11,24,0.0015,0,0.02,2026-09-01T03:59:00Z
2954951,Will DeepSeek have the best Chinese AI model at the end of August 2026?,best-chinese-ai-company-end-of-august-20260717004241592,146527.18,720,0.018,0,132.02,2026-09-01T03:59:00Z
2954951,Will DeepSeek have the best Chinese AI model at the end of August 2026?,best-chinese-ai-company-end-of-august-20260717004241592,146527.18,168,0.002,0,0.03,2026-09-01T03:59:00Z
2954951,Will DeepSeek have the best Chinese AI model at the end of August 2026?,best-chinese-ai-company-end-of-august-20260717004241592,146527.18,24,0.0005,0,0.02,2026-09-01T03:59:00Z
2954952,Will Bytedance have the best Chinese AI model at the end of August 2026?,best-chinese-ai-company-end-of-august-20260717004241592,67995.73,720,0.0015,0,132.02,2026-09-01T03:59:00Z
2954952,Will Bytedance have the best Chinese AI model at the end of August 2026?,best-chinese-ai-company-end-of-august-20260717004241592,67995.73,168,0.0015,0,0.03,2026-09-01T03:59:00Z
2954952,Will Bytedance have the best Chinese AI model at the end of August 2026?,best-chinese-ai-company-end-of-august-20260717004241592,67995.73,24,0.0005,0,0.02,2026-09-01T03:59:00Z
2954953,Will MiniMax have the best Chinese AI model at the end of August 2026?,best-chinese-ai-company-end-of-august-20260717004241592,87381.44,720,0.0015,0,132.02,2026-09-01T03:59:00Z
2954953,Will MiniMax have the best Chinese AI model at the end of August 2026?,best-chinese-ai-company-end-of-august-20260717004241592,87381.44,168,0.0035,0,0.03,2026-09-01T03:59:00Z
2954953,Will MiniMax have the best Chinese AI model at the end of August 2026?,best-chinese-ai-company-end-of-august-20260717004241592,87381.44,24,0.0015,0,0.02,2026-09-01T03:59:00Z
2954954,Will Meituan have the best Chinese AI model at the end of August 2026?,best-chinese-ai-company-end-of-august-20260717004241592,20577.72,720,0.0005,0,132.02,2026-09-01T03:59:00Z
2954954,Will Meituan have the best Chinese AI model at the end of August 2026?,best-chinese-ai-company-end-of-august-20260717004241592,20577.72,168,0.0005,0,0.03,2026-09-01T03:59:00Z
2954954,Will Meituan have the best Chinese AI model at the end of August 2026?,best-chinese-ai-company-end-of-august-20260717004241592,20577.72,24,0.0005,0,0.02,2026-09-01T03:59:00Z
2954955,Will Tencent have the best Chinese AI model at the end of August 2026?,best-chinese-ai-company-end-of-august-20260717004241592,73358.78,720,0.0005,0,132.02,2026-09-01T03:59:00Z
2954955,Will Tencent have the best Chinese AI model at the end of August 2026?,best-chinese-ai-company-end-of-august-20260717004241592,73358.78,168,0.0015,0,0.03,2026-09-01T03:59:00Z
2954955,Will Tencent have the best Chinese AI model at the end of August 2026?,best-chinese-ai-company-end-of-august-20260717004241592,73358.78,24,0.0015,0,0.02,2026-09-01T03:59:00Z
2954956,Will StepFun have the best Chinese AI model at the end of August 2026?,best-chinese-ai-company-end-of-august-20260717004241592,28904.83,720,0.0005,0,132.02,2026-09-01T03:59:00Z
2954956,Will StepFun have the best Chinese AI model at the end of August 2026?,best-chinese-ai-company-end-of-august-20260717004241592,28904.83,168,0.0005,0,0.03,2026-09-01T03:59:00Z
2954956,Will StepFun have the best Chinese AI model at the end of August 2026?,best-chinese-ai-company-end-of-august-20260717004241592,28904.83,24,0.0005,0,0.02,2026-09-01T03:59:00Z
2954993,Will Anthropic have the best Math AI model at the end of August 2026?,which-company-has-the-best-text-arena-math-ai-model-end-of-august-20260717012538240,35580.96,720,0.895,1,132.02,2026-09-01T03:59:00Z
2954993,Will Anthropic have the best Math AI model at the end of August 2026?,which-company-has-the-best-text-arena-math-ai-model-end-of-august-20260717012538240,35580.96,168,0.9875,1,0.03,2026-09-01T03:59:00Z
2954993,Will Anthropic have the best Math AI model at the end of August 2026?,which-company-has-the-best-text-arena-math-ai-model-end-of-august-20260717012538240,35580.96,24,0.991,1,0.02,2026-09-01T03:59:00Z
2954994,Will Google have the best Math AI model at the end of August 2026?,which-company-has-the-best-text-arena-math-ai-model-end-of-august-20260717012538240,20657.59,720,0.055,0,132.02,2026-09-01T03:59:00Z
2954994,Will Google have the best Math AI model at the end of August 2026?,which-company-has-the-best-text-arena-math-ai-model-end-of-august-20260717012538240,20657.59,168,0.0045,0,0.03,2026-09-01T03:59:00Z
2954994,Will Google have the best Math AI model at the end of August 2026?,which-company-has-the-best-text-arena-math-ai-model-end-of-august-20260717012538240,20657.59,24,0.0045,0,0.02,2026-09-01T03:59:00Z
2954997,Will OpenAI have the best Math AI model at the end of August 2026?,which-company-has-the-best-text-arena-math-ai-model-end-of-august-20260717012538240,14356.48,720,0.059,0,132.02,2026-09-01T03:59:00Z
2954997,Will OpenAI have the best Math AI model at the end of August 2026?,which-company-has-the-best-text-arena-math-ai-model-end-of-august-20260717012538240,14356.48,168,0.0095,0,0.03,2026-09-01T03:59:00Z
2954997,Will OpenAI have the best Math AI model at the end of August 2026?,which-company-has-the-best-text-arena-math-ai-model-end-of-august-20260717012538240,14356.48,24,0.0135,0,0.02,2026-09-01T03:59:00Z
2955043,Will Anthropic have the best AI model at the end of August 2026?,which-company-has-best-ai-model-end-of-august-20260717015626546,526709.16,720,0.915,1,132.02,2026-09-01T03:59:00Z
2955043,Will Anthropic have the best AI model at the end of August 2026?,which-company-has-best-ai-model-end-of-august-20260717015626546,526709.16,168,0.985,1,0.03,2026-09-01T03:59:00Z
2955043,Will Anthropic have the best AI model at the end of August 2026?,which-company-has-best-ai-model-end-of-august-20260717015626546,526709.16,24,0.9925,1,0.02,2026-09-01T03:59:00Z
2955044,Will Meta have the best AI model at the end of August 2026?,which-company-has-best-ai-model-end-of-august-20260717015626546,187472.32,720,0.0025,0,132.02,2026-09-01T03:59:00Z
2955044,Will Meta have the best AI model at the end of August 2026?,which-company-has-best-ai-model-end-of-august-20260717015626546,187472.32,168,0.0005,0,0.03,2026-09-01T03:59:00Z
2955044,Will Meta have the best AI model at the end of August 2026?,which-company-has-best-ai-model-end-of-august-20260717015626546,187472.32,24,0.0005,0,0.02,2026-09-01T03:59:00Z
2955045,Will Google have the best AI model at the end of August 2026?,which-company-has-best-ai-model-end-of-august-20260717015626546,254942.18,720,0.0235,0,132.02,2026-09-01T03:59:00Z
2955045,Will Google have the best AI model at the end of August 2026?,which-company-has-best-ai-model-end-of-august-20260717015626546,254942.18,168,0.0035,0,0.03,2026-09-01T03:59:00Z
2955045,Will Google have the best AI model at the end of August 2026?,which-company-has-best-ai-model-end-of-august-20260717015626546,254942.18,24,0.001,0,0.02,2026-09-01T03:59:00Z
2955046,Will Alibaba have the best AI model at the end of August 2026?,which-company-has-best-ai-model-end-of-august-20260717015626546,166772.79,720,0.0015,0,132.02,2026-09-01T03:59:00Z
2955046,Will Alibaba have the best AI model at the end of August 2026?,which-company-has-best-ai-model-end-of-august-20260717015626546,166772.79,168,0.0005,0,0.03,2026-09-01T03:59:00Z
2955046,Will Alibaba have the best AI model at the end of August 2026?,which-company-has-best-ai-model-end-of-august-20260717015626546,166772.79,24,0.0005,0,0.02,2026-09-01T03:59:00Z
2955047,Will Moonshot have the best AI model at the end of August 2026?,which-company-has-best-ai-model-end-of-august-20260717015626546,119985.43,720,0.0015,0,132.02,2026-09-01T03:59:00Z
2955047,Will Moonshot have the best AI model at the end of August 2026?,which-company-has-best-ai-model-end-of-august-20260717015626546,119985.43,168,0.0005,0,0.03,2026-09-01T03:59:00Z
2955047,Will Moonshot have the best AI model at the end of August 2026?,which-company-has-best-ai-model-end-of-august-20260717015626546,119985.43,24,0.0005,0,0.02,2026-09-01T03:59:00Z
2955048,Will OpenAI have the best AI model at the end of August 2026?,which-company-has-best-ai-model-end-of-august-20260717015626546,253449.34,720,0.064,0,132.02,2026-09-01T03:59:00Z
2955048,Will OpenAI have the best AI model at the end of August 2026?,which-company-has-best-ai-model-end-of-august-20260717015626546,253449.34,168,0.0145,0,0.03,2026-09-01T03:59:00Z
2955048,Will OpenAI have the best AI model at the end of August 2026?,which-company-has-best-ai-model-end-of-august-20260717015626546,253449.34,24,0.0015,0,0.02,2026-09-01T03:59:00Z
2955049,Will Baidu have the best AI model at the end of August 2026?,which-company-has-best-ai-model-end-of-august-20260717015626546,35031.71,720,0.0005,0,132.02,2026-09-01T03:59:00Z
2955049,Will Baidu have the best AI model at the end of August 2026?,which-company-has-best-ai-model-end-of-august-20260717015626546,35031.71,168,0.0005,0,0.03,2026-09-01T03:59:00Z
2955049,Will Baidu have the best AI model at the end of August 2026?,which-company-has-best-ai-model-end-of-august-20260717015626546,35031.71,24,0.0005,0,0.02,2026-09-01T03:59:00Z
2955050,Will Z.ai have the best AI model at the end of August 2026?,which-company-has-best-ai-model-end-of-august-20260717015626546,238039.32,720,0.0015,0,132.02,2026-09-01T03:59:00Z
2955050,Will Z.ai have the best AI model at the end of August 2026?,which-company-has-best-ai-model-end-of-august-20260717015626546,238039.32,168,0.0005,0,0.03,2026-09-01T03:59:00Z
2955050,Will Z.ai have the best AI model at the end of August 2026?,which-company-has-best-ai-model-end-of-august-20260717015626546,238039.32,24,0.0005,0,0.02,2026-09-01T03:59:00Z
2955051,Will Xiaomi have the best AI model at the end of August 2026?,which-company-has-best-ai-model-end-of-august-20260717015626546,50863.34,720,0.0005,0,132.02,2026-09-01T03:59:00Z
2955051,Will Xiaomi have the best AI model at the end of August 2026?,which-company-has-best-ai-model-end-of-august-20260717015626546,50863.34,168,0.0005,0,0.03,2026-09-01T03:59:00Z
2955051,Will Xiaomi have the best AI model at the end of August 2026?,which-company-has-best-ai-model-end-of-august-20260717015626546,50863.34,24,0.0005,0,0.02,2026-09-01T03:59:00Z
2955052,Will SpaceXAI have the best AI model at the end of August 2026?,which-company-has-best-ai-model-end-of-august-20260717015626546,222110.61,720,0.0025,0,132.02,2026-09-01T03:59:00Z
2955052,Will SpaceXAI have the best AI model at the end of August 2026?,which-company-has-best-ai-model-end-of-august-20260717015626546,222110.61,168,0.0005,0,0.03,2026-09-01T03:59:00Z
2955052,Will SpaceXAI have the best AI model at the end of August 2026?,which-company-has-best-ai-model-end-of-august-20260717015626546,222110.61,24,0.0005,0,0.02,2026-09-01T03:59:00Z
2955053,Will DeepSeek have the best AI model at the end of August 2026?,which-company-has-best-ai-model-end-of-august-20260717015626546,300795.37,720,0.0015,0,132.02,2026-09-01T03:59:00Z
2955053,Will DeepSeek have the best AI model at the end of August 2026?,which-company-has-best-ai-model-end-of-august-20260717015626546,300795.37,168,0.0005,0,0.03,2026-09-01T03:59:00Z
2955053,Will DeepSeek have the best AI model at the end of August 2026?,which-company-has-best-ai-model-end-of-august-20260717015626546,300795.37,24,0.0005,0,0.02,2026-09-01T03:59:00Z
2955054,Will Amazon have the best AI model at the end of August 2026?,which-company-has-best-ai-model-end-of-august-20260717015626546,19777.62,720,0.0005,0,132.02,2026-09-01T03:59:00Z
2955054,Will Amazon have the best AI model at the end of August 2026?,which-company-has-best-ai-model-end-of-august-20260717015626546,19777.62,168,0.0005,0,0.03,2026-09-01T03:59:00Z
2955054,Will Amazon have the best AI model at the end of August 2026?,which-company-has-best-ai-model-end-of-august-20260717015626546,19777.62,24,0.0005,0,0.02,2026-09-01T03:59:00Z
2955055,Will Bytedance have the best AI model at the end of August 2026?,which-company-has-best-ai-model-end-of-august-20260717015626546,675513.91,720,0.0005,0,132.02,2026-09-01T03:59:00Z
2955055,Will Bytedance have the best AI model at the end of August 2026?,which-company-has-best-ai-model-end-of-august-20260717015626546,675513.91,168,0.0005,0,0.03,2026-09-01T03:59:00Z
2955055,Will Bytedance have the best AI model at the end of August 2026?,which-company-has-best-ai-model-end-of-august-20260717015626546,675513.91,24,0.0005,0,0.02,2026-09-01T03:59:00Z
2955056,Will Nvidia have the best AI model at the end of August 2026?,which-company-has-best-ai-model-end-of-august-20260717015626546,22115.49,720,0.0005,0,132.02,2026-09-01T03:59:00Z
2955056,Will Nvidia have the best AI model at the end of August 2026?,which-company-has-best-ai-model-end-of-august-20260717015626546,22115.49,168,0.0005,0,0.03,2026-09-01T03:59:00Z
2955056,Will Nvidia have the best AI model at the end of August 2026?,which-company-has-best-ai-model-end-of-august-20260717015626546,22115.49,24,0.0005,0,0.02,2026-09-01T03:59:00Z
2955057,Will Thinky have the best AI model at the end of August 2026?,which-company-has-best-ai-model-end-of-august-20260717015626546,24083.84,720,0.0005,0,132.02,2026-09-01T03:59:00Z
2955057,Will Thinky have the best AI model at the end of August 2026?,which-company-has-best-ai-model-end-of-august-20260717015626546,24083.84,168,0.0005,0,0.03,2026-09-01T03:59:00Z
2955057,Will Thinky have the best AI model at the end of August 2026?,which-company-has-best-ai-model-end-of-august-20260717015626546,24083.84,24,0.0005,0,0.02,2026-09-01T03:59:00Z
2955058,Will MiniMax have the best AI model at the end of August 2026?,which-company-has-best-ai-model-end-of-august-20260717015626546,38167.55,720,0.0005,0,132.02,2026-09-01T03:59:00Z
2955058,Will MiniMax have the best AI model at the end of August 2026?,which-company-has-best-ai-model-end-of-august-20260717015626546,38167.55,168,0.0005,0,0.03,2026-09-01T03:59:00Z
2955058,Will MiniMax have the best AI model at the end of August 2026?,which-company-has-best-ai-model-end-of-august-20260717015626546,38167.55,24,0.0005,0,0.02,2026-09-01T03:59:00Z
2955059,Will Mistral have the best AI model at the end of August 2026?,which-company-has-best-ai-model-end-of-august-20260717015626546,25350.8,720,0.0005,0,132.02,2026-09-01T03:59:00Z
2955059,Will Mistral have the best AI model at the end of August 2026?,which-company-has-best-ai-model-end-of-august-20260717015626546,25350.8,168,0.0005,0,0.03,2026-09-01T03:59:00Z
2955059,Will Mistral have the best AI model at the end of August 2026?,which-company-has-best-ai-model-end-of-august-20260717015626546,25350.8,24,0.0005,0,0.02,2026-09-01T03:59:00Z
2955060,Will Meituan have the best AI model at the end of August 2026?,which-company-has-best-ai-model-end-of-august-20260717015626546,23802.76,720,0.0005,0,132.02,2026-09-01T03:59:00Z
2955060,Will Meituan have the best AI model at the end of August 2026?,which-company-has-best-ai-model-end-of-august-20260717015626546,23802.76,168,0.0005,0,0.03,2026-09-01T03:59:00Z
2955060,Will Meituan have the best AI model at the end of August 2026?,which-company-has-best-ai-model-end-of-august-20260717015626546,23802.76,24,0.0005,0,0.02,2026-09-01T03:59:00Z
2955061,Will Tencent have the best AI model at the end of August 2026?,which-company-has-best-ai-model-end-of-august-20260717015626546,14362.83,720,0.0005,0,132.02,2026-09-01T03:59:00Z
2955061,Will Tencent have the best AI model at the end of August 2026?,which-company-has-best-ai-model-end-of-august-20260717015626546,14362.83,168,0.0005,0,0.03,2026-09-01T03:59:00Z
2955061,Will Tencent have the best AI model at the end of August 2026?,which-company-has-best-ai-model-end-of-august-20260717015626546,14362.83,24,0.0005,0,0.02,2026-09-01T03:59:00Z
2955062,Will StepFun have the best AI model at the end of August 2026?,which-company-has-best-ai-model-end-of-august-20260717015626546,24992.74,720,0.0005,0,132.02,2026-09-01T03:59:00Z
2955062,Will StepFun have the best AI model at the end of August 2026?,which-company-has-best-ai-model-end-of-august-20260717015626546,24992.74,168,0.0005,0,0.03,2026-09-01T03:59:00Z
2955062,Will StepFun have the best AI model at the end of August 2026?,which-company-has-best-ai-model-end-of-august-20260717015626546,24992.74,24,0.0005,0,0.02,2026-09-01T03:59:00Z
2955063,Will Microsoft have the best AI model at the end of August 2026?,which-company-has-best-ai-model-end-of-august-20260717015626546,42523.58,720,0.0005,0,132.02,2026-09-01T03:59:00Z
2955063,Will Microsoft have the best AI model at the end of August 2026?,which-company-has-best-ai-model-end-of-august-20260717015626546,42523.58,168,0.0005,0,0.03,2026-09-01T03:59:00Z
2955063,Will Microsoft have the best AI model at the end of August 2026?,which-company-has-best-ai-model-end-of-august-20260717015626546,42523.58,24,0.0005,0,0.02,2026-09-01T03:59:00Z
2955117,Will Google have the best Text-to-Video AI at the end of August 2026?,which-company-has-the-best-text-to-video-ai-end-of-august-20260717022544476,13005.25,720,0.73,1,132.02,2026-09-01T03:59:00Z
2955117,Will Google have the best Text-to-Video AI at the end of August 2026?,which-company-has-the-best-text-to-video-ai-end-of-august-20260717022544476,13005.25,168,0.972,1,0.03,2026-09-01T03:59:00Z
2955117,Will Google have the best Text-to-Video AI at the end of August 2026?,which-company-has-the-best-text-to-video-ai-end-of-august-20260717022544476,13005.25,24,0.9735,1,0.02,2026-09-01T03:59:00Z
2958685,Steelers vs. Bills,nfl-pit-buf-2026-08-27,273522.59,168,0.34,0,0.01,2026-08-27T23:00:00Z
2958685,Steelers vs. Bills,nfl-pit-buf-2026-08-27,273522.59,24,0.42,0,0.01,2026-08-27T23:00:00Z
2958685,Steelers vs. Bills,nfl-pit-buf-2026-08-27,273522.59,1,0.405,0,0.0,2026-08-27T23:00:00Z
2958686,Patriots vs. Browns,nfl-ne-cle-2026-08-28,77344.71,168,0.64,0,0.01,2026-08-28T00:00:00Z
2958686,Patriots vs. Browns,nfl-ne-cle-2026-08-28,77344.71,24,0.565,0,0.01,2026-08-28T00:00:00Z
2958686,Patriots vs. Browns,nfl-ne-cle-2026-08-28,77344.71,1,0.565,0,0.01,2026-08-28T00:00:00Z
2958687,Rams vs. Chargers,nfl-la-lac-2026-08-28,1077983.45,168,0.35,1,0.0,2026-08-28T02:00:00Z
2958687,Rams vs. Chargers,nfl-la-lac-2026-08-28,1077983.45,24,0.385,1,0.01,2026-08-28T02:00:00Z
2958687,Rams vs. Chargers,nfl-la-lac-2026-08-28,1077983.45,1,0.395,1,0.01,2026-08-28T02:00:00Z
2958690,49ers vs. Raiders,nfl-sf-lv-2026-08-28,2243393.23,168,0.5,1,0.01,2026-08-28T00:00:00Z
2958690,49ers vs. Raiders,nfl-sf-lv-2026-08-28,2243393.23,24,0.395,1,0.01,2026-08-28T00:00:00Z
2958690,49ers vs. Raiders,nfl-sf-lv-2026-08-28,2243393.23,1,0.405,1,0.01,2026-08-28T00:00:00Z
2963274,"Will the number of votes cast in the 2026 Clacton by-election be between 10,000-20,000?",clacton-by-election-turnout-20260717155703438,16258.31,168,0.1145,0,16.02,2026-08-13T23:59:00Z
2963274,"Will the number of votes cast in the 2026 Clacton by-election be between 10,000-20,000?",clacton-by-election-turnout-20260717155703438,16258.31,24,0.0675,0,0.02,2026-08-13T23:59:00Z
2963274,"Will the number of votes cast in the 2026 Clacton by-election be between 10,000-20,000?",clacton-by-election-turnout-20260717155703438,16258.31,1,0.002,0,0.02,2026-08-13T23:59:00Z
2963275,"Will the number of votes cast in the 2026 Clacton by-election be between 20,000-30,000?",clacton-by-election-turnout-20260717155703438,11654.44,168,0.695,0,16.02,2026-08-13T23:59:00Z
2963275,"Will the number of votes cast in the 2026 Clacton by-election be between 20,000-30,000?",clacton-by-election-turnout-20260717155703438,11654.44,24,0.755,0,0.02,2026-08-13T23:59:00Z
2963275,"Will the number of votes cast in the 2026 Clacton by-election be between 20,000-30,000?",clacton-by-election-turnout-20260717155703438,11654.44,1,0.027,0,0.02,2026-08-13T23:59:00Z
2963276,"Will the number of votes cast in the 2026 Clacton by-election be between 30,000-40,000?",clacton-by-election-turnout-20260717155703438,18749.25,168,0.12,1,16.02,2026-08-13T23:59:00Z
2963276,"Will the number of votes cast in the 2026 Clacton by-election be between 30,000-40,000?",clacton-by-election-turnout-20260717155703438,18749.25,24,0.16,1,0.02,2026-08-13T23:59:00Z
2963276,"Will the number of votes cast in the 2026 Clacton by-election be between 30,000-40,000?",clacton-by-election-turnout-20260717155703438,18749.25,1,0.9735,1,0.02,2026-08-13T23:59:00Z
2964984,Will Praggnanandhaa Rameshbabu Win the Sinquefield Cup?,sinquefield-cup-winner-20260716212706135,14823.09,168,0.125,0,0.02,2026-08-21T23:59:00Z
2964993,Will Vincent Keymer Win the Sinquefield Cup?,sinquefield-cup-winner-20260716212706135,12875.01,168,0.125,0,0.02,2026-08-21T23:59:00Z
2965046,Will Michael Olise Transfer to Real Madrid?,will-michael-olise-transfer-to-real-madrid-20260717222856707,49855.4,720,0.0055,0,136.02,2026-08-31T23:59:00Z
2965046,Will Michael Olise Transfer to Real Madrid?,will-michael-olise-transfer-to-real-madrid-20260717222856707,49855.4,168,0.0055,0,0.02,2026-08-31T23:59:00Z
2965046,Will Michael Olise Transfer to Real Madrid?,will-michael-olise-transfer-to-real-madrid-20260717222856707,49855.4,24,0.002,0,0.02,2026-08-31T23:59:00Z
2965046,Will Michael Olise Transfer to Real Madrid?,will-michael-olise-transfer-to-real-madrid-20260717222856707,49855.4,1,0.003,0,0.02,2026-08-31T23:59:00Z
2966554,Will the total domestic gross for Spider-Man: Brand New Day be less than 400m by August 31?,spider-man-brand-new-day-total-domestic-gross-by-august-31-20260716181307512,53814.99,720,0.0005,0,132.02,2026-09-01T03:59:00Z
2966554,Will the total domestic gross for Spider-Man: Brand New Day be less than 400m by August 31?,spider-man-brand-new-day-total-domestic-gross-by-august-31-20260716181307512,53814.99,168,0.0005,0,0.03,2026-09-01T03:59:00Z
2966554,Will the total domestic gross for Spider-Man: Brand New Day be less than 400m by August 31?,spider-man-brand-new-day-total-domestic-gross-by-august-31-20260716181307512,53814.99,24,0.0005,0,0.02,2026-09-01T03:59:00Z
2966554,Will the total domestic gross for Spider-Man: Brand New Day be less than 400m by August 31?,spider-man-brand-new-day-total-domestic-gross-by-august-31-20260716181307512,53814.99,1,0.0005,0,0.02,2026-09-01T03:59:00Z
2966555,Will the total domestic gross for Spider-Man: Brand New Day be between 400m and 500m by August 31?,spider-man-brand-new-day-total-domestic-gross-by-august-31-20260716181307512,36669.86,720,0.0005,0,132.02,2026-09-01T03:59:00Z
2966555,Will the total domestic gross for Spider-Man: Brand New Day be between 400m and 500m by August 31?,spider-man-brand-new-day-total-domestic-gross-by-august-31-20260716181307512,36669.86,168,0.0005,0,0.03,2026-09-01T03:59:00Z
2966555,Will the total domestic gross for Spider-Man: Brand New Day be between 400m and 500m by August 31?,spider-man-brand-new-day-total-domestic-gross-by-august-31-20260716181307512,36669.86,24,0.0005,0,0.02,2026-09-01T03:59:00Z
2966555,Will the total domestic gross for Spider-Man: Brand New Day be between 400m and 500m by August 31?,spider-man-brand-new-day-total-domestic-gross-by-august-31-20260716181307512,36669.86,1,0.0005,0,0.02,2026-09-01T03:59:00Z
2966556,Will the total domestic gross for Spider-Man: Brand New Day be between 500m and 600m by August 31?,spider-man-brand-new-day-total-domestic-gross-by-august-31-20260716181307512,32489.0,720,0.0005,0,132.02,2026-09-01T03:59:00Z
2966556,Will the total domestic gross for Spider-Man: Brand New Day be between 500m and 600m by August 31?,spider-man-brand-new-day-total-domestic-gross-by-august-31-20260716181307512,32489.0,168,0.0005,0,0.03,2026-09-01T03:59:00Z
2966556,Will the total domestic gross for Spider-Man: Brand New Day be between 500m and 600m by August 31?,spider-man-brand-new-day-total-domestic-gross-by-august-31-20260716181307512,32489.0,24,0.0005,0,0.02,2026-09-01T03:59:00Z
2966556,Will the total domestic gross for Spider-Man: Brand New Day be between 500m and 600m by August 31?,spider-man-brand-new-day-total-domestic-gross-by-august-31-20260716181307512,32489.0,1,0.0005,0,0.02,2026-09-01T03:59:00Z
2966557,Will the total domestic gross for Spider-Man: Brand New Day be between 600m and 700m by August 31?,spider-man-brand-new-day-total-domestic-gross-by-august-31-20260716181307512,46259.49,720,0.0005,0,132.02,2026-09-01T03:59:00Z
2966557,Will the total domestic gross for Spider-Man: Brand New Day be between 600m and 700m by August 31?,spider-man-brand-new-day-total-domestic-gross-by-august-31-20260716181307512,46259.49,168,0.0005,0,0.03,2026-09-01T03:59:00Z
2966557,Will the total domestic gross for Spider-Man: Brand New Day be between 600m and 700m by August 31?,spider-man-brand-new-day-total-domestic-gross-by-august-31-20260716181307512,46259.49,24,0.0005,0,0.02,2026-09-01T03:59:00Z
2966557,Will the total domestic gross for Spider-Man: Brand New Day be between 600m and 700m by August 31?,spider-man-brand-new-day-total-domestic-gross-by-august-31-20260716181307512,46259.49,1,0.0005,0,0.02,2026-09-01T03:59:00Z
2966558,Will the total domestic gross for Spider-Man: Brand New Day be between 700m and 800m by August 31?,spider-man-brand-new-day-total-domestic-gross-by-august-31-20260716181307512,139846.36,720,0.003,0,132.02,2026-09-01T03:59:00Z
2966558,Will the total domestic gross for Spider-Man: Brand New Day be between 700m and 800m by August 31?,spider-man-brand-new-day-total-domestic-gross-by-august-31-20260716181307512,139846.36,168,0.0005,0,0.03,2026-09-01T03:59:00Z
2966558,Will the total domestic gross for Spider-Man: Brand New Day be between 700m and 800m by August 31?,spider-man-brand-new-day-total-domestic-gross-by-august-31-20260716181307512,139846.36,24,0.0005,0,0.02,2026-09-01T03:59:00Z
2966558,Will the total domestic gross for Spider-Man: Brand New Day be between 700m and 800m by August 31?,spider-man-brand-new-day-total-domestic-gross-by-august-31-20260716181307512,139846.36,1,0.0005,0,0.02,2026-09-01T03:59:00Z
2966559,Will the total domestic gross for Spider-Man: Brand New Day be between 800m and 900m by August 31?,spider-man-brand-new-day-total-domestic-gross-by-august-31-20260716181307512,648066.04,720,0.325,1,132.02,2026-09-01T03:59:00Z
2966559,Will the total domestic gross for Spider-Man: Brand New Day be between 800m and 900m by August 31?,spider-man-brand-new-day-total-domestic-gross-by-august-31-20260716181307512,648066.04,168,0.9,1,0.03,2026-09-01T03:59:00Z
2966559,Will the total domestic gross for Spider-Man: Brand New Day be between 800m and 900m by August 31?,spider-man-brand-new-day-total-domestic-gross-by-august-31-20260716181307512,648066.04,24,0.999,1,0.02,2026-09-01T03:59:00Z
2966559,Will the total domestic gross for Spider-Man: Brand New Day be between 800m and 900m by August 31?,spider-man-brand-new-day-total-domestic-gross-by-august-31-20260716181307512,648066.04,1,0.9995,1,0.02,2026-09-01T03:59:00Z
2966560,Will the total domestic gross for Spider-Man: Brand New Day be at least 900m by August 31?,spider-man-brand-new-day-total-domestic-gross-by-august-31-20260716181307512,1271527.12,720,0.637,0,132.02,2026-09-01T03:59:00Z
2966560,Will the total domestic gross for Spider-Man: Brand New Day be at least 900m by August 31?,spider-man-brand-new-day-total-domestic-gross-by-august-31-20260716181307512,1271527.12,168,0.1025,0,0.03,2026-09-01T03:59:00Z
2966560,Will the total domestic gross for Spider-Man: Brand New Day be at least 900m by August 31?,spider-man-brand-new-day-total-domestic-gross-by-august-31-20260716181307512,1271527.12,24,0.003,0,0.02,2026-09-01T03:59:00Z
2966560,Will the total domestic gross for Spider-Man: Brand New Day be at least 900m by August 31?,spider-man-brand-new-day-total-domestic-gross-by-august-31-20260716181307512,1271527.12,1,0.0005,0,0.02,2026-09-01T03:59:00Z
2971640,Commanders vs. Ravens,nfl-was-bal-2026-08-28,268608.89,168,0.47,0,0.0,2026-08-28T22:00:00Z
2971640,Commanders vs. Ravens,nfl-was-bal-2026-08-28,268608.89,24,0.405,0,0.0,2026-08-28T22:00:00Z
2971640,Commanders vs. Ravens,nfl-was-bal-2026-08-28,268608.89,1,0.405,0,0.01,2026-08-28T22:00:00Z
2971647,Texans vs. Panthers,nfl-hou-car-2026-08-28,195262.75,168,0.5,0,0.01,2026-08-28T23:00:00Z
2971647,Texans vs. Panthers,nfl-hou-car-2026-08-28,195262.75,24,0.505,0,0.01,2026-08-28T23:00:00Z
2971647,Texans vs. Panthers,nfl-hou-car-2026-08-28,195262.75,1,0.515,0,0.0,2026-08-28T23:00:00Z
2971655,Buccaneers vs. Jaguars,nfl-tb-jax-2026-08-28,99780.67,168,0.52,0,0.49,2026-08-28T23:30:00Z
2971655,Buccaneers vs. Jaguars,nfl-tb-jax-2026-08-28,99780.67,24,0.59,0,0.49,2026-08-28T23:30:00Z
2971655,Buccaneers vs. Jaguars,nfl-tb-jax-2026-08-28,99780.67,1,0.585,0,0.5,2026-08-28T23:30:00Z
2971662,Bengals vs. Eagles,nfl-cin-phi-2026-08-29,97959.35,168,0.505,1,0.01,2026-08-29T00:00:00Z
2971662,Bengals vs. Eagles,nfl-cin-phi-2026-08-29,97959.35,24,0.43,1,0.01,2026-08-29T00:00:00Z
2971662,Bengals vs. Eagles,nfl-cin-phi-2026-08-29,97959.35,1,0.405,1,0.0,2026-08-29T00:00:00Z
2971663,Falcons vs. Dolphins,nfl-atl-mia-2026-08-28,109439.06,168,0.49,1,0.01,2026-08-28T23:00:00Z
2971663,Falcons vs. Dolphins,nfl-atl-mia-2026-08-28,109439.06,24,0.645,1,0.0,2026-08-28T23:00:00Z
2971663,Falcons vs. Dolphins,nfl-atl-mia-2026-08-28,109439.06,1,0.665,1,0.0,2026-08-28T23:00:00Z
2971665,Giants vs. Jets,nfl-nyg-nyj-2026-08-28,152144.55,168,0.46,1,0.49,2026-08-28T23:30:00Z
2971665,Giants vs. Jets,nfl-nyg-nyj-2026-08-28,152144.55,24,0.595,1,0.49,2026-08-28T23:30:00Z
2971665,Giants vs. Jets,nfl-nyg-nyj-2026-08-28,152144.55,1,0.605,1,0.5,2026-08-28T23:30:00Z
2971668,Vikings vs. Broncos,nfl-min-den-2026-08-29,38256.18,168,0.32,0,0.01,2026-08-29T01:00:00Z
2971668,Vikings vs. Broncos,nfl-min-den-2026-08-29,38256.18,24,0.365,0,0.01,2026-08-29T01:00:00Z
2971668,Vikings vs. Broncos,nfl-min-den-2026-08-29,38256.18,1,0.355,0,0.01,2026-08-29T01:00:00Z
2971673,Cardinals vs. Packers,nfl-ari-gb-2026-08-29,258106.04,168,0.45,0,0.01,2026-08-29T00:00:00Z
2971673,Cardinals vs. Packers,nfl-ari-gb-2026-08-29,258106.04,24,0.49,0,0.01,2026-08-29T00:00:00Z
2971673,Cardinals vs. Packers,nfl-ari-gb-2026-08-29,258106.04,1,0.485,0,0.01,2026-08-29T00:00:00Z
2971677,Saints vs. Cowboys,nfl-no-dal-2026-08-29,393266.07,168,0.32,1,0.0,2026-08-29T00:00:00Z
2971677,Saints vs. Cowboys,nfl-no-dal-2026-08-29,393266.07,24,0.425,1,0.0,2026-08-29T00:00:00Z
2971677,Saints vs. Cowboys,nfl-no-dal-2026-08-29,393266.07,1,0.385,1,0.0,2026-08-29T00:00:00Z
2976202,Iran full airspace closure by August 15?,iran-full-airspace-closure-byptptpt-20260625195253028,770665.35,168,0.045,0,0.02,2026-08-16T03:59:00Z
2976202,Iran full airspace closure by August 15?,iran-full-airspace-closure-byptptpt-20260625195253028,770665.35,24,0.0025,0,0.02,2026-08-16T03:59:00Z
2976202,Iran full airspace closure by August 15?,iran-full-airspace-closure-byptptpt-20260625195253028,770665.35,1,0.0015,0,0.02,2026-08-16T03:59:00Z
2977247,Israel closes its airspace by August 15?,israel-closes-its-airspace-by,1008696.14,168,0.0335,0,0.02,2026-08-16T03:59:00Z
2977247,Israel closes its airspace by August 15?,israel-closes-its-airspace-by,1008696.14,24,0.0065,0,0.02,2026-08-16T03:59:00Z
2977247,Israel closes its airspace by August 15?,israel-closes-its-airspace-by,1008696.14,1,0.0005,0,0.02,2026-08-16T03:59:00Z
2987408,Lions vs. Colts,nfl-det-ind-2026-08-29,335121.78,168,0.43,1,0.0,2026-08-29T17:00:00Z
2987408,Lions vs. Colts,nfl-det-ind-2026-08-29,335121.78,24,0.37,1,0.0,2026-08-29T17:00:00Z
2987408,Lions vs. Colts,nfl-det-ind-2026-08-29,335121.78,1,0.415,1,0.0,2026-08-29T17:00:00Z
2987412,Bears vs. Titans,nfl-chi-ten-2026-08-29,132298.64,168,0.495,1,0.0,2026-08-29T22:00:00Z
2987412,Bears vs. Titans,nfl-chi-ten-2026-08-29,132298.64,24,0.415,1,0.0,2026-08-29T22:00:00Z
2987412,Bears vs. Titans,nfl-chi-ten-2026-08-29,132298.64,1,0.505,1,0.01,2026-08-29T22:00:00Z
2992279,Will CD Limache win on 2026-08-01?,chi1-cdl-cdu-2026-08-01,78148.34,720,0.205,1,87.5,2026-09-03T00:30:00Z
2992279,Will CD Limache win on 2026-08-01?,chi1-cdl-cdu-2026-08-01,78148.34,168,0.325,1,0.5,2026-09-03T00:30:00Z
2992279,Will CD Limache win on 2026-08-01?,chi1-cdl-cdu-2026-08-01,78148.34,24,0.395,1,0.5,2026-09-03T00:30:00Z
2992279,Will CD Limache win on 2026-08-01?,chi1-cdl-cdu-2026-08-01,78148.34,1,0.315,1,0.5,2026-09-03T00:30:00Z
2992282,Will CD Ñublense win on 2026-08-01?,chi1-cdl-cdu-2026-08-01,28625.61,720,0.16,0,87.5,2026-09-03T00:30:00Z
2992282,Will CD Ñublense win on 2026-08-01?,chi1-cdl-cdu-2026-08-01,28625.61,168,0.225,0,0.49,2026-09-03T00:30:00Z
2992282,Will CD Ñublense win on 2026-08-01?,chi1-cdl-cdu-2026-08-01,28625.61,24,0.33,0,0.49,2026-09-03T00:30:00Z
2992282,Will CD Ñublense win on 2026-08-01?,chi1-cdl-cdu-2026-08-01,28625.61,1,0.415,0,0.5,2026-09-03T00:30:00Z
2995848,Will Mojtaba Khamenei leave Iran by August 31?,will-mojtaba-khamenei-leave-iran-byptptpt-20260720003505489,75011.17,720,0.0075,0,132.02,2026-09-01T03:59:00Z
2995848,Will Mojtaba Khamenei leave Iran by August 31?,will-mojtaba-khamenei-leave-iran-byptptpt-20260720003505489,75011.17,168,0.004,0,0.03,2026-09-01T03:59:00Z
2995848,Will Mojtaba Khamenei leave Iran by August 31?,will-mojtaba-khamenei-leave-iran-byptptpt-20260720003505489,75011.17,24,0.0025,0,0.02,2026-09-01T03:59:00Z
2995848,Will Mojtaba Khamenei leave Iran by August 31?,will-mojtaba-khamenei-leave-iran-byptptpt-20260720003505489,75011.17,1,0.0015,0,0.02,2026-09-01T03:59:00Z
2995850,Will a European country take military action on Iran by August 31?,european-military-action-on-iran-byptptpt-20260720022428140,163215.57,720,0.0165,0,138.02,2026-08-31T21:59:00Z
2995850,Will a European country take military action on Iran by August 31?,european-military-action-on-iran-byptptpt-20260720022428140,163215.57,168,0.0055,0,0.02,2026-08-31T21:59:00Z
2995850,Will a European country take military action on Iran by August 31?,european-military-action-on-iran-byptptpt-20260720022428140,163215.57,24,0.0015,0,0.02,2026-08-31T21:59:00Z
2995850,Will a European country take military action on Iran by August 31?,european-military-action-on-iran-byptptpt-20260720022428140,163215.57,1,0.0035,0,0.02,2026-08-31T21:59:00Z
2995866,Iran invades Kuwait by August 31?,iran-invades-kuwait-byptptpt-20260720015031544,847904.98,720,0.0145,0,132.02,2026-09-01T03:59:00Z
2995866,Iran invades Kuwait by August 31?,iran-invades-kuwait-byptptpt-20260720015031544,847904.98,168,0.0045,0,0.03,2026-09-01T03:59:00Z
2995866,Iran invades Kuwait by August 31?,iran-invades-kuwait-byptptpt-20260720015031544,847904.98,24,0.0015,0,0.02,2026-09-01T03:59:00Z
2995866,Iran invades Kuwait by August 31?,iran-invades-kuwait-byptptpt-20260720015031544,847904.98,1,0.002,0,0.02,2026-09-01T03:59:00Z
3002443,Will Israeli forces withdraw from beyond the Litani River by August 31?,israeli-forces-withdraw-from-beyond-the-litani-river-by-20260607234645733,106617.12,720,0.0185,0,132.02,2026-09-01T03:59:00Z
3002443,Will Israeli forces withdraw from beyond the Litani River by August 31?,israeli-forces-withdraw-from-beyond-the-litani-river-by-20260607234645733,106617.12,168,0.0045,0,0.03,2026-09-01T03:59:00Z
3002443,Will Israeli forces withdraw from beyond the Litani River by August 31?,israeli-forces-withdraw-from-beyond-the-litani-river-by-20260607234645733,106617.12,24,0.0015,0,0.02,2026-09-01T03:59:00Z
3002443,Will Israeli forces withdraw from beyond the Litani River by August 31?,israeli-forces-withdraw-from-beyond-the-litani-river-by-20260607234645733,106617.12,1,0.001,0,0.02,2026-09-01T03:59:00Z
3005938,Moscow air traffic suspended by August 31?,moscow-air-traffic-suspended-byptptpt-20260720160042592,43217.26,720,0.51,1,136.02,2026-08-31T23:59:00Z
3005947,"Total Internet Blackout in Iran by August 31, 2026?",total-internet-blackout-in-iran-byptptpt-20260720155238426,176216.17,720,0.09,0,136.02,2026-08-31T23:59:00Z
3005947,"Total Internet Blackout in Iran by August 31, 2026?",total-internet-blackout-in-iran-byptptpt-20260720155238426,176216.17,168,0.0195,0,0.02,2026-08-31T23:59:00Z
3005947,"Total Internet Blackout in Iran by August 31, 2026?",total-internet-blackout-in-iran-byptptpt-20260720155238426,176216.17,24,0.008,0,0.02,2026-08-31T23:59:00Z
3005947,"Total Internet Blackout in Iran by August 31, 2026?",total-internet-blackout-in-iran-byptptpt-20260720155238426,176216.17,1,0.0035,0,0.02,2026-08-31T23:59:00Z
3006201,Will Mitchell Berman be the WI-01 Democratic nominee?,wi-01-democratic-primary-winner-20260716184832364,24270.6,24,0.9975,1,0.02,2026-08-11T23:59:00Z
3006201,Will Mitchell Berman be the WI-01 Democratic nominee?,wi-01-democratic-primary-winner-20260716184832364,24270.6,1,0.9975,1,0.02,2026-08-11T23:59:00Z
3006208,Will Amanda Bell be the WI-06 Democratic nominee?,wi-06-democratic-primary-winner-20260716185219518,29557.66,24,0.145,0,0.02,2026-08-11T23:59:00Z
3006208,Will Amanda Bell be the WI-06 Democratic nominee?,wi-06-democratic-primary-winner-20260716185219518,29557.66,1,0.14,0,0.02,2026-08-11T23:59:00Z
3006209,Will Brad Smith be the WI-06 Democratic nominee?,wi-06-democratic-primary-winner-20260716185219518,27522.3,24,0.855,1,0.02,2026-08-11T23:59:00Z
3006209,Will Brad Smith be the WI-06 Democratic nominee?,wi-06-democratic-primary-winner-20260716185219518,27522.3,1,0.865,1,0.02,2026-08-11T23:59:00Z
3006215,Will Fred Clark be the WI-07 Democratic nominee?,wi-07-democratic-primary-winner-20260716190228644,34419.16,24,0.9485,1,0.02,2026-08-11T23:59:00Z
3006215,Will Fred Clark be the WI-07 Democratic nominee?,wi-07-democratic-primary-winner-20260716190228644,34419.16,1,0.965,1,0.02,2026-08-11T23:59:00Z
3006276,Will Michael Alfonso be the WI-07 Republican nominee?,wi-07-republican-primary-winner-20260716190732162,14429.52,24,0.93,1,0.02,2026-08-11T23:59:00Z
3006276,Will Michael Alfonso be the WI-07 Republican nominee?,wi-07-republican-primary-winner-20260716190732162,14429.52,1,0.9,1,0.02,2026-08-11T23:59:00Z
3006430,Will Keith Gross be the FL-02 Republican nominee?,fl-02-republican-primary-winner-20260717204308964,30062.55,168,0.265,0,0.02,2026-08-18T23:59:00Z
3006430,Will Keith Gross be the FL-02 Republican nominee?,fl-02-republican-primary-winner-20260717204308964,30062.55,24,0.175,0,0.02,2026-08-18T23:59:00Z
3006430,Will Keith Gross be the FL-02 Republican nominee?,fl-02-republican-primary-winner-20260717204308964,30062.55,1,0.14,0,0.02,2026-08-18T23:59:00Z
3006436,Will Austin Rogers be the FL-02 Republican nominee?,fl-02-republican-primary-winner-20260717204308964,43118.58,168,0.705,1,0.02,2026-08-18T23:59:00Z
3006436,Will Austin Rogers be the FL-02 Republican nominee?,fl-02-republican-primary-winner-20260717204308964,43118.58,24,0.815,1,0.03,2026-08-18T23:59:00Z
3006436,Will Austin Rogers be the FL-02 Republican nominee?,fl-02-republican-primary-winner-20260717204308964,43118.58,1,0.835,1,0.02,2026-08-18T23:59:00Z
3006459,Will John Rutherford be the FL-05 Republican nominee?,fl-05-republican-primary-winner-20260717204621884,11835.48,168,0.9725,1,0.02,2026-08-18T23:59:00Z
3006459,Will John Rutherford be the FL-05 Republican nominee?,fl-05-republican-primary-winner-20260717204621884,11835.48,24,0.942,1,0.02,2026-08-18T23:59:00Z
3006459,Will John Rutherford be the FL-05 Republican nominee?,fl-05-republican-primary-winner-20260717204621884,11835.48,1,0.974,1,0.02,2026-08-18T23:59:00Z
3006464,Will Ryan Elijah be the FL-07 Republican nominee?,fl-07-republican-primary-winner-20260717204847811,28273.46,168,0.585,1,0.02,2026-08-18T23:59:00Z
3006464,Will Ryan Elijah be the FL-07 Republican nominee?,fl-07-republican-primary-winner-20260717204847811,28273.46,24,0.875,1,0.03,2026-08-18T23:59:00Z
3006464,Will Ryan Elijah be the FL-07 Republican nominee?,fl-07-republican-primary-winner-20260717204847811,28273.46,1,0.865,1,0.02,2026-08-18T23:59:00Z
3006466,Will Cory Mills be the FL-07 Republican nominee?,fl-07-republican-primary-winner-20260717204847811,34428.69,168,0.405,0,0.02,2026-08-18T23:59:00Z
3006466,Will Cory Mills be the FL-07 Republican nominee?,fl-07-republican-primary-winner-20260717204847811,34428.69,24,0.11,0,0.03,2026-08-18T23:59:00Z
3006466,Will Cory Mills be the FL-07 Republican nominee?,fl-07-republican-primary-winner-20260717204847811,34428.69,1,0.135,0,0.02,2026-08-18T23:59:00Z
3007803,Will Anthropic have the best AI Agent at the end of August 2026?,which-company-has-the-best-ai-agent-end-of-august-20260716210246314,22775.51,720,0.785,1,132.02,2026-09-01T03:59:00Z
3007803,Will Anthropic have the best AI Agent at the end of August 2026?,which-company-has-the-best-ai-agent-end-of-august-20260716210246314,22775.51,168,0.9675,1,0.03,2026-09-01T03:59:00Z
3007803,Will Anthropic have the best AI Agent at the end of August 2026?,which-company-has-the-best-ai-agent-end-of-august-20260716210246314,22775.51,24,0.9895,1,0.02,2026-09-01T03:59:00Z
3007804,Will OpenAI have the best AI Agent at the end of August 2026?,which-company-has-the-best-ai-agent-end-of-august-20260716210246314,31029.97,720,0.204,0,132.02,2026-09-01T03:59:00Z
3007804,Will OpenAI have the best AI Agent at the end of August 2026?,which-company-has-the-best-ai-agent-end-of-august-20260716210246314,31029.97,168,0.02,0,0.03,2026-09-01T03:59:00Z
3007804,Will OpenAI have the best AI Agent at the end of August 2026?,which-company-has-the-best-ai-agent-end-of-august-20260716210246314,31029.97,24,0.004,0,0.02,2026-09-01T03:59:00Z
3007820,Will Microsoft have the best AI Agent at the end of August 2026?,which-company-has-the-best-ai-agent-end-of-august-20260716210246314,11339.65,720,0.0025,0,132.02,2026-09-01T03:59:00Z
3007820,Will Microsoft have the best AI Agent at the end of August 2026?,which-company-has-the-best-ai-agent-end-of-august-20260716210246314,11339.65,168,0.0025,0,0.03,2026-09-01T03:59:00Z
3007820,Will Microsoft have the best AI Agent at the end of August 2026?,which-company-has-the-best-ai-agent-end-of-august-20260716210246314,11339.65,24,0.003,0,0.02,2026-09-01T03:59:00Z
3008457,Will Moonshot be the second-best Code Arena | WebDev AI lab at the end of August 2026?,second-best-code-arena-webdev-ai-lab-end-of-august-20260720215424125,44692.05,720,0.6035,1,132.02,2026-09-01T03:59:00Z
3008457,Will Moonshot be the second-best Code Arena | WebDev AI lab at the end of August 2026?,second-best-code-arena-webdev-ai-lab-end-of-august-20260720215424125,44692.05,168,0.7815,1,0.03,2026-09-01T03:59:00Z
3008457,Will Moonshot be the second-best Code Arena | WebDev AI lab at the end of August 2026?,second-best-code-arena-webdev-ai-lab-end-of-august-20260720215424125,44692.05,24,0.943,1,0.02,2026-09-01T03:59:00Z
3008458,Will Anthropic be the second-best Code Arena | WebDev AI lab at the end of August 2026?,second-best-code-arena-webdev-ai-lab-end-of-august-20260720215424125,25394.16,720,0.15,0,132.02,2026-09-01T03:59:00Z
3008458,Will Anthropic be the second-best Code Arena | WebDev AI lab at the end of August 2026?,second-best-code-arena-webdev-ai-lab-end-of-august-20260720215424125,25394.16,168,0.037,0,0.03,2026-09-01T03:59:00Z
3008458,Will Anthropic be the second-best Code Arena | WebDev AI lab at the end of August 2026?,second-best-code-arena-webdev-ai-lab-end-of-august-20260720215424125,25394.16,24,0.0125,0,0.02,2026-09-01T03:59:00Z
3008565,Will OpenAI be the third-best Code Arena | WebDev AI lab at the end of August 2026?,third-best-code-arena-webdev-ai-lab-end-of-august-20260720220546729,16737.01,720,0.06,0,132.02,2026-09-01T03:59:00Z
3008565,Will OpenAI be the third-best Code Arena | WebDev AI lab at the end of August 2026?,third-best-code-arena-webdev-ai-lab-end-of-august-20260720220546729,16737.01,168,0.0015,0,0.03,2026-09-01T03:59:00Z
3008565,Will OpenAI be the third-best Code Arena | WebDev AI lab at the end of August 2026?,third-best-code-arena-webdev-ai-lab-end-of-august-20260720220546729,16737.01,24,0.0015,0,0.02,2026-09-01T03:59:00Z
3008570,Will Alibaba be the third-best Code Arena | WebDev AI lab at the end of August 2026?,third-best-code-arena-webdev-ai-lab-end-of-august-20260720220546729,13753.25,720,0.717,1,132.02,2026-09-01T03:59:00Z
3008570,Will Alibaba be the third-best Code Arena | WebDev AI lab at the end of August 2026?,third-best-code-arena-webdev-ai-lab-end-of-august-20260720220546729,13753.25,168,0.885,1,0.03,2026-09-01T03:59:00Z
3008570,Will Alibaba be the third-best Code Arena | WebDev AI lab at the end of August 2026?,third-best-code-arena-webdev-ai-lab-end-of-august-20260720220546729,13753.25,24,0.9685,1,0.02,2026-09-01T03:59:00Z
3008603,Will Alibaba be the second-best Chinese AI company at the end of August 2026?,second-best-chinese-ai-company-end-of-august-20260717141100971,17128.18,720,0.0805,0,132.02,2026-09-01T03:59:00Z
3008603,Will Alibaba be the second-best Chinese AI company at the end of August 2026?,second-best-chinese-ai-company-end-of-august-20260717141100971,17128.18,168,0.042,0,0.03,2026-09-01T03:59:00Z
3008603,Will Alibaba be the second-best Chinese AI company at the end of August 2026?,second-best-chinese-ai-company-end-of-august-20260717141100971,17128.18,24,0.0145,0,0.02,2026-09-01T03:59:00Z
3008604,Will Moonshot be the second-best Chinese AI company at the end of August 2026?,second-best-chinese-ai-company-end-of-august-20260717141100971,45422.13,720,0.72,1,132.02,2026-09-01T03:59:00Z
3008604,Will Moonshot be the second-best Chinese AI company at the end of August 2026?,second-best-chinese-ai-company-end-of-august-20260717141100971,45422.13,168,0.331,1,0.03,2026-09-01T03:59:00Z
3008604,Will Moonshot be the second-best Chinese AI company at the end of August 2026?,second-best-chinese-ai-company-end-of-august-20260717141100971,45422.13,24,0.974,1,0.02,2026-09-01T03:59:00Z
3008606,Will Z.ai be the second-best Chinese AI company at the end of August 2026?,second-best-chinese-ai-company-end-of-august-20260717141100971,33591.57,720,0.178,0,132.02,2026-09-01T03:59:00Z
3008606,Will Z.ai be the second-best Chinese AI company at the end of August 2026?,second-best-chinese-ai-company-end-of-august-20260717141100971,33591.57,168,0.5565,0,0.03,2026-09-01T03:59:00Z
3008606,Will Z.ai be the second-best Chinese AI company at the end of August 2026?,second-best-chinese-ai-company-end-of-august-20260717141100971,33591.57,24,0.018,0,0.02,2026-09-01T03:59:00Z
3008612,Will Tencent be the second-best Chinese AI company at the end of August 2026?,second-best-chinese-ai-company-end-of-august-20260717141100971,12071.09,720,0.0005,0,132.02,2026-09-01T03:59:00Z
3008612,Will Tencent be the second-best Chinese AI company at the end of August 2026?,second-best-chinese-ai-company-end-of-august-20260717141100971,12071.09,168,0.0005,0,0.03,2026-09-01T03:59:00Z
3008612,Will Tencent be the second-best Chinese AI company at the end of August 2026?,second-best-chinese-ai-company-end-of-august-20260717141100971,12071.09,24,0.0005,0,0.02,2026-09-01T03:59:00Z
3008628,Will Alibaba be the third-best Chinese AI company at the end of August 2026?,third-best-chinese-ai-company-end-of-august-20260717141230386,16211.17,720,0.027,0,132.02,2026-09-01T03:59:00Z
3008628,Will Alibaba be the third-best Chinese AI company at the end of August 2026?,third-best-chinese-ai-company-end-of-august-20260717141230386,16211.17,168,0.019,0,0.03,2026-09-01T03:59:00Z
3008628,Will Alibaba be the third-best Chinese AI company at the end of August 2026?,third-best-chinese-ai-company-end-of-august-20260717141230386,16211.17,24,0.006,0,0.02,2026-09-01T03:59:00Z
3008629,Will Moonshot be the third-best Chinese AI company at the end of August 2026?,third-best-chinese-ai-company-end-of-august-20260717141230386,10366.7,720,0.0635,0,132.02,2026-09-01T03:59:00Z
3008629,Will Moonshot be the third-best Chinese AI company at the end of August 2026?,third-best-chinese-ai-company-end-of-august-20260717141230386,10366.7,168,0.6415,0,0.03,2026-09-01T03:59:00Z
3008629,Will Moonshot be the third-best Chinese AI company at the end of August 2026?,third-best-chinese-ai-company-end-of-august-20260717141230386,10366.7,24,0.04,0,0.02,2026-09-01T03:59:00Z
3008630,Will Baidu be the third-best Chinese AI company at the end of August 2026?,third-best-chinese-ai-company-end-of-august-20260717141230386,14989.52,720,0.435,0,132.02,2026-09-01T03:59:00Z
3008630,Will Baidu be the third-best Chinese AI company at the end of August 2026?,third-best-chinese-ai-company-end-of-august-20260717141230386,14989.52,168,0.0115,0,0.03,2026-09-01T03:59:00Z
3008630,Will Baidu be the third-best Chinese AI company at the end of August 2026?,third-best-chinese-ai-company-end-of-august-20260717141230386,14989.52,24,0.0145,0,0.02,2026-09-01T03:59:00Z
3008631,Will Z.ai be the third-best Chinese AI company at the end of August 2026?,third-best-chinese-ai-company-end-of-august-20260717141230386,17232.12,720,0.475,1,132.02,2026-09-01T03:59:00Z
3008631,Will Z.ai be the third-best Chinese AI company at the end of August 2026?,third-best-chinese-ai-company-end-of-august-20260717141230386,17232.12,168,0.305,1,0.03,2026-09-01T03:59:00Z
3008631,Will Z.ai be the third-best Chinese AI company at the end of August 2026?,third-best-chinese-ai-company-end-of-august-20260717141230386,17232.12,24,0.9655,1,0.02,2026-09-01T03:59:00Z
3008670,Will Google be the second-best Math AI lab at the end of August 2026?,second-best-text-arena-math-ai-lab-end-of-august-20260720224944657,34154.04,720,0.55,1,132.02,2026-09-01T03:59:00Z
3008670,Will Google be the second-best Math AI lab at the end of August 2026?,second-best-text-arena-math-ai-lab-end-of-august-20260720224944657,34154.04,168,0.955,1,0.03,2026-09-01T03:59:00Z
3008670,Will Google be the second-best Math AI lab at the end of August 2026?,second-best-text-arena-math-ai-lab-end-of-august-20260720224944657,34154.04,24,0.985,1,0.02,2026-09-01T03:59:00Z
3008672,Will Alibaba be the second-best Math AI lab at the end of August 2026?,second-best-text-arena-math-ai-lab-end-of-august-20260720224944657,16300.6,720,0.186,0,132.02,2026-09-01T03:59:00Z
3008672,Will Alibaba be the second-best Math AI lab at the end of August 2026?,second-best-text-arena-math-ai-lab-end-of-august-20260720224944657,16300.6,168,0.011,0,0.03,2026-09-01T03:59:00Z
3008672,Will Alibaba be the second-best Math AI lab at the end of August 2026?,second-best-text-arena-math-ai-lab-end-of-august-20260720224944657,16300.6,24,0.003,0,0.02,2026-09-01T03:59:00Z
3008755,Will Google be the third-best Math AI lab at the end of August 2026?,third-best-text-arena-math-ai-lab-end-of-august-20260720230105162,15457.49,720,0.1955,0,132.02,2026-09-01T03:59:00Z
3008755,Will Google be the third-best Math AI lab at the end of August 2026?,third-best-text-arena-math-ai-lab-end-of-august-20260720230105162,15457.49,168,0.0535,0,0.03,2026-09-01T03:59:00Z
3008755,Will Google be the third-best Math AI lab at the end of August 2026?,third-best-text-arena-math-ai-lab-end-of-august-20260720230105162,15457.49,24,0.029,0,0.02,2026-09-01T03:59:00Z
3008757,Will Alibaba be the third-best Math AI lab at the end of August 2026?,third-best-text-arena-math-ai-lab-end-of-august-20260720230105162,24480.65,720,0.375,1,132.02,2026-09-01T03:59:00Z
3008757,Will Alibaba be the third-best Math AI lab at the end of August 2026?,third-best-text-arena-math-ai-lab-end-of-august-20260720230105162,24480.65,168,0.885,1,0.03,2026-09-01T03:59:00Z
3008757,Will Alibaba be the third-best Math AI lab at the end of August 2026?,third-best-text-arena-math-ai-lab-end-of-august-20260720230105162,24480.65,24,0.955,1,0.02,2026-09-01T03:59:00Z
3008810,Will Meta be the second-best AI lab at the end of August 2026?,second-best-ai-lab-end-of-august-20260720230627650,15574.43,720,0.037,0,132.02,2026-09-01T03:59:00Z
3008810,Will Meta be the second-best AI lab at the end of August 2026?,second-best-ai-lab-end-of-august-20260720230627650,15574.43,168,0.1195,0,0.03,2026-09-01T03:59:00Z
3008810,Will Meta be the second-best AI lab at the end of August 2026?,second-best-ai-lab-end-of-august-20260720230627650,15574.43,24,0.012,0,0.02,2026-09-01T03:59:00Z
3008811,Will Google be the second-best AI lab at the end of August 2026?,second-best-ai-lab-end-of-august-20260720230627650,32172.86,720,0.12,1,132.02,2026-09-01T03:59:00Z
3008811,Will Google be the second-best AI lab at the end of August 2026?,second-best-ai-lab-end-of-august-20260720230627650,32172.86,168,0.825,1,0.03,2026-09-01T03:59:00Z
3008811,Will Google be the second-best AI lab at the end of August 2026?,second-best-ai-lab-end-of-august-20260720230627650,32172.86,24,0.977,1,0.02,2026-09-01T03:59:00Z
3008812,Will Alibaba be the second-best AI lab at the end of August 2026?,second-best-ai-lab-end-of-august-20260720230627650,32172.57,720,0.785,0,132.02,2026-09-01T03:59:00Z
3008812,Will Alibaba be the second-best AI lab at the end of August 2026?,second-best-ai-lab-end-of-august-20260720230627650,32172.57,168,0.0195,0,0.03,2026-09-01T03:59:00Z
3008812,Will Alibaba be the second-best AI lab at the end of August 2026?,second-best-ai-lab-end-of-august-20260720230627650,32172.57,24,0.0075,0,0.02,2026-09-01T03:59:00Z
3008843,Will Meta be the third-best AI lab at the end of August 2026?,third-best-ai-lab-end-of-august-20260720230611802,21313.13,720,0.555,1,132.02,2026-09-01T03:59:00Z
3008843,Will Meta be the third-best AI lab at the end of August 2026?,third-best-ai-lab-end-of-august-20260720230611802,21313.13,168,0.82,1,0.03,2026-09-01T03:59:00Z
3008843,Will Meta be the third-best AI lab at the end of August 2026?,third-best-ai-lab-end-of-august-20260720230611802,21313.13,24,0.935,1,0.02,2026-09-01T03:59:00Z
3008844,Will Google be the third-best AI lab at the end of August 2026?,third-best-ai-lab-end-of-august-20260720230611802,14704.83,720,0.11,0,132.02,2026-09-01T03:59:00Z
3008844,Will Google be the third-best AI lab at the end of August 2026?,third-best-ai-lab-end-of-august-20260720230611802,14704.83,168,0.12,0,0.03,2026-09-01T03:59:00Z
3008844,Will Google be the third-best AI lab at the end of August 2026?,third-best-ai-lab-end-of-august-20260720230611802,14704.83,24,0.031,0,0.02,2026-09-01T03:59:00Z
3008875,Will Meta be the #2 AI lab at the end of August 2026?,2-ai-lab-end-of-august-style-control-on-20260720231255330,27319.28,720,0.355,1,132.02,2026-09-01T03:59:00Z
3008875,Will Meta be the #2 AI lab at the end of August 2026?,2-ai-lab-end-of-august-style-control-on-20260720231255330,27319.28,168,0.925,1,0.03,2026-09-01T03:59:00Z
3008875,Will Meta be the #2 AI lab at the end of August 2026?,2-ai-lab-end-of-august-style-control-on-20260720231255330,27319.28,24,0.984,1,0.02,2026-09-01T03:59:00Z
3008876,Will Google be the #2 AI lab at the end of August 2026?,2-ai-lab-end-of-august-style-control-on-20260720231255330,18831.76,720,0.23,0,132.02,2026-09-01T03:59:00Z
3008876,Will Google be the #2 AI lab at the end of August 2026?,2-ai-lab-end-of-august-style-control-on-20260720231255330,18831.76,168,0.035,0,0.03,2026-09-01T03:59:00Z
3008876,Will Google be the #2 AI lab at the end of August 2026?,2-ai-lab-end-of-august-style-control-on-20260720231255330,18831.76,24,0.0145,0,0.02,2026-09-01T03:59:00Z
3008885,Will Meta be the #3 AI Lab at the end of August 2026 (Style Control On)?,3-ai-lab-end-of-august-style-control-on-20260720231335327,13082.33,720,0.285,0,132.02,2026-09-01T03:59:00Z
3008885,Will Meta be the #3 AI Lab at the end of August 2026 (Style Control On)?,3-ai-lab-end-of-august-style-control-on-20260720231335327,13082.33,168,0.0465,0,0.03,2026-09-01T03:59:00Z
3008885,Will Meta be the #3 AI Lab at the end of August 2026 (Style Control On)?,3-ai-lab-end-of-august-style-control-on-20260720231335327,13082.33,24,0.04,0,0.02,2026-09-01T03:59:00Z
3008887,Will Google be the #3 AI Lab at the end of August 2026 (Style Control On)?,3-ai-lab-end-of-august-style-control-on-20260720231335327,17093.91,720,0.205,1,132.02,2026-09-01T03:59:00Z
3008887,Will Google be the #3 AI Lab at the end of August 2026 (Style Control On)?,3-ai-lab-end-of-august-style-control-on-20260720231335327,17093.91,168,0.4,1,0.03,2026-09-01T03:59:00Z
3008887,Will Google be the #3 AI Lab at the end of August 2026 (Style Control On)?,3-ai-lab-end-of-august-style-control-on-20260720231335327,17093.91,24,0.925,1,0.02,2026-09-01T03:59:00Z
3008894,Will Alibaba be the #3 AI Lab at the end of August 2026 (Style Control On)?,3-ai-lab-end-of-august-style-control-on-20260720231335327,11865.22,720,0.47,0,132.02,2026-09-01T03:59:00Z
3008894,Will Alibaba be the #3 AI Lab at the end of August 2026 (Style Control On)?,3-ai-lab-end-of-august-style-control-on-20260720231335327,11865.22,168,0.0205,0,0.03,2026-09-01T03:59:00Z
3008894,Will Alibaba be the #3 AI Lab at the end of August 2026 (Style Control On)?,3-ai-lab-end-of-august-style-control-on-20260720231335327,11865.22,24,0.0015,0,0.02,2026-09-01T03:59:00Z
3009227,Greater Tunb Island no longer under Iranian control by August 31?,greater-tunb-island-no-longer-under-iranian-control-byptptpt-20260720014332851,32159.21,720,0.0165,0,132.02,2026-09-01T03:59:00Z
3009227,Greater Tunb Island no longer under Iranian control by August 31?,greater-tunb-island-no-longer-under-iranian-control-byptptpt-20260720014332851,32159.21,168,0.0035,0,0.03,2026-09-01T03:59:00Z
3009227,Greater Tunb Island no longer under Iranian control by August 31?,greater-tunb-island-no-longer-under-iranian-control-byptptpt-20260720014332851,32159.21,24,0.004,0,0.02,2026-09-01T03:59:00Z
3009227,Greater Tunb Island no longer under Iranian control by August 31?,greater-tunb-island-no-longer-under-iranian-control-byptptpt-20260720014332851,32159.21,1,0.0045,0,0.02,2026-09-01T03:59:00Z
3009229,Abu Musa Island no longer under Iranian control by August 31?,abu-musa-island-no-longer-under-iranian-control-byptptpt-20260720011758214,86730.88,720,0.016,0,132.02,2026-09-01T03:59:00Z
3009229,Abu Musa Island no longer under Iranian control by August 31?,abu-musa-island-no-longer-under-iranian-control-byptptpt-20260720011758214,86730.88,168,0.005,0,0.03,2026-09-01T03:59:00Z
3009229,Abu Musa Island no longer under Iranian control by August 31?,abu-musa-island-no-longer-under-iranian-control-byptptpt-20260720011758214,86730.88,24,0.0005,0,0.02,2026-09-01T03:59:00Z
3009229,Abu Musa Island no longer under Iranian control by August 31?,abu-musa-island-no-longer-under-iranian-control-byptptpt-20260720011758214,86730.88,1,0.0005,0,0.02,2026-09-01T03:59:00Z
3009265,Hormuz Island no longer under Iranian control by August 31?,hormuz-island-no-longer-under-iranian-control-byptptpt-20260720014603391,58540.75,720,0.0145,0,132.02,2026-09-01T03:59:00Z
3009265,Hormuz Island no longer under Iranian control by August 31?,hormuz-island-no-longer-under-iranian-control-byptptpt-20260720014603391,58540.75,168,0.0045,0,0.03,2026-09-01T03:59:00Z
3009265,Hormuz Island no longer under Iranian control by August 31?,hormuz-island-no-longer-under-iranian-control-byptptpt-20260720014603391,58540.75,24,0.0015,0,0.02,2026-09-01T03:59:00Z
3009265,Hormuz Island no longer under Iranian control by August 31?,hormuz-island-no-longer-under-iranian-control-byptptpt-20260720014603391,58540.75,1,0.0005,0,0.02,2026-09-01T03:59:00Z
3009267,Hengam Island no longer under Iranian control by August 31?,hengam-island-no-longer-under-iranian-control-byptptpt-20260720014859845,178292.18,720,0.0175,0,132.02,2026-09-01T03:59:00Z
3009267,Hengam Island no longer under Iranian control by August 31?,hengam-island-no-longer-under-iranian-control-byptptpt-20260720014859845,178292.18,168,0.006,0,0.03,2026-09-01T03:59:00Z
3009267,Hengam Island no longer under Iranian control by August 31?,hengam-island-no-longer-under-iranian-control-byptptpt-20260720014859845,178292.18,24,0.0005,0,0.02,2026-09-01T03:59:00Z
3009267,Hengam Island no longer under Iranian control by August 31?,hengam-island-no-longer-under-iranian-control-byptptpt-20260720014859845,178292.18,1,0.001,0,0.02,2026-09-01T03:59:00Z
3009269,Farsi Island no longer under Iranian control by August 31?,farsi-island-no-longer-under-iranian-control-byptptpt-20260720015111488,168377.92,720,0.0125,0,132.02,2026-09-01T03:59:00Z
3009269,Farsi Island no longer under Iranian control by August 31?,farsi-island-no-longer-under-iranian-control-byptptpt-20260720015111488,168377.92,168,0.006,0,0.03,2026-09-01T03:59:00Z
3009269,Farsi Island no longer under Iranian control by August 31?,farsi-island-no-longer-under-iranian-control-byptptpt-20260720015111488,168377.92,24,0.0005,0,0.02,2026-09-01T03:59:00Z
3009269,Farsi Island no longer under Iranian control by August 31?,farsi-island-no-longer-under-iranian-control-byptptpt-20260720015111488,168377.92,1,0.0005,0,0.02,2026-09-01T03:59:00Z
3017684,Iran leadership change by August 31?,iran-leadership-change-by,1599414.12,720,0.056,0,132.02,2026-09-01T03:59:00Z
3017684,Iran leadership change by August 31?,iran-leadership-change-by,1599414.12,168,0.0045,0,0.03,2026-09-01T03:59:00Z
3017684,Iran leadership change by August 31?,iran-leadership-change-by,1599414.12,24,0.0015,0,0.02,2026-09-01T03:59:00Z
3017684,Iran leadership change by August 31?,iran-leadership-change-by,1599414.12,1,0.0005,0,0.02,2026-09-01T03:59:00Z
3025960,"Mykhailo Fedorov reinstated as Ukrainian Defense Minister by August 31, 2026?",mykhailo-fedorov-reinstated-as-ukrainian-defense-minister-byptptpt-20260716185015029,185599.23,720,0.0475,0,139.02,2026-08-31T20:59:00Z
3025960,"Mykhailo Fedorov reinstated as Ukrainian Defense Minister by August 31, 2026?",mykhailo-fedorov-reinstated-as-ukrainian-defense-minister-byptptpt-20260716185015029,185599.23,168,0.003,0,0.02,2026-08-31T20:59:00Z
3025960,"Mykhailo Fedorov reinstated as Ukrainian Defense Minister by August 31, 2026?",mykhailo-fedorov-reinstated-as-ukrainian-defense-minister-byptptpt-20260716185015029,185599.23,24,0.0005,0,0.02,2026-08-31T20:59:00Z
3025960,"Mykhailo Fedorov reinstated as Ukrainian Defense Minister by August 31, 2026?",mykhailo-fedorov-reinstated-as-ukrainian-defense-minister-byptptpt-20260716185015029,185599.23,1,0.0005,0,0.02,2026-08-31T20:59:00Z
3030777,Yevhen Khmara appointed as Ukrainian Minister of Defence by August 31?,yevhen-khmara-appointed-as-ukrainian-minister-of-defence-by-july-31-20260716170825742,10636.95,720,0.845,1,136.02,2026-08-31T23:59:00Z
3035505,CD Limache vs. CD Ñublense: O/U 1.5,chi1-cdl-cdu-2026-08-01-more-markets,11897.63,720,0.485,1,87.5,2026-09-03T00:30:00Z
3035505,CD Limache vs. CD Ñublense: O/U 1.5,chi1-cdl-cdu-2026-08-01-more-markets,11897.63,168,0.535,1,0.49,2026-09-03T00:30:00Z
3035505,CD Limache vs. CD Ñublense: O/U 1.5,chi1-cdl-cdu-2026-08-01-more-markets,11897.63,24,0.775,1,0.49,2026-09-03T00:30:00Z
3035505,CD Limache vs. CD Ñublense: O/U 1.5,chi1-cdl-cdu-2026-08-01-more-markets,11897.63,1,0.78,1,0.5,2026-09-03T00:30:00Z
3045817,Will Russell Fry win the first round of the South Carolina Republican Senate special primary?,south-carolina-senate-special-republican-primary-first-round-winner-20260721172033648,34779.74,24,0.0685,0,0.02,2026-08-11T23:59:00Z
3045817,Will Russell Fry win the first round of the South Carolina Republican Senate special primary?,south-carolina-senate-special-republican-primary-first-round-winner-20260721172033648,34779.74,1,0.0355,0,0.02,2026-08-11T23:59:00Z
3045818,Will Darline Graham Nordone win the first round of the South Carolina Republican Senate special primary?,south-carolina-senate-special-republican-primary-first-round-winner-20260721172033648,542346.35,24,0.595,1,0.02,2026-08-11T23:59:00Z
3045818,Will Darline Graham Nordone win the first round of the South Carolina Republican Senate special primary?,south-carolina-senate-special-republican-primary-first-round-winner-20260721172033648,542346.35,1,0.705,1,0.02,2026-08-11T23:59:00Z
3045820,Will Ralph Norman win the first round of the South Carolina Republican Senate special primary?,south-carolina-senate-special-republican-primary-first-round-winner-20260721172033648,36609.71,24,0.315,0,0.02,2026-08-11T23:59:00Z
3045820,Will Ralph Norman win the first round of the South Carolina Republican Senate special primary?,south-carolina-senate-special-republican-primary-first-round-winner-20260721172033648,36609.71,1,0.235,0,0.02,2026-08-11T23:59:00Z
3045821,Will Mark Sanford win the first round of the South Carolina Republican Senate special primary?,south-carolina-senate-special-republican-primary-first-round-winner-20260721172033648,10552.3,24,0.0005,0,0.02,2026-08-11T23:59:00Z
3045821,Will Mark Sanford win the first round of the South Carolina Republican Senate special primary?,south-carolina-senate-special-republican-primary-first-round-winner-20260721172033648,10552.3,1,0.025,0,0.02,2026-08-11T23:59:00Z
3055001,"Will Houthis successfully target shipping on August 8, 2026?",houthis-successfully-target-shipping-onptptpt-20260722225036915,15269.25,24,0.2605,0,0.02,2026-08-08T23:59:00Z
3055001,"Will Houthis successfully target shipping on August 8, 2026?",houthis-successfully-target-shipping-onptptpt-20260722225036915,15269.25,1,0.0105,0,0.02,2026-08-08T23:59:00Z
3055004,"Will Houthis successfully target shipping on August 11, 2026?",houthis-successfully-target-shipping-onptptpt-20260722225036915,10680.83,24,0.0325,1,0.02,2026-08-11T23:59:00Z
3055004,"Will Houthis successfully target shipping on August 11, 2026?",houthis-successfully-target-shipping-onptptpt-20260722225036915,10680.83,1,0.949,1,0.02,2026-08-11T23:59:00Z
3055393,Will Madonna's monthly listeners figure hit 58m by August 31?,madonna-monthly-listeners-hits-by-august-31-20260721170826349,13609.43,720,0.0215,0,132.02,2026-09-01T03:59:00Z
3055393,Will Madonna's monthly listeners figure hit 58m by August 31?,madonna-monthly-listeners-hits-by-august-31-20260721170826349,13609.43,168,0.029,0,0.03,2026-09-01T03:59:00Z
3055393,Will Madonna's monthly listeners figure hit 58m by August 31?,madonna-monthly-listeners-hits-by-august-31-20260721170826349,13609.43,24,0.0215,0,0.02,2026-09-01T03:59:00Z
3055393,Will Madonna's monthly listeners figure hit 58m by August 31?,madonna-monthly-listeners-hits-by-august-31-20260721170826349,13609.43,1,0.011,0,0.02,2026-09-01T03:59:00Z
3057511,Will Shakira's monthly listeners figure hit 107m by August 31?,shakira-monthly-listeners-hits-by-august-31-20260721170950171,15128.15,720,0.3335,1,136.02,2026-08-31T23:59:00Z
3068943,Will Dalia Al-Aqidi be the MN-05 Republican nominee?,mn-05-republican-primary-winner-20260723154244852,57446.82,24,0.73,0,0.01,2026-08-11T00:00:00Z
3068943,Will Dalia Al-Aqidi be the MN-05 Republican nominee?,mn-05-republican-primary-winner-20260723154244852,57446.82,1,0.795,0,0.0,2026-08-11T00:00:00Z
3068944,Will John Nagel be the MN-05 Republican nominee?,mn-05-republican-primary-winner-20260723154244852,49666.4,24,0.265,1,0.01,2026-08-11T00:00:00Z
3068944,Will John Nagel be the MN-05 Republican nominee?,mn-05-republican-primary-winner-20260723154244852,49666.4,1,0.195,1,0.0,2026-08-11T00:00:00Z
3069670,Will Chuck Gray be the WY-AL Republican nominee?,wy-al-republican-primary-winner-20260723165335296,88063.23,168,0.225,1,0.02,2026-08-18T23:59:00Z
3069670,Will Chuck Gray be the WY-AL Republican nominee?,wy-al-republican-primary-winner-20260723165335296,88063.23,24,0.735,1,0.02,2026-08-18T23:59:00Z
3069670,Will Chuck Gray be the WY-AL Republican nominee?,wy-al-republican-primary-winner-20260723165335296,88063.23,1,0.715,1,0.02,2026-08-18T23:59:00Z
3069674,Will Kevin Christensen be the WY-AL Republican nominee?,wy-al-republican-primary-winner-20260723165335296,10909.47,168,0.0915,0,0.02,2026-08-18T23:59:00Z
3069674,Will Kevin Christensen be the WY-AL Republican nominee?,wy-al-republican-primary-winner-20260723165335296,10909.47,24,0.0355,0,0.03,2026-08-18T23:59:00Z
3069674,Will Kevin Christensen be the WY-AL Republican nominee?,wy-al-republican-primary-winner-20260723165335296,10909.47,1,0.0155,0,0.02,2026-08-18T23:59:00Z
3069676,Will Steve Friess be the WY-AL Republican nominee?,wy-al-republican-primary-winner-20260723165335296,66633.65,168,0.515,0,0.02,2026-08-18T23:59:00Z
3069676,Will Steve Friess be the WY-AL Republican nominee?,wy-al-republican-primary-winner-20260723165335296,66633.65,24,0.23,0,0.03,2026-08-18T23:59:00Z
3069676,Will Steve Friess be the WY-AL Republican nominee?,wy-al-republican-primary-winner-20260723165335296,66633.65,1,0.275,0,0.02,2026-08-18T23:59:00Z
3069703,Will Carey Baker be the FL-11 Republican nominee?,fl-11-republican-primary-winner-20260723173936216,11595.57,168,0.275,0,0.02,2026-08-18T23:59:00Z
3069703,Will Carey Baker be the FL-11 Republican nominee?,fl-11-republican-primary-winner-20260723173936216,11595.57,24,0.225,0,0.02,2026-08-18T23:59:00Z
3069703,Will Carey Baker be the FL-11 Republican nominee?,fl-11-republican-primary-winner-20260723173936216,11595.57,1,0.085,0,0.02,2026-08-18T23:59:00Z
3069706,Will Joe Strada be the FL-11 Republican nominee?,fl-11-republican-primary-winner-20260723173936216,17436.78,168,0.64,1,0.02,2026-08-18T23:59:00Z
3069706,Will Joe Strada be the FL-11 Republican nominee?,fl-11-republican-primary-winner-20260723173936216,17436.78,24,0.765,1,0.02,2026-08-18T23:59:00Z
3069706,Will Joe Strada be the FL-11 Republican nominee?,fl-11-republican-primary-winner-20260723173936216,17436.78,1,0.915,1,0.02,2026-08-18T23:59:00Z
3069714,Will Mike Beltran be the FL-14 Republican nominee?,fl-14-republican-primary-winner-20260723180614386,31497.62,168,0.37,1,0.02,2026-08-18T23:59:00Z
3069714,Will Mike Beltran be the FL-14 Republican nominee?,fl-14-republican-primary-winner-20260723180614386,31497.62,24,0.715,1,0.02,2026-08-18T23:59:00Z
3069714,Will Mike Beltran be the FL-14 Republican nominee?,fl-14-republican-primary-winner-20260723180614386,31497.62,1,0.815,1,0.02,2026-08-18T23:59:00Z
3069719,Will Kevin Steele be the FL-14 Republican nominee?,fl-14-republican-primary-winner-20260723180614386,21547.01,168,0.565,0,0.02,2026-08-18T23:59:00Z
3069719,Will Kevin Steele be the FL-14 Republican nominee?,fl-14-republican-primary-winner-20260723180614386,21547.01,24,0.255,0,0.02,2026-08-18T23:59:00Z
3069719,Will Kevin Steele be the FL-14 Republican nominee?,fl-14-republican-primary-winner-20260723180614386,21547.01,1,0.2,0,0.02,2026-08-18T23:59:00Z
3069744,Will Casey Askar be the FL-22 Republican nominee?,fl-22-republican-primary-winner-20260723181248781,21892.17,168,0.064,1,0.02,2026-08-18T23:59:00Z
3069744,Will Casey Askar be the FL-22 Republican nominee?,fl-22-republican-primary-winner-20260723181248781,21892.17,24,0.209,1,0.03,2026-08-18T23:59:00Z
3069744,Will Casey Askar be the FL-22 Republican nominee?,fl-22-republican-primary-winner-20260723181248781,21892.17,1,0.4515,1,0.02,2026-08-18T23:59:00Z
3069745,Will David Burck be the FL-22 Republican nominee?,fl-22-republican-primary-winner-20260723181248781,22301.36,168,0.3885,0,0.02,2026-08-18T23:59:00Z
3069745,Will David Burck be the FL-22 Republican nominee?,fl-22-republican-primary-winner-20260723181248781,22301.36,24,0.105,0,0.03,2026-08-18T23:59:00Z
3069745,Will David Burck be the FL-22 Republican nominee?,fl-22-republican-primary-winner-20260723181248781,22301.36,1,0.1525,0,0.02,2026-08-18T23:59:00Z
3069746,Will Michael Carbonara be the FL-22 Republican nominee?,fl-22-republican-primary-winner-20260723181248781,55775.65,168,0.385,0,0.02,2026-08-18T23:59:00Z
3069746,Will Michael Carbonara be the FL-22 Republican nominee?,fl-22-republican-primary-winner-20260723181248781,55775.65,24,0.29,0,0.03,2026-08-18T23:59:00Z
3069746,Will Michael Carbonara be the FL-22 Republican nominee?,fl-22-republican-primary-winner-20260723181248781,55775.65,1,0.26,0,0.02,2026-08-18T23:59:00Z
3069749,Will Belinda Keiser be the FL-22 Republican nominee?,fl-22-republican-primary-winner-20260723181248781,17638.6,168,0.125,0,0.02,2026-08-18T23:59:00Z
3069749,Will Belinda Keiser be the FL-22 Republican nominee?,fl-22-republican-primary-winner-20260723181248781,17638.6,24,0.33,0,0.03,2026-08-18T23:59:00Z
3069749,Will Belinda Keiser be the FL-22 Republican nominee?,fl-22-republican-primary-winner-20260723181248781,17638.6,1,0.165,0,0.02,2026-08-18T23:59:00Z
3069760,Will George Moraitis be the FL-25 Republican nominee?,fl-25-republican-primary-winner-20260723181519479,14956.79,168,0.125,0,0.02,2026-08-18T23:59:00Z
3069760,Will George Moraitis be the FL-25 Republican nominee?,fl-25-republican-primary-winner-20260723181519479,14956.79,24,0.08,0,0.03,2026-08-18T23:59:00Z
3069760,Will George Moraitis be the FL-25 Republican nominee?,fl-25-republican-primary-winner-20260723181519479,14956.79,1,0.07,0,0.02,2026-08-18T23:59:00Z
3069761,Will Scott Singer be the FL-25 Republican nominee?,fl-25-republican-primary-winner-20260723181519479,61217.04,168,0.69,1,0.02,2026-08-18T23:59:00Z
3069761,Will Scott Singer be the FL-25 Republican nominee?,fl-25-republican-primary-winner-20260723181519479,61217.04,24,0.815,1,0.02,2026-08-18T23:59:00Z
3069761,Will Scott Singer be the FL-25 Republican nominee?,fl-25-republican-primary-winner-20260723181519479,61217.04,1,0.825,1,0.02,2026-08-18T23:59:00Z
3071644,Will Nate Pollnow be the Wisconsin Secretary of State Republican nominee?,wisconsin-secretary-of-state-republican-primary-winner-20260723203728903,32665.54,24,0.805,0,0.0,2026-08-11T00:00:00Z
3071644,Will Nate Pollnow be the Wisconsin Secretary of State Republican nominee?,wisconsin-secretary-of-state-republican-primary-winner-20260723203728903,32665.54,1,0.92,0,0.0,2026-08-11T00:00:00Z
3071645,Will Jay Schroeder be the Wisconsin Secretary of State Republican nominee?,wisconsin-secretary-of-state-republican-primary-winner-20260723203728903,36457.99,24,0.175,1,0.01,2026-08-11T00:00:00Z
3071645,Will Jay Schroeder be the Wisconsin Secretary of State Republican nominee?,wisconsin-secretary-of-state-republican-primary-winner-20260723203728903,36457.99,1,0.05,1,0.0,2026-08-11T00:00:00Z
3075568,Will Alex Palou win the 2026 NTT IndyCar Series?,ntt-indycar-series-2026-champion-20260722191142057,20440.67,720,0.905,1,0.02,2026-09-06T23:59:00Z
3075568,Will Alex Palou win the 2026 NTT IndyCar Series?,ntt-indycar-series-2026-champion-20260722191142057,20440.67,168,0.9715,1,0.02,2026-09-06T23:59:00Z
3075568,Will Alex Palou win the 2026 NTT IndyCar Series?,ntt-indycar-series-2026-champion-20260722191142057,20440.67,24,0.9995,1,0.02,2026-09-06T23:59:00Z
3075568,Will Alex Palou win the 2026 NTT IndyCar Series?,ntt-indycar-series-2026-champion-20260722191142057,20440.67,1,0.9995,1,0.02,2026-09-06T23:59:00Z
3076415,Will Elon Musk post 480-499 tweets in August 2026?,elon-musk-of-tweets-august-2026,13764.17,720,0.002,0,132.0,2026-09-01T04:00:00Z
3076426,Will Elon Musk post 520-539 tweets in August 2026?,elon-musk-of-tweets-august-2026,15481.97,720,0.002,0,132.0,2026-09-01T04:00:00Z
3076428,Will Elon Musk post 540-559 tweets in August 2026?,elon-musk-of-tweets-august-2026,12403.93,720,0.004,0,132.0,2026-09-01T04:00:00Z
3076430,Will Elon Musk post 560-579 tweets in August 2026?,elon-musk-of-tweets-august-2026,14391.78,720,0.005,0,132.0,2026-09-01T04:00:00Z
3076436,Will Elon Musk post 580-599 tweets in August 2026?,elon-musk-of-tweets-august-2026,15937.0,720,0.011,0,132.0,2026-09-01T04:00:00Z
3076441,Will Elon Musk post 600-619 tweets in August 2026?,elon-musk-of-tweets-august-2026,15092.67,720,0.0115,0,132.0,2026-09-01T04:00:00Z
3076445,Will Elon Musk post 620-639 tweets in August 2026?,elon-musk-of-tweets-august-2026,11808.98,720,0.0135,0,132.0,2026-09-01T04:00:00Z
3076461,Will Elon Musk post 700-719 tweets in August 2026?,elon-musk-of-tweets-august-2026,11523.97,720,0.0235,0,132.0,2026-09-01T04:00:00Z
3076461,Will Elon Musk post 700-719 tweets in August 2026?,elon-musk-of-tweets-august-2026,11523.97,168,0.0005,0,0.01,2026-09-01T04:00:00Z
3076464,Will Elon Musk post 720-739 tweets in August 2026?,elon-musk-of-tweets-august-2026,13351.2,720,0.041,0,132.0,2026-09-01T04:00:00Z
3076464,Will Elon Musk post 720-739 tweets in August 2026?,elon-musk-of-tweets-august-2026,13351.2,168,0.0005,0,0.01,2026-09-01T04:00:00Z
3076468,Will Elon Musk post 740-759 tweets in August 2026?,elon-musk-of-tweets-august-2026,14068.98,720,0.044,0,132.0,2026-09-01T04:00:00Z
3076468,Will Elon Musk post 740-759 tweets in August 2026?,elon-musk-of-tweets-august-2026,14068.98,168,0.0005,0,0.01,2026-09-01T04:00:00Z
3076470,Will Elon Musk post 760-779 tweets in August 2026?,elon-musk-of-tweets-august-2026,28291.34,720,0.071,0,132.0,2026-09-01T04:00:00Z
3076470,Will Elon Musk post 760-779 tweets in August 2026?,elon-musk-of-tweets-august-2026,28291.34,168,0.0005,0,0.01,2026-09-01T04:00:00Z
3076475,Will Elon Musk post 780-799 tweets in August 2026?,elon-musk-of-tweets-august-2026,36057.96,720,0.0755,0,132.0,2026-09-01T04:00:00Z
3076475,Will Elon Musk post 780-799 tweets in August 2026?,elon-musk-of-tweets-august-2026,36057.96,168,0.0025,0,0.01,2026-09-01T04:00:00Z
3076478,Will Elon Musk post 800-839 tweets in August 2026?,elon-musk-of-tweets-august-2026,97040.26,720,0.1145,0,132.0,2026-09-01T04:00:00Z
3076478,Will Elon Musk post 800-839 tweets in August 2026?,elon-musk-of-tweets-august-2026,97040.26,168,0.0325,0,0.01,2026-09-01T04:00:00Z
3076479,Will Elon Musk post 840-879 tweets in August 2026?,elon-musk-of-tweets-august-2026,183591.2,720,0.157,0,132.0,2026-09-01T04:00:00Z
3076479,Will Elon Musk post 840-879 tweets in August 2026?,elon-musk-of-tweets-august-2026,183591.2,168,0.1485,0,0.01,2026-09-01T04:00:00Z
3076479,Will Elon Musk post 840-879 tweets in August 2026?,elon-musk-of-tweets-august-2026,183591.2,24,0.1865,0,0.0,2026-09-01T04:00:00Z
3076479,Will Elon Musk post 840-879 tweets in August 2026?,elon-musk-of-tweets-august-2026,183591.2,1,0.0015,0,0.01,2026-09-01T04:00:00Z
3076480,Will Elon Musk post 880-919 tweets in August 2026?,elon-musk-of-tweets-august-2026,65846.88,720,0.16,1,132.0,2026-09-01T04:00:00Z
3076480,Will Elon Musk post 880-919 tweets in August 2026?,elon-musk-of-tweets-august-2026,65846.88,168,0.245,1,0.01,2026-09-01T04:00:00Z
3076480,Will Elon Musk post 880-919 tweets in August 2026?,elon-musk-of-tweets-august-2026,65846.88,24,0.755,1,0.0,2026-09-01T04:00:00Z
3076480,Will Elon Musk post 880-919 tweets in August 2026?,elon-musk-of-tweets-august-2026,65846.88,1,0.9985,1,0.01,2026-09-01T04:00:00Z
3076481,Will Elon Musk post 920-959 tweets in August 2026?,elon-musk-of-tweets-august-2026,50443.42,720,0.109,0,132.0,2026-09-01T04:00:00Z
3076481,Will Elon Musk post 920-959 tweets in August 2026?,elon-musk-of-tweets-august-2026,50443.42,168,0.2415,0,0.01,2026-09-01T04:00:00Z
3076481,Will Elon Musk post 920-959 tweets in August 2026?,elon-musk-of-tweets-august-2026,50443.42,24,0.037,0,0.0,2026-09-01T04:00:00Z
3076481,Will Elon Musk post 920-959 tweets in August 2026?,elon-musk-of-tweets-august-2026,50443.42,1,0.0005,0,0.0,2026-09-01T04:00:00Z
3076482,Will Elon Musk post 960-999 tweets in August 2026?,elon-musk-of-tweets-august-2026,38869.79,720,0.1045,0,132.0,2026-09-01T04:00:00Z
3076482,Will Elon Musk post 960-999 tweets in August 2026?,elon-musk-of-tweets-august-2026,38869.79,168,0.176,0,0.01,2026-09-01T04:00:00Z
3076482,Will Elon Musk post 960-999 tweets in August 2026?,elon-musk-of-tweets-august-2026,38869.79,24,0.003,0,0.0,2026-09-01T04:00:00Z
3076482,Will Elon Musk post 960-999 tweets in August 2026?,elon-musk-of-tweets-august-2026,38869.79,1,0.0005,0,0.0,2026-09-01T04:00:00Z
3076483,Will Elon Musk post 1000+ tweets in August 2026?,elon-musk-of-tweets-august-2026,32074.81,720,0.19,0,132.0,2026-09-01T04:00:00Z
3076483,Will Elon Musk post 1000+ tweets in August 2026?,elon-musk-of-tweets-august-2026,32074.81,168,0.149,0,0.01,2026-09-01T04:00:00Z
3076483,Will Elon Musk post 1000+ tweets in August 2026?,elon-musk-of-tweets-august-2026,32074.81,24,0.0015,0,0.0,2026-09-01T04:00:00Z
3076483,Will Elon Musk post 1000+ tweets in August 2026?,elon-musk-of-tweets-august-2026,32074.81,1,0.0005,0,0.0,2026-09-01T04:00:00Z
3081654,Will Ademola Adeleke win the 2026 Osun State gubernatorial elections?,osun-state-gubernatorial-election-winner-20260722191218748,37593.09,168,0.67,1,0.02,2026-08-15T23:59:00Z
3081654,Will Ademola Adeleke win the 2026 Osun State gubernatorial elections?,osun-state-gubernatorial-election-winner-20260722191218748,37593.09,24,0.8,1,0.02,2026-08-15T23:59:00Z
3081654,Will Ademola Adeleke win the 2026 Osun State gubernatorial elections?,osun-state-gubernatorial-election-winner-20260722191218748,37593.09,1,0.945,1,0.02,2026-08-15T23:59:00Z
3081659,Will Bola Oyebamiji win the 2026 Osun State gubernatorial elections?,osun-state-gubernatorial-election-winner-20260722191218748,34072.69,168,0.315,0,0.02,2026-08-15T23:59:00Z
3081659,Will Bola Oyebamiji win the 2026 Osun State gubernatorial elections?,osun-state-gubernatorial-election-winner-20260722191218748,34072.69,24,0.205,0,0.02,2026-08-15T23:59:00Z
3081659,Will Bola Oyebamiji win the 2026 Osun State gubernatorial elections?,osun-state-gubernatorial-election-winner-20260722191218748,34072.69,1,0.0395,0,0.02,2026-08-15T23:59:00Z
3081797,Will UPND win the most seats in the 2026 Zambia National Assembly Election?,zambia-national-assembly-election-party-winner-20260715200607239,20887.45,168,0.961,1,36.02,2026-08-13T03:59:00Z
3081797,Will UPND win the most seats in the 2026 Zambia National Assembly Election?,zambia-national-assembly-election-party-winner-20260715200607239,20887.45,24,0.986,1,0.02,2026-08-13T03:59:00Z
3081797,Will UPND win the most seats in the 2026 Zambia National Assembly Election?,zambia-national-assembly-election-party-winner-20260715200607239,20887.45,1,0.9875,1,0.02,2026-08-13T03:59:00Z
3085957,"Will Oregon reach D4 (Exceptional Drought) by August 31, 2026?",will-oregon-reach-d4-exceptional-drought-by-august-31-2026-20260721193813646,18406.51,720,0.435,1,132.02,2026-09-01T03:59:00Z
3089557,Will Russia capture Novyi Donbas by August 31?,will-russia-capture-novyi-donbas-byptptpt-20260724163321934,51551.35,720,0.17,0,132.02,2026-09-01T03:59:00Z
3089557,Will Russia capture Novyi Donbas by August 31?,will-russia-capture-novyi-donbas-byptptpt-20260724163321934,51551.35,168,0.09,0,0.03,2026-09-01T03:59:00Z
3089557,Will Russia capture Novyi Donbas by August 31?,will-russia-capture-novyi-donbas-byptptpt-20260724163321934,51551.35,24,0.0355,0,0.02,2026-09-01T03:59:00Z
3089557,Will Russia capture Novyi Donbas by August 31?,will-russia-capture-novyi-donbas-byptptpt-20260724163321934,51551.35,1,0.0005,0,0.02,2026-09-01T03:59:00Z
3089566,Will Russia capture Kucheriv Yar by August 31?,will-russia-capture-kucheriv-yar-byptptpt-20260724165221452,131365.83,720,0.071,0,132.02,2026-09-01T03:59:00Z
3089566,Will Russia capture Kucheriv Yar by August 31?,will-russia-capture-kucheriv-yar-byptptpt-20260724165221452,131365.83,168,0.0705,0,0.03,2026-09-01T03:59:00Z
3089566,Will Russia capture Kucheriv Yar by August 31?,will-russia-capture-kucheriv-yar-byptptpt-20260724165221452,131365.83,24,0.0225,0,0.02,2026-09-01T03:59:00Z
3089566,Will Russia capture Kucheriv Yar by August 31?,will-russia-capture-kucheriv-yar-byptptpt-20260724165221452,131365.83,1,0.003,0,0.02,2026-09-01T03:59:00Z
3091050,"US x Iran diplomatic meeting by August 15, 2026?",next-round-of-us-iran-peace-talks-byptptpt-20260623022722982,501971.09,168,0.055,0,0.02,2026-08-16T03:59:00Z
3091050,"US x Iran diplomatic meeting by August 15, 2026?",next-round-of-us-iran-peace-talks-byptptpt-20260623022722982,501971.09,24,0.0035,0,0.02,2026-08-16T03:59:00Z
3091050,"US x Iran diplomatic meeting by August 15, 2026?",next-round-of-us-iran-peace-talks-byptptpt-20260623022722982,501971.09,1,0.0015,0,0.02,2026-08-16T03:59:00Z
3092034,Will Russia enter Matiasheve by August 31?,will-russia-enter-matiasheve-byptptpt-20260724170338272,24772.45,720,0.996,1,136.02,2026-08-31T23:59:00Z
3092070,"Will claude-opus-4-6-thinking be the best AI model on August 10, 2026?",best-ai-model-on-august-10-20260724144642842,35597.03,24,0.0035,0,0.02,2026-08-10T23:59:00Z
3092072,"Will claude-fable-5 be the best AI model on August 10, 2026?",best-ai-model-on-august-10-20260724144642842,12265.8,24,0.001,0,0.02,2026-08-10T23:59:00Z
3092073,"Will any other model be the best AI model on August 10, 2026?",best-ai-model-on-august-10-20260724144642842,60155.38,24,0.9975,1,0.02,2026-08-10T23:59:00Z
3092982,Will The Left win the third most seats in the 2026 Sachsen-Anhalt parliamentary elections?,sachsen-anhalt-parliamentary-elections-3rd-place-20260722225837804,13604.85,720,0.959,0,0.02,2026-09-06T23:59:00Z
3092982,Will The Left win the third most seats in the 2026 Sachsen-Anhalt parliamentary elections?,sachsen-anhalt-parliamentary-elections-3rd-place-20260722225837804,13604.85,168,0.9455,0,0.02,2026-09-06T23:59:00Z
3092982,Will The Left win the third most seats in the 2026 Sachsen-Anhalt parliamentary elections?,sachsen-anhalt-parliamentary-elections-3rd-place-20260722225837804,13604.85,24,0.9585,0,0.02,2026-09-06T23:59:00Z
3092982,Will The Left win the third most seats in the 2026 Sachsen-Anhalt parliamentary elections?,sachsen-anhalt-parliamentary-elections-3rd-place-20260722225837804,13604.85,1,0.026,0,0.02,2026-09-06T23:59:00Z
3093329,Will AfD win fewer than 34 seats in the 2026 Sachsen-Anhalt parliamentary elections?,sachsen-anhalt-parliamentary-elections-afd-of-seats-20260722230807017,30692.15,720,0.0405,0,0.02,2026-09-06T23:59:00Z
3093329,Will AfD win fewer than 34 seats in the 2026 Sachsen-Anhalt parliamentary elections?,sachsen-anhalt-parliamentary-elections-afd-of-seats-20260722230807017,30692.15,168,0.0125,0,0.02,2026-09-06T23:59:00Z
3093329,Will AfD win fewer than 34 seats in the 2026 Sachsen-Anhalt parliamentary elections?,sachsen-anhalt-parliamentary-elections-afd-of-seats-20260722230807017,30692.15,24,0.0025,0,0.02,2026-09-06T23:59:00Z
3093329,Will AfD win fewer than 34 seats in the 2026 Sachsen-Anhalt parliamentary elections?,sachsen-anhalt-parliamentary-elections-afd-of-seats-20260722230807017,30692.15,1,0.0005,0,0.02,2026-09-06T23:59:00Z
3093330,Will AfD win 34-37 seats in the 2026 Sachsen-Anhalt parliamentary elections?,sachsen-anhalt-parliamentary-elections-afd-of-seats-20260722230807017,97135.02,720,0.1675,0,0.02,2026-09-06T23:59:00Z
3093330,Will AfD win 34-37 seats in the 2026 Sachsen-Anhalt parliamentary elections?,sachsen-anhalt-parliamentary-elections-afd-of-seats-20260722230807017,97135.02,168,0.05,0,0.02,2026-09-06T23:59:00Z
3093330,Will AfD win 34-37 seats in the 2026 Sachsen-Anhalt parliamentary elections?,sachsen-anhalt-parliamentary-elections-afd-of-seats-20260722230807017,97135.02,24,0.0695,0,0.02,2026-09-06T23:59:00Z
3093330,Will AfD win 34-37 seats in the 2026 Sachsen-Anhalt parliamentary elections?,sachsen-anhalt-parliamentary-elections-afd-of-seats-20260722230807017,97135.02,1,0.0005,0,0.02,2026-09-06T23:59:00Z
3093331,Will AfD win 38-41 seats in the 2026 Sachsen-Anhalt parliamentary elections?,sachsen-anhalt-parliamentary-elections-afd-of-seats-20260722230807017,94492.3,720,0.425,1,0.02,2026-09-06T23:59:00Z
3093331,Will AfD win 38-41 seats in the 2026 Sachsen-Anhalt parliamentary elections?,sachsen-anhalt-parliamentary-elections-afd-of-seats-20260722230807017,94492.3,168,0.775,1,0.02,2026-09-06T23:59:00Z
3093331,Will AfD win 38-41 seats in the 2026 Sachsen-Anhalt parliamentary elections?,sachsen-anhalt-parliamentary-elections-afd-of-seats-20260722230807017,94492.3,24,0.735,1,0.02,2026-09-06T23:59:00Z
3093331,Will AfD win 38-41 seats in the 2026 Sachsen-Anhalt parliamentary elections?,sachsen-anhalt-parliamentary-elections-afd-of-seats-20260722230807017,94492.3,1,0.9965,1,0.02,2026-09-06T23:59:00Z
3093332,Will AfD win 42-45 seats in the 2026 Sachsen-Anhalt parliamentary elections?,sachsen-anhalt-parliamentary-elections-afd-of-seats-20260722230807017,90476.97,720,0.195,0,0.02,2026-09-06T23:59:00Z
3093332,Will AfD win 42-45 seats in the 2026 Sachsen-Anhalt parliamentary elections?,sachsen-anhalt-parliamentary-elections-afd-of-seats-20260722230807017,90476.97,168,0.165,0,0.02,2026-09-06T23:59:00Z
3093332,Will AfD win 42-45 seats in the 2026 Sachsen-Anhalt parliamentary elections?,sachsen-anhalt-parliamentary-elections-afd-of-seats-20260722230807017,90476.97,24,0.175,0,0.02,2026-09-06T23:59:00Z
3093332,Will AfD win 42-45 seats in the 2026 Sachsen-Anhalt parliamentary elections?,sachsen-anhalt-parliamentary-elections-afd-of-seats-20260722230807017,90476.97,1,0.002,0,0.02,2026-09-06T23:59:00Z
3093333,Will AfD win 46-49 seats in the 2026 Sachsen-Anhalt parliamentary elections?,sachsen-anhalt-parliamentary-elections-afd-of-seats-20260722230807017,56248.85,720,0.12,0,0.02,2026-09-06T23:59:00Z
3093333,Will AfD win 46-49 seats in the 2026 Sachsen-Anhalt parliamentary elections?,sachsen-anhalt-parliamentary-elections-afd-of-seats-20260722230807017,56248.85,168,0.0235,0,0.02,2026-09-06T23:59:00Z
3093333,Will AfD win 46-49 seats in the 2026 Sachsen-Anhalt parliamentary elections?,sachsen-anhalt-parliamentary-elections-afd-of-seats-20260722230807017,56248.85,24,0.0415,0,0.02,2026-09-06T23:59:00Z
3093333,Will AfD win 46-49 seats in the 2026 Sachsen-Anhalt parliamentary elections?,sachsen-anhalt-parliamentary-elections-afd-of-seats-20260722230807017,56248.85,1,0.0005,0,0.02,2026-09-06T23:59:00Z
3093334,Will AfD win 50 or more seats in the 2026 Sachsen-Anhalt parliamentary elections?,sachsen-anhalt-parliamentary-elections-afd-of-seats-20260722230807017,53993.7,720,0.046,0,0.02,2026-09-06T23:59:00Z
3093334,Will AfD win 50 or more seats in the 2026 Sachsen-Anhalt parliamentary elections?,sachsen-anhalt-parliamentary-elections-afd-of-seats-20260722230807017,53993.7,168,0.0065,0,0.02,2026-09-06T23:59:00Z
3093334,Will AfD win 50 or more seats in the 2026 Sachsen-Anhalt parliamentary elections?,sachsen-anhalt-parliamentary-elections-afd-of-seats-20260722230807017,53993.7,24,0.0035,0,0.02,2026-09-06T23:59:00Z
3093334,Will AfD win 50 or more seats in the 2026 Sachsen-Anhalt parliamentary elections?,sachsen-anhalt-parliamentary-elections-afd-of-seats-20260722230807017,53993.7,1,0.0005,0,0.02,2026-09-06T23:59:00Z
3094307,Will the total domestic gross for The Odyssey be less than 490m by August 31?,the-odyssey-total-domestic-gross-by-august-31-higher-strikes-20260723204527748,17499.59,720,0.0015,0,132.02,2026-09-01T03:59:00Z
3094307,Will the total domestic gross for The Odyssey be less than 490m by August 31?,the-odyssey-total-domestic-gross-by-august-31-higher-strikes-20260723204527748,17499.59,168,0.0005,0,0.03,2026-09-01T03:59:00Z
3094307,Will the total domestic gross for The Odyssey be less than 490m by August 31?,the-odyssey-total-domestic-gross-by-august-31-higher-strikes-20260723204527748,17499.59,24,0.0005,0,0.02,2026-09-01T03:59:00Z
3094307,Will the total domestic gross for The Odyssey be less than 490m by August 31?,the-odyssey-total-domestic-gross-by-august-31-higher-strikes-20260723204527748,17499.59,1,0.0005,0,0.02,2026-09-01T03:59:00Z
3094308,Will the total domestic gross for The Odyssey be between 490m and 510m by August 31?,the-odyssey-total-domestic-gross-by-august-31-higher-strikes-20260723204527748,15964.61,720,0.0165,0,132.02,2026-09-01T03:59:00Z
3094308,Will the total domestic gross for The Odyssey be between 490m and 510m by August 31?,the-odyssey-total-domestic-gross-by-august-31-higher-strikes-20260723204527748,15964.61,168,0.0005,0,0.03,2026-09-01T03:59:00Z
3094308,Will the total domestic gross for The Odyssey be between 490m and 510m by August 31?,the-odyssey-total-domestic-gross-by-august-31-higher-strikes-20260723204527748,15964.61,24,0.0005,0,0.02,2026-09-01T03:59:00Z
3094308,Will the total domestic gross for The Odyssey be between 490m and 510m by August 31?,the-odyssey-total-domestic-gross-by-august-31-higher-strikes-20260723204527748,15964.61,1,0.0005,0,0.02,2026-09-01T03:59:00Z
3094309,Will the total domestic gross for The Odyssey be between 510m and 530m by August 31?,the-odyssey-total-domestic-gross-by-august-31-higher-strikes-20260723204527748,26012.36,720,0.05,0,132.02,2026-09-01T03:59:00Z
3094309,Will the total domestic gross for The Odyssey be between 510m and 530m by August 31?,the-odyssey-total-domestic-gross-by-august-31-higher-strikes-20260723204527748,26012.36,168,0.0005,0,0.03,2026-09-01T03:59:00Z
3094309,Will the total domestic gross for The Odyssey be between 510m and 530m by August 31?,the-odyssey-total-domestic-gross-by-august-31-higher-strikes-20260723204527748,26012.36,24,0.0005,0,0.02,2026-09-01T03:59:00Z
3094309,Will the total domestic gross for The Odyssey be between 510m and 530m by August 31?,the-odyssey-total-domestic-gross-by-august-31-higher-strikes-20260723204527748,26012.36,1,0.0005,0,0.02,2026-09-01T03:59:00Z
3094310,Will the total domestic gross for The Odyssey be between 530m and 550m by August 31?,the-odyssey-total-domestic-gross-by-august-31-higher-strikes-20260723204527748,80731.63,720,0.415,0,132.02,2026-09-01T03:59:00Z
3094310,Will the total domestic gross for The Odyssey be between 530m and 550m by August 31?,the-odyssey-total-domestic-gross-by-august-31-higher-strikes-20260723204527748,80731.63,168,0.0005,0,0.03,2026-09-01T03:59:00Z
3094310,Will the total domestic gross for The Odyssey be between 530m and 550m by August 31?,the-odyssey-total-domestic-gross-by-august-31-higher-strikes-20260723204527748,80731.63,24,0.0005,0,0.02,2026-09-01T03:59:00Z
3094310,Will the total domestic gross for The Odyssey be between 530m and 550m by August 31?,the-odyssey-total-domestic-gross-by-august-31-higher-strikes-20260723204527748,80731.63,1,0.0005,0,0.02,2026-09-01T03:59:00Z
3094311,Will the total domestic gross for The Odyssey be between 550m and 570m by August 31?,the-odyssey-total-domestic-gross-by-august-31-higher-strikes-20260723204527748,136266.8,720,0.445,1,132.02,2026-09-01T03:59:00Z
3094311,Will the total domestic gross for The Odyssey be between 550m and 570m by August 31?,the-odyssey-total-domestic-gross-by-august-31-higher-strikes-20260723204527748,136266.8,168,0.92,1,0.03,2026-09-01T03:59:00Z
3094311,Will the total domestic gross for The Odyssey be between 550m and 570m by August 31?,the-odyssey-total-domestic-gross-by-august-31-higher-strikes-20260723204527748,136266.8,24,0.994,1,0.02,2026-09-01T03:59:00Z
3094311,Will the total domestic gross for The Odyssey be between 550m and 570m by August 31?,the-odyssey-total-domestic-gross-by-august-31-higher-strikes-20260723204527748,136266.8,1,0.9985,1,0.02,2026-09-01T03:59:00Z
3094312,Will the total domestic gross for The Odyssey be at least 570m by August 31?,the-odyssey-total-domestic-gross-by-august-31-higher-strikes-20260723204527748,184658.87,720,0.085,0,132.02,2026-09-01T03:59:00Z
3094312,Will the total domestic gross for The Odyssey be at least 570m by August 31?,the-odyssey-total-domestic-gross-by-august-31-higher-strikes-20260723204527748,184658.87,168,0.0785,0,0.03,2026-09-01T03:59:00Z
3094312,Will the total domestic gross for The Odyssey be at least 570m by August 31?,the-odyssey-total-domestic-gross-by-august-31-higher-strikes-20260723204527748,184658.87,24,0.0025,0,0.02,2026-09-01T03:59:00Z
3094312,Will the total domestic gross for The Odyssey be at least 570m by August 31?,the-odyssey-total-domestic-gross-by-august-31-higher-strikes-20260723204527748,184658.87,1,0.0005,0,0.02,2026-09-01T03:59:00Z
3096127,"Will Meta Platforms, Inc. (META) hit (HIGH) $620 in August?",what-price-will-meta-hit-in-august-2026,10603.61,720,0.64,0,132.0,2026-09-01T03:59:59.999Z
3096127,"Will Meta Platforms, Inc. (META) hit (HIGH) $620 in August?",what-price-will-meta-hit-in-august-2026,10603.61,168,0.052,0,0.01,2026-09-01T03:59:59.999Z
3096127,"Will Meta Platforms, Inc. (META) hit (HIGH) $620 in August?",what-price-will-meta-hit-in-august-2026,10603.61,24,0.1005,0,0.0,2026-09-01T03:59:59.999Z
3096146,"Will Tesla, Inc. (TSLA) hit (HIGH) $375 in August?",what-price-will-tsla-hit-in-august-2026,17743.03,720,0.265,0,132.0,2026-09-01T03:59:59.999Z
3096146,"Will Tesla, Inc. (TSLA) hit (HIGH) $375 in August?",what-price-will-tsla-hit-in-august-2026,17743.03,168,0.205,0,0.02,2026-09-01T03:59:59.999Z
3096146,"Will Tesla, Inc. (TSLA) hit (HIGH) $375 in August?",what-price-will-tsla-hit-in-august-2026,17743.03,24,0.025,0,0.0,2026-09-01T03:59:59.999Z
3096167,Will NVIDIA (NVDA) hit (HIGH) $248 in August?,what-price-will-nvda-hit-in-august-2026,15421.94,720,0.2975,0,132.0,2026-09-01T03:59:59.999Z
3096167,Will NVIDIA (NVDA) hit (HIGH) $248 in August?,what-price-will-nvda-hit-in-august-2026,15421.94,168,0.044,0,0.01,2026-09-01T03:59:59.999Z
3096167,Will NVIDIA (NVDA) hit (HIGH) $248 in August?,what-price-will-nvda-hit-in-august-2026,15421.94,24,0.005,0,0.0,2026-09-01T03:59:59.999Z
3096169,Will NVIDIA (NVDA) hit (HIGH) $240 in August?,what-price-will-nvda-hit-in-august-2026,45449.87,720,0.475,0,132.0,2026-09-01T03:59:59.999Z
3096169,Will NVIDIA (NVDA) hit (HIGH) $240 in August?,what-price-will-nvda-hit-in-august-2026,45449.87,168,0.1,0,0.02,2026-09-01T03:59:59.999Z
3096169,Will NVIDIA (NVDA) hit (HIGH) $240 in August?,what-price-will-nvda-hit-in-august-2026,45449.87,24,0.0245,0,0.0,2026-09-01T03:59:59.999Z
3096170,Will NVIDIA (NVDA) hit (HIGH) $232 in August?,what-price-will-nvda-hit-in-august-2026,29393.5,720,0.725,0,132.0,2026-09-01T03:59:59.999Z
3096170,Will NVIDIA (NVDA) hit (HIGH) $232 in August?,what-price-will-nvda-hit-in-august-2026,29393.5,168,0.315,0,0.02,2026-09-01T03:59:59.999Z
3096170,Will NVIDIA (NVDA) hit (HIGH) $232 in August?,what-price-will-nvda-hit-in-august-2026,29393.5,24,0.018,0,0.0,2026-09-01T03:59:59.999Z
3096177,Will NVIDIA (NVDA) hit (LOW) $184 in August?,what-price-will-nvda-hit-in-august-2026,10869.8,720,0.105,0,132.0,2026-09-01T03:59:59.999Z
3096177,Will NVIDIA (NVDA) hit (LOW) $184 in August?,what-price-will-nvda-hit-in-august-2026,10869.8,168,0.0895,0,0.02,2026-09-01T03:59:59.999Z
3096177,Will NVIDIA (NVDA) hit (LOW) $184 in August?,what-price-will-nvda-hit-in-august-2026,10869.8,24,0.0055,0,0.0,2026-09-01T03:59:59.999Z
3096178,Will NVIDIA (NVDA) hit (LOW) $176 in August?,what-price-will-nvda-hit-in-august-2026,17262.45,720,0.06,0,132.0,2026-09-01T03:59:59.999Z
3096178,Will NVIDIA (NVDA) hit (LOW) $176 in August?,what-price-will-nvda-hit-in-august-2026,17262.45,168,0.0385,0,0.01,2026-09-01T03:59:59.999Z
3096178,Will NVIDIA (NVDA) hit (LOW) $176 in August?,what-price-will-nvda-hit-in-august-2026,17262.45,24,0.005,0,0.0,2026-09-01T03:59:59.999Z
3096298,Will MicroStrategy (MSTR) hit (HIGH) $120 in August?,what-price-will-mstr-hit-in-august-2026,10005.0,720,0.5,1,132.0,2026-09-01T03:59:59.999Z
3096308,Will SpaceX (SPCX) hit (HIGH) $145 in August?,what-price-will-spcx-hit-in-august-2026,21910.4,720,0.23,1,132.0,2026-09-01T03:59:59.999Z
3096309,Will SpaceX (SPCX) hit (HIGH) $140 in August?,what-price-will-spcx-hit-in-august-2026,22892.09,720,0.325,1,132.0,2026-09-01T03:59:59.999Z
3096329,Will S&P 500 (SPY) hit (HIGH) $800 in August?,what-price-will-spy-hit-in-august-2026,17553.7,720,0.21,0,132.0,2026-09-01T03:59:59.999Z
3096329,Will S&P 500 (SPY) hit (HIGH) $800 in August?,what-price-will-spy-hit-in-august-2026,17553.7,168,0.024,0,0.01,2026-09-01T03:59:59.999Z
3096329,Will S&P 500 (SPY) hit (HIGH) $800 in August?,what-price-will-spy-hit-in-august-2026,17553.7,24,0.0045,0,0.0,2026-09-01T03:59:59.999Z
3096330,Will S&P 500 (SPY) hit (HIGH) $790 in August?,what-price-will-spy-hit-in-august-2026,36715.81,720,0.475,0,132.0,2026-09-01T03:59:59.999Z
3096330,Will S&P 500 (SPY) hit (HIGH) $790 in August?,what-price-will-spy-hit-in-august-2026,36715.81,168,0.0425,0,0.01,2026-09-01T03:59:59.999Z
3096330,Will S&P 500 (SPY) hit (HIGH) $790 in August?,what-price-will-spy-hit-in-august-2026,36715.81,24,0.028,0,0.0,2026-09-01T03:59:59.999Z
3096331,Will S&P 500 (SPY) hit (HIGH) $780 in August?,what-price-will-spy-hit-in-august-2026,39329.53,720,0.825,0,132.0,2026-09-01T03:59:59.999Z
3096331,Will S&P 500 (SPY) hit (HIGH) $780 in August?,what-price-will-spy-hit-in-august-2026,39329.53,168,0.155,0,0.02,2026-09-01T03:59:59.999Z
3096331,Will S&P 500 (SPY) hit (HIGH) $780 in August?,what-price-will-spy-hit-in-august-2026,39329.53,24,0.06,0,0.0,2026-09-01T03:59:59.999Z
3096336,Will S&P 500 (SPY) hit (LOW) $730 in August?,what-price-will-spy-hit-in-august-2026,20907.25,720,0.18,0,132.0,2026-09-01T03:59:59.999Z
3096336,Will S&P 500 (SPY) hit (LOW) $730 in August?,what-price-will-spy-hit-in-august-2026,20907.25,168,0.0345,0,0.02,2026-09-01T03:59:59.999Z
3096336,Will S&P 500 (SPY) hit (LOW) $730 in August?,what-price-will-spy-hit-in-august-2026,20907.25,24,0.012,0,0.0,2026-09-01T03:59:59.999Z
3096339,Will S&P 500 (SPY) hit (LOW) $700 in August?,what-price-will-spy-hit-in-august-2026,11598.49,720,0.05,0,132.0,2026-09-01T03:59:59.999Z
3096339,Will S&P 500 (SPY) hit (LOW) $700 in August?,what-price-will-spy-hit-in-august-2026,11598.49,168,0.004,0,0.01,2026-09-01T03:59:59.999Z
3096339,Will S&P 500 (SPY) hit (LOW) $700 in August?,what-price-will-spy-hit-in-august-2026,11598.49,24,0.002,0,0.0,2026-09-01T03:59:59.999Z
3096340,Will S&P 500 (SPY) hit (LOW) $690 in August?,what-price-will-spy-hit-in-august-2026,10453.9,720,0.0305,0,132.0,2026-09-01T03:59:59.999Z
3096340,Will S&P 500 (SPY) hit (LOW) $690 in August?,what-price-will-spy-hit-in-august-2026,10453.9,168,0.0065,0,0.01,2026-09-01T03:59:59.999Z
3096340,Will S&P 500 (SPY) hit (LOW) $690 in August?,what-price-will-spy-hit-in-august-2026,10453.9,24,0.0035,0,0.0,2026-09-01T03:59:59.999Z
3096357,"Will Gold (XAUUSD) hit (HIGH) $4,700 in August?",what-price-will-xauusd-hit-in-august-2026,271897.73,720,0.1835,0,132.0,2026-09-01T03:59:59.999Z
3096357,"Will Gold (XAUUSD) hit (HIGH) $4,700 in August?",what-price-will-xauusd-hit-in-august-2026,271897.73,168,0.7155,0,0.02,2026-09-01T03:59:59.999Z
3096357,"Will Gold (XAUUSD) hit (HIGH) $4,700 in August?",what-price-will-xauusd-hit-in-august-2026,271897.73,24,0.018,0,0.0,2026-09-01T03:59:59.999Z
3096358,"Will Gold (XAUUSD) hit (HIGH) $4,600 in August?",what-price-will-xauusd-hit-in-august-2026,126819.16,720,0.335,1,132.0,2026-09-01T03:59:59.999Z
3096359,"Will Gold (XAUUSD) hit (HIGH) $4,500 in August?",what-price-will-xauusd-hit-in-august-2026,81601.1,720,0.51,1,132.0,2026-09-01T03:59:59.999Z
3096360,"Will Gold (XAUUSD) hit (HIGH) $4,400 in August?",what-price-will-xauusd-hit-in-august-2026,73651.28,720,0.7945,1,132.0,2026-09-01T03:59:59.999Z
3096364,"Will Gold (XAUUSD) hit (LOW) $4,000 in August?",what-price-will-xauusd-hit-in-august-2026,79845.8,720,0.1,0,132.0,2026-09-01T03:59:59.999Z
3096364,"Will Gold (XAUUSD) hit (LOW) $4,000 in August?",what-price-will-xauusd-hit-in-august-2026,79845.8,168,0.028,0,0.01,2026-09-01T03:59:59.999Z
3096364,"Will Gold (XAUUSD) hit (LOW) $4,000 in August?",what-price-will-xauusd-hit-in-august-2026,79845.8,24,0.0015,0,0.0,2026-09-01T03:59:59.999Z
3096365,"Will Gold (XAUUSD) hit (LOW) $3,900 in August?",what-price-will-xauusd-hit-in-august-2026,92980.48,720,0.05,0,132.0,2026-09-01T03:59:59.999Z
3096365,"Will Gold (XAUUSD) hit (LOW) $3,900 in August?",what-price-will-xauusd-hit-in-august-2026,92980.48,168,0.0115,0,0.01,2026-09-01T03:59:59.999Z
3096365,"Will Gold (XAUUSD) hit (LOW) $3,900 in August?",what-price-will-xauusd-hit-in-august-2026,92980.48,24,0.001,0,0.0,2026-09-01T03:59:59.999Z
3096366,"Will Gold (XAUUSD) hit (LOW) $3,800 in August?",what-price-will-xauusd-hit-in-august-2026,50531.55,720,0.036,0,132.0,2026-09-01T03:59:59.999Z
3096366,"Will Gold (XAUUSD) hit (LOW) $3,800 in August?",what-price-will-xauusd-hit-in-august-2026,50531.55,168,0.0055,0,0.02,2026-09-01T03:59:59.999Z
3096366,"Will Gold (XAUUSD) hit (LOW) $3,800 in August?",what-price-will-xauusd-hit-in-august-2026,50531.55,24,0.0005,0,0.0,2026-09-01T03:59:59.999Z
3096367,"Will Gold (XAUUSD) hit (LOW) $3,700 in August?",what-price-will-xauusd-hit-in-august-2026,21911.88,720,0.018,0,132.0,2026-09-01T03:59:59.999Z
3096367,"Will Gold (XAUUSD) hit (LOW) $3,700 in August?",what-price-will-xauusd-hit-in-august-2026,21911.88,168,0.0025,0,0.01,2026-09-01T03:59:59.999Z
3096367,"Will Gold (XAUUSD) hit (LOW) $3,700 in August?",what-price-will-xauusd-hit-in-august-2026,21911.88,24,0.0005,0,0.0,2026-09-01T03:59:59.999Z
3096368,"Will Gold (XAUUSD) hit (LOW) $3,600 in August?",what-price-will-xauusd-hit-in-august-2026,16147.29,720,0.025,0,132.0,2026-09-01T03:59:59.999Z
3096368,"Will Gold (XAUUSD) hit (LOW) $3,600 in August?",what-price-will-xauusd-hit-in-august-2026,16147.29,168,0.0015,0,0.01,2026-09-01T03:59:59.999Z
3096368,"Will Gold (XAUUSD) hit (LOW) $3,600 in August?",what-price-will-xauusd-hit-in-august-2026,16147.29,24,0.0005,0,0.0,2026-09-01T03:59:59.999Z
3096369,"Will Gold (XAUUSD) hit (LOW) $3,500 in August?",what-price-will-xauusd-hit-in-august-2026,45637.87,720,0.0065,0,132.0,2026-09-01T03:59:59.999Z
3096369,"Will Gold (XAUUSD) hit (LOW) $3,500 in August?",what-price-will-xauusd-hit-in-august-2026,45637.87,168,0.0005,0,0.02,2026-09-01T03:59:59.999Z
3096369,"Will Gold (XAUUSD) hit (LOW) $3,500 in August?",what-price-will-xauusd-hit-in-august-2026,45637.87,24,0.0005,0,0.0,2026-09-01T03:59:59.999Z
3096370,"Will Gold (XAUUSD) hit (LOW) $3,400 in August?",what-price-will-xauusd-hit-in-august-2026,45607.01,720,0.0045,0,132.0,2026-09-01T03:59:59.999Z
3096370,"Will Gold (XAUUSD) hit (LOW) $3,400 in August?",what-price-will-xauusd-hit-in-august-2026,45607.01,168,0.0005,0,0.01,2026-09-01T03:59:59.999Z
3096370,"Will Gold (XAUUSD) hit (LOW) $3,400 in August?",what-price-will-xauusd-hit-in-august-2026,45607.01,24,0.0005,0,0.0,2026-09-01T03:59:59.999Z
3096382,Will Silver (XAGUSD) hit (HIGH) $72 in August?,what-price-will-xagusd-hit-in-august-2026,57825.38,720,0.275,0,132.0,2026-09-01T03:59:59.999Z
3096382,Will Silver (XAGUSD) hit (HIGH) $72 in August?,what-price-will-xagusd-hit-in-august-2026,57825.38,168,0.31,0,0.02,2026-09-01T03:59:59.999Z
3096382,Will Silver (XAGUSD) hit (HIGH) $72 in August?,what-price-will-xagusd-hit-in-august-2026,57825.38,24,0.026,0,0.0,2026-09-01T03:59:59.999Z
3096383,Will Silver (XAGUSD) hit (HIGH) $70 in August?,what-price-will-xagusd-hit-in-august-2026,47677.88,720,0.395,1,132.0,2026-09-01T03:59:59.999Z
3096384,Will Silver (XAGUSD) hit (HIGH) $68 in August?,what-price-will-xagusd-hit-in-august-2026,28887.22,720,0.52,1,132.0,2026-09-01T03:59:59.999Z
3096385,Will Silver (XAGUSD) hit (HIGH) $66 in August?,what-price-will-xagusd-hit-in-august-2026,10800.61,720,0.805,1,132.0,2026-09-01T03:59:59.999Z
3096390,Will Silver (XAGUSD) hit (LOW) $56 in August?,what-price-will-xagusd-hit-in-august-2026,21119.87,720,0.405,0,132.0,2026-09-01T03:59:59.999Z
3096390,Will Silver (XAGUSD) hit (LOW) $56 in August?,what-price-will-xagusd-hit-in-august-2026,21119.87,168,0.0115,0,0.01,2026-09-01T03:59:59.999Z
3096390,Will Silver (XAGUSD) hit (LOW) $56 in August?,what-price-will-xagusd-hit-in-august-2026,21119.87,24,0.0065,0,0.0,2026-09-01T03:59:59.999Z
3096391,Will Silver (XAGUSD) hit (LOW) $54 in August?,what-price-will-xagusd-hit-in-august-2026,25164.17,720,0.16,0,132.0,2026-09-01T03:59:59.999Z
3096391,Will Silver (XAGUSD) hit (LOW) $54 in August?,what-price-will-xagusd-hit-in-august-2026,25164.17,168,0.026,0,0.01,2026-09-01T03:59:59.999Z
3096391,Will Silver (XAGUSD) hit (LOW) $54 in August?,what-price-will-xagusd-hit-in-august-2026,25164.17,24,0.0055,0,0.0,2026-09-01T03:59:59.999Z
3096392,Will Silver (XAGUSD) hit (LOW) $52 in August?,what-price-will-xagusd-hit-in-august-2026,15581.08,720,0.054,0,132.0,2026-09-01T03:59:59.999Z
3096392,Will Silver (XAGUSD) hit (LOW) $52 in August?,what-price-will-xagusd-hit-in-august-2026,15581.08,168,0.019,0,0.02,2026-09-01T03:59:59.999Z
3096392,Will Silver (XAGUSD) hit (LOW) $52 in August?,what-price-will-xagusd-hit-in-august-2026,15581.08,24,0.0045,0,0.0,2026-09-01T03:59:59.999Z
3096393,Will Silver (XAGUSD) hit (LOW) $50 in August?,what-price-will-xagusd-hit-in-august-2026,15141.82,720,0.04,0,132.0,2026-09-01T03:59:59.999Z
3096393,Will Silver (XAGUSD) hit (LOW) $50 in August?,what-price-will-xagusd-hit-in-august-2026,15141.82,168,0.014,0,0.01,2026-09-01T03:59:59.999Z
3096393,Will Silver (XAGUSD) hit (LOW) $50 in August?,what-price-will-xagusd-hit-in-august-2026,15141.82,24,0.0005,0,0.0,2026-09-01T03:59:59.999Z
3096394,Will Silver (XAGUSD) hit (LOW) $48 in August?,what-price-will-xagusd-hit-in-august-2026,11372.75,720,0.023,0,132.0,2026-09-01T03:59:59.999Z
3096394,Will Silver (XAGUSD) hit (LOW) $48 in August?,what-price-will-xagusd-hit-in-august-2026,11372.75,168,0.0125,0,0.01,2026-09-01T03:59:59.999Z
3096394,Will Silver (XAGUSD) hit (LOW) $48 in August?,what-price-will-xagusd-hit-in-august-2026,11372.75,24,0.0005,0,0.0,2026-09-01T03:59:59.999Z
3096407,Will WTI Crude Oil (WTI) hit (HIGH) $150 in August?,what-price-will-wti-hit-in-august-2026,471196.49,720,0.005,0,132.0,2026-09-01T03:59:59.999Z
3096407,Will WTI Crude Oil (WTI) hit (HIGH) $150 in August?,what-price-will-wti-hit-in-august-2026,471196.49,168,0.0025,0,0.01,2026-09-01T03:59:59.999Z
3096407,Will WTI Crude Oil (WTI) hit (HIGH) $150 in August?,what-price-will-wti-hit-in-august-2026,471196.49,24,0.0005,0,0.0,2026-09-01T03:59:59.999Z
3096408,Will WTI Crude Oil (WTI) hit (HIGH) $140 in August?,what-price-will-wti-hit-in-august-2026,407020.7,720,0.007,0,132.0,2026-09-01T03:59:59.999Z
3096408,Will WTI Crude Oil (WTI) hit (HIGH) $140 in August?,what-price-will-wti-hit-in-august-2026,407020.7,168,0.0025,0,0.01,2026-09-01T03:59:59.999Z
3096408,Will WTI Crude Oil (WTI) hit (HIGH) $140 in August?,what-price-will-wti-hit-in-august-2026,407020.7,24,0.0005,0,0.0,2026-09-01T03:59:59.999Z
3096409,Will WTI Crude Oil (WTI) hit (HIGH) $130 in August?,what-price-will-wti-hit-in-august-2026,416242.32,720,0.0125,0,132.0,2026-09-01T03:59:59.999Z
3096409,Will WTI Crude Oil (WTI) hit (HIGH) $130 in August?,what-price-will-wti-hit-in-august-2026,416242.32,168,0.0035,0,0.02,2026-09-01T03:59:59.999Z
3096409,Will WTI Crude Oil (WTI) hit (HIGH) $130 in August?,what-price-will-wti-hit-in-august-2026,416242.32,24,0.001,0,0.0,2026-09-01T03:59:59.999Z
3096410,Will WTI Crude Oil (WTI) hit (HIGH) $120 in August?,what-price-will-wti-hit-in-august-2026,494016.49,720,0.017,0,132.0,2026-09-01T03:59:59.999Z
3096410,Will WTI Crude Oil (WTI) hit (HIGH) $120 in August?,what-price-will-wti-hit-in-august-2026,494016.49,168,0.0055,0,0.02,2026-09-01T03:59:59.999Z
3096410,Will WTI Crude Oil (WTI) hit (HIGH) $120 in August?,what-price-will-wti-hit-in-august-2026,494016.49,24,0.0005,0,0.0,2026-09-01T03:59:59.999Z
3096411,Will WTI Crude Oil (WTI) hit (HIGH) $110 in August?,what-price-will-wti-hit-in-august-2026,664271.33,720,0.044,0,132.0,2026-09-01T03:59:59.999Z
3096411,Will WTI Crude Oil (WTI) hit (HIGH) $110 in August?,what-price-will-wti-hit-in-august-2026,664271.33,168,0.01,0,0.01,2026-09-01T03:59:59.999Z
3096411,Will WTI Crude Oil (WTI) hit (HIGH) $110 in August?,what-price-will-wti-hit-in-august-2026,664271.33,24,0.0015,0,0.0,2026-09-01T03:59:59.999Z
3096412,Will WTI Crude Oil (WTI) hit (HIGH) $100 in August?,what-price-will-wti-hit-in-august-2026,842305.49,720,0.1,0,132.0,2026-09-01T03:59:59.999Z
3096412,Will WTI Crude Oil (WTI) hit (HIGH) $100 in August?,what-price-will-wti-hit-in-august-2026,842305.49,168,0.042,0,0.01,2026-09-01T03:59:59.999Z
3096412,Will WTI Crude Oil (WTI) hit (HIGH) $100 in August?,what-price-will-wti-hit-in-august-2026,842305.49,24,0.005,0,0.0,2026-09-01T03:59:59.999Z
3096413,Will WTI Crude Oil (WTI) hit (HIGH) $90 in August?,what-price-will-wti-hit-in-august-2026,1462952.35,720,0.265,0,132.0,2026-09-01T03:59:59.999Z
3096413,Will WTI Crude Oil (WTI) hit (HIGH) $90 in August?,what-price-will-wti-hit-in-august-2026,1462952.35,168,0.345,0,0.01,2026-09-01T03:59:59.999Z
3096413,Will WTI Crude Oil (WTI) hit (HIGH) $90 in August?,what-price-will-wti-hit-in-august-2026,1462952.35,24,0.035,0,0.0,2026-09-01T03:59:59.999Z
3096415,Will WTI Crude Oil (WTI) hit (LOW) $70 in August?,what-price-will-wti-hit-in-august-2026,520315.5,720,0.525,0,132.0,2026-09-01T03:59:59.999Z
3096415,Will WTI Crude Oil (WTI) hit (LOW) $70 in August?,what-price-will-wti-hit-in-august-2026,520315.5,168,0.0195,0,0.02,2026-09-01T03:59:59.999Z
3096415,Will WTI Crude Oil (WTI) hit (LOW) $70 in August?,what-price-will-wti-hit-in-august-2026,520315.5,24,0.0015,0,0.0,2026-09-01T03:59:59.999Z
3096416,Will WTI Crude Oil (WTI) hit (LOW) $60 in August?,what-price-will-wti-hit-in-august-2026,669041.74,720,0.0515,0,132.0,2026-09-01T03:59:59.999Z
3096416,Will WTI Crude Oil (WTI) hit (LOW) $60 in August?,what-price-will-wti-hit-in-august-2026,669041.74,168,0.004,0,0.01,2026-09-01T03:59:59.999Z
3096416,Will WTI Crude Oil (WTI) hit (LOW) $60 in August?,what-price-will-wti-hit-in-august-2026,669041.74,24,0.001,0,0.0,2026-09-01T03:59:59.999Z
3096417,Will WTI Crude Oil (WTI) hit (LOW) $50 in August?,what-price-will-wti-hit-in-august-2026,67599.89,720,0.0055,0,132.0,2026-09-01T03:59:59.999Z
3096417,Will WTI Crude Oil (WTI) hit (LOW) $50 in August?,what-price-will-wti-hit-in-august-2026,67599.89,168,0.0005,0,0.02,2026-09-01T03:59:59.999Z
3096417,Will WTI Crude Oil (WTI) hit (LOW) $50 in August?,what-price-will-wti-hit-in-august-2026,67599.89,24,0.0005,0,0.0,2026-09-01T03:59:59.999Z
3096418,Will WTI Crude Oil (WTI) hit (LOW) $40 in August?,what-price-will-wti-hit-in-august-2026,50393.66,720,0.004,0,132.0,2026-09-01T03:59:59.999Z
3096418,Will WTI Crude Oil (WTI) hit (LOW) $40 in August?,what-price-will-wti-hit-in-august-2026,50393.66,168,0.0005,0,0.01,2026-09-01T03:59:59.999Z
3096418,Will WTI Crude Oil (WTI) hit (LOW) $40 in August?,what-price-will-wti-hit-in-august-2026,50393.66,24,0.0005,0,0.0,2026-09-01T03:59:59.999Z
3096419,Will WTI Crude Oil (WTI) hit (LOW) $30 in August?,what-price-will-wti-hit-in-august-2026,49668.97,720,0.002,0,132.0,2026-09-01T03:59:59.999Z
3096419,Will WTI Crude Oil (WTI) hit (LOW) $30 in August?,what-price-will-wti-hit-in-august-2026,49668.97,168,0.0005,0,0.02,2026-09-01T03:59:59.999Z
3096419,Will WTI Crude Oil (WTI) hit (LOW) $30 in August?,what-price-will-wti-hit-in-august-2026,49668.97,24,0.0005,0,0.0,2026-09-01T03:59:59.999Z
3096420,Will WTI Crude Oil (WTI) hit (LOW) $20 in August?,what-price-will-wti-hit-in-august-2026,50150.94,720,0.0005,0,132.0,2026-09-01T03:59:59.999Z
3096420,Will WTI Crude Oil (WTI) hit (LOW) $20 in August?,what-price-will-wti-hit-in-august-2026,50150.94,168,0.0005,0,0.01,2026-09-01T03:59:59.999Z
3096420,Will WTI Crude Oil (WTI) hit (LOW) $20 in August?,what-price-will-wti-hit-in-august-2026,50150.94,24,0.0005,0,0.0,2026-09-01T03:59:59.999Z
3096434,Will Natural Gas (NG) hit (HIGH) $3.20 in August?,what-price-will-ng-hit-in-august-2026,12051.24,720,0.14,0,132.0,2026-09-01T03:59:59.999Z
3096434,Will Natural Gas (NG) hit (HIGH) $3.20 in August?,what-price-will-ng-hit-in-august-2026,12051.24,168,0.05,0,0.01,2026-09-01T03:59:59.999Z
3096434,Will Natural Gas (NG) hit (HIGH) $3.20 in August?,what-price-will-ng-hit-in-august-2026,12051.24,24,0.0065,0,0.0,2026-09-01T03:59:59.999Z
3096436,Will Natural Gas (NG) hit (HIGH) $3.00 in August?,what-price-will-ng-hit-in-august-2026,37870.43,720,0.295,0,132.0,2026-09-01T03:59:59.999Z
3096436,Will Natural Gas (NG) hit (HIGH) $3.00 in August?,what-price-will-ng-hit-in-august-2026,37870.43,168,0.082,0,0.01,2026-09-01T03:59:59.999Z
3096436,Will Natural Gas (NG) hit (HIGH) $3.00 in August?,what-price-will-ng-hit-in-august-2026,37870.43,24,0.048,0,0.0,2026-09-01T03:59:59.999Z
3096440,Will Natural Gas (NG) hit (LOW) $2.60 in August?,what-price-will-ng-hit-in-august-2026,21452.25,720,0.755,0,132.0,2026-09-01T03:59:59.999Z
3096440,Will Natural Gas (NG) hit (LOW) $2.60 in August?,what-price-will-ng-hit-in-august-2026,21452.25,168,0.1,0,0.01,2026-09-01T03:59:59.999Z
3096440,Will Natural Gas (NG) hit (LOW) $2.60 in August?,what-price-will-ng-hit-in-august-2026,21452.25,24,0.0055,0,0.0,2026-09-01T03:59:59.999Z
3099940,Will Lando Norris get pole position at the 2026 F1 Dutch Grand Prix?,f1-dutch-grand-prix-driver-pole-position-2026-08-22,11151.09,168,0.26,1,0.0,2026-08-29T14:00:00Z
3102462,Will WTI Crude Oil (WTI) hit (HIGH) $95 in August?,what-price-will-wti-hit-in-august-2026,1281556.72,720,0.165,0,132.0,2026-09-01T03:59:59.999Z
3102462,Will WTI Crude Oil (WTI) hit (HIGH) $95 in August?,what-price-will-wti-hit-in-august-2026,1281556.72,168,0.09,0,0.01,2026-09-01T03:59:59.999Z
3102462,Will WTI Crude Oil (WTI) hit (HIGH) $95 in August?,what-price-will-wti-hit-in-august-2026,1281556.72,24,0.0165,0,0.0,2026-09-01T03:59:59.999Z
3102464,Will WTI Crude Oil (WTI) hit (HIGH) $105 in August?,what-price-will-wti-hit-in-august-2026,584696.83,720,0.0585,0,132.0,2026-09-01T03:59:59.999Z
3102464,Will WTI Crude Oil (WTI) hit (HIGH) $105 in August?,what-price-will-wti-hit-in-august-2026,584696.83,168,0.0185,0,0.01,2026-09-01T03:59:59.999Z
3102464,Will WTI Crude Oil (WTI) hit (HIGH) $105 in August?,what-price-will-wti-hit-in-august-2026,584696.83,24,0.003,0,0.0,2026-09-01T03:59:59.999Z
3102466,Will WTI Crude Oil (WTI) hit (HIGH) $115 in August?,what-price-will-wti-hit-in-august-2026,489386.61,720,0.0325,0,132.0,2026-09-01T03:59:59.999Z
3102466,Will WTI Crude Oil (WTI) hit (HIGH) $115 in August?,what-price-will-wti-hit-in-august-2026,489386.61,168,0.0065,0,0.01,2026-09-01T03:59:59.999Z
3102466,Will WTI Crude Oil (WTI) hit (HIGH) $115 in August?,what-price-will-wti-hit-in-august-2026,489386.61,24,0.0015,0,0.0,2026-09-01T03:59:59.999Z
3102467,Will WTI Crude Oil (WTI) hit (LOW) $65 in August?,what-price-will-wti-hit-in-august-2026,484638.6,720,0.185,0,132.0,2026-09-01T03:59:59.999Z
3102467,Will WTI Crude Oil (WTI) hit (LOW) $65 in August?,what-price-will-wti-hit-in-august-2026,484638.6,168,0.007,0,0.02,2026-09-01T03:59:59.999Z
3102467,Will WTI Crude Oil (WTI) hit (LOW) $65 in August?,what-price-will-wti-hit-in-august-2026,484638.6,24,0.0005,0,0.0,2026-09-01T03:59:59.999Z
3103128,Will Vitória SC win on 2026-08-08?,por-gui-aro-2026-08-08,54378.58,24,0.505,0,0.0,2026-08-08T17:00:00Z
3103128,Will Vitória SC win on 2026-08-08?,por-gui-aro-2026-08-08,54378.58,1,0.495,0,0.0,2026-08-08T17:00:00Z
3103130,Will Vitória SC vs. FC Arouca end in a draw?,por-gui-aro-2026-08-08,13865.64,24,0.265,0,0.0,2026-08-08T17:00:00Z
3103130,Will Vitória SC vs. FC Arouca end in a draw?,por-gui-aro-2026-08-08,13865.64,1,0.265,0,0.0,2026-08-08T17:00:00Z
3103133,Will FC Arouca win on 2026-08-08?,por-gui-aro-2026-08-08,62477.18,24,0.225,1,0.0,2026-08-08T17:00:00Z
3103133,Will FC Arouca win on 2026-08-08?,por-gui-aro-2026-08-08,62477.18,1,0.23,1,0.0,2026-08-08T17:00:00Z
3108265,Will FC Metz win on 2026-08-08?,fr2-met-gui-2026-08-08,11508.39,24,0.445,1,0.25,2026-08-08T18:45:00Z
3108265,Will FC Metz win on 2026-08-08?,fr2-met-gui-2026-08-08,11508.39,1,0.495,1,0.25,2026-08-08T18:45:00Z
3108271,Will Stade de Reims win on 2026-08-08?,fr2-clf-rei-2026-08-08,124576.95,24,0.485,0,0.25,2026-08-08T18:45:00Z
3108271,Will Stade de Reims win on 2026-08-08?,fr2-clf-rei-2026-08-08,124576.95,1,0.505,0,0.25,2026-08-08T18:45:00Z
3108283,Will FC Annecy win on 2026-08-08?,fr2-pau-fca-2026-08-08,14325.43,24,0.355,1,0.25,2026-08-08T18:45:00Z
3108283,Will FC Annecy win on 2026-08-08?,fr2-pau-fca-2026-08-08,14325.43,1,0.365,1,0.25,2026-08-08T18:45:00Z
3108291,Will FC Nantes win on 2026-08-08?,fr2-nan-rst-2026-08-08,19979.58,24,0.495,0,0.25,2026-08-08T18:45:00Z
3108291,Will FC Nantes win on 2026-08-08?,fr2-nan-rst-2026-08-08,19979.58,1,0.545,0,0.25,2026-08-08T18:45:00Z
3110444,Will Heart of Midlothian FC win on 2026-08-08?,scop-hmi-dun-2026-08-08,16673.72,24,0.58,1,0.0,2026-08-09T14:00:00Z
3110444,Will Heart of Midlothian FC win on 2026-08-08?,scop-hmi-dun-2026-08-08,16673.72,1,0.555,1,0.0,2026-08-09T14:00:00Z
3110451,Will Dundee United FC win on 2026-08-08?,scop-hmi-dun-2026-08-08,39417.29,24,0.19,0,0.0,2026-08-09T14:00:00Z
3110451,Will Dundee United FC win on 2026-08-08?,scop-hmi-dun-2026-08-08,39417.29,1,0.205,0,0.0,2026-08-09T14:00:00Z
3110458,Vitória SC vs. FC Arouca: O/U 1.5,por-gui-aro-2026-08-08-more-markets,62730.41,24,0.745,0,0.0,2026-08-08T17:00:00Z
3110458,Vitória SC vs. FC Arouca: O/U 1.5,por-gui-aro-2026-08-08-more-markets,62730.41,1,0.745,0,0.0,2026-08-08T17:00:00Z
3110463,Will Motherwell FC win on 2026-08-08?,scop-mot-fal-2026-08-08,20592.77,24,0.535,0,0.0,2026-08-09T14:00:00Z
3110463,Will Motherwell FC win on 2026-08-08?,scop-mot-fal-2026-08-08,20592.77,1,0.535,0,0.0,2026-08-09T14:00:00Z
3110466,Will Motherwell FC vs. Falkirk FC end in a draw?,scop-mot-fal-2026-08-08,22534.2,24,0.245,1,0.0,2026-08-09T14:00:00Z
3110466,Will Motherwell FC vs. Falkirk FC end in a draw?,scop-mot-fal-2026-08-08,22534.2,1,0.245,1,0.0,2026-08-09T14:00:00Z
3110469,Will Falkirk FC win on 2026-08-08?,scop-mot-fal-2026-08-08,10358.48,24,0.225,0,0.0,2026-08-09T14:00:00Z
3110469,Will Falkirk FC win on 2026-08-08?,scop-mot-fal-2026-08-08,10358.48,1,0.215,0,0.0,2026-08-09T14:00:00Z
3110568,Exact Score: Heart of Midlothian FC 3 - 3 Dundee United FC?,scop-hmi-dun-2026-08-08-exact-score,24833.94,24,0.034,0,0.0,2026-08-09T14:00:00Z
3110568,Exact Score: Heart of Midlothian FC 3 - 3 Dundee United FC?,scop-hmi-dun-2026-08-08-exact-score,24833.94,1,0.0145,0,0.0,2026-08-09T14:00:00Z
3112940,Las Vegas Aces vs. Minnesota Lynx,wnba-las-min-2026-08-08,281301.79,24,0.35,0,0.0,2026-08-08T17:00:00Z
3112940,Las Vegas Aces vs. Minnesota Lynx,wnba-las-min-2026-08-08,281301.79,1,0.365,0,0.0,2026-08-08T17:00:00Z
3112957,Indiana Fever vs. Chicago Sky,wnba-ind-chi-2026-08-08,205362.08,24,0.685,1,0.5,2026-08-08T19:30:00Z
3112957,Indiana Fever vs. Chicago Sky,wnba-ind-chi-2026-08-08,205362.08,1,0.675,1,0.5,2026-08-08T19:30:00Z
3112963,Seattle Storm vs. PortlandFire,wnba-sea-por-2026-08-08,270353.88,24,0.445,0,0.5,2026-08-09T00:30:00Z
3112963,Seattle Storm vs. PortlandFire,wnba-sea-por-2026-08-08,270353.88,1,0.515,0,0.5,2026-08-09T00:30:00Z
3114697,Will Orlando City SC win on 2026-08-08?,lec-orl-leo-2026-08-08,174971.17,24,0.475,0,0.5,2026-08-08T22:30:00Z
3114697,Will Orlando City SC win on 2026-08-08?,lec-orl-leo-2026-08-08,174971.17,1,0.495,0,0.5,2026-08-08T22:30:00Z
3114698,Will Orlando City SC vs. Club León FC end in a draw?,lec-orl-leo-2026-08-08,13989.27,24,0.245,0,0.5,2026-08-08T22:30:00Z
3114698,Will Orlando City SC vs. Club León FC end in a draw?,lec-orl-leo-2026-08-08,13989.27,1,0.235,0,0.5,2026-08-08T22:30:00Z
3114700,Will Club León FC win on 2026-08-08?,lec-orl-leo-2026-08-08,159362.12,24,0.29,1,0.5,2026-08-08T22:30:00Z
3114700,Will Club León FC win on 2026-08-08?,lec-orl-leo-2026-08-08,159362.12,1,0.275,1,0.5,2026-08-08T22:30:00Z
3114703,Will Inter Miami CF win on 2026-08-08?,lec-mia-mon-2026-08-08,390700.87,24,0.585,0,0.01,2026-08-09T00:00:00Z
3114703,Will Inter Miami CF win on 2026-08-08?,lec-mia-mon-2026-08-08,390700.87,1,0.515,0,0.0,2026-08-09T00:00:00Z
3114704,Will Inter Miami CF vs. CF Monterrey end in a draw?,lec-mia-mon-2026-08-08,70575.67,24,0.205,0,0.0,2026-08-09T00:00:00Z
3114704,Will Inter Miami CF vs. CF Monterrey end in a draw?,lec-mia-mon-2026-08-08,70575.67,1,0.195,0,0.0,2026-08-09T00:00:00Z
3114705,Will CF Monterrey win on 2026-08-08?,lec-mia-mon-2026-08-08,175737.07,24,0.225,1,0.0,2026-08-09T00:00:00Z
3114705,Will CF Monterrey win on 2026-08-08?,lec-mia-mon-2026-08-08,175737.07,1,0.285,1,0.0,2026-08-09T00:00:00Z
3114708,Will CD Guadalajara win on 2026-08-08?,lec-gua-dal-2026-08-08,79878.31,24,0.535,0,0.0,2026-08-09T01:00:00Z
3114708,Will CD Guadalajara win on 2026-08-08?,lec-gua-dal-2026-08-08,79878.31,1,0.615,0,0.01,2026-08-09T01:00:00Z
3114709,Will CD Guadalajara vs. FC Dallas end in a draw?,lec-gua-dal-2026-08-08,26694.52,24,0.225,0,0.0,2026-08-09T01:00:00Z
3114709,Will CD Guadalajara vs. FC Dallas end in a draw?,lec-gua-dal-2026-08-08,26694.52,1,0.205,0,0.01,2026-08-09T01:00:00Z
3114711,Will FC Dallas win on 2026-08-08?,lec-gua-dal-2026-08-08,191627.49,24,0.245,1,0.0,2026-08-09T01:00:00Z
3114711,Will FC Dallas win on 2026-08-08?,lec-gua-dal-2026-08-08,191627.49,1,0.185,1,0.01,2026-08-09T01:00:00Z
3114712,Will Real Salt Lake win on 2026-08-08?,lec-rsl-atla-2026-08-08,176431.35,24,0.575,1,0.0,2026-08-09T02:00:00Z
3114712,Will Real Salt Lake win on 2026-08-08?,lec-rsl-atla-2026-08-08,176431.35,1,0.595,1,0.01,2026-08-09T02:00:00Z
3114713,Will Real Salt Lake vs. Atlante FC end in a draw?,lec-rsl-atla-2026-08-08,34011.91,24,0.225,0,0.0,2026-08-09T02:00:00Z
3114713,Will Real Salt Lake vs. Atlante FC end in a draw?,lec-rsl-atla-2026-08-08,34011.91,1,0.205,0,0.01,2026-08-09T02:00:00Z
3114715,Will Atlante FC win on 2026-08-08?,lec-rsl-atla-2026-08-08,207645.02,24,0.195,0,0.0,2026-08-09T02:00:00Z
3114715,Will Atlante FC win on 2026-08-08?,lec-rsl-atla-2026-08-08,207645.02,1,0.215,0,0.01,2026-08-09T02:00:00Z
3114717,Will Deportivo Toluca FC win on 2026-08-08?,lec-tol-laf-2026-08-08,132082.48,24,0.4,0,0.16,2026-08-09T03:10:00Z
3114717,Will Deportivo Toluca FC win on 2026-08-08?,lec-tol-laf-2026-08-08,132082.48,1,0.385,0,0.16,2026-08-09T03:10:00Z
3114719,Will Deportivo Toluca FC vs. Los Angeles FC end in a draw?,lec-tol-laf-2026-08-08,49145.21,24,0.245,0,0.16,2026-08-09T03:10:00Z
3114719,Will Deportivo Toluca FC vs. Los Angeles FC end in a draw?,lec-tol-laf-2026-08-08,49145.21,1,0.235,0,0.16,2026-08-09T03:10:00Z
3114720,Will Los Angeles FC win on 2026-08-08?,lec-tol-laf-2026-08-08,154902.09,24,0.355,1,0.16,2026-08-09T03:10:00Z
3114720,Will Los Angeles FC win on 2026-08-08?,lec-tol-laf-2026-08-08,154902.09,1,0.385,1,0.16,2026-08-09T03:10:00Z
3115478,Will CF Estrela da Amadora win on 2026-08-08?,por-ama-spo-2026-08-08,88945.42,24,0.065,0,0.5,2026-08-08T19:30:00Z
3115478,Will CF Estrela da Amadora win on 2026-08-08?,por-ama-spo-2026-08-08,88945.42,1,0.065,0,0.5,2026-08-08T19:30:00Z
3115479,Will FK Dinamo Moskva win on 2026-08-09?,rus-din-mak-2026-08-09,31959.74,24,0.585,1,0.5,2026-08-09T11:30:00Z
3115479,Will FK Dinamo Moskva win on 2026-08-09?,rus-din-mak-2026-08-09,31959.74,1,0.615,1,0.5,2026-08-09T11:30:00Z
3115481,Will CF Estrela da Amadora vs. Sporting CP end in a draw?,por-ama-spo-2026-08-08,49336.98,24,0.135,1,0.5,2026-08-08T19:30:00Z
3115481,Will CF Estrela da Amadora vs. Sporting CP end in a draw?,por-ama-spo-2026-08-08,49336.98,1,0.145,1,0.5,2026-08-08T19:30:00Z
3115483,Will Sporting CP win on 2026-08-08?,por-ama-spo-2026-08-08,263664.87,24,0.795,0,0.5,2026-08-08T19:30:00Z
3115483,Will Sporting CP win on 2026-08-08?,por-ama-spo-2026-08-08,263664.87,1,0.775,0,0.5,2026-08-08T19:30:00Z
3115485,Will FK Zenit win on 2026-08-09?,rus-zen-rod-2026-08-09,43408.74,24,0.86,0,0.0,2026-08-09T14:00:00Z
3115485,Will FK Zenit win on 2026-08-09?,rus-zen-rod-2026-08-09,43408.74,1,0.835,0,0.0,2026-08-09T14:00:00Z
3115486,Will FC Porto win on 2026-08-09?,por-por-alv-2026-08-09,211334.64,24,0.825,1,0.0,2026-08-09T17:00:00Z
3115486,Will FC Porto win on 2026-08-09?,por-por-alv-2026-08-09,211334.64,1,0.815,1,0.0,2026-08-09T17:00:00Z
3115487,Will FC Porto vs. FC Alverca end in a draw?,por-por-alv-2026-08-09,32458.68,24,0.115,0,0.0,2026-08-09T17:00:00Z
3115487,Will FC Porto vs. FC Alverca end in a draw?,por-por-alv-2026-08-09,32458.68,1,0.135,0,0.0,2026-08-09T17:00:00Z
3115488,Will FK Zenit vs. FK Rodina Moskva end in a draw?,rus-zen-rod-2026-08-09,13822.71,24,0.1,0,0.0,2026-08-09T14:00:00Z
3115488,Will FK Zenit vs. FK Rodina Moskva end in a draw?,rus-zen-rod-2026-08-09,13822.71,1,0.105,0,0.0,2026-08-09T14:00:00Z
3115489,Will FK Rodina Moskva win on 2026-08-09?,rus-zen-rod-2026-08-09,21524.42,24,0.045,1,0.0,2026-08-09T14:00:00Z
3115489,Will FK Rodina Moskva win on 2026-08-09?,rus-zen-rod-2026-08-09,21524.42,1,0.055,1,0.0,2026-08-09T14:00:00Z
3115490,Will FC Alverca win on 2026-08-09?,por-por-alv-2026-08-09,198218.86,24,0.055,0,0.0,2026-08-09T17:00:00Z
3115490,Will FC Alverca win on 2026-08-09?,por-por-alv-2026-08-09,198218.86,1,0.045,0,0.0,2026-08-09T17:00:00Z
3115503,Will FK Spartak Moskva win on 2026-08-09?,rus-spa-kra-2026-08-09,32225.65,24,0.44,0,0.0,2026-08-09T17:00:00Z
3115503,Will FK Spartak Moskva win on 2026-08-09?,rus-spa-kra-2026-08-09,32225.65,1,0.475,0,0.0,2026-08-09T17:00:00Z
3115509,Will FK Krasnodar win on 2026-08-09?,rus-spa-kra-2026-08-09,14520.31,24,0.295,1,0.0,2026-08-09T17:00:00Z
3115509,Will FK Krasnodar win on 2026-08-09?,rus-spa-kra-2026-08-09,14520.31,1,0.275,1,0.0,2026-08-09T17:00:00Z
3116251,Will Tōkyō Verdy win on 2026-08-09?,jap-fct1-kaw-2026-08-09,77286.42,24,0.305,0,0.01,2026-08-09T09:00:00Z
3116251,Will Tōkyō Verdy win on 2026-08-09?,jap-fct1-kaw-2026-08-09,77286.42,1,0.295,0,0.0,2026-08-09T09:00:00Z
3116253,Will Tōkyō Verdy vs. Kawasaki Frontale end in a draw?,jap-fct1-kaw-2026-08-09,21691.79,24,0.295,1,0.01,2026-08-09T09:00:00Z
3116253,Will Tōkyō Verdy vs. Kawasaki Frontale end in a draw?,jap-fct1-kaw-2026-08-09,21691.79,1,0.295,1,0.0,2026-08-09T09:00:00Z
3116255,Will Kawasaki Frontale win on 2026-08-09?,jap-fct1-kaw-2026-08-09,73230.36,24,0.4,0,0.01,2026-08-09T09:00:00Z
3116255,Will Kawasaki Frontale win on 2026-08-09?,jap-fct1-kaw-2026-08-09,73230.36,1,0.415,0,0.0,2026-08-09T09:00:00Z
3116263,Will V-Varen Nagasaki win on 2026-08-09?,jap-vva-kyo-2026-08-09,35563.29,24,0.32,1,0.01,2026-08-09T10:00:00Z
3116263,Will V-Varen Nagasaki win on 2026-08-09?,jap-vva-kyo-2026-08-09,35563.29,1,0.275,1,0.01,2026-08-09T10:00:00Z
3116264,Will V-Varen Nagasaki vs. Kyōto Sanga FC end in a draw?,jap-vva-kyo-2026-08-09,14499.65,24,0.295,0,0.01,2026-08-09T10:00:00Z
3116264,Will V-Varen Nagasaki vs. Kyōto Sanga FC end in a draw?,jap-vva-kyo-2026-08-09,14499.65,1,0.305,0,0.01,2026-08-09T10:00:00Z
3116267,Will Kyōto Sanga FC win on 2026-08-09?,jap-vva-kyo-2026-08-09,37971.69,24,0.395,0,0.01,2026-08-09T10:00:00Z
3116267,Will Kyōto Sanga FC win on 2026-08-09?,jap-vva-kyo-2026-08-09,37971.69,1,0.435,0,0.01,2026-08-09T10:00:00Z
3116622,Exact Score: V-Varen Nagasaki 1 - 0 Kyōto Sanga FC?,jap-vva-kyo-2026-08-09-exact-score,10731.3,24,0.085,0,0.01,2026-08-09T10:00:00Z
3116622,Exact Score: V-Varen Nagasaki 1 - 0 Kyōto Sanga FC?,jap-vva-kyo-2026-08-09-exact-score,10731.3,1,0.085,0,0.01,2026-08-09T10:00:00Z
3116626,Exact Score: V-Varen Nagasaki 2 - 0 Kyōto Sanga FC?,jap-vva-kyo-2026-08-09-exact-score,10835.0,24,0.0455,0,0.01,2026-08-09T10:00:00Z
3116626,Exact Score: V-Varen Nagasaki 2 - 0 Kyōto Sanga FC?,jap-vva-kyo-2026-08-09-exact-score,10835.0,1,0.045,0,0.01,2026-08-09T10:00:00Z
3116640,Exact Score: V-Varen Nagasaki 3 - 3 Kyōto Sanga FC?,jap-vva-kyo-2026-08-09-exact-score,10127.01,24,0.0215,0,0.01,2026-08-09T10:00:00Z
3116640,Exact Score: V-Varen Nagasaki 3 - 3 Kyōto Sanga FC?,jap-vva-kyo-2026-08-09-exact-score,10127.01,1,0.0085,0,0.01,2026-08-09T10:00:00Z
3118220,Will Randers FC win on 2026-08-09?,den-ran-lyn-2026-08-09,29195.06,24,0.435,1,0.0,2026-08-09T14:00:00Z
3118220,Will Randers FC win on 2026-08-09?,den-ran-lyn-2026-08-09,29195.06,1,0.415,1,0.0,2026-08-09T14:00:00Z
3118224,Will Lyngby BK win on 2026-08-09?,den-ran-lyn-2026-08-09,26205.42,24,0.305,0,0.0,2026-08-09T14:00:00Z
3118224,Will Lyngby BK win on 2026-08-09?,den-ran-lyn-2026-08-09,26205.42,1,0.325,0,0.0,2026-08-09T14:00:00Z
3118228,Will AC Horsens win on 2026-08-09?,den-hor-bro-2026-08-09,36041.75,24,0.195,0,0.0,2026-08-09T16:00:00Z
3118228,Will AC Horsens win on 2026-08-09?,den-hor-bro-2026-08-09,36041.75,1,0.165,0,0.0,2026-08-09T16:00:00Z
3118231,Will Brøndby IF win on 2026-08-09?,den-hor-bro-2026-08-09,114580.78,24,0.545,1,0.0,2026-08-09T16:00:00Z
3118231,Will Brøndby IF win on 2026-08-09?,den-hor-bro-2026-08-09,114580.78,1,0.605,1,0.0,2026-08-09T16:00:00Z
3118301,Exact Score: Randers FC 1 - 2 Lyngby BK?,den-ran-lyn-2026-08-09-exact-score,19061.59,24,0.08,0,0.0,2026-08-09T14:00:00Z
3118301,Exact Score: Randers FC 1 - 2 Lyngby BK?,den-ran-lyn-2026-08-09-exact-score,19061.59,1,0.08,0,0.0,2026-08-09T14:00:00Z
3118426,Exact Score: AC Horsens 1 - 2 Brøndby IF?,den-hor-bro-2026-08-09-exact-score,14815.85,24,0.1,0,0.0,2026-08-09T16:00:00Z
3118426,Exact Score: AC Horsens 1 - 2 Brøndby IF?,den-hor-bro-2026-08-09-exact-score,14815.85,1,0.105,0,0.0,2026-08-09T16:00:00Z
3118442,Exact Score: AC Horsens 3 - 2 Brøndby IF?,den-hor-bro-2026-08-09-exact-score,19384.71,24,0.0145,0,0.0,2026-08-09T16:00:00Z
3118442,Exact Score: AC Horsens 3 - 2 Brøndby IF?,den-hor-bro-2026-08-09-exact-score,19384.71,1,0.0135,0,0.0,2026-08-09T16:00:00Z
3118446,Exact Score: AC Horsens 3 - 3 Brøndby IF?,den-hor-bro-2026-08-09-exact-score,20089.96,24,0.011,0,0.0,2026-08-09T16:00:00Z
3118446,Exact Score: AC Horsens 3 - 3 Brøndby IF?,den-hor-bro-2026-08-09-exact-score,20089.96,1,0.011,0,0.0,2026-08-09T16:00:00Z
3119149,Clermont Foot 63 vs. Stade de Reims: O/U 2.5,fr2-clf-rei-2026-08-08-more-markets,11815.28,24,0.445,0,0.25,2026-08-08T18:45:00Z
3119149,Clermont Foot 63 vs. Stade de Reims: O/U 2.5,fr2-clf-rei-2026-08-08-more-markets,11815.28,1,0.445,0,0.25,2026-08-08T18:45:00Z
3119416,FC Sochaux-Montbéliard vs. AS Saint-Étienne: O/U 2.5,fr2-fcs-ass-2026-08-08-more-markets,24294.67,24,0.46,1,0.25,2026-08-08T18:45:00Z
3119416,FC Sochaux-Montbéliard vs. AS Saint-Étienne: O/U 2.5,fr2-fcs-ass-2026-08-08-more-markets,24294.67,1,0.475,1,0.25,2026-08-08T18:45:00Z
3120324,Will Henan FC win on 2026-08-09?,chi-hen-qin-2026-08-09,33206.15,24,0.625,0,0.0,2026-08-09T11:00:00Z
3120324,Will Henan FC win on 2026-08-09?,chi-hen-qin-2026-08-09,33206.15,1,0.615,0,0.0,2026-08-09T11:00:00Z
3120325,Will Henan FC vs. Qingdao Xihaian FC end in a draw?,chi-hen-qin-2026-08-09,15421.19,24,0.225,1,0.0,2026-08-09T11:00:00Z
3120325,Will Henan FC vs. Qingdao Xihaian FC end in a draw?,chi-hen-qin-2026-08-09,15421.19,1,0.225,1,0.0,2026-08-09T11:00:00Z
3120326,Will Qingdao Xihaian FC win on 2026-08-09?,chi-hen-qin-2026-08-09,37152.82,24,0.155,0,0.0,2026-08-09T11:00:00Z
3120326,Will Qingdao Xihaian FC win on 2026-08-09?,chi-hen-qin-2026-08-09,37152.82,1,0.165,0,0.0,2026-08-09T11:00:00Z
3120327,Will Chongqing Tonglianglong FC win on 2026-08-09?,chi-ton-shp-2026-08-09,220023.1,24,0.305,0,0.43,2026-08-09T11:35:00Z
3120327,Will Chongqing Tonglianglong FC win on 2026-08-09?,chi-ton-shp-2026-08-09,220023.1,1,0.295,0,0.42,2026-08-09T11:35:00Z
3120328,Will Chongqing Tonglianglong FC vs. Shanghai Haigang FC end in a draw?,chi-ton-shp-2026-08-09,32950.05,24,0.265,0,0.43,2026-08-09T11:35:00Z
3120328,Will Chongqing Tonglianglong FC vs. Shanghai Haigang FC end in a draw?,chi-ton-shp-2026-08-09,32950.05,1,0.265,0,0.42,2026-08-09T11:35:00Z
3120329,Will Shanghai Haigang FC win on 2026-08-09?,chi-ton-shp-2026-08-09,159272.4,24,0.43,1,0.43,2026-08-09T11:35:00Z
3120329,Will Shanghai Haigang FC win on 2026-08-09?,chi-ton-shp-2026-08-09,159272.4,1,0.445,1,0.42,2026-08-09T11:35:00Z
3120330,Will Shandong Taishan FC win on 2026-08-09?,chi-sha-jin-2026-08-09,52180.28,24,0.555,1,0.01,2026-08-09T12:00:00Z
3120330,Will Shandong Taishan FC win on 2026-08-09?,chi-sha-jin-2026-08-09,52180.28,1,0.435,1,0.0,2026-08-09T12:00:00Z
3120331,Will Shandong Taishan FC vs. Tianjin Jinmen Hu FC end in a draw?,chi-sha-jin-2026-08-09,83350.54,24,0.235,0,0.01,2026-08-09T12:00:00Z
3120331,Will Shandong Taishan FC vs. Tianjin Jinmen Hu FC end in a draw?,chi-sha-jin-2026-08-09,83350.54,1,0.255,0,0.0,2026-08-09T12:00:00Z
3120332,Will Tianjin Jinmen Hu FC win on 2026-08-09?,chi-sha-jin-2026-08-09,30901.59,24,0.22,0,0.01,2026-08-09T12:00:00Z
3120332,Will Tianjin Jinmen Hu FC win on 2026-08-09?,chi-sha-jin-2026-08-09,30901.59,1,0.305,0,0.0,2026-08-09T12:00:00Z
3120479,Exact Score: Henan FC 1 - 3 Qingdao Xihaian FC?,chi-hen-qin-2026-08-09-exact-score,10709.94,24,0.015,0,0.0,2026-08-09T11:00:00Z
3120479,Exact Score: Henan FC 1 - 3 Qingdao Xihaian FC?,chi-hen-qin-2026-08-09-exact-score,10709.94,1,0.0145,0,0.0,2026-08-09T11:00:00Z
3120535,Exact Score: Shandong Taishan FC 2 - 2 Tianjin Jinmen Hu FC?,chi-sha-jin-2026-08-09-exact-score,20035.74,24,0.065,0,0.01,2026-08-09T12:00:00Z
3120535,Exact Score: Shandong Taishan FC 2 - 2 Tianjin Jinmen Hu FC?,chi-sha-jin-2026-08-09-exact-score,20035.74,1,0.075,0,0.0,2026-08-09T12:00:00Z
3120558,Will Robin Peguero be the FL-27 Democratic nominee?,fl-27-democratic-primary-winner-20260724190714940,15443.87,168,0.085,0,0.01,2026-08-18T00:00:00Z
3120558,Will Robin Peguero be the FL-27 Democratic nominee?,fl-27-democratic-primary-winner-20260724190714940,15443.87,24,0.155,0,0.0,2026-08-18T00:00:00Z
3120558,Will Robin Peguero be the FL-27 Democratic nominee?,fl-27-democratic-primary-winner-20260724190714940,15443.87,1,0.155,0,0.0,2026-08-18T00:00:00Z
3120559,Will Eliott Rodriguez be the FL-27 Democratic nominee?,fl-27-democratic-primary-winner-20260724190714940,28683.03,168,0.885,1,0.01,2026-08-18T00:00:00Z
3120559,Will Eliott Rodriguez be the FL-27 Democratic nominee?,fl-27-democratic-primary-winner-20260724190714940,28683.03,24,0.835,1,0.0,2026-08-18T00:00:00Z
3120559,Will Eliott Rodriguez be the FL-27 Democratic nominee?,fl-27-democratic-primary-winner-20260724190714940,28683.03,1,0.825,1,0.0,2026-08-18T00:00:00Z
3120568,Will Oliver Larkin be the FL-25 Democratic nominee?,fl-25-democratic-primary-winner-20260724190444061,55240.94,168,0.145,0,0.02,2026-08-18T23:59:00Z
3120568,Will Oliver Larkin be the FL-25 Democratic nominee?,fl-25-democratic-primary-winner-20260724190444061,55240.94,24,0.095,0,0.03,2026-08-18T23:59:00Z
3120568,Will Oliver Larkin be the FL-25 Democratic nominee?,fl-25-democratic-primary-winner-20260724190444061,55240.94,1,0.055,0,0.02,2026-08-18T23:59:00Z
3120569,Will Jared Moskowitz be the FL-25 Democratic nominee?,fl-25-democratic-primary-winner-20260724190444061,52032.67,168,0.8,1,0.02,2026-08-18T23:59:00Z
3120569,Will Jared Moskowitz be the FL-25 Democratic nominee?,fl-25-democratic-primary-winner-20260724190444061,52032.67,24,0.905,1,0.02,2026-08-18T23:59:00Z
3120569,Will Jared Moskowitz be the FL-25 Democratic nominee?,fl-25-democratic-primary-winner-20260724190444061,52032.67,1,0.925,1,0.02,2026-08-18T23:59:00Z
3120577,Will Oliver Gilbert be the FL-24 Democratic nominee?,fl-24-democratic-primary-winner-20260724190551253,15607.19,168,0.185,1,0.01,2026-08-18T00:00:00Z
3120577,Will Oliver Gilbert be the FL-24 Democratic nominee?,fl-24-democratic-primary-winner-20260724190551253,15607.19,24,0.11,1,0.0,2026-08-18T00:00:00Z
3120577,Will Oliver Gilbert be the FL-24 Democratic nominee?,fl-24-democratic-primary-winner-20260724190551253,15607.19,1,0.09,1,0.0,2026-08-18T00:00:00Z
3120578,Will Shevrin Jones be the FL-24 Democratic nominee?,fl-24-democratic-primary-winner-20260724190551253,19283.81,168,0.795,0,0.01,2026-08-18T00:00:00Z
3120578,Will Shevrin Jones be the FL-24 Democratic nominee?,fl-24-democratic-primary-winner-20260724190551253,19283.81,24,0.88,0,0.01,2026-08-18T00:00:00Z
3120578,Will Shevrin Jones be the FL-24 Democratic nominee?,fl-24-democratic-primary-winner-20260724190551253,19283.81,1,0.895,0,0.0,2026-08-18T00:00:00Z
3120606,Will James Martin be the FL-21 Democratic nominee?,fl-21-democratic-primary-winner-20260724185824809,44337.65,168,0.72,1,0.01,2026-08-18T00:00:00Z
3120606,Will James Martin be the FL-21 Democratic nominee?,fl-21-democratic-primary-winner-20260724185824809,44337.65,24,0.625,1,0.0,2026-08-18T00:00:00Z
3120606,Will James Martin be the FL-21 Democratic nominee?,fl-21-democratic-primary-winner-20260724185824809,44337.65,1,0.525,1,0.0,2026-08-18T00:00:00Z
3120607,Will Bernard Taylor be the FL-21 Democratic nominee?,fl-21-democratic-primary-winner-20260724185824809,48684.65,168,0.265,0,0.01,2026-08-18T00:00:00Z
3120607,Will Bernard Taylor be the FL-21 Democratic nominee?,fl-21-democratic-primary-winner-20260724185824809,48684.65,24,0.375,0,0.0,2026-08-18T00:00:00Z
3120607,Will Bernard Taylor be the FL-21 Democratic nominee?,fl-21-democratic-primary-winner-20260724185824809,48684.65,1,0.475,0,0.0,2026-08-18T00:00:00Z
3120626,Will Ronnie Murchinson-Rivera be the FL-06 Democratic nominee?,fl-06-democratic-primary-winner-20260724185127312,12469.6,168,0.285,0,0.02,2026-08-18T23:59:00Z
3120626,Will Ronnie Murchinson-Rivera be the FL-06 Democratic nominee?,fl-06-democratic-primary-winner-20260724185127312,12469.6,24,0.11,0,0.03,2026-08-18T23:59:00Z
3120626,Will Ronnie Murchinson-Rivera be the FL-06 Democratic nominee?,fl-06-democratic-primary-winner-20260724185127312,12469.6,1,0.095,0,0.02,2026-08-18T23:59:00Z
3120634,"Will LaShonda ""L.J."" Holloway be the FL-04 Democratic nominee?",fl-04-democratic-primary-winner-20260724184459914,20878.76,168,0.835,1,0.01,2026-08-18T00:00:00Z
3120634,"Will LaShonda ""L.J."" Holloway be the FL-04 Democratic nominee?",fl-04-democratic-primary-winner-20260724184459914,20878.76,24,0.885,1,0.01,2026-08-18T00:00:00Z
3120634,"Will LaShonda ""L.J."" Holloway be the FL-04 Democratic nominee?",fl-04-democratic-primary-winner-20260724184459914,20878.76,1,0.865,1,0.01,2026-08-18T00:00:00Z
3120635,Will Michael Kirwan be the FL-04 Democratic nominee?,fl-04-democratic-primary-winner-20260724184459914,10190.78,168,0.125,0,0.01,2026-08-18T00:00:00Z
3120635,Will Michael Kirwan be the FL-04 Democratic nominee?,fl-04-democratic-primary-winner-20260724184459914,10190.78,24,0.095,0,0.01,2026-08-18T00:00:00Z
3120635,Will Michael Kirwan be the FL-04 Democratic nominee?,fl-04-democratic-primary-winner-20260724184459914,10190.78,1,0.105,0,0.01,2026-08-18T00:00:00Z
3120643,Will Yen Bailey be the FL-02 Democratic nominee?,fl-02-democratic-primary-winner-20260724183800472,33001.06,168,0.33,0,0.01,2026-08-18T00:00:00Z
3120643,Will Yen Bailey be the FL-02 Democratic nominee?,fl-02-democratic-primary-winner-20260724183800472,33001.06,24,0.53,0,0.01,2026-08-18T00:00:00Z
3120643,Will Yen Bailey be the FL-02 Democratic nominee?,fl-02-democratic-primary-winner-20260724183800472,33001.06,1,0.63,0,0.0,2026-08-18T00:00:00Z
3120645,Will Amanda Green be the FL-02 Democratic nominee?,fl-02-democratic-primary-winner-20260724183800472,19148.99,168,0.32,1,0.01,2026-08-18T00:00:00Z
3120645,Will Amanda Green be the FL-02 Democratic nominee?,fl-02-democratic-primary-winner-20260724183800472,19148.99,24,0.255,1,0.0,2026-08-18T00:00:00Z
3120645,Will Amanda Green be the FL-02 Democratic nominee?,fl-02-democratic-primary-winner-20260724183800472,19148.99,1,0.19,1,0.0,2026-08-18T00:00:00Z
3120646,Will Nic Zateslo be the FL-02 Democratic nominee?,fl-02-democratic-primary-winner-20260724183800472,15903.98,168,0.2385,0,0.01,2026-08-18T00:00:00Z
3120646,Will Nic Zateslo be the FL-02 Democratic nominee?,fl-02-democratic-primary-winner-20260724183800472,15903.98,24,0.0805,0,0.0,2026-08-18T00:00:00Z
3120646,Will Nic Zateslo be the FL-02 Democratic nominee?,fl-02-democratic-primary-winner-20260724183800472,15903.98,1,0.0765,0,0.0,2026-08-18T00:00:00Z
3120761,"NATO x Russia military clash by August 31, 2026?",nato-x-russia-military-clash-in-2025,2122003.49,720,0.043,0,132.02,2026-09-01T03:59:00Z
3120761,"NATO x Russia military clash by August 31, 2026?",nato-x-russia-military-clash-in-2025,2122003.49,168,0.0275,0,0.03,2026-09-01T03:59:00Z
3120761,"NATO x Russia military clash by August 31, 2026?",nato-x-russia-military-clash-in-2025,2122003.49,24,0.0075,0,0.02,2026-09-01T03:59:00Z
3120761,"NATO x Russia military clash by August 31, 2026?",nato-x-russia-military-clash-in-2025,2122003.49,1,0.0035,0,0.02,2026-09-01T03:59:00Z
3120799,"UFC Fight Night: Mateusz Gamrot vs. Quillan Salkilld (Lightweight, Main Card)",ufc-mat10-qui2-2026-08-08,563205.18,24,0.445,0,0.01,2026-08-09T03:59:59.999Z
3120799,"UFC Fight Night: Mateusz Gamrot vs. Quillan Salkilld (Lightweight, Main Card)",ufc-mat10-qui2-2026-08-08,563205.18,1,0.415,0,1.0,2026-08-09T03:59:59.999Z
3120801,Fight to Go the Distance?,ufc-mat10-qui2-2026-08-08,27051.3,24,0.395,0,0.01,2026-08-09T03:59:59.999Z
3120801,Fight to Go the Distance?,ufc-mat10-qui2-2026-08-08,27051.3,1,0.405,0,1.0,2026-08-09T03:59:59.999Z
3120816,O/U 3.5 Rounds,ufc-mat10-qui2-2026-08-08,11517.72,24,0.555,0,0.01,2026-08-09T03:59:59.999Z
3120816,O/U 3.5 Rounds,ufc-mat10-qui2-2026-08-08,11517.72,1,0.535,0,1.0,2026-08-09T03:59:59.999Z
3120843,"UFC Fight Night: Bruno Lopes vs. Diyar Nurgozhay (Light Heavyweight, Main Card)",ufc-bru13-diy-2026-08-08,334315.22,24,0.405,0,0.01,2026-08-09T03:59:59.999Z
3120844,Fight to Go the Distance?,ufc-bru13-diy-2026-08-08,17031.29,24,0.285,0,0.01,2026-08-09T03:59:59.999Z
3120859,O/U 1.5 Rounds,ufc-bru13-diy-2026-08-08,12029.85,24,0.52,0,0.01,2026-08-09T03:59:59.999Z
3120873,"UFC Fight Night: Diego Ferreira vs. Billy Quarantillo (Lightweight, Main Card)",ufc-die-bil1-2026-08-08,507672.58,24,0.625,1,0.01,2026-08-09T03:59:59.999Z
3120873,"UFC Fight Night: Diego Ferreira vs. Billy Quarantillo (Lightweight, Main Card)",ufc-die-bil1-2026-08-08,507672.58,1,0.765,1,0.99,2026-08-09T03:59:59.999Z
3120876,Fight to Go the Distance?,ufc-die-bil1-2026-08-08,12841.22,24,0.295,1,0.01,2026-08-09T03:59:59.999Z
3120876,Fight to Go the Distance?,ufc-die-bil1-2026-08-08,12841.22,1,0.38,1,0.99,2026-08-09T03:59:59.999Z
3120888,O/U 2.5 Rounds,ufc-die-bil1-2026-08-08,11803.45,24,0.435,1,0.01,2026-08-09T03:59:59.999Z
3120888,O/U 2.5 Rounds,ufc-die-bil1-2026-08-08,11803.45,1,0.5,1,1.0,2026-08-09T03:59:59.999Z
3120904,"UFC Fight Night: Steven Asplund vs. Guilherme Pat (Heavyweight, Main Card)",ufc-ste36-gui2-2026-08-08,705469.57,24,0.735,1,0.01,2026-08-09T03:59:59.999Z
3120904,"UFC Fight Night: Steven Asplund vs. Guilherme Pat (Heavyweight, Main Card)",ufc-ste36-gui2-2026-08-08,705469.57,1,0.9995,1,2.99,2026-08-09T03:59:59.999Z
3120906,Fight to Go the Distance?,ufc-ste36-gui2-2026-08-08,27098.99,24,0.445,1,0.01,2026-08-09T03:59:59.999Z
3120906,Fight to Go the Distance?,ufc-ste36-gui2-2026-08-08,27098.99,1,0.9995,1,2.99,2026-08-09T03:59:59.999Z
3120919,"UFC Fight Night: Amanda Lemos vs. Alexia Thainara (Women's Strawweight, Prelims)",ufc-ama3-ale57-2026-08-08,496982.14,24,0.305,0,0.01,2026-08-09T03:59:59.999Z
3120919,"UFC Fight Night: Amanda Lemos vs. Alexia Thainara (Women's Strawweight, Prelims)",ufc-ama3-ale57-2026-08-08,496982.14,1,0.19,0,1.99,2026-08-09T03:59:59.999Z
3121258,"Another NATO Article 4 invocation by August 31, 2026?",another-nato-article-4-byptptpt-20260726214235871,145714.78,720,0.07,0,132.02,2026-09-01T03:59:00Z
3121258,"Another NATO Article 4 invocation by August 31, 2026?",another-nato-article-4-byptptpt-20260726214235871,145714.78,168,0.0295,0,0.03,2026-09-01T03:59:00Z
3121258,"Another NATO Article 4 invocation by August 31, 2026?",another-nato-article-4-byptptpt-20260726214235871,145714.78,24,0.0015,0,0.02,2026-09-01T03:59:00Z
3121258,"Another NATO Article 4 invocation by August 31, 2026?",another-nato-article-4-byptptpt-20260726214235871,145714.78,1,0.0015,0,0.02,2026-09-01T03:59:00Z
3121262,NATO downs another Russian drone by August 31?,nato-downs-another-russian-drone-byptptpt-20260726214930818,485611.65,720,0.525,1,136.02,2026-08-31T23:59:00Z
3128252,"Will Russia and Ukraine hold any diplomatic meeting by August 15, 2026?",russia-x-ukraine-any-diplomatic-meeting-byptptpt-20260629155934230,73435.49,168,0.05,0,0.02,2026-08-15T23:59:00Z
3128252,"Will Russia and Ukraine hold any diplomatic meeting by August 15, 2026?",russia-x-ukraine-any-diplomatic-meeting-byptptpt-20260629155934230,73435.49,24,0.016,0,0.02,2026-08-15T23:59:00Z
3128252,"Will Russia and Ukraine hold any diplomatic meeting by August 15, 2026?",russia-x-ukraine-any-diplomatic-meeting-byptptpt-20260629155934230,73435.49,1,0.006,0,0.02,2026-08-15T23:59:00Z
3128290,Foreign intervention in Gaza by August 31?,foreign-intervention-in-gaza-by,115609.07,720,0.0625,0,132.02,2026-09-01T03:59:00Z
3128290,Foreign intervention in Gaza by August 31?,foreign-intervention-in-gaza-by,115609.07,168,0.005,0,0.03,2026-09-01T03:59:00Z
3128290,Foreign intervention in Gaza by August 31?,foreign-intervention-in-gaza-by,115609.07,24,0.0035,0,0.02,2026-09-01T03:59:00Z
3128290,Foreign intervention in Gaza by August 31?,foreign-intervention-in-gaza-by,115609.07,1,0.0015,0,0.02,2026-09-01T03:59:00Z
3128299,Will Seattle Sounders FC win on 2026-08-09?,lec-sea-que-2026-08-09,516481.57,24,0.49,1,0.5,2026-08-09T19:30:00Z
3128299,Will Seattle Sounders FC win on 2026-08-09?,lec-sea-que-2026-08-09,516481.57,1,0.455,1,0.49,2026-08-09T19:30:00Z
3128300,Will Seattle Sounders FC vs. Querétaro FC end in a draw?,lec-sea-que-2026-08-09,50369.82,24,0.245,0,0.5,2026-08-09T19:30:00Z
3128300,Will Seattle Sounders FC vs. Querétaro FC end in a draw?,lec-sea-que-2026-08-09,50369.82,1,0.245,0,0.49,2026-08-09T19:30:00Z
3128301,Will Querétaro FC win on 2026-08-09?,lec-sea-que-2026-08-09,69970.81,24,0.255,0,0.5,2026-08-09T19:30:00Z
3128301,Will Querétaro FC win on 2026-08-09?,lec-sea-que-2026-08-09,69970.81,1,0.305,0,0.49,2026-08-09T19:30:00Z
3128308,Will CF Cruz Azul win on 2026-08-09?,lec-caz-nyc-2026-08-09,420889.9,24,0.395,1,0.5,2026-08-09T23:30:00Z
3128308,Will CF Cruz Azul win on 2026-08-09?,lec-caz-nyc-2026-08-09,420889.9,1,0.425,1,0.5,2026-08-09T23:30:00Z
3128310,Will CF Cruz Azul vs. New York City FC end in a draw?,lec-caz-nyc-2026-08-09,43983.27,24,0.28,0,0.5,2026-08-09T23:30:00Z
3128310,Will CF Cruz Azul vs. New York City FC end in a draw?,lec-caz-nyc-2026-08-09,43983.27,1,0.265,0,0.5,2026-08-09T23:30:00Z
3128312,Will New York City FC win on 2026-08-09?,lec-caz-nyc-2026-08-09,156262.07,24,0.33,0,0.5,2026-08-09T23:30:00Z
3128312,Will New York City FC win on 2026-08-09?,lec-caz-nyc-2026-08-09,156262.07,1,0.325,0,0.5,2026-08-09T23:30:00Z
3128318,Will Philadelphia Union win on 2026-08-09?,lec-phi-nec-2026-08-09,64807.42,24,0.545,1,0.5,2026-08-09T23:30:00Z
3128318,Will Philadelphia Union win on 2026-08-09?,lec-phi-nec-2026-08-09,64807.42,1,0.605,1,0.5,2026-08-09T23:30:00Z
3128322,Will Club Necaxa win on 2026-08-09?,lec-phi-nec-2026-08-09,28257.7,24,0.215,0,0.5,2026-08-09T23:30:00Z
3128322,Will Club Necaxa win on 2026-08-09?,lec-phi-nec-2026-08-09,28257.7,1,0.185,0,0.5,2026-08-09T23:30:00Z
3128328,Will Nashville SC win on 2026-08-09?,lec-nas-asl-2026-08-09,298671.68,24,0.585,1,0.01,2026-08-10T00:00:00Z
3128328,Will Nashville SC win on 2026-08-09?,lec-nas-asl-2026-08-09,298671.68,1,0.545,1,0.0,2026-08-10T00:00:00Z
3128332,Will Atlético San Luis win on 2026-08-09?,lec-nas-asl-2026-08-09,15383.37,24,0.18,0,0.01,2026-08-10T00:00:00Z
3128332,Will Atlético San Luis win on 2026-08-09?,lec-nas-asl-2026-08-09,15383.37,1,0.215,0,0.0,2026-08-10T00:00:00Z
3128335,Will Chicago Fire FC win on 2026-08-09?,lec-chi-san-2026-08-09,348350.67,24,0.615,1,0.01,2026-08-10T00:00:00Z
3128335,Will Chicago Fire FC win on 2026-08-09?,lec-chi-san-2026-08-09,348350.67,1,0.635,1,0.0,2026-08-10T00:00:00Z
3128336,Will Chicago Fire FC vs. Club Santos Laguna end in a draw?,lec-chi-san-2026-08-09,47153.42,24,0.205,0,0.01,2026-08-10T00:00:00Z
3128336,Will Chicago Fire FC vs. Club Santos Laguna end in a draw?,lec-chi-san-2026-08-09,47153.42,1,0.195,0,0.0,2026-08-10T00:00:00Z
3128337,Will Club Santos Laguna win on 2026-08-09?,lec-chi-san-2026-08-09,77158.98,24,0.165,0,0.01,2026-08-10T00:00:00Z
3128337,Will Club Santos Laguna win on 2026-08-09?,lec-chi-san-2026-08-09,77158.98,1,0.175,0,0.0,2026-08-10T00:00:00Z
3128338,Will Austin FC win on 2026-08-09?,lec-aus-pue-2026-08-09,219962.22,24,0.5,1,0.01,2026-08-10T01:00:00Z
3128338,Will Austin FC win on 2026-08-09?,lec-aus-pue-2026-08-09,219962.22,1,0.575,1,0.01,2026-08-10T01:00:00Z
3128340,Will Club Puebla win on 2026-08-09?,lec-aus-pue-2026-08-09,29692.57,24,0.27,0,0.01,2026-08-10T01:00:00Z
3128340,Will Club Puebla win on 2026-08-09?,lec-aus-pue-2026-08-09,29692.57,1,0.205,0,0.0,2026-08-10T01:00:00Z
3128341,Will San Diego FC win on 2026-08-09?,lec-sdg-tij-2026-08-09,216182.06,24,0.575,1,0.0,2026-08-10T02:00:00Z
3128341,Will San Diego FC win on 2026-08-09?,lec-sdg-tij-2026-08-09,216182.06,1,0.505,1,0.0,2026-08-10T02:00:00Z
3128342,Will San Diego FC vs. Club Tijuana end in a draw?,lec-sdg-tij-2026-08-09,67919.36,24,0.225,0,0.0,2026-08-10T02:00:00Z
3128342,Will San Diego FC vs. Club Tijuana end in a draw?,lec-sdg-tij-2026-08-09,67919.36,1,0.225,0,0.0,2026-08-10T02:00:00Z
3128343,Will Club Tijuana win on 2026-08-09?,lec-sdg-tij-2026-08-09,105392.26,24,0.195,0,0.0,2026-08-10T02:00:00Z
3128343,Will Club Tijuana win on 2026-08-09?,lec-sdg-tij-2026-08-09,105392.26,1,0.255,0,0.0,2026-08-10T02:00:00Z
3128344,Will CF América win on 2026-08-09?,lec-ame-por-2026-08-09,595451.56,24,0.445,1,0.25,2026-08-10T02:15:00Z
3128344,Will CF América win on 2026-08-09?,lec-ame-por-2026-08-09,595451.56,1,0.455,1,0.25,2026-08-10T02:15:00Z
3128345,Will CF América vs. Portland Timbers end in a draw?,lec-ame-por-2026-08-09,42647.4,24,0.235,0,0.25,2026-08-10T02:15:00Z
3128345,Will CF América vs. Portland Timbers end in a draw?,lec-ame-por-2026-08-09,42647.4,1,0.235,0,0.25,2026-08-10T02:15:00Z
3128346,Will Portland Timbers win on 2026-08-09?,lec-ame-por-2026-08-09,209265.48,24,0.315,0,0.25,2026-08-10T02:15:00Z
3128346,Will Portland Timbers win on 2026-08-09?,lec-ame-por-2026-08-09,209265.48,1,0.315,0,0.25,2026-08-10T02:15:00Z
3128401,Exact Score: CF Cruz Azul 3 - 3 New York City FC?,lec-caz-nyc-2026-08-09-exact-score,29180.16,24,0.0165,0,0.5,2026-08-09T23:30:00Z
3128401,Exact Score: CF Cruz Azul 3 - 3 New York City FC?,lec-caz-nyc-2026-08-09-exact-score,29180.16,1,0.0135,0,0.5,2026-08-09T23:30:00Z
3128417,Exact Score: Philadelphia Union 2 - 0 Club Necaxa?,lec-phi-nec-2026-08-09-exact-score,14190.43,24,0.07,0,0.5,2026-08-09T23:30:00Z
3128417,Exact Score: Philadelphia Union 2 - 0 Club Necaxa?,lec-phi-nec-2026-08-09-exact-score,14190.43,1,0.095,0,0.5,2026-08-09T23:30:00Z
3128427,Exact Score: Philadelphia Union 3 - 3 Club Necaxa?,lec-phi-nec-2026-08-09-exact-score,18114.88,24,0.025,0,0.5,2026-08-09T23:30:00Z
3128427,Exact Score: Philadelphia Union 3 - 3 Club Necaxa?,lec-phi-nec-2026-08-09-exact-score,18114.88,1,0.0155,0,0.5,2026-08-09T23:30:00Z
3128479,Exact Score: Chicago Fire FC 3 - 3 Club Santos Laguna?,lec-chi-san-2026-08-09-exact-score,18223.97,24,0.0145,0,0.01,2026-08-10T00:00:00Z
3128479,Exact Score: Chicago Fire FC 3 - 3 Club Santos Laguna?,lec-chi-san-2026-08-09-exact-score,18223.97,1,0.016,0,0.0,2026-08-10T00:00:00Z
3128505,Exact Score: Austin FC 3 - 3 Club Puebla?,lec-aus-pue-2026-08-09-exact-score,21550.86,24,0.0195,0,0.01,2026-08-10T01:00:00Z
3128505,Exact Score: Austin FC 3 - 3 Club Puebla?,lec-aus-pue-2026-08-09-exact-score,21550.86,1,0.0145,0,0.0,2026-08-10T01:00:00Z
3128518,Exact Score: San Diego FC 1 - 0 Club Tijuana?,lec-sdg-tij-2026-08-09-exact-score,11945.88,24,0.085,1,0.0,2026-08-10T02:00:00Z
3128518,Exact Score: San Diego FC 1 - 0 Club Tijuana?,lec-sdg-tij-2026-08-09-exact-score,11945.88,1,0.08,1,0.0,2026-08-10T02:00:00Z
3128523,Exact Score: San Diego FC 1 - 2 Club Tijuana?,lec-sdg-tij-2026-08-09-exact-score,14247.44,24,0.05,0,0.0,2026-08-10T02:00:00Z
3128523,Exact Score: San Diego FC 1 - 2 Club Tijuana?,lec-sdg-tij-2026-08-09-exact-score,14247.44,1,0.065,0,0.0,2026-08-10T02:00:00Z
3128524,Exact Score: San Diego FC 2 - 1 Club Tijuana?,lec-sdg-tij-2026-08-09-exact-score,11041.32,24,0.095,0,0.0,2026-08-10T02:00:00Z
3128524,Exact Score: San Diego FC 2 - 1 Club Tijuana?,lec-sdg-tij-2026-08-09-exact-score,11041.32,1,0.095,0,0.0,2026-08-10T02:00:00Z
3128525,Exact Score: San Diego FC 3 - 0 Club Tijuana?,lec-sdg-tij-2026-08-09-exact-score,12240.46,24,0.06,0,0.0,2026-08-10T02:00:00Z
3128525,Exact Score: San Diego FC 3 - 0 Club Tijuana?,lec-sdg-tij-2026-08-09-exact-score,12240.46,1,0.045,0,0.0,2026-08-10T02:00:00Z
3128526,Exact Score: San Diego FC 1 - 3 Club Tijuana?,lec-sdg-tij-2026-08-09-exact-score,22102.28,24,0.0195,0,0.0,2026-08-10T02:00:00Z
3128526,Exact Score: San Diego FC 1 - 3 Club Tijuana?,lec-sdg-tij-2026-08-09-exact-score,22102.28,1,0.024,0,0.0,2026-08-10T02:00:00Z
3128527,Exact Score: San Diego FC 2 - 2 Club Tijuana?,lec-sdg-tij-2026-08-09-exact-score,29949.29,24,0.06,0,0.0,2026-08-10T02:00:00Z
3128527,Exact Score: San Diego FC 2 - 2 Club Tijuana?,lec-sdg-tij-2026-08-09-exact-score,29949.29,1,0.065,0,0.0,2026-08-10T02:00:00Z
3128529,Exact Score: San Diego FC 2 - 3 Club Tijuana?,lec-sdg-tij-2026-08-09-exact-score,15280.79,24,0.0175,0,0.0,2026-08-10T02:00:00Z
3128529,Exact Score: San Diego FC 2 - 3 Club Tijuana?,lec-sdg-tij-2026-08-09-exact-score,15280.79,1,0.023,0,0.0,2026-08-10T02:00:00Z
3128530,Exact Score: San Diego FC 3 - 2 Club Tijuana?,lec-sdg-tij-2026-08-09-exact-score,10997.81,24,0.0345,0,0.0,2026-08-10T02:00:00Z
3128530,Exact Score: San Diego FC 3 - 2 Club Tijuana?,lec-sdg-tij-2026-08-09-exact-score,10997.81,1,0.0395,0,0.0,2026-08-10T02:00:00Z
3128531,Exact Score: San Diego FC 3 - 3 Club Tijuana?,lec-sdg-tij-2026-08-09-exact-score,20044.26,24,0.014,0,0.0,2026-08-10T02:00:00Z
3128531,Exact Score: San Diego FC 3 - 3 Club Tijuana?,lec-sdg-tij-2026-08-09-exact-score,20044.26,1,0.015,0,0.0,2026-08-10T02:00:00Z
3128550,Exact Score: CF América 2 - 1 Portland Timbers?,lec-ame-por-2026-08-09-exact-score,19483.54,24,0.085,0,0.25,2026-08-10T02:15:00Z
3128550,Exact Score: CF América 2 - 1 Portland Timbers?,lec-ame-por-2026-08-09-exact-score,19483.54,1,0.085,0,0.25,2026-08-10T02:15:00Z
3128554,Exact Score: CF América 3 - 1 Portland Timbers?,lec-ame-por-2026-08-09-exact-score,16072.29,24,0.0525,1,0.25,2026-08-10T02:15:00Z
3128554,Exact Score: CF América 3 - 1 Portland Timbers?,lec-ame-por-2026-08-09-exact-score,16072.29,1,0.0535,1,0.25,2026-08-10T02:15:00Z
3128557,Exact Score: CF América 3 - 3 Portland Timbers?,lec-ame-por-2026-08-09-exact-score,18635.29,24,0.02,0,0.25,2026-08-10T02:15:00Z
3128557,Exact Score: CF América 3 - 3 Portland Timbers?,lec-ame-por-2026-08-09-exact-score,18635.29,1,0.021,0,0.25,2026-08-10T02:15:00Z
3128585,Will WTI Crude Oil (WTI) hit (LOW) $55 in August?,what-price-will-wti-hit-in-august-2026,124457.96,720,0.0145,0,132.0,2026-09-01T03:59:59.999Z
3128585,Will WTI Crude Oil (WTI) hit (LOW) $55 in August?,what-price-will-wti-hit-in-august-2026,124457.96,168,0.0025,0,0.02,2026-09-01T03:59:59.999Z
3128585,Will WTI Crude Oil (WTI) hit (LOW) $55 in August?,what-price-will-wti-hit-in-august-2026,124457.96,24,0.0005,0,0.0,2026-09-01T03:59:59.999Z
3128786,Israel x Iran ceasefire continues through August 9?,israel-x-iran-ceasefire-continues-throughptptpt-20260716224448963,2357474.69,24,0.9825,1,0.02,2026-08-09T23:59:00Z
3128786,Israel x Iran ceasefire continues through August 9?,israel-x-iran-ceasefire-continues-throughptptpt-20260716224448963,2357474.69,1,0.9975,1,0.02,2026-08-09T23:59:00Z
3128885,Strait of Hormuz traffic returns to normal by August 15?,strait-of-hormuz-traffic-returns-to-normal-by-august-31-20260702154212320,7192394.76,168,0.0045,0,0.02,2026-08-16T03:59:00Z
3128885,Strait of Hormuz traffic returns to normal by August 15?,strait-of-hormuz-traffic-returns-to-normal-by-august-31-20260702154212320,7192394.76,24,0.0005,0,0.02,2026-08-16T03:59:00Z
3128885,Strait of Hormuz traffic returns to normal by August 15?,strait-of-hormuz-traffic-returns-to-normal-by-august-31-20260702154212320,7192394.76,1,0.0005,0,0.02,2026-08-16T03:59:00Z
3134028,Las Vegas Aces vs. New York Liberty,wnba-las-nyl-2026-08-09,251216.05,24,0.43,0,0.5,2026-08-09T16:30:00Z
3134028,Las Vegas Aces vs. New York Liberty,wnba-las-nyl-2026-08-09,251216.05,1,0.185,0,0.5,2026-08-09T16:30:00Z
3134046,Phoenix Mercury vs. Washington Mystics,wnba-phx-wsh-2026-08-09,149184.82,24,0.475,0,0.0,2026-08-09T19:00:00Z
3134046,Phoenix Mercury vs. Washington Mystics,wnba-phx-wsh-2026-08-09,149184.82,1,0.475,0,0.01,2026-08-09T19:00:00Z
3134057,Dallas Wings vs. Minnesota Lynx,wnba-dal-min-2026-08-09,277886.46,24,0.305,0,0.5,2026-08-09T19:30:00Z
3134057,Dallas Wings vs. Minnesota Lynx,wnba-dal-min-2026-08-09,277886.46,1,0.295,0,0.49,2026-08-09T19:30:00Z
3134069,Golden State Valkyries vs. Los Angeles Sparks,wnba-gsv-la-2026-08-09,151980.25,24,0.675,1,0.0,2026-08-09T23:00:00Z
3134069,Golden State Valkyries vs. Los Angeles Sparks,wnba-gsv-la-2026-08-09,151980.25,1,0.705,1,0.0,2026-08-09T23:00:00Z
3135607,Spread: FK Zenit (-1.5),rus-zen-rod-2026-08-09-more-markets,10855.92,24,0.67,0,0.0,2026-08-09T14:00:00Z
3135607,Spread: FK Zenit (-1.5),rus-zen-rod-2026-08-09-more-markets,10855.92,1,0.625,0,0.0,2026-08-09T14:00:00Z
3135609,Spread: FK Zenit (-2.5),rus-zen-rod-2026-08-09-more-markets,15950.14,24,0.45,0,0.0,2026-08-09T14:00:00Z
3135609,Spread: FK Zenit (-2.5),rus-zen-rod-2026-08-09-more-markets,15950.14,1,0.425,0,0.0,2026-08-09T14:00:00Z
3135646,FK Dinamo Moskva vs. FK Dinamo Makhachkala: O/U 2.5,rus-din-mak-2026-08-09-more-markets,18479.77,24,0.46,1,0.5,2026-08-09T11:30:00Z
3135646,FK Dinamo Moskva vs. FK Dinamo Makhachkala: O/U 2.5,rus-din-mak-2026-08-09-more-markets,18479.77,1,0.46,1,0.5,2026-08-09T11:30:00Z
3136007,Will AJ Auxerre vs. ESTAC Troyes end in a draw?,clf-aux-est-2026-08-08,15017.85,24,0.265,1,0.0,2026-08-08T16:00:00Z
3136007,Will AJ Auxerre vs. ESTAC Troyes end in a draw?,clf-aux-est-2026-08-08,15017.85,1,0.285,1,0.01,2026-08-08T16:00:00Z
3136009,Will Modena FC win on 2026-08-08?,clf-mod-fio-2026-08-08,72539.28,24,0.0115,0,0.0,2026-08-08T16:00:00Z
3136009,Will Modena FC win on 2026-08-08?,clf-mod-fio-2026-08-08,72539.28,1,0.0125,0,0.01,2026-08-08T16:00:00Z
3136010,Will Modena FC vs. ACF Fiorentina end in a draw?,clf-mod-fio-2026-08-08,64858.75,24,0.987,1,0.0,2026-08-08T16:00:00Z
3136010,Will Modena FC vs. ACF Fiorentina end in a draw?,clf-mod-fio-2026-08-08,64858.75,1,0.988,1,0.01,2026-08-08T16:00:00Z
3136011,Will ACF Fiorentina win on 2026-08-08?,clf-mod-fio-2026-08-08,63265.25,24,0.012,0,0.0,2026-08-08T16:00:00Z
3136011,Will ACF Fiorentina win on 2026-08-08?,clf-mod-fio-2026-08-08,63265.25,1,0.0115,0,0.01,2026-08-08T16:00:00Z
3136014,Will Espanyol Barcelona win on 2026-08-08?,clf-cov-esp-2026-08-08,12054.02,24,0.34,0,0.5,2026-08-08T16:30:00Z
3136014,Will Espanyol Barcelona win on 2026-08-08?,clf-cov-esp-2026-08-08,12054.02,1,0.305,0,0.49,2026-08-08T16:30:00Z
3136018,Will Real Betis Seville win on 2026-08-08?,clf-rbb-bou-2026-08-08,11731.54,24,0.39,0,0.5,2026-08-08T18:30:00Z
3136018,Will Real Betis Seville win on 2026-08-08?,clf-rbb-bou-2026-08-08,11731.54,1,0.39,0,0.5,2026-08-08T18:30:00Z
3136023,Will RC Deportivo De La Coruna win on 2026-08-08?,clf-gc-dep-2026-08-08,51142.09,24,0.345,1,0.25,2026-08-08T18:45:00Z
3136023,Will RC Deportivo De La Coruna win on 2026-08-08?,clf-gc-dep-2026-08-08,51142.09,1,0.33,1,0.25,2026-08-08T18:45:00Z
3136030,Will Manchester City win on 2026-08-09?,clf-mci-atm-2026-08-09,327415.61,24,0.42,1,0.0,2026-08-09T11:00:00Z
3136030,Will Manchester City win on 2026-08-09?,clf-mci-atm-2026-08-09,327415.61,1,0.555,1,0.0,2026-08-09T11:00:00Z
3136031,Will Manchester City vs. Atletico Madrid end in a draw?,clf-mci-atm-2026-08-09,81418.38,24,0.22,0,0.0,2026-08-09T11:00:00Z
3136031,Will Manchester City vs. Atletico Madrid end in a draw?,clf-mci-atm-2026-08-09,81418.38,1,0.205,0,0.0,2026-08-09T11:00:00Z
3136032,Will Atletico Madrid win on 2026-08-09?,clf-mci-atm-2026-08-09,98996.29,24,0.335,0,0.0,2026-08-09T11:00:00Z
3136032,Will Atletico Madrid win on 2026-08-09?,clf-mci-atm-2026-08-09,98996.29,1,0.245,0,0.0,2026-08-09T11:00:00Z
3136033,Will Liverpool FC win on 2026-08-09?,clf-lfc-asm-2026-08-09,90394.43,24,0.605,0,0.5,2026-08-09T13:30:00Z
3136033,Will Liverpool FC win on 2026-08-09?,clf-lfc-asm-2026-08-09,90394.43,1,0.655,0,0.5,2026-08-09T13:30:00Z
3136034,Will Liverpool FC vs. AS Monaco end in a draw?,clf-lfc-asm-2026-08-09,24988.21,24,0.2,0,0.5,2026-08-09T13:30:00Z
3136034,Will Liverpool FC vs. AS Monaco end in a draw?,clf-lfc-asm-2026-08-09,24988.21,1,0.185,0,0.5,2026-08-09T13:30:00Z
3136035,Will AS Monaco win on 2026-08-09?,clf-lfc-asm-2026-08-09,79933.92,24,0.2,1,0.5,2026-08-09T13:30:00Z
3136035,Will AS Monaco win on 2026-08-09?,clf-lfc-asm-2026-08-09,79933.92,1,0.165,1,0.5,2026-08-09T13:30:00Z
3136038,Will Lazio Rome win on 2026-08-09?,clf-fro-laz-2026-08-09,33419.39,24,0.47,1,0.25,2026-08-09T18:45:00Z
3136038,Will Lazio Rome win on 2026-08-09?,clf-fro-laz-2026-08-09,33419.39,1,0.475,1,0.26,2026-08-09T18:45:00Z
3138991,AFC Bournemouth leading at halftime?,clf-rbb-bou-2026-08-08-halftime-result,20323.65,24,0.39,1,0.5,2026-08-08T18:30:00Z
3138991,AFC Bournemouth leading at halftime?,clf-rbb-bou-2026-08-08-halftime-result,20323.65,1,0.31,1,0.5,2026-08-08T18:30:00Z
3139069,SSC Napoli leading at halftime?,clf-nap-rcc-2026-08-08-halftime-result,18579.71,24,0.45,1,0.0,2026-08-08T19:00:00Z
3139069,SSC Napoli leading at halftime?,clf-nap-rcc-2026-08-08-halftime-result,18579.71,1,0.365,1,0.0,2026-08-08T19:00:00Z
3139095,Manchester City leading at halftime?,clf-mci-atm-2026-08-09-halftime-result,14651.0,24,0.395,0,0.0,2026-08-09T11:00:00Z
3139095,Manchester City leading at halftime?,clf-mci-atm-2026-08-09-halftime-result,14651.0,1,0.42,0,0.0,2026-08-09T11:00:00Z
3139149,Exact Score: Liverpool FC 3 - 3 AS Monaco?,clf-lfc-asm-2026-08-09-exact-score,23440.85,24,0.435,0,0.5,2026-08-09T13:30:00Z
3139149,Exact Score: Liverpool FC 3 - 3 AS Monaco?,clf-lfc-asm-2026-08-09-exact-score,23440.85,1,0.0165,0,0.5,2026-08-09T13:30:00Z
3141643,Heart of Midlothian FC vs. Dundee United FC: O/U 4.5,scop-hmi-dun-2026-08-08-more-markets,10087.17,24,0.17,0,0.0,2026-08-09T14:00:00Z
3141643,Heart of Midlothian FC vs. Dundee United FC: O/U 4.5,scop-hmi-dun-2026-08-08-more-markets,10087.17,1,0.175,0,0.0,2026-08-09T14:00:00Z
3141645,Heart of Midlothian FC vs. Dundee United FC: Both Teams to Score,scop-hmi-dun-2026-08-08-more-markets,12761.14,24,0.535,0,0.0,2026-08-09T14:00:00Z
3141645,Heart of Midlothian FC vs. Dundee United FC: Both Teams to Score,scop-hmi-dun-2026-08-08-more-markets,12761.14,1,0.57,0,0.0,2026-08-09T14:00:00Z
3141846,Will Richard Neal be the MA-01 Democratic nominee?,ma-01-democratic-primary-winner-20260727173754524,79034.92,720,0.915,1,112.02,2026-09-01T23:59:00Z
3141846,Will Richard Neal be the MA-01 Democratic nominee?,ma-01-democratic-primary-winner-20260727173754524,79034.92,168,0.8325,1,0.02,2026-09-01T23:59:00Z
3141846,Will Richard Neal be the MA-01 Democratic nominee?,ma-01-democratic-primary-winner-20260727173754524,79034.92,24,0.921,1,0.03,2026-09-01T23:59:00Z
3141846,Will Richard Neal be the MA-01 Democratic nominee?,ma-01-democratic-primary-winner-20260727173754524,79034.92,1,0.9215,1,0.98,2026-09-01T23:59:00Z
3141847,Will Jeromie Whalen be the MA-01 Democratic nominee?,ma-01-democratic-primary-winner-20260727173754524,52796.94,720,0.0505,0,112.02,2026-09-01T23:59:00Z
3141847,Will Jeromie Whalen be the MA-01 Democratic nominee?,ma-01-democratic-primary-winner-20260727173754524,52796.94,168,0.158,0,0.02,2026-09-01T23:59:00Z
3141847,Will Jeromie Whalen be the MA-01 Democratic nominee?,ma-01-democratic-primary-winner-20260727173754524,52796.94,24,0.082,0,0.03,2026-09-01T23:59:00Z
3141847,Will Jeromie Whalen be the MA-01 Democratic nominee?,ma-01-democratic-primary-winner-20260727173754524,52796.94,1,0.0805,0,0.98,2026-09-01T23:59:00Z
3141888,Will Jake Auchincloss be the MA-04 Democratic nominee?,ma-04-democratic-primary-winner-20260727180932560,13639.15,720,0.9355,1,112.02,2026-09-01T23:59:00Z
3141888,Will Jake Auchincloss be the MA-04 Democratic nominee?,ma-04-democratic-primary-winner-20260727180932560,13639.15,168,0.9585,1,0.02,2026-09-01T23:59:00Z
3141888,Will Jake Auchincloss be the MA-04 Democratic nominee?,ma-04-democratic-primary-winner-20260727180932560,13639.15,24,0.98,1,0.03,2026-09-01T23:59:00Z
3141888,Will Jake Auchincloss be the MA-04 Democratic nominee?,ma-04-democratic-primary-winner-20260727180932560,13639.15,1,0.986,1,0.98,2026-09-01T23:59:00Z
3142977,Will Georgia Tree win the 2026 Secret Harbour state by-election?,secret-harbour-state-by-election-winner-20260727232510799,69786.63,168,0.805,0,0.02,2026-08-29T23:59:00Z
3142977,Will Georgia Tree win the 2026 Secret Harbour state by-election?,secret-harbour-state-by-election-winner-20260727232510799,69786.63,24,0.6,0,0.02,2026-08-29T23:59:00Z
3142977,Will Georgia Tree win the 2026 Secret Harbour state by-election?,secret-harbour-state-by-election-winner-20260727232510799,69786.63,1,0.002,0,0.02,2026-08-29T23:59:00Z
3142978,Will Ryan Robertson win the 2026 Secret Harbour state by-election?,secret-harbour-state-by-election-winner-20260727232510799,24308.25,168,0.003,0,0.02,2026-08-29T23:59:00Z
3142978,Will Ryan Robertson win the 2026 Secret Harbour state by-election?,secret-harbour-state-by-election-winner-20260727232510799,24308.25,24,0.002,0,0.02,2026-08-29T23:59:00Z
3142978,Will Ryan Robertson win the 2026 Secret Harbour state by-election?,secret-harbour-state-by-election-winner-20260727232510799,24308.25,1,0.0005,0,0.02,2026-08-29T23:59:00Z
3142979,Will Luke Herdegen win the 2026 Secret Harbour state by-election?,secret-harbour-state-by-election-winner-20260727232510799,68909.7,168,0.2,1,0.02,2026-08-29T23:59:00Z
3142979,Will Luke Herdegen win the 2026 Secret Harbour state by-election?,secret-harbour-state-by-election-winner-20260727232510799,68909.7,24,0.415,1,0.02,2026-08-29T23:59:00Z
3142979,Will Luke Herdegen win the 2026 Secret Harbour state by-election?,secret-harbour-state-by-election-winner-20260727232510799,68909.7,1,0.9945,1,0.02,2026-08-29T23:59:00Z
3143015,Will Charlotte FC win on 2026-08-11?,lec-clt-pac-2026-08-11,419489.5,24,0.535,0,0.5,2026-08-11T23:30:00Z
3143015,Will Charlotte FC win on 2026-08-11?,lec-clt-pac-2026-08-11,419489.5,1,0.595,0,0.49,2026-08-11T23:30:00Z
3143016,Will Charlotte FC vs. CF Pachuca end in a draw?,lec-clt-pac-2026-08-11,19594.95,24,0.235,0,0.5,2026-08-11T23:30:00Z
3143016,Will Charlotte FC vs. CF Pachuca end in a draw?,lec-clt-pac-2026-08-11,19594.95,1,0.205,0,0.49,2026-08-11T23:30:00Z
3143017,Will CF Pachuca win on 2026-08-11?,lec-clt-pac-2026-08-11,114322.08,24,0.245,1,0.5,2026-08-11T23:30:00Z
3143017,Will CF Pachuca win on 2026-08-11?,lec-clt-pac-2026-08-11,114322.08,1,0.195,1,0.5,2026-08-11T23:30:00Z
3143018,Will Columbus Crew win on 2026-08-11?,lec-clb-pum-2026-08-11,252467.22,24,0.605,0,0.5,2026-08-11T23:30:00Z
3143018,Will Columbus Crew win on 2026-08-11?,lec-clb-pum-2026-08-11,252467.22,1,0.655,0,0.5,2026-08-11T23:30:00Z
3143019,Will Columbus Crew vs. Pumas de la UNAM end in a draw?,lec-clb-pum-2026-08-11,52671.02,24,0.215,1,0.5,2026-08-11T23:30:00Z
3143019,Will Columbus Crew vs. Pumas de la UNAM end in a draw?,lec-clb-pum-2026-08-11,52671.02,1,0.195,1,0.5,2026-08-11T23:30:00Z
3143020,Will Pumas de la UNAM win on 2026-08-11?,lec-clb-pum-2026-08-11,144908.52,24,0.18,0,0.5,2026-08-11T23:30:00Z
3143020,Will Pumas de la UNAM win on 2026-08-11?,lec-clb-pum-2026-08-11,144908.52,1,0.155,0,0.49,2026-08-11T23:30:00Z
3143021,Will FC Cincinnati win on 2026-08-11?,lec-fcc-atl-2026-08-11,186943.07,24,0.645,0,0.01,2026-08-12T00:00:00Z
3143021,Will FC Cincinnati win on 2026-08-11?,lec-fcc-atl-2026-08-11,186943.07,1,0.725,0,0.0,2026-08-12T00:00:00Z
3143022,Will FC Cincinnati vs. Atlas FC end in a draw?,lec-fcc-atl-2026-08-11,28985.14,24,0.205,0,0.01,2026-08-12T00:00:00Z
3143022,Will FC Cincinnati vs. Atlas FC end in a draw?,lec-fcc-atl-2026-08-11,28985.14,1,0.165,0,0.0,2026-08-12T00:00:00Z
3143023,Will Atlas FC win on 2026-08-11?,lec-fcc-atl-2026-08-11,176027.54,24,0.155,1,0.01,2026-08-12T00:00:00Z
3143023,Will Atlas FC win on 2026-08-11?,lec-fcc-atl-2026-08-11,176027.54,1,0.115,1,0.0,2026-08-12T00:00:00Z
3143024,Will Minnesota United FC win on 2026-08-11?,lec-min-atla-2026-08-11,150001.77,24,0.49,1,0.49,2026-08-12T00:30:00Z
3143024,Will Minnesota United FC win on 2026-08-11?,lec-min-atla-2026-08-11,150001.77,1,0.475,1,0.5,2026-08-12T00:30:00Z
3143025,Will Minnesota United FC vs. Atlante FC end in a draw?,lec-min-atla-2026-08-11,12385.15,24,0.245,0,0.5,2026-08-12T00:30:00Z
3143025,Will Minnesota United FC vs. Atlante FC end in a draw?,lec-min-atla-2026-08-11,12385.15,1,0.255,0,0.5,2026-08-12T00:30:00Z
3143026,Will Atlante FC win on 2026-08-11?,lec-min-atla-2026-08-11,29297.3,24,0.27,0,0.49,2026-08-12T00:30:00Z
3143026,Will Atlante FC win on 2026-08-11?,lec-min-atla-2026-08-11,29297.3,1,0.275,0,0.5,2026-08-12T00:30:00Z
3143027,Will Tigres de la UANL win on 2026-08-11?,lec-tig-vwh-2026-08-11,247490.39,24,0.685,0,0.0,2026-08-12T02:00:00Z
3143027,Will Tigres de la UANL win on 2026-08-11?,lec-tig-vwh-2026-08-11,247490.39,1,0.705,0,0.0,2026-08-12T02:00:00Z
3143028,Will Tigres de la UANL vs. Vancouver Whitecaps FC end in a draw?,lec-tig-vwh-2026-08-11,64012.97,24,0.185,1,0.0,2026-08-12T02:00:00Z
3143028,Will Tigres de la UANL vs. Vancouver Whitecaps FC end in a draw?,lec-tig-vwh-2026-08-11,64012.97,1,0.165,1,0.0,2026-08-12T02:00:00Z
3143029,Will Vancouver Whitecaps FC win on 2026-08-11?,lec-tig-vwh-2026-08-11,168814.25,24,0.145,0,0.0,2026-08-12T02:00:00Z
3143029,Will Vancouver Whitecaps FC win on 2026-08-11?,lec-tig-vwh-2026-08-11,168814.25,1,0.135,0,0.0,2026-08-12T02:00:00Z
3143030,Will Inter Miami CF win on 2026-08-12?,lec-mia-leo-2026-08-12,291656.65,168,0.45,0,40.5,2026-08-12T23:30:00Z
3143030,Will Inter Miami CF win on 2026-08-12?,lec-mia-leo-2026-08-12,291656.65,24,0.485,0,0.5,2026-08-12T23:30:00Z
3143030,Will Inter Miami CF win on 2026-08-12?,lec-mia-leo-2026-08-12,291656.65,1,0.465,0,0.5,2026-08-12T23:30:00Z
3143031,Will Inter Miami CF vs. Club León FC end in a draw?,lec-mia-leo-2026-08-12,27985.25,168,0.48,0,40.5,2026-08-12T23:30:00Z
3143031,Will Inter Miami CF vs. Club León FC end in a draw?,lec-mia-leo-2026-08-12,27985.25,24,0.225,0,0.5,2026-08-12T23:30:00Z
3143031,Will Inter Miami CF vs. Club León FC end in a draw?,lec-mia-leo-2026-08-12,27985.25,1,0.235,0,0.5,2026-08-12T23:30:00Z
3143032,Will Club León FC win on 2026-08-12?,lec-mia-leo-2026-08-12,135199.13,168,0.4,1,40.5,2026-08-12T23:30:00Z
3143032,Will Club León FC win on 2026-08-12?,lec-mia-leo-2026-08-12,135199.13,24,0.305,1,0.5,2026-08-12T23:30:00Z
3143032,Will Club León FC win on 2026-08-12?,lec-mia-leo-2026-08-12,135199.13,1,0.295,1,0.5,2026-08-12T23:30:00Z
3143033,Will Orlando City SC win on 2026-08-12?,lec-orl-asl-2026-08-12,411833.94,168,0.445,0,40.5,2026-08-12T23:30:00Z
3143033,Will Orlando City SC win on 2026-08-12?,lec-orl-asl-2026-08-12,411833.94,24,0.595,0,0.5,2026-08-12T23:30:00Z
3143033,Will Orlando City SC win on 2026-08-12?,lec-orl-asl-2026-08-12,411833.94,1,0.625,0,0.5,2026-08-12T23:30:00Z
3143034,Will Orlando City SC vs. Atlético San Luis end in a draw?,lec-orl-asl-2026-08-12,43442.64,168,0.5,1,40.5,2026-08-12T23:30:00Z
3143034,Will Orlando City SC vs. Atlético San Luis end in a draw?,lec-orl-asl-2026-08-12,43442.64,24,0.2,1,0.5,2026-08-12T23:30:00Z
3143034,Will Orlando City SC vs. Atlético San Luis end in a draw?,lec-orl-asl-2026-08-12,43442.64,1,0.195,1,0.5,2026-08-12T23:30:00Z
3143035,Will Atlético San Luis win on 2026-08-12?,lec-orl-asl-2026-08-12,92672.46,168,0.435,0,40.5,2026-08-12T23:30:00Z
3143035,Will Atlético San Luis win on 2026-08-12?,lec-orl-asl-2026-08-12,92672.46,24,0.185,0,0.5,2026-08-12T23:30:00Z
3143035,Will Atlético San Luis win on 2026-08-12?,lec-orl-asl-2026-08-12,92672.46,1,0.175,0,0.5,2026-08-12T23:30:00Z
3143036,Will CF Monterrey win on 2026-08-12?,lec-mon-nas-2026-08-12,1030318.12,168,0.45,1,40.0,2026-08-13T00:00:00Z
3143036,Will CF Monterrey win on 2026-08-12?,lec-mon-nas-2026-08-12,1030318.12,24,0.305,1,0.0,2026-08-13T00:00:00Z
3143036,Will CF Monterrey win on 2026-08-12?,lec-mon-nas-2026-08-12,1030318.12,1,0.495,1,0.0,2026-08-13T00:00:00Z
3143037,Will CF Monterrey vs. Nashville SC end in a draw?,lec-mon-nas-2026-08-12,31184.45,168,0.48,0,40.0,2026-08-13T00:00:00Z
3143037,Will CF Monterrey vs. Nashville SC end in a draw?,lec-mon-nas-2026-08-12,31184.45,24,0.245,0,0.0,2026-08-13T00:00:00Z
3143037,Will CF Monterrey vs. Nashville SC end in a draw?,lec-mon-nas-2026-08-12,31184.45,1,0.225,0,0.0,2026-08-13T00:00:00Z
3143038,Will Nashville SC win on 2026-08-12?,lec-mon-nas-2026-08-12,223136.34,168,0.445,0,40.0,2026-08-13T00:00:00Z
3143038,Will Nashville SC win on 2026-08-12?,lec-mon-nas-2026-08-12,223136.34,24,0.445,0,0.0,2026-08-13T00:00:00Z
3143038,Will Nashville SC win on 2026-08-12?,lec-mon-nas-2026-08-12,223136.34,1,0.275,0,0.0,2026-08-13T00:00:00Z
3143039,Will Deportivo Toluca FC win on 2026-08-12?,lec-tol-dal-2026-08-12,298959.06,168,0.9,1,38.0,2026-08-13T02:00:00Z
3143039,Will Deportivo Toluca FC win on 2026-08-12?,lec-tol-dal-2026-08-12,298959.06,24,0.675,1,0.01,2026-08-13T02:00:00Z
3143039,Will Deportivo Toluca FC win on 2026-08-12?,lec-tol-dal-2026-08-12,298959.06,1,0.715,1,0.0,2026-08-13T02:00:00Z
3143040,Will Deportivo Toluca FC vs. FC Dallas end in a draw?,lec-tol-dal-2026-08-12,30504.26,168,0.3,0,38.0,2026-08-13T02:00:00Z
3143040,Will Deportivo Toluca FC vs. FC Dallas end in a draw?,lec-tol-dal-2026-08-12,30504.26,24,0.185,0,0.01,2026-08-13T02:00:00Z
3143040,Will Deportivo Toluca FC vs. FC Dallas end in a draw?,lec-tol-dal-2026-08-12,30504.26,1,0.165,0,0.0,2026-08-13T02:00:00Z
3143041,Will FC Dallas win on 2026-08-12?,lec-tol-dal-2026-08-12,136089.57,168,0.06,0,38.0,2026-08-13T02:00:00Z
3143041,Will FC Dallas win on 2026-08-12?,lec-tol-dal-2026-08-12,136089.57,24,0.135,0,0.01,2026-08-13T02:00:00Z
3143041,Will FC Dallas win on 2026-08-12?,lec-tol-dal-2026-08-12,136089.57,1,0.125,0,0.0,2026-08-13T02:00:00Z
3143042,Will San Diego FC win on 2026-08-12?,lec-sdg-pue-2026-08-12,232099.79,168,0.45,1,37.75,2026-08-13T02:15:00Z
3143042,Will San Diego FC win on 2026-08-12?,lec-sdg-pue-2026-08-12,232099.79,24,0.605,1,0.24,2026-08-13T02:15:00Z
3143042,Will San Diego FC win on 2026-08-12?,lec-sdg-pue-2026-08-12,232099.79,1,0.605,1,0.25,2026-08-13T02:15:00Z
3143043,Will San Diego FC vs. Club Puebla end in a draw?,lec-sdg-pue-2026-08-12,26746.74,168,0.495,0,37.75,2026-08-13T02:15:00Z
3143043,Will San Diego FC vs. Club Puebla end in a draw?,lec-sdg-pue-2026-08-12,26746.74,24,0.21,0,0.24,2026-08-13T02:15:00Z
3143043,Will San Diego FC vs. Club Puebla end in a draw?,lec-sdg-pue-2026-08-12,26746.74,1,0.205,0,0.25,2026-08-13T02:15:00Z
3143044,Will Club Puebla win on 2026-08-12?,lec-sdg-pue-2026-08-12,31450.4,168,0.445,0,37.75,2026-08-13T02:15:00Z
3143044,Will Club Puebla win on 2026-08-12?,lec-sdg-pue-2026-08-12,31450.4,24,0.185,0,0.24,2026-08-13T02:15:00Z
3143044,Will Club Puebla win on 2026-08-12?,lec-sdg-pue-2026-08-12,31450.4,1,0.185,0,0.25,2026-08-13T02:15:00Z
3143045,Will Los Angeles FC win on 2026-08-12?,lec-laf-que-2026-08-12,85656.75,168,0.445,0,37.5,2026-08-13T02:30:00Z
3143045,Will Los Angeles FC win on 2026-08-12?,lec-laf-que-2026-08-12,85656.75,24,0.725,0,0.49,2026-08-13T02:30:00Z
3143045,Will Los Angeles FC win on 2026-08-12?,lec-laf-que-2026-08-12,85656.75,1,0.765,0,0.5,2026-08-13T02:30:00Z
3143046,Will Los Angeles FC vs. Querétaro FC end in a draw?,lec-laf-que-2026-08-12,18631.77,168,0.485,1,37.5,2026-08-13T02:30:00Z
3143046,Will Los Angeles FC vs. Querétaro FC end in a draw?,lec-laf-que-2026-08-12,18631.77,24,0.18,1,0.49,2026-08-13T02:30:00Z
3143046,Will Los Angeles FC vs. Querétaro FC end in a draw?,lec-laf-que-2026-08-12,18631.77,1,0.145,1,0.5,2026-08-13T02:30:00Z
3143047,Will Querétaro FC win on 2026-08-12?,lec-laf-que-2026-08-12,41952.09,168,0.405,0,37.5,2026-08-13T02:30:00Z
3143047,Will Querétaro FC win on 2026-08-12?,lec-laf-que-2026-08-12,41952.09,24,0.105,0,0.49,2026-08-13T02:30:00Z
3143047,Will Querétaro FC win on 2026-08-12?,lec-laf-que-2026-08-12,41952.09,1,0.095,0,0.5,2026-08-13T02:30:00Z
3143048,Will Seattle Sounders FC win on 2026-08-12?,lec-sea-gua-2026-08-12,94881.96,168,0.45,0,37.5,2026-08-13T02:30:00Z
3143048,Will Seattle Sounders FC win on 2026-08-12?,lec-sea-gua-2026-08-12,94881.96,24,0.295,0,0.49,2026-08-13T02:30:00Z
3143048,Will Seattle Sounders FC win on 2026-08-12?,lec-sea-gua-2026-08-12,94881.96,1,0.275,0,0.5,2026-08-13T02:30:00Z
3143049,Will Seattle Sounders FC vs. CD Guadalajara end in a draw?,lec-sea-gua-2026-08-12,27551.1,168,0.51,0,37.5,2026-08-13T02:30:00Z
3143049,Will Seattle Sounders FC vs. CD Guadalajara end in a draw?,lec-sea-gua-2026-08-12,27551.1,24,0.245,0,0.49,2026-08-13T02:30:00Z
3143049,Will Seattle Sounders FC vs. CD Guadalajara end in a draw?,lec-sea-gua-2026-08-12,27551.1,1,0.215,0,0.5,2026-08-13T02:30:00Z
3143050,Will CD Guadalajara win on 2026-08-12?,lec-sea-gua-2026-08-12,285376.6,168,0.44,1,37.5,2026-08-13T02:30:00Z
3143050,Will CD Guadalajara win on 2026-08-12?,lec-sea-gua-2026-08-12,285376.6,24,0.475,1,0.49,2026-08-13T02:30:00Z
3143050,Will CD Guadalajara win on 2026-08-12?,lec-sea-gua-2026-08-12,285376.6,1,0.525,1,0.5,2026-08-13T02:30:00Z
3143051,Will Philadelphia Union win on 2026-08-13?,lec-phi-san-2026-08-13,146306.1,168,0.45,0,17.0,2026-08-13T23:00:00Z
3143051,Will Philadelphia Union win on 2026-08-13?,lec-phi-san-2026-08-13,146306.1,24,0.675,0,0.0,2026-08-13T23:00:00Z
3143051,Will Philadelphia Union win on 2026-08-13?,lec-phi-san-2026-08-13,146306.1,1,0.615,0,0.0,2026-08-13T23:00:00Z
3143052,Will Philadelphia Union vs. Club Santos Laguna end in a draw?,lec-phi-san-2026-08-13,24724.07,168,0.5,0,17.0,2026-08-13T23:00:00Z
3143052,Will Philadelphia Union vs. Club Santos Laguna end in a draw?,lec-phi-san-2026-08-13,24724.07,24,0.185,0,0.0,2026-08-13T23:00:00Z
3143052,Will Philadelphia Union vs. Club Santos Laguna end in a draw?,lec-phi-san-2026-08-13,24724.07,1,0.195,0,0.0,2026-08-13T23:00:00Z
3143053,Will Club Santos Laguna win on 2026-08-13?,lec-phi-san-2026-08-13,64462.04,168,0.44,1,17.0,2026-08-13T23:00:00Z
3143053,Will Club Santos Laguna win on 2026-08-13?,lec-phi-san-2026-08-13,64462.04,24,0.14,1,0.0,2026-08-13T23:00:00Z
3143053,Will Club Santos Laguna win on 2026-08-13?,lec-phi-san-2026-08-13,64462.04,1,0.185,1,0.0,2026-08-13T23:00:00Z
3143054,Will New York City FC win on 2026-08-13?,lec-nyc-nec-2026-08-13,134560.9,168,0.445,0,16.5,2026-08-13T23:30:00Z
3143054,Will New York City FC win on 2026-08-13?,lec-nyc-nec-2026-08-13,134560.9,24,0.57,0,0.5,2026-08-13T23:30:00Z
3143054,Will New York City FC win on 2026-08-13?,lec-nyc-nec-2026-08-13,134560.9,1,0.575,0,0.5,2026-08-13T23:30:00Z
3143055,Will New York City FC vs. Club Necaxa end in a draw?,lec-nyc-nec-2026-08-13,12261.83,168,0.5,0,16.5,2026-08-13T23:30:00Z
3143055,Will New York City FC vs. Club Necaxa end in a draw?,lec-nyc-nec-2026-08-13,12261.83,24,0.225,0,0.5,2026-08-13T23:30:00Z
3143055,Will New York City FC vs. Club Necaxa end in a draw?,lec-nyc-nec-2026-08-13,12261.83,1,0.225,0,0.5,2026-08-13T23:30:00Z
3143056,Will Club Necaxa win on 2026-08-13?,lec-nyc-nec-2026-08-13,54063.55,168,0.44,1,16.5,2026-08-13T23:30:00Z
3143056,Will Club Necaxa win on 2026-08-13?,lec-nyc-nec-2026-08-13,54063.55,24,0.185,1,0.5,2026-08-13T23:30:00Z
3143056,Will Club Necaxa win on 2026-08-13?,lec-nyc-nec-2026-08-13,54063.55,1,0.195,1,0.5,2026-08-13T23:30:00Z
3143057,Will CF América win on 2026-08-13?,lec-ame-aus-2026-08-13,621911.82,168,0.445,0,15.5,2026-08-14T00:30:00Z
3143057,Will CF América win on 2026-08-13?,lec-ame-aus-2026-08-13,621911.82,24,0.435,0,0.49,2026-08-14T00:30:00Z
3143057,Will CF América win on 2026-08-13?,lec-ame-aus-2026-08-13,621911.82,1,0.485,0,0.5,2026-08-14T00:30:00Z
3143058,Will CF América vs. Austin FC end in a draw?,lec-ame-aus-2026-08-13,75624.68,168,0.465,1,15.5,2026-08-14T00:30:00Z
3143058,Will CF América vs. Austin FC end in a draw?,lec-ame-aus-2026-08-13,75624.68,24,0.275,1,0.49,2026-08-14T00:30:00Z
3143058,Will CF América vs. Austin FC end in a draw?,lec-ame-aus-2026-08-13,75624.68,1,0.285,1,0.5,2026-08-14T00:30:00Z
3143059,Will Austin FC win on 2026-08-13?,lec-ame-aus-2026-08-13,198586.88,168,0.44,0,15.5,2026-08-14T00:30:00Z
3143059,Will Austin FC win on 2026-08-13?,lec-ame-aus-2026-08-13,198586.88,24,0.285,0,0.5,2026-08-14T00:30:00Z
3143059,Will Austin FC win on 2026-08-13?,lec-ame-aus-2026-08-13,198586.88,1,0.245,0,0.5,2026-08-14T00:30:00Z
3143060,Will CF Cruz Azul win on 2026-08-13?,lec-caz-chi-2026-08-13,138750.01,168,0.45,0,15.0,2026-08-14T01:00:00Z
3143060,Will CF Cruz Azul win on 2026-08-13?,lec-caz-chi-2026-08-13,138750.01,24,0.385,0,0.0,2026-08-14T01:00:00Z
3143060,Will CF Cruz Azul win on 2026-08-13?,lec-caz-chi-2026-08-13,138750.01,1,0.395,0,0.0,2026-08-14T01:00:00Z
3143061,Will CF Cruz Azul vs. Chicago Fire FC end in a draw?,lec-caz-chi-2026-08-13,135402.57,168,0.485,0,15.0,2026-08-14T01:00:00Z
3143061,Will CF Cruz Azul vs. Chicago Fire FC end in a draw?,lec-caz-chi-2026-08-13,135402.57,24,0.255,0,0.0,2026-08-14T01:00:00Z
3143061,Will CF Cruz Azul vs. Chicago Fire FC end in a draw?,lec-caz-chi-2026-08-13,135402.57,1,0.295,0,0.01,2026-08-14T01:00:00Z
3143062,Will Chicago Fire FC win on 2026-08-13?,lec-caz-chi-2026-08-13,154653.01,168,0.435,1,15.0,2026-08-14T01:00:00Z
3143062,Will Chicago Fire FC win on 2026-08-13?,lec-caz-chi-2026-08-13,154653.01,24,0.355,1,0.0,2026-08-14T01:00:00Z
3143062,Will Chicago Fire FC win on 2026-08-13?,lec-caz-chi-2026-08-13,154653.01,1,0.325,1,0.01,2026-08-14T01:00:00Z
3143063,Will Portland Timbers win on 2026-08-13?,lec-por-tij-2026-08-13,271270.1,168,0.44,1,13.5,2026-08-14T02:30:00Z
3143063,Will Portland Timbers win on 2026-08-13?,lec-por-tij-2026-08-13,271270.1,24,0.495,1,0.5,2026-08-14T02:30:00Z
3143063,Will Portland Timbers win on 2026-08-13?,lec-por-tij-2026-08-13,271270.1,1,0.515,1,0.49,2026-08-14T02:30:00Z
3143064,Will Portland Timbers vs. Club Tijuana end in a draw?,lec-por-tij-2026-08-13,30111.56,168,0.465,0,13.5,2026-08-14T02:30:00Z
3143064,Will Portland Timbers vs. Club Tijuana end in a draw?,lec-por-tij-2026-08-13,30111.56,24,0.235,0,0.5,2026-08-14T02:30:00Z
3143064,Will Portland Timbers vs. Club Tijuana end in a draw?,lec-por-tij-2026-08-13,30111.56,1,0.225,0,0.49,2026-08-14T02:30:00Z
3143065,Will Club Tijuana win on 2026-08-13?,lec-por-tij-2026-08-13,69163.02,168,0.435,0,13.5,2026-08-14T02:30:00Z
3143065,Will Club Tijuana win on 2026-08-13?,lec-por-tij-2026-08-13,69163.02,24,0.265,0,0.5,2026-08-14T02:30:00Z
3143065,Will Club Tijuana win on 2026-08-13?,lec-por-tij-2026-08-13,69163.02,1,0.265,0,0.49,2026-08-14T02:30:00Z
3143147,Exact Score: Columbus Crew 3 - 0 Pumas de la UNAM?,lec-clb-pum-2026-08-11-exact-score,13309.39,24,0.06,0,0.5,2026-08-11T23:30:00Z
3143147,Exact Score: Columbus Crew 3 - 0 Pumas de la UNAM?,lec-clb-pum-2026-08-11-exact-score,13309.39,1,0.075,0,0.5,2026-08-11T23:30:00Z
3143153,Exact Score: Columbus Crew 3 - 3 Pumas de la UNAM?,lec-clb-pum-2026-08-11-exact-score,10496.46,24,0.0145,0,0.5,2026-08-11T23:30:00Z
3143153,Exact Score: Columbus Crew 3 - 3 Pumas de la UNAM?,lec-clb-pum-2026-08-11-exact-score,10496.46,1,0.014,0,0.49,2026-08-11T23:30:00Z
3143173,Exact Score: FC Cincinnati 3 - 0 Atlas FC?,lec-fcc-atl-2026-08-11-exact-score,10883.63,24,0.075,0,0.01,2026-08-12T00:00:00Z
3143173,Exact Score: FC Cincinnati 3 - 0 Atlas FC?,lec-fcc-atl-2026-08-11-exact-score,10883.63,1,0.085,0,0.0,2026-08-12T00:00:00Z
3143176,Exact Score: FC Cincinnati 3 - 1 Atlas FC?,lec-fcc-atl-2026-08-11-exact-score,28876.16,24,0.075,0,0.01,2026-08-12T00:00:00Z
3143176,Exact Score: FC Cincinnati 3 - 1 Atlas FC?,lec-fcc-atl-2026-08-11-exact-score,28876.16,1,0.085,0,0.0,2026-08-12T00:00:00Z
3143237,Exact Score: Tigres de la UANL 3 - 2 Vancouver Whitecaps FC?,lec-tig-vwh-2026-08-11-exact-score,11891.07,24,0.0345,0,0.0,2026-08-12T02:00:00Z
3143237,Exact Score: Tigres de la UANL 3 - 2 Vancouver Whitecaps FC?,lec-tig-vwh-2026-08-11-exact-score,11891.07,1,0.0325,0,0.0,2026-08-12T02:00:00Z
3143288,Exact Score: Orlando City SC 3 - 1 Atlético San Luis?,lec-orl-asl-2026-08-12-exact-score,14517.57,168,0.475,0,40.5,2026-08-12T23:30:00Z
3143288,Exact Score: Orlando City SC 3 - 1 Atlético San Luis?,lec-orl-asl-2026-08-12-exact-score,14517.57,24,0.07,0,0.5,2026-08-12T23:30:00Z
3143288,Exact Score: Orlando City SC 3 - 1 Atlético San Luis?,lec-orl-asl-2026-08-12-exact-score,14517.57,1,0.075,0,0.5,2026-08-12T23:30:00Z
3143305,Exact Score: CF Monterrey 0 - 2 Nashville SC?,lec-mon-nas-2026-08-12-exact-score,14146.28,168,0.47,0,40.0,2026-08-13T00:00:00Z
3143305,Exact Score: CF Monterrey 0 - 2 Nashville SC?,lec-mon-nas-2026-08-12-exact-score,14146.28,24,0.06,0,0.0,2026-08-13T00:00:00Z
3143305,Exact Score: CF Monterrey 0 - 2 Nashville SC?,lec-mon-nas-2026-08-12-exact-score,14146.28,1,0.04,0,0.0,2026-08-13T00:00:00Z
3143401,Will Péter Bárándy be the next President of Hungary?,next-president-of-hungary-20260727225539504,11955.68,168,0.0005,0,0.02,2026-08-18T23:59:00Z
3143401,Will Péter Bárándy be the next President of Hungary?,next-president-of-hungary-20260727225539504,11955.68,24,0.0005,0,0.03,2026-08-18T23:59:00Z
3143401,Will Péter Bárándy be the next President of Hungary?,next-president-of-hungary-20260727225539504,11955.68,1,0.0005,0,0.02,2026-08-18T23:59:00Z
3143403,Will Ignác Romsics be the next President of Hungary?,next-president-of-hungary-20260727225539504,12922.7,168,0.0005,0,0.02,2026-08-18T23:59:00Z
3143403,Will Ignác Romsics be the next President of Hungary?,next-president-of-hungary-20260727225539504,12922.7,24,0.0005,0,0.03,2026-08-18T23:59:00Z
3143403,Will Ignác Romsics be the next President of Hungary?,next-president-of-hungary-20260727225539504,12922.7,1,0.0005,0,0.02,2026-08-18T23:59:00Z
3143405,Will Adrienn Laczó be the next President of Hungary?,next-president-of-hungary-20260727225539504,20292.13,168,0.004,0,0.02,2026-08-18T23:59:00Z
3143405,Will Adrienn Laczó be the next President of Hungary?,next-president-of-hungary-20260727225539504,20292.13,24,0.0015,0,0.03,2026-08-18T23:59:00Z
3143405,Will Adrienn Laczó be the next President of Hungary?,next-president-of-hungary-20260727225539504,20292.13,1,0.0005,0,0.02,2026-08-18T23:59:00Z
3143407,Will Botond Fülöp be the next President of Hungary?,next-president-of-hungary-20260727225539504,20759.11,168,0.0005,0,0.02,2026-08-18T23:59:00Z
3143407,Will Botond Fülöp be the next President of Hungary?,next-president-of-hungary-20260727225539504,20759.11,24,0.0005,0,0.03,2026-08-18T23:59:00Z
3143407,Will Botond Fülöp be the next President of Hungary?,next-president-of-hungary-20260727225539504,20759.11,1,0.0005,0,0.02,2026-08-18T23:59:00Z
3143408,Will András Baka be the next President of Hungary?,next-president-of-hungary-20260727225539504,17259.66,168,0.998,1,0.02,2026-08-18T23:59:00Z
3143408,Will András Baka be the next President of Hungary?,next-president-of-hungary-20260727225539504,17259.66,24,0.999,1,0.03,2026-08-18T23:59:00Z
3143408,Will András Baka be the next President of Hungary?,next-president-of-hungary-20260727225539504,17259.66,1,0.9985,1,0.02,2026-08-18T23:59:00Z
3143473,Exact Score: Philadelphia Union 1 - 2 Club Santos Laguna?,lec-phi-san-2026-08-13-exact-score,10979.59,168,0.475,0,17.0,2026-08-13T23:00:00Z
3143473,Exact Score: Philadelphia Union 1 - 2 Club Santos Laguna?,lec-phi-san-2026-08-13-exact-score,10979.59,24,0.044,0,0.0,2026-08-13T23:00:00Z
3143473,Exact Score: Philadelphia Union 1 - 2 Club Santos Laguna?,lec-phi-san-2026-08-13-exact-score,10979.59,1,0.0465,0,0.0,2026-08-13T23:00:00Z
3143526,Exact Score: CF América 2 - 1 Austin FC?,lec-ame-aus-2026-08-13-exact-score,10172.69,168,0.48,0,15.5,2026-08-14T00:30:00Z
3143526,Exact Score: CF América 2 - 1 Austin FC?,lec-ame-aus-2026-08-13-exact-score,10172.69,24,0.09,0,0.49,2026-08-14T00:30:00Z
3143526,Exact Score: CF América 2 - 1 Austin FC?,lec-ame-aus-2026-08-13-exact-score,10172.69,1,0.095,0,0.5,2026-08-14T00:30:00Z
3143551,Exact Score: CF Cruz Azul 1 - 2 Chicago Fire FC?,lec-caz-chi-2026-08-13-exact-score,12044.33,168,0.485,1,15.0,2026-08-14T01:00:00Z
3143551,Exact Score: CF Cruz Azul 1 - 2 Chicago Fire FC?,lec-caz-chi-2026-08-13-exact-score,12044.33,24,0.08,1,0.0,2026-08-14T01:00:00Z
3143551,Exact Score: CF Cruz Azul 1 - 2 Chicago Fire FC?,lec-caz-chi-2026-08-13-exact-score,12044.33,1,0.085,1,0.01,2026-08-14T01:00:00Z
3143614,Spread: Portland Timbers (-1.5),lec-por-tij-2026-08-13-more-markets,42261.13,168,0.355,1,13.5,2026-08-14T02:30:00Z
3143614,Spread: Portland Timbers (-1.5),lec-por-tij-2026-08-13-more-markets,42261.13,24,0.28,1,0.5,2026-08-14T02:30:00Z
3143614,Spread: Portland Timbers (-1.5),lec-por-tij-2026-08-13-more-markets,42261.13,1,0.285,1,0.49,2026-08-14T02:30:00Z
3143615,Spread: Club Tijuana (-1.5),lec-por-tij-2026-08-13-more-markets,11531.55,168,0.5,0,13.5,2026-08-14T02:30:00Z
3143615,Spread: Club Tijuana (-1.5),lec-por-tij-2026-08-13-more-markets,11531.55,24,0.09,0,0.5,2026-08-14T02:30:00Z
3143615,Spread: Club Tijuana (-1.5),lec-por-tij-2026-08-13-more-markets,11531.55,1,0.12,0,0.49,2026-08-14T02:30:00Z
3143619,Portland Timbers vs. Club Tijuana: O/U 1.5,lec-por-tij-2026-08-13-more-markets,20723.34,168,0.51,1,13.5,2026-08-14T02:30:00Z
3143619,Portland Timbers vs. Club Tijuana: O/U 1.5,lec-por-tij-2026-08-13-more-markets,20723.34,24,0.845,1,0.5,2026-08-14T02:30:00Z
3143619,Portland Timbers vs. Club Tijuana: O/U 1.5,lec-por-tij-2026-08-13-more-markets,20723.34,1,0.845,1,0.49,2026-08-14T02:30:00Z
3143620,Portland Timbers vs. Club Tijuana: O/U 2.5,lec-por-tij-2026-08-13-more-markets,37158.85,168,0.51,1,13.5,2026-08-14T02:30:00Z
3143620,Portland Timbers vs. Club Tijuana: O/U 2.5,lec-por-tij-2026-08-13-more-markets,37158.85,24,0.625,1,0.5,2026-08-14T02:30:00Z
3143620,Portland Timbers vs. Club Tijuana: O/U 2.5,lec-por-tij-2026-08-13-more-markets,37158.85,1,0.655,1,0.49,2026-08-14T02:30:00Z
3143621,Portland Timbers vs. Club Tijuana: O/U 3.5,lec-por-tij-2026-08-13-more-markets,50784.76,168,0.505,1,13.5,2026-08-14T02:30:00Z
3143621,Portland Timbers vs. Club Tijuana: O/U 3.5,lec-por-tij-2026-08-13-more-markets,50784.76,24,0.395,1,0.5,2026-08-14T02:30:00Z
3143621,Portland Timbers vs. Club Tijuana: O/U 3.5,lec-por-tij-2026-08-13-more-markets,50784.76,1,0.435,1,0.49,2026-08-14T02:30:00Z
3143622,Portland Timbers vs. Club Tijuana: O/U 4.5,lec-por-tij-2026-08-13-more-markets,53417.9,168,0.465,0,13.5,2026-08-14T02:30:00Z
3143622,Portland Timbers vs. Club Tijuana: O/U 4.5,lec-por-tij-2026-08-13-more-markets,53417.9,24,0.22,0,0.5,2026-08-14T02:30:00Z
3143622,Portland Timbers vs. Club Tijuana: O/U 4.5,lec-por-tij-2026-08-13-more-markets,53417.9,1,0.245,0,0.49,2026-08-14T02:30:00Z
3143623,Portland Timbers vs. Club Tijuana: O/U 5.5,lec-por-tij-2026-08-13-more-markets,32968.0,168,0.465,0,13.5,2026-08-14T02:30:00Z
3143623,Portland Timbers vs. Club Tijuana: O/U 5.5,lec-por-tij-2026-08-13-more-markets,32968.0,24,0.095,0,0.5,2026-08-14T02:30:00Z
3143623,Portland Timbers vs. Club Tijuana: O/U 5.5,lec-por-tij-2026-08-13-more-markets,32968.0,1,0.115,0,0.49,2026-08-14T02:30:00Z
3143624,Portland Timbers vs. Club Tijuana: Both Teams to Score,lec-por-tij-2026-08-13-more-markets,16240.24,168,0.5,1,13.5,2026-08-14T02:30:00Z
3143624,Portland Timbers vs. Club Tijuana: Both Teams to Score,lec-por-tij-2026-08-13-more-markets,16240.24,24,0.65,1,0.5,2026-08-14T02:30:00Z
3143624,Portland Timbers vs. Club Tijuana: Both Teams to Score,lec-por-tij-2026-08-13-more-markets,16240.24,1,0.645,1,0.49,2026-08-14T02:30:00Z
3143648,Spread: Chicago Fire FC (-1.5),lec-caz-chi-2026-08-13-more-markets,10698.95,168,0.5,0,15.0,2026-08-14T01:00:00Z
3143648,Spread: Chicago Fire FC (-1.5),lec-caz-chi-2026-08-13-more-markets,10698.95,24,0.17,0,0.0,2026-08-14T01:00:00Z
3143648,Spread: Chicago Fire FC (-1.5),lec-caz-chi-2026-08-13-more-markets,10698.95,1,0.14,0,0.0,2026-08-14T01:00:00Z
3143651,CF Cruz Azul vs. Chicago Fire FC: O/U 0.5,lec-caz-chi-2026-08-13-more-markets,40033.51,168,0.52,1,15.0,2026-08-14T01:00:00Z
3143651,CF Cruz Azul vs. Chicago Fire FC: O/U 0.5,lec-caz-chi-2026-08-13-more-markets,40033.51,24,0.945,1,0.0,2026-08-14T01:00:00Z
3143651,CF Cruz Azul vs. Chicago Fire FC: O/U 0.5,lec-caz-chi-2026-08-13-more-markets,40033.51,1,0.935,1,0.01,2026-08-14T01:00:00Z
3143652,CF Cruz Azul vs. Chicago Fire FC: O/U 1.5,lec-caz-chi-2026-08-13-more-markets,35826.51,168,0.575,1,15.0,2026-08-14T01:00:00Z
3143652,CF Cruz Azul vs. Chicago Fire FC: O/U 1.5,lec-caz-chi-2026-08-13-more-markets,35826.51,24,0.805,1,0.0,2026-08-14T01:00:00Z
3143652,CF Cruz Azul vs. Chicago Fire FC: O/U 1.5,lec-caz-chi-2026-08-13-more-markets,35826.51,1,0.79,1,0.0,2026-08-14T01:00:00Z
3143653,CF Cruz Azul vs. Chicago Fire FC: O/U 2.5,lec-caz-chi-2026-08-13-more-markets,43071.8,168,0.51,1,15.0,2026-08-14T01:00:00Z
3143653,CF Cruz Azul vs. Chicago Fire FC: O/U 2.5,lec-caz-chi-2026-08-13-more-markets,43071.8,24,0.57,1,0.0,2026-08-14T01:00:00Z
3143653,CF Cruz Azul vs. Chicago Fire FC: O/U 2.5,lec-caz-chi-2026-08-13-more-markets,43071.8,1,0.545,1,0.0,2026-08-14T01:00:00Z
3143657,CF Cruz Azul vs. Chicago Fire FC: Both Teams to Score,lec-caz-chi-2026-08-13-more-markets,25756.03,168,0.5,1,15.0,2026-08-14T01:00:00Z
3143657,CF Cruz Azul vs. Chicago Fire FC: Both Teams to Score,lec-caz-chi-2026-08-13-more-markets,25756.03,24,0.615,1,0.0,2026-08-14T01:00:00Z
3143657,CF Cruz Azul vs. Chicago Fire FC: Both Teams to Score,lec-caz-chi-2026-08-13-more-markets,25756.03,1,0.615,1,0.01,2026-08-14T01:00:00Z
3143659,CF Cruz Azul vs. Chicago Fire FC: 1st Half O/U 0.5,lec-caz-chi-2026-08-13-more-markets,17643.74,168,0.5,0,15.0,2026-08-14T01:00:00Z
3143659,CF Cruz Azul vs. Chicago Fire FC: 1st Half O/U 0.5,lec-caz-chi-2026-08-13-more-markets,17643.74,24,0.745,0,0.0,2026-08-14T01:00:00Z
3143659,CF Cruz Azul vs. Chicago Fire FC: 1st Half O/U 0.5,lec-caz-chi-2026-08-13-more-markets,17643.74,1,0.72,0,0.01,2026-08-14T01:00:00Z
3143681,Spread: CF América (-1.5),lec-ame-aus-2026-08-13-more-markets,31214.68,168,0.47,0,15.5,2026-08-14T00:30:00Z
3143681,Spread: CF América (-1.5),lec-ame-aus-2026-08-13-more-markets,31214.68,24,0.21,0,0.49,2026-08-14T00:30:00Z
3143681,Spread: CF América (-1.5),lec-ame-aus-2026-08-13-more-markets,31214.68,1,0.255,0,0.49,2026-08-14T00:30:00Z
3143682,Spread: Austin FC (-1.5),lec-ame-aus-2026-08-13-more-markets,30419.65,168,0.48,0,15.5,2026-08-14T00:30:00Z
3143682,Spread: Austin FC (-1.5),lec-ame-aus-2026-08-13-more-markets,30419.65,24,0.12,0,0.49,2026-08-14T00:30:00Z
3143682,Spread: Austin FC (-1.5),lec-ame-aus-2026-08-13-more-markets,30419.65,1,0.085,0,0.5,2026-08-14T00:30:00Z
3143685,CF América vs. Austin FC: O/U 0.5,lec-ame-aus-2026-08-13-more-markets,17171.52,168,0.52,1,15.5,2026-08-14T00:30:00Z
3143685,CF América vs. Austin FC: O/U 0.5,lec-ame-aus-2026-08-13-more-markets,17171.52,24,0.935,1,0.5,2026-08-14T00:30:00Z
3143685,CF América vs. Austin FC: O/U 0.5,lec-ame-aus-2026-08-13-more-markets,17171.52,1,0.925,1,0.5,2026-08-14T00:30:00Z
3143686,CF América vs. Austin FC: O/U 1.5,lec-ame-aus-2026-08-13-more-markets,46014.2,168,0.525,1,15.5,2026-08-14T00:30:00Z
3143686,CF América vs. Austin FC: O/U 1.5,lec-ame-aus-2026-08-13-more-markets,46014.2,24,0.78,1,0.49,2026-08-14T00:30:00Z
3143686,CF América vs. Austin FC: O/U 1.5,lec-ame-aus-2026-08-13-more-markets,46014.2,1,0.755,1,0.5,2026-08-14T00:30:00Z
3143687,CF América vs. Austin FC: O/U 2.5,lec-ame-aus-2026-08-13-more-markets,72675.51,168,0.51,0,15.5,2026-08-14T00:30:00Z
3143687,CF América vs. Austin FC: O/U 2.5,lec-ame-aus-2026-08-13-more-markets,72675.51,24,0.525,0,0.5,2026-08-14T00:30:00Z
3143687,CF América vs. Austin FC: O/U 2.5,lec-ame-aus-2026-08-13-more-markets,72675.51,1,0.485,0,0.5,2026-08-14T00:30:00Z
3143688,CF América vs. Austin FC: O/U 3.5,lec-ame-aus-2026-08-13-more-markets,21298.26,168,0.49,0,15.5,2026-08-14T00:30:00Z
3143688,CF América vs. Austin FC: O/U 3.5,lec-ame-aus-2026-08-13-more-markets,21298.26,24,0.315,0,0.49,2026-08-14T00:30:00Z
3143688,CF América vs. Austin FC: O/U 3.5,lec-ame-aus-2026-08-13-more-markets,21298.26,1,0.275,0,0.5,2026-08-14T00:30:00Z
3143691,CF América vs. Austin FC: Both Teams to Score,lec-ame-aus-2026-08-13-more-markets,33359.24,168,0.5,1,15.5,2026-08-14T00:30:00Z
3143691,CF América vs. Austin FC: Both Teams to Score,lec-ame-aus-2026-08-13-more-markets,33359.24,24,0.575,1,0.5,2026-08-14T00:30:00Z
3143691,CF América vs. Austin FC: Both Teams to Score,lec-ame-aus-2026-08-13-more-markets,33359.24,1,0.555,1,0.5,2026-08-14T00:30:00Z
3143720,New York City FC vs. Club Necaxa: O/U 2.5,lec-nyc-nec-2026-08-13-more-markets,16963.39,168,0.51,1,16.5,2026-08-13T23:30:00Z
3143720,New York City FC vs. Club Necaxa: O/U 2.5,lec-nyc-nec-2026-08-13-more-markets,16963.39,24,0.64,1,0.5,2026-08-13T23:30:00Z
3143720,New York City FC vs. Club Necaxa: O/U 2.5,lec-nyc-nec-2026-08-13-more-markets,16963.39,1,0.625,1,0.5,2026-08-13T23:30:00Z
3143721,New York City FC vs. Club Necaxa: O/U 3.5,lec-nyc-nec-2026-08-13-more-markets,69847.07,168,0.5,0,16.5,2026-08-13T23:30:00Z
3143721,New York City FC vs. Club Necaxa: O/U 3.5,lec-nyc-nec-2026-08-13-more-markets,69847.07,24,0.425,0,0.5,2026-08-13T23:30:00Z
3143721,New York City FC vs. Club Necaxa: O/U 3.5,lec-nyc-nec-2026-08-13-more-markets,69847.07,1,0.405,0,0.5,2026-08-13T23:30:00Z
3143761,Spread: Philadelphia Union (-1.5),lec-phi-san-2026-08-13-more-markets,38651.62,168,0.465,0,17.0,2026-08-13T23:00:00Z
3143761,Spread: Philadelphia Union (-1.5),lec-phi-san-2026-08-13-more-markets,38651.62,24,0.435,0,0.0,2026-08-13T23:00:00Z
3143761,Spread: Philadelphia Union (-1.5),lec-phi-san-2026-08-13-more-markets,38651.62,1,0.405,0,0.0,2026-08-13T23:00:00Z
3143765,Philadelphia Union vs. Club Santos Laguna: O/U 0.5,lec-phi-san-2026-08-13-more-markets,10205.09,168,0.52,1,17.0,2026-08-13T23:00:00Z
3143765,Philadelphia Union vs. Club Santos Laguna: O/U 0.5,lec-phi-san-2026-08-13-more-markets,10205.09,24,0.9695,1,0.0,2026-08-13T23:00:00Z
3143765,Philadelphia Union vs. Club Santos Laguna: O/U 0.5,lec-phi-san-2026-08-13-more-markets,10205.09,1,0.9655,1,0.0,2026-08-13T23:00:00Z
3143766,Philadelphia Union vs. Club Santos Laguna: O/U 1.5,lec-phi-san-2026-08-13-more-markets,15452.58,168,0.53,1,17.0,2026-08-13T23:00:00Z
3143766,Philadelphia Union vs. Club Santos Laguna: O/U 1.5,lec-phi-san-2026-08-13-more-markets,15452.58,24,0.85,1,0.0,2026-08-13T23:00:00Z
3143766,Philadelphia Union vs. Club Santos Laguna: O/U 1.5,lec-phi-san-2026-08-13-more-markets,15452.58,1,0.855,1,0.0,2026-08-13T23:00:00Z
3143767,Philadelphia Union vs. Club Santos Laguna: O/U 2.5,lec-phi-san-2026-08-13-more-markets,34705.63,168,0.51,0,17.0,2026-08-13T23:00:00Z
3143767,Philadelphia Union vs. Club Santos Laguna: O/U 2.5,lec-phi-san-2026-08-13-more-markets,34705.63,24,0.65,0,0.0,2026-08-13T23:00:00Z
3143767,Philadelphia Union vs. Club Santos Laguna: O/U 2.5,lec-phi-san-2026-08-13-more-markets,34705.63,1,0.655,0,0.0,2026-08-13T23:00:00Z
3143768,Philadelphia Union vs. Club Santos Laguna: O/U 3.5,lec-phi-san-2026-08-13-more-markets,27719.38,168,0.5,0,17.0,2026-08-13T23:00:00Z
3143768,Philadelphia Union vs. Club Santos Laguna: O/U 3.5,lec-phi-san-2026-08-13-more-markets,27719.38,24,0.435,0,0.0,2026-08-13T23:00:00Z
3143768,Philadelphia Union vs. Club Santos Laguna: O/U 3.5,lec-phi-san-2026-08-13-more-markets,27719.38,1,0.43,0,0.0,2026-08-13T23:00:00Z
3143769,Philadelphia Union vs. Club Santos Laguna: O/U 4.5,lec-phi-san-2026-08-13-more-markets,13786.7,168,0.465,0,17.0,2026-08-13T23:00:00Z
3143769,Philadelphia Union vs. Club Santos Laguna: O/U 4.5,lec-phi-san-2026-08-13-more-markets,13786.7,24,0.25,0,0.0,2026-08-13T23:00:00Z
3143769,Philadelphia Union vs. Club Santos Laguna: O/U 4.5,lec-phi-san-2026-08-13-more-markets,13786.7,1,0.245,0,0.0,2026-08-13T23:00:00Z
3143795,Spread: CD Guadalajara (-1.5),lec-sea-gua-2026-08-12-more-markets,12302.21,168,0.51,0,37.5,2026-08-13T02:30:00Z
3143795,Spread: CD Guadalajara (-1.5),lec-sea-gua-2026-08-12-more-markets,12302.21,24,0.265,0,0.49,2026-08-13T02:30:00Z
3143795,Spread: CD Guadalajara (-1.5),lec-sea-gua-2026-08-12-more-markets,12302.21,1,0.285,0,0.5,2026-08-13T02:30:00Z
3143799,Seattle Sounders FC vs. CD Guadalajara: O/U 1.5,lec-sea-gua-2026-08-12-more-markets,11526.15,168,0.515,1,37.5,2026-08-13T02:30:00Z
3143799,Seattle Sounders FC vs. CD Guadalajara: O/U 1.5,lec-sea-gua-2026-08-12-more-markets,11526.15,24,0.845,1,0.49,2026-08-13T02:30:00Z
3143799,Seattle Sounders FC vs. CD Guadalajara: O/U 1.5,lec-sea-gua-2026-08-12-more-markets,11526.15,1,0.825,1,0.5,2026-08-13T02:30:00Z
3143801,Seattle Sounders FC vs. CD Guadalajara: O/U 3.5,lec-sea-gua-2026-08-12-more-markets,13082.53,168,0.5,0,37.5,2026-08-13T02:30:00Z
3143801,Seattle Sounders FC vs. CD Guadalajara: O/U 3.5,lec-sea-gua-2026-08-12-more-markets,13082.53,24,0.405,0,0.49,2026-08-13T02:30:00Z
3143801,Seattle Sounders FC vs. CD Guadalajara: O/U 3.5,lec-sea-gua-2026-08-12-more-markets,13082.53,1,0.395,0,0.5,2026-08-13T02:30:00Z
3143827,Spread: Los Angeles FC (-1.5),lec-laf-que-2026-08-12-more-markets,27744.19,168,0.455,0,37.5,2026-08-13T02:30:00Z
3143827,Spread: Los Angeles FC (-1.5),lec-laf-que-2026-08-12-more-markets,27744.19,24,0.495,0,0.49,2026-08-13T02:30:00Z
3143827,Spread: Los Angeles FC (-1.5),lec-laf-que-2026-08-12-more-markets,27744.19,1,0.545,0,0.5,2026-08-13T02:30:00Z
3143833,Los Angeles FC vs. Querétaro FC: O/U 2.5,lec-laf-que-2026-08-12-more-markets,14559.68,168,0.51,0,37.5,2026-08-13T02:30:00Z
3143833,Los Angeles FC vs. Querétaro FC: O/U 2.5,lec-laf-que-2026-08-12-more-markets,14559.68,24,0.675,0,0.49,2026-08-13T02:30:00Z
3143833,Los Angeles FC vs. Querétaro FC: O/U 2.5,lec-laf-que-2026-08-12-more-markets,14559.68,1,0.675,0,0.5,2026-08-13T02:30:00Z
3143834,Los Angeles FC vs. Querétaro FC: O/U 3.5,lec-laf-que-2026-08-12-more-markets,20051.54,168,0.48,0,37.5,2026-08-13T02:30:00Z
3143834,Los Angeles FC vs. Querétaro FC: O/U 3.5,lec-laf-que-2026-08-12-more-markets,20051.54,24,0.46,0,0.49,2026-08-13T02:30:00Z
3143834,Los Angeles FC vs. Querétaro FC: O/U 3.5,lec-laf-que-2026-08-12-more-markets,20051.54,1,0.455,0,0.5,2026-08-13T02:30:00Z
3143837,Los Angeles FC vs. Querétaro FC: Both Teams to Score,lec-laf-que-2026-08-12-more-markets,10537.91,168,0.49,1,37.5,2026-08-13T02:30:00Z
3143837,Los Angeles FC vs. Querétaro FC: Both Teams to Score,lec-laf-que-2026-08-12-more-markets,10537.91,24,0.575,1,0.49,2026-08-13T02:30:00Z
3143837,Los Angeles FC vs. Querétaro FC: Both Teams to Score,lec-laf-que-2026-08-12-more-markets,10537.91,1,0.54,1,0.5,2026-08-13T02:30:00Z
3143860,Spread: San Diego FC (-1.5),lec-sdg-pue-2026-08-12-more-markets,12079.25,168,0.48,0,37.75,2026-08-13T02:15:00Z
3143860,Spread: San Diego FC (-1.5),lec-sdg-pue-2026-08-12-more-markets,12079.25,24,0.365,0,0.24,2026-08-13T02:15:00Z
3143860,Spread: San Diego FC (-1.5),lec-sdg-pue-2026-08-12-more-markets,12079.25,1,0.375,0,0.25,2026-08-13T02:15:00Z
3143867,San Diego FC vs. Club Puebla: O/U 3.5,lec-sdg-pue-2026-08-12-more-markets,12543.88,168,0.5,1,37.75,2026-08-13T02:15:00Z
3143867,San Diego FC vs. Club Puebla: O/U 3.5,lec-sdg-pue-2026-08-12-more-markets,12543.88,24,0.445,1,0.24,2026-08-13T02:15:00Z
3143867,San Diego FC vs. Club Puebla: O/U 3.5,lec-sdg-pue-2026-08-12-more-markets,12543.88,1,0.445,1,0.25,2026-08-13T02:15:00Z
3143893,Spread: Deportivo Toluca FC (-1.5),lec-tol-dal-2026-08-12-more-markets,110076.86,168,0.57,1,38.0,2026-08-13T02:00:00Z
3143893,Spread: Deportivo Toluca FC (-1.5),lec-tol-dal-2026-08-12-more-markets,110076.86,24,0.51,1,0.01,2026-08-13T02:00:00Z
3143893,Spread: Deportivo Toluca FC (-1.5),lec-tol-dal-2026-08-12-more-markets,110076.86,1,0.515,1,0.0,2026-08-13T02:00:00Z
3143897,Deportivo Toluca FC vs. FC Dallas: O/U 0.5,lec-tol-dal-2026-08-12-more-markets,12433.33,168,0.52,1,38.0,2026-08-13T02:00:00Z
3143897,Deportivo Toluca FC vs. FC Dallas: O/U 0.5,lec-tol-dal-2026-08-12-more-markets,12433.33,24,0.9635,1,0.01,2026-08-13T02:00:00Z
3143897,Deportivo Toluca FC vs. FC Dallas: O/U 0.5,lec-tol-dal-2026-08-12-more-markets,12433.33,1,0.9715,1,0.0,2026-08-13T02:00:00Z
3143899,Deportivo Toluca FC vs. FC Dallas: O/U 2.5,lec-tol-dal-2026-08-12-more-markets,12990.46,168,0.51,1,38.0,2026-08-13T02:00:00Z
3143899,Deportivo Toluca FC vs. FC Dallas: O/U 2.5,lec-tol-dal-2026-08-12-more-markets,12990.46,24,0.685,1,0.01,2026-08-13T02:00:00Z
3143899,Deportivo Toluca FC vs. FC Dallas: O/U 2.5,lec-tol-dal-2026-08-12-more-markets,12990.46,1,0.695,1,0.0,2026-08-13T02:00:00Z
3143900,Deportivo Toluca FC vs. FC Dallas: O/U 3.5,lec-tol-dal-2026-08-12-more-markets,32070.51,168,0.485,1,38.0,2026-08-13T02:00:00Z
3143900,Deportivo Toluca FC vs. FC Dallas: O/U 3.5,lec-tol-dal-2026-08-12-more-markets,32070.51,24,0.485,1,0.01,2026-08-13T02:00:00Z
3143900,Deportivo Toluca FC vs. FC Dallas: O/U 3.5,lec-tol-dal-2026-08-12-more-markets,32070.51,1,0.485,1,0.0,2026-08-13T02:00:00Z
3143901,Deportivo Toluca FC vs. FC Dallas: O/U 4.5,lec-tol-dal-2026-08-12-more-markets,22921.13,168,0.47,0,38.0,2026-08-13T02:00:00Z
3143901,Deportivo Toluca FC vs. FC Dallas: O/U 4.5,lec-tol-dal-2026-08-12-more-markets,22921.13,24,0.275,0,0.01,2026-08-13T02:00:00Z
3143901,Deportivo Toluca FC vs. FC Dallas: O/U 4.5,lec-tol-dal-2026-08-12-more-markets,22921.13,1,0.285,0,0.0,2026-08-13T02:00:00Z
3143902,Deportivo Toluca FC vs. FC Dallas: O/U 5.5,lec-tol-dal-2026-08-12-more-markets,10465.8,168,0.465,0,38.0,2026-08-13T02:00:00Z
3143902,Deportivo Toluca FC vs. FC Dallas: O/U 5.5,lec-tol-dal-2026-08-12-more-markets,10465.8,24,0.15,0,0.01,2026-08-13T02:00:00Z
3143902,Deportivo Toluca FC vs. FC Dallas: O/U 5.5,lec-tol-dal-2026-08-12-more-markets,10465.8,1,0.145,0,0.0,2026-08-13T02:00:00Z
3143933,CF Monterrey vs. Nashville SC: O/U 2.5,lec-mon-nas-2026-08-12-more-markets,27939.98,168,0.51,1,40.0,2026-08-13T00:00:00Z
3143933,CF Monterrey vs. Nashville SC: O/U 2.5,lec-mon-nas-2026-08-12-more-markets,27939.98,24,0.57,1,0.0,2026-08-13T00:00:00Z
3143933,CF Monterrey vs. Nashville SC: O/U 2.5,lec-mon-nas-2026-08-12-more-markets,27939.98,1,0.575,1,0.0,2026-08-13T00:00:00Z
3143940,CF Monterrey vs. Nashville SC: 1st Half O/U 1.5,lec-mon-nas-2026-08-12-more-markets,27109.04,168,0.5,0,40.0,2026-08-13T00:00:00Z
3143940,CF Monterrey vs. Nashville SC: 1st Half O/U 1.5,lec-mon-nas-2026-08-12-more-markets,27109.04,24,0.375,0,0.0,2026-08-13T00:00:00Z
3143940,CF Monterrey vs. Nashville SC: 1st Half O/U 1.5,lec-mon-nas-2026-08-12-more-markets,27109.04,1,0.385,0,0.0,2026-08-13T00:00:00Z
3143960,Spread: Orlando City SC (-1.5),lec-orl-asl-2026-08-12-more-markets,19049.75,168,0.49,0,40.5,2026-08-12T23:30:00Z
3143960,Spread: Orlando City SC (-1.5),lec-orl-asl-2026-08-12-more-markets,19049.75,24,0.375,0,0.5,2026-08-12T23:30:00Z
3143960,Spread: Orlando City SC (-1.5),lec-orl-asl-2026-08-12-more-markets,19049.75,1,0.395,0,0.5,2026-08-12T23:30:00Z
3143962,Spread: Orlando City SC (-2.5),lec-orl-asl-2026-08-12-more-markets,12411.94,168,0.475,0,40.5,2026-08-12T23:30:00Z
3143962,Spread: Orlando City SC (-2.5),lec-orl-asl-2026-08-12-more-markets,12411.94,24,0.21,0,0.5,2026-08-12T23:30:00Z
3143962,Spread: Orlando City SC (-2.5),lec-orl-asl-2026-08-12-more-markets,12411.94,1,0.21,0,0.5,2026-08-12T23:30:00Z
3143965,Orlando City SC vs. Atlético San Luis: O/U 1.5,lec-orl-asl-2026-08-12-more-markets,24880.54,168,0.535,1,40.5,2026-08-12T23:30:00Z
3143965,Orlando City SC vs. Atlético San Luis: O/U 1.5,lec-orl-asl-2026-08-12-more-markets,24880.54,24,0.85,1,0.5,2026-08-12T23:30:00Z
3143965,Orlando City SC vs. Atlético San Luis: O/U 1.5,lec-orl-asl-2026-08-12-more-markets,24880.54,1,0.865,1,0.5,2026-08-12T23:30:00Z
3143966,Orlando City SC vs. Atlético San Luis: O/U 2.5,lec-orl-asl-2026-08-12-more-markets,180997.67,168,0.51,1,40.5,2026-08-12T23:30:00Z
3143966,Orlando City SC vs. Atlético San Luis: O/U 2.5,lec-orl-asl-2026-08-12-more-markets,180997.67,24,0.66,1,0.5,2026-08-12T23:30:00Z
3143966,Orlando City SC vs. Atlético San Luis: O/U 2.5,lec-orl-asl-2026-08-12-more-markets,180997.67,1,0.675,1,0.5,2026-08-12T23:30:00Z
3143967,Orlando City SC vs. Atlético San Luis: O/U 3.5,lec-orl-asl-2026-08-12-more-markets,16940.24,168,0.485,1,40.5,2026-08-12T23:30:00Z
3143967,Orlando City SC vs. Atlético San Luis: O/U 3.5,lec-orl-asl-2026-08-12-more-markets,16940.24,24,0.425,1,0.5,2026-08-12T23:30:00Z
3143967,Orlando City SC vs. Atlético San Luis: O/U 3.5,lec-orl-asl-2026-08-12-more-markets,16940.24,1,0.455,1,0.5,2026-08-12T23:30:00Z
3143968,Orlando City SC vs. Atlético San Luis: O/U 4.5,lec-orl-asl-2026-08-12-more-markets,26306.92,168,0.48,0,40.5,2026-08-12T23:30:00Z
3143968,Orlando City SC vs. Atlético San Luis: O/U 4.5,lec-orl-asl-2026-08-12-more-markets,26306.92,24,0.245,0,0.5,2026-08-12T23:30:00Z
3143968,Orlando City SC vs. Atlético San Luis: O/U 4.5,lec-orl-asl-2026-08-12-more-markets,26306.92,1,0.265,0,0.5,2026-08-12T23:30:00Z
3143977,Orlando City SC vs. Atlético San Luis: Orlando City SC O/U 2.5,lec-orl-asl-2026-08-12-more-markets,14622.5,168,0.5,0,40.5,2026-08-12T23:30:00Z
3143977,Orlando City SC vs. Atlético San Luis: Orlando City SC O/U 2.5,lec-orl-asl-2026-08-12-more-markets,14622.5,24,0.38,0,0.5,2026-08-12T23:30:00Z
3143977,Orlando City SC vs. Atlético San Luis: Orlando City SC O/U 2.5,lec-orl-asl-2026-08-12-more-markets,14622.5,1,0.395,0,0.5,2026-08-12T23:30:00Z
3143980,Orlando City SC vs. Atlético San Luis: Atlético San Luis O/U 2.5,lec-orl-asl-2026-08-12-more-markets,13967.9,168,0.5,0,40.5,2026-08-12T23:30:00Z
3143980,Orlando City SC vs. Atlético San Luis: Atlético San Luis O/U 2.5,lec-orl-asl-2026-08-12-more-markets,13967.9,24,0.115,0,0.5,2026-08-12T23:30:00Z
3143980,Orlando City SC vs. Atlético San Luis: Atlético San Luis O/U 2.5,lec-orl-asl-2026-08-12-more-markets,13967.9,1,0.11,0,0.5,2026-08-12T23:30:00Z
3143993,Spread: Inter Miami CF (-1.5),lec-mia-leo-2026-08-12-more-markets,20149.04,168,0.445,0,40.5,2026-08-12T23:30:00Z
3143993,Spread: Inter Miami CF (-1.5),lec-mia-leo-2026-08-12-more-markets,20149.04,24,0.27,0,0.5,2026-08-12T23:30:00Z
3143993,Spread: Inter Miami CF (-1.5),lec-mia-leo-2026-08-12-more-markets,20149.04,1,0.255,0,0.5,2026-08-12T23:30:00Z
3143997,Inter Miami CF vs. Club León FC: O/U 0.5,lec-mia-leo-2026-08-12-more-markets,21768.64,168,0.5,1,40.5,2026-08-12T23:30:00Z
3143997,Inter Miami CF vs. Club León FC: O/U 0.5,lec-mia-leo-2026-08-12-more-markets,21768.64,24,0.9595,1,0.5,2026-08-12T23:30:00Z
3143997,Inter Miami CF vs. Club León FC: O/U 0.5,lec-mia-leo-2026-08-12-more-markets,21768.64,1,0.9575,1,0.5,2026-08-12T23:30:00Z
3143998,Inter Miami CF vs. Club León FC: O/U 1.5,lec-mia-leo-2026-08-12-more-markets,15385.51,168,0.505,1,40.5,2026-08-12T23:30:00Z
3143998,Inter Miami CF vs. Club León FC: O/U 1.5,lec-mia-leo-2026-08-12-more-markets,15385.51,24,0.845,1,0.5,2026-08-12T23:30:00Z
3143998,Inter Miami CF vs. Club León FC: O/U 1.5,lec-mia-leo-2026-08-12-more-markets,15385.51,1,0.825,1,0.5,2026-08-12T23:30:00Z
3143999,Inter Miami CF vs. Club León FC: O/U 2.5,lec-mia-leo-2026-08-12-more-markets,42565.14,168,0.505,1,40.5,2026-08-12T23:30:00Z
3143999,Inter Miami CF vs. Club León FC: O/U 2.5,lec-mia-leo-2026-08-12-more-markets,42565.14,24,0.65,1,0.5,2026-08-12T23:30:00Z
3143999,Inter Miami CF vs. Club León FC: O/U 2.5,lec-mia-leo-2026-08-12-more-markets,42565.14,1,0.6,1,0.5,2026-08-12T23:30:00Z
3144000,Inter Miami CF vs. Club León FC: O/U 3.5,lec-mia-leo-2026-08-12-more-markets,14865.26,168,0.355,1,40.5,2026-08-12T23:30:00Z
3144000,Inter Miami CF vs. Club León FC: O/U 3.5,lec-mia-leo-2026-08-12-more-markets,14865.26,24,0.435,1,0.5,2026-08-12T23:30:00Z
3144000,Inter Miami CF vs. Club León FC: O/U 3.5,lec-mia-leo-2026-08-12-more-markets,14865.26,1,0.375,1,0.5,2026-08-12T23:30:00Z
3144001,Inter Miami CF vs. Club León FC: O/U 4.5,lec-mia-leo-2026-08-12-more-markets,37040.56,168,0.5,1,40.5,2026-08-12T23:30:00Z
3144001,Inter Miami CF vs. Club León FC: O/U 4.5,lec-mia-leo-2026-08-12-more-markets,37040.56,24,0.26,1,0.5,2026-08-12T23:30:00Z
3144001,Inter Miami CF vs. Club León FC: O/U 4.5,lec-mia-leo-2026-08-12-more-markets,37040.56,1,0.205,1,0.5,2026-08-12T23:30:00Z
3144002,Inter Miami CF vs. Club León FC: O/U 5.5,lec-mia-leo-2026-08-12-more-markets,12377.69,168,0.49,0,40.5,2026-08-12T23:30:00Z
3144002,Inter Miami CF vs. Club León FC: O/U 5.5,lec-mia-leo-2026-08-12-more-markets,12377.69,24,0.125,0,0.5,2026-08-12T23:30:00Z
3144002,Inter Miami CF vs. Club León FC: O/U 5.5,lec-mia-leo-2026-08-12-more-markets,12377.69,1,0.095,0,0.5,2026-08-12T23:30:00Z
3144003,Inter Miami CF vs. Club León FC: Both Teams to Score,lec-mia-leo-2026-08-12-more-markets,34062.38,168,0.485,1,40.5,2026-08-12T23:30:00Z
3144003,Inter Miami CF vs. Club León FC: Both Teams to Score,lec-mia-leo-2026-08-12-more-markets,34062.38,24,0.665,1,0.5,2026-08-12T23:30:00Z
3144003,Inter Miami CF vs. Club León FC: Both Teams to Score,lec-mia-leo-2026-08-12-more-markets,34062.38,1,0.625,1,0.5,2026-08-12T23:30:00Z
3144006,Inter Miami CF vs. Club León FC: 1st Half O/U 1.5,lec-mia-leo-2026-08-12-more-markets,10753.07,168,0.5,0,40.5,2026-08-12T23:30:00Z
3144006,Inter Miami CF vs. Club León FC: 1st Half O/U 1.5,lec-mia-leo-2026-08-12-more-markets,10753.07,24,0.44,0,0.5,2026-08-12T23:30:00Z
3144006,Inter Miami CF vs. Club León FC: 1st Half O/U 1.5,lec-mia-leo-2026-08-12-more-markets,10753.07,1,0.41,0,0.5,2026-08-12T23:30:00Z
3144026,Spread: Tigres de la UANL (-1.5),lec-tig-vwh-2026-08-11-more-markets,117431.01,24,0.455,0,0.0,2026-08-12T02:00:00Z
3144026,Spread: Tigres de la UANL (-1.5),lec-tig-vwh-2026-08-11-more-markets,117431.01,1,0.475,0,0.0,2026-08-12T02:00:00Z
3144031,Tigres de la UANL vs. Vancouver Whitecaps FC: O/U 1.5,lec-tig-vwh-2026-08-11-more-markets,39654.54,24,0.835,1,0.0,2026-08-12T02:00:00Z
3144031,Tigres de la UANL vs. Vancouver Whitecaps FC: O/U 1.5,lec-tig-vwh-2026-08-11-more-markets,39654.54,1,0.83,1,0.0,2026-08-12T02:00:00Z
3144032,Tigres de la UANL vs. Vancouver Whitecaps FC: O/U 2.5,lec-tig-vwh-2026-08-11-more-markets,26976.54,24,0.625,0,0.0,2026-08-12T02:00:00Z
3144032,Tigres de la UANL vs. Vancouver Whitecaps FC: O/U 2.5,lec-tig-vwh-2026-08-11-more-markets,26976.54,1,0.625,0,0.0,2026-08-12T02:00:00Z
3144033,Tigres de la UANL vs. Vancouver Whitecaps FC: O/U 3.5,lec-tig-vwh-2026-08-11-more-markets,28699.79,24,0.39,0,0.0,2026-08-12T02:00:00Z
3144033,Tigres de la UANL vs. Vancouver Whitecaps FC: O/U 3.5,lec-tig-vwh-2026-08-11-more-markets,28699.79,1,0.395,0,0.0,2026-08-12T02:00:00Z
3144034,Tigres de la UANL vs. Vancouver Whitecaps FC: O/U 4.5,lec-tig-vwh-2026-08-11-more-markets,15343.61,24,0.215,0,0.0,2026-08-12T02:00:00Z
3144034,Tigres de la UANL vs. Vancouver Whitecaps FC: O/U 4.5,lec-tig-vwh-2026-08-11-more-markets,15343.61,1,0.215,0,0.0,2026-08-12T02:00:00Z
3144036,Tigres de la UANL vs. Vancouver Whitecaps FC: Both Teams to Score,lec-tig-vwh-2026-08-11-more-markets,10344.8,24,0.535,1,0.0,2026-08-12T02:00:00Z
3144036,Tigres de la UANL vs. Vancouver Whitecaps FC: Both Teams to Score,lec-tig-vwh-2026-08-11-more-markets,10344.8,1,0.535,1,0.0,2026-08-12T02:00:00Z
3144059,Spread: Minnesota United FC (-1.5),lec-min-atla-2026-08-11-more-markets,14529.53,24,0.25,1,0.49,2026-08-12T00:30:00Z
3144059,Spread: Minnesota United FC (-1.5),lec-min-atla-2026-08-11-more-markets,14529.53,1,0.25,1,0.5,2026-08-12T00:30:00Z
3144064,Minnesota United FC vs. Atlante FC: O/U 1.5,lec-min-atla-2026-08-11-more-markets,10795.58,24,0.8,1,0.49,2026-08-12T00:30:00Z
3144064,Minnesota United FC vs. Atlante FC: O/U 1.5,lec-min-atla-2026-08-11-more-markets,10795.58,1,0.795,1,0.5,2026-08-12T00:30:00Z
3144066,Minnesota United FC vs. Atlante FC: O/U 3.5,lec-min-atla-2026-08-11-more-markets,17144.37,24,0.35,1,0.49,2026-08-12T00:30:00Z
3144066,Minnesota United FC vs. Atlante FC: O/U 3.5,lec-min-atla-2026-08-11-more-markets,17144.37,1,0.345,1,0.5,2026-08-12T00:30:00Z
3144067,Minnesota United FC vs. Atlante FC: O/U 4.5,lec-min-atla-2026-08-11-more-markets,14945.13,24,0.18,0,0.49,2026-08-12T00:30:00Z
3144067,Minnesota United FC vs. Atlante FC: O/U 4.5,lec-min-atla-2026-08-11-more-markets,14945.13,1,0.175,0,0.5,2026-08-12T00:30:00Z
3144092,Spread: FC Cincinnati (-1.5),lec-fcc-atl-2026-08-11-more-markets,44000.67,24,0.405,0,0.01,2026-08-12T00:00:00Z
3144092,Spread: FC Cincinnati (-1.5),lec-fcc-atl-2026-08-11-more-markets,44000.67,1,0.495,0,0.0,2026-08-12T00:00:00Z
3144094,Spread: FC Cincinnati (-2.5),lec-fcc-atl-2026-08-11-more-markets,29570.24,24,0.21,0,0.01,2026-08-12T00:00:00Z
3144094,Spread: FC Cincinnati (-2.5),lec-fcc-atl-2026-08-11-more-markets,29570.24,1,0.285,0,0.0,2026-08-12T00:00:00Z
3144098,FC Cincinnati vs. Atlas FC: O/U 2.5,lec-fcc-atl-2026-08-11-more-markets,30231.67,24,0.615,1,0.01,2026-08-12T00:00:00Z
3144098,FC Cincinnati vs. Atlas FC: O/U 2.5,lec-fcc-atl-2026-08-11-more-markets,30231.67,1,0.675,1,0.0,2026-08-12T00:00:00Z
3144099,FC Cincinnati vs. Atlas FC: O/U 3.5,lec-fcc-atl-2026-08-11-more-markets,22837.57,24,0.395,0,0.01,2026-08-12T00:00:00Z
3144099,FC Cincinnati vs. Atlas FC: O/U 3.5,lec-fcc-atl-2026-08-11-more-markets,22837.57,1,0.455,0,0.0,2026-08-12T00:00:00Z
3144127,Spread: Columbus Crew (-2.5),lec-clb-pum-2026-08-11-more-markets,16028.02,24,0.185,0,0.5,2026-08-11T23:30:00Z
3144127,Spread: Columbus Crew (-2.5),lec-clb-pum-2026-08-11-more-markets,16028.02,1,0.22,0,0.49,2026-08-11T23:30:00Z
3144130,Columbus Crew vs. Pumas de la UNAM: O/U 1.5,lec-clb-pum-2026-08-11-more-markets,13148.48,24,0.83,1,0.5,2026-08-11T23:30:00Z
3144130,Columbus Crew vs. Pumas de la UNAM: O/U 1.5,lec-clb-pum-2026-08-11-more-markets,13148.48,1,0.835,1,0.5,2026-08-11T23:30:00Z
3144131,Columbus Crew vs. Pumas de la UNAM: O/U 2.5,lec-clb-pum-2026-08-11-more-markets,35238.69,24,0.615,0,0.5,2026-08-11T23:30:00Z
3144131,Columbus Crew vs. Pumas de la UNAM: O/U 2.5,lec-clb-pum-2026-08-11-more-markets,35238.69,1,0.635,0,0.5,2026-08-11T23:30:00Z
3144132,Columbus Crew vs. Pumas de la UNAM: O/U 3.5,lec-clb-pum-2026-08-11-more-markets,28867.09,24,0.4,0,0.5,2026-08-11T23:30:00Z
3144132,Columbus Crew vs. Pumas de la UNAM: O/U 3.5,lec-clb-pum-2026-08-11-more-markets,28867.09,1,0.41,0,0.5,2026-08-11T23:30:00Z
3144162,Charlotte FC vs. CF Pachuca: O/U 0.5,lec-clt-pac-2026-08-11-more-markets,12061.88,24,0.94,1,0.5,2026-08-11T23:30:00Z
3144162,Charlotte FC vs. CF Pachuca: O/U 0.5,lec-clt-pac-2026-08-11-more-markets,12061.88,1,0.96,1,0.5,2026-08-11T23:30:00Z
3144225,Spread: CF América (-1.5),lec-ame-por-2026-08-09-more-markets,60690.42,24,0.24,1,0.25,2026-08-10T02:15:00Z
3144225,Spread: CF América (-1.5),lec-ame-por-2026-08-09-more-markets,60690.42,1,0.235,1,0.25,2026-08-10T02:15:00Z
3144227,Spread: Portland Timbers (-1.5),lec-ame-por-2026-08-09-more-markets,17694.35,24,0.145,0,0.25,2026-08-10T02:15:00Z
3144227,Spread: Portland Timbers (-1.5),lec-ame-por-2026-08-09-more-markets,17694.35,1,0.145,0,0.25,2026-08-10T02:15:00Z
3144229,Spread: CF América (-2.5),lec-ame-por-2026-08-09-more-markets,14484.83,24,0.095,0,0.25,2026-08-10T02:15:00Z
3144229,Spread: CF América (-2.5),lec-ame-por-2026-08-09-more-markets,14484.83,1,0.105,0,0.25,2026-08-10T02:15:00Z
3144233,CF América vs. Portland Timbers: O/U 2.5,lec-ame-por-2026-08-09-more-markets,67341.04,24,0.615,1,0.25,2026-08-10T02:15:00Z
3144233,CF América vs. Portland Timbers: O/U 2.5,lec-ame-por-2026-08-09-more-markets,67341.04,1,0.645,1,0.25,2026-08-10T02:15:00Z
3144234,CF América vs. Portland Timbers: O/U 3.5,lec-ame-por-2026-08-09-more-markets,268966.78,24,0.395,1,0.25,2026-08-10T02:15:00Z
3144234,CF América vs. Portland Timbers: O/U 3.5,lec-ame-por-2026-08-09-more-markets,268966.78,1,0.415,1,0.25,2026-08-10T02:15:00Z
3144235,CF América vs. Portland Timbers: O/U 4.5,lec-ame-por-2026-08-09-more-markets,56122.18,24,0.23,0,0.25,2026-08-10T02:15:00Z
3144235,CF América vs. Portland Timbers: O/U 4.5,lec-ame-por-2026-08-09-more-markets,56122.18,1,0.225,0,0.25,2026-08-10T02:15:00Z
3144236,CF América vs. Portland Timbers: O/U 5.5,lec-ame-por-2026-08-09-more-markets,15422.56,24,0.1,0,0.25,2026-08-10T02:15:00Z
3144236,CF América vs. Portland Timbers: O/U 5.5,lec-ame-por-2026-08-09-more-markets,15422.56,1,0.115,0,0.25,2026-08-10T02:15:00Z
3144237,CF América vs. Portland Timbers: Both Teams to Score,lec-ame-por-2026-08-09-more-markets,20852.62,24,0.645,1,0.25,2026-08-10T02:15:00Z
3144237,CF América vs. Portland Timbers: Both Teams to Score,lec-ame-por-2026-08-09-more-markets,20852.62,1,0.655,1,0.25,2026-08-10T02:15:00Z
3144260,Spread: San Diego FC (-1.5),lec-sdg-tij-2026-08-09-more-markets,18433.82,24,0.345,0,0.0,2026-08-10T02:00:00Z
3144260,Spread: San Diego FC (-1.5),lec-sdg-tij-2026-08-09-more-markets,18433.82,1,0.295,0,0.0,2026-08-10T02:00:00Z
3144264,San Diego FC vs. Club Tijuana: O/U 0.5,lec-sdg-tij-2026-08-09-more-markets,11403.44,24,0.961,1,0.0,2026-08-10T02:00:00Z
3144264,San Diego FC vs. Club Tijuana: O/U 0.5,lec-sdg-tij-2026-08-09-more-markets,11403.44,1,0.9565,1,0.0,2026-08-10T02:00:00Z
3144265,San Diego FC vs. Club Tijuana: O/U 1.5,lec-sdg-tij-2026-08-09-more-markets,51311.21,24,0.815,0,0.0,2026-08-10T02:00:00Z
3144265,San Diego FC vs. Club Tijuana: O/U 1.5,lec-sdg-tij-2026-08-09-more-markets,51311.21,1,0.825,0,0.0,2026-08-10T02:00:00Z
3144266,San Diego FC vs. Club Tijuana: O/U 2.5,lec-sdg-tij-2026-08-09-more-markets,54715.63,24,0.595,0,0.0,2026-08-10T02:00:00Z
3144266,San Diego FC vs. Club Tijuana: O/U 2.5,lec-sdg-tij-2026-08-09-more-markets,54715.63,1,0.615,0,0.0,2026-08-10T02:00:00Z
3144267,San Diego FC vs. Club Tijuana: O/U 3.5,lec-sdg-tij-2026-08-09-more-markets,20154.93,24,0.385,0,0.0,2026-08-10T02:00:00Z
3144267,San Diego FC vs. Club Tijuana: O/U 3.5,lec-sdg-tij-2026-08-09-more-markets,20154.93,1,0.395,0,0.0,2026-08-10T02:00:00Z
3144272,San Diego FC vs. Club Tijuana: 1st Half O/U 0.5,lec-sdg-tij-2026-08-09-more-markets,38737.81,24,0.755,1,0.0,2026-08-10T02:00:00Z
3144272,San Diego FC vs. Club Tijuana: 1st Half O/U 0.5,lec-sdg-tij-2026-08-09-more-markets,38737.81,1,0.76,1,0.0,2026-08-10T02:00:00Z
3144293,Spread: Austin FC (-1.5),lec-aus-pue-2026-08-09-more-markets,15200.91,24,0.28,1,0.01,2026-08-10T01:00:00Z
3144293,Spread: Austin FC (-1.5),lec-aus-pue-2026-08-09-more-markets,15200.91,1,0.335,1,0.01,2026-08-10T01:00:00Z
3144298,Austin FC vs. Club Puebla: O/U 1.5,lec-aus-pue-2026-08-09-more-markets,10049.5,24,0.805,1,0.01,2026-08-10T01:00:00Z
3144298,Austin FC vs. Club Puebla: O/U 1.5,lec-aus-pue-2026-08-09-more-markets,10049.5,1,0.815,1,0.01,2026-08-10T01:00:00Z
3144300,Austin FC vs. Club Puebla: O/U 3.5,lec-aus-pue-2026-08-09-more-markets,36490.78,24,0.36,0,0.01,2026-08-10T01:00:00Z
3144300,Austin FC vs. Club Puebla: O/U 3.5,lec-aus-pue-2026-08-09-more-markets,36490.78,1,0.365,0,0.0,2026-08-10T01:00:00Z
3144301,Austin FC vs. Club Puebla: O/U 4.5,lec-aus-pue-2026-08-09-more-markets,29359.43,24,0.205,0,0.01,2026-08-10T01:00:00Z
3144301,Austin FC vs. Club Puebla: O/U 4.5,lec-aus-pue-2026-08-09-more-markets,29359.43,1,0.195,0,0.01,2026-08-10T01:00:00Z
3144326,Spread: Chicago Fire FC (-1.5),lec-chi-san-2026-08-09-more-markets,20745.17,24,0.39,1,0.01,2026-08-10T00:00:00Z
3144326,Spread: Chicago Fire FC (-1.5),lec-chi-san-2026-08-09-more-markets,20745.17,1,0.415,1,0.0,2026-08-10T00:00:00Z
3144331,Chicago Fire FC vs. Club Santos Laguna: O/U 1.5,lec-chi-san-2026-08-09-more-markets,43103.65,24,0.835,1,0.01,2026-08-10T00:00:00Z
3144331,Chicago Fire FC vs. Club Santos Laguna: O/U 1.5,lec-chi-san-2026-08-09-more-markets,43103.65,1,0.865,1,0.0,2026-08-10T00:00:00Z
3144332,Chicago Fire FC vs. Club Santos Laguna: O/U 2.5,lec-chi-san-2026-08-09-more-markets,187911.28,24,0.635,1,0.01,2026-08-10T00:00:00Z
3144332,Chicago Fire FC vs. Club Santos Laguna: O/U 2.5,lec-chi-san-2026-08-09-more-markets,187911.28,1,0.685,1,0.0,2026-08-10T00:00:00Z
3144333,Chicago Fire FC vs. Club Santos Laguna: O/U 3.5,lec-chi-san-2026-08-09-more-markets,33859.79,24,0.405,1,0.01,2026-08-10T00:00:00Z
3144333,Chicago Fire FC vs. Club Santos Laguna: O/U 3.5,lec-chi-san-2026-08-09-more-markets,33859.79,1,0.465,1,0.0,2026-08-10T00:00:00Z
3144334,Chicago Fire FC vs. Club Santos Laguna: O/U 4.5,lec-chi-san-2026-08-09-more-markets,30174.73,24,0.23,0,0.01,2026-08-10T00:00:00Z
3144334,Chicago Fire FC vs. Club Santos Laguna: O/U 4.5,lec-chi-san-2026-08-09-more-markets,30174.73,1,0.265,0,0.0,2026-08-10T00:00:00Z
3144367,Nashville SC vs. Atlético San Luis: O/U 4.5,lec-nas-asl-2026-08-09-more-markets,124024.42,24,0.225,1,0.01,2026-08-10T00:00:00Z
3144367,Nashville SC vs. Atlético San Luis: O/U 4.5,lec-nas-asl-2026-08-09-more-markets,124024.42,1,0.175,1,0.0,2026-08-10T00:00:00Z
3144398,Philadelphia Union vs. Club Necaxa: O/U 2.5,lec-phi-nec-2026-08-09-more-markets,13624.77,24,0.59,1,0.5,2026-08-09T23:30:00Z
3144398,Philadelphia Union vs. Club Necaxa: O/U 2.5,lec-phi-nec-2026-08-09-more-markets,13624.77,1,0.615,1,0.5,2026-08-09T23:30:00Z
3144399,Philadelphia Union vs. Club Necaxa: O/U 3.5,lec-phi-nec-2026-08-09-more-markets,61907.15,24,0.37,1,0.5,2026-08-09T23:30:00Z
3144399,Philadelphia Union vs. Club Necaxa: O/U 3.5,lec-phi-nec-2026-08-09-more-markets,61907.15,1,0.395,1,0.5,2026-08-09T23:30:00Z
3144400,Philadelphia Union vs. Club Necaxa: O/U 4.5,lec-phi-nec-2026-08-09-more-markets,23374.48,24,0.205,0,0.5,2026-08-09T23:30:00Z
3144400,Philadelphia Union vs. Club Necaxa: O/U 4.5,lec-phi-nec-2026-08-09-more-markets,23374.48,1,0.215,0,0.5,2026-08-09T23:30:00Z
3144402,Philadelphia Union vs. Club Necaxa: Both Teams to Score,lec-phi-nec-2026-08-09-more-markets,28958.95,24,0.58,1,0.5,2026-08-09T23:30:00Z
3144402,Philadelphia Union vs. Club Necaxa: Both Teams to Score,lec-phi-nec-2026-08-09-more-markets,28958.95,1,0.605,1,0.5,2026-08-09T23:30:00Z
3144425,Spread: CF Cruz Azul (-1.5),lec-caz-nyc-2026-08-09-more-markets,20430.69,24,0.195,0,0.5,2026-08-09T23:30:00Z
3144425,Spread: CF Cruz Azul (-1.5),lec-caz-nyc-2026-08-09-more-markets,20430.69,1,0.205,0,0.5,2026-08-09T23:30:00Z
3144426,Spread: New York City FC (-1.5),lec-caz-nyc-2026-08-09-more-markets,17669.87,24,0.14,0,0.5,2026-08-09T23:30:00Z
3144426,Spread: New York City FC (-1.5),lec-caz-nyc-2026-08-09-more-markets,17669.87,1,0.135,0,0.5,2026-08-09T23:30:00Z
3144433,CF Cruz Azul vs. New York City FC: O/U 1.5,lec-caz-nyc-2026-08-09-more-markets,21369.59,24,0.765,1,0.5,2026-08-09T23:30:00Z
3144433,CF Cruz Azul vs. New York City FC: O/U 1.5,lec-caz-nyc-2026-08-09-more-markets,21369.59,1,0.785,1,0.5,2026-08-09T23:30:00Z
3144434,CF Cruz Azul vs. New York City FC: O/U 2.5,lec-caz-nyc-2026-08-09-more-markets,222203.02,24,0.52,1,0.5,2026-08-09T23:30:00Z
3144434,CF Cruz Azul vs. New York City FC: O/U 2.5,lec-caz-nyc-2026-08-09-more-markets,222203.02,1,0.545,1,0.5,2026-08-09T23:30:00Z
3144435,CF Cruz Azul vs. New York City FC: O/U 3.5,lec-caz-nyc-2026-08-09-more-markets,25439.86,24,0.3,0,0.5,2026-08-09T23:30:00Z
3144435,CF Cruz Azul vs. New York City FC: O/U 3.5,lec-caz-nyc-2026-08-09-more-markets,25439.86,1,0.315,0,0.5,2026-08-09T23:30:00Z
3144442,CF Cruz Azul vs. New York City FC: Both Teams to Score,lec-caz-nyc-2026-08-09-more-markets,44600.34,24,0.585,1,0.5,2026-08-09T23:30:00Z
3144442,CF Cruz Azul vs. New York City FC: Both Teams to Score,lec-caz-nyc-2026-08-09-more-markets,44600.34,1,0.6,1,0.5,2026-08-09T23:30:00Z
3144465,Spread: Seattle Sounders FC (-1.5),lec-sea-que-2026-08-09-more-markets,18988.21,24,0.275,1,0.5,2026-08-09T19:30:00Z
3144465,Spread: Seattle Sounders FC (-1.5),lec-sea-que-2026-08-09-more-markets,18988.21,1,0.235,1,0.49,2026-08-09T19:30:00Z
3144471,Seattle Sounders FC vs. Querétaro FC: O/U 2.5,lec-sea-que-2026-08-09-more-markets,44821.99,24,0.57,1,0.5,2026-08-09T19:30:00Z
3144471,Seattle Sounders FC vs. Querétaro FC: O/U 2.5,lec-sea-que-2026-08-09-more-markets,44821.99,1,0.57,1,0.49,2026-08-09T19:30:00Z
3144472,Seattle Sounders FC vs. Querétaro FC: O/U 3.5,lec-sea-que-2026-08-09-more-markets,14830.66,24,0.36,0,0.5,2026-08-09T19:30:00Z
3144472,Seattle Sounders FC vs. Querétaro FC: O/U 3.5,lec-sea-que-2026-08-09-more-markets,14830.66,1,0.345,0,0.49,2026-08-09T19:30:00Z
3144473,Seattle Sounders FC vs. Querétaro FC: O/U 4.5,lec-sea-que-2026-08-09-more-markets,13827.78,24,0.19,0,0.5,2026-08-09T19:30:00Z
3144473,Seattle Sounders FC vs. Querétaro FC: O/U 4.5,lec-sea-que-2026-08-09-more-markets,13827.78,1,0.175,0,0.49,2026-08-09T19:30:00Z
3144498,Spread: Deportivo Toluca FC (-1.5),lec-tol-laf-2026-08-08-more-markets,14427.52,24,0.19,0,0.16,2026-08-09T03:10:00Z
3144498,Spread: Deportivo Toluca FC (-1.5),lec-tol-laf-2026-08-08-more-markets,14427.52,1,0.185,0,0.16,2026-08-09T03:10:00Z
3144499,Spread: Los Angeles FC (-1.5),lec-tol-laf-2026-08-08-more-markets,17605.97,24,0.155,0,0.16,2026-08-09T03:10:00Z
3144499,Spread: Los Angeles FC (-1.5),lec-tol-laf-2026-08-08-more-markets,17605.97,1,0.18,0,0.16,2026-08-09T03:10:00Z
3144502,Deportivo Toluca FC vs. Los Angeles FC: O/U 0.5,lec-tol-laf-2026-08-08-more-markets,24881.67,24,0.9455,1,0.16,2026-08-09T03:10:00Z
3144502,Deportivo Toluca FC vs. Los Angeles FC: O/U 0.5,lec-tol-laf-2026-08-08-more-markets,24881.67,1,0.9565,1,0.16,2026-08-09T03:10:00Z
3144503,Deportivo Toluca FC vs. Los Angeles FC: O/U 1.5,lec-tol-laf-2026-08-08-more-markets,68123.27,24,0.825,0,0.16,2026-08-09T03:10:00Z
3144503,Deportivo Toluca FC vs. Los Angeles FC: O/U 1.5,lec-tol-laf-2026-08-08-more-markets,68123.27,1,0.825,0,0.16,2026-08-09T03:10:00Z
3144504,Deportivo Toluca FC vs. Los Angeles FC: O/U 2.5,lec-tol-laf-2026-08-08-more-markets,24688.86,24,0.61,0,0.16,2026-08-09T03:10:00Z
3144504,Deportivo Toluca FC vs. Los Angeles FC: O/U 2.5,lec-tol-laf-2026-08-08-more-markets,24688.86,1,0.615,0,0.16,2026-08-09T03:10:00Z
3144505,Deportivo Toluca FC vs. Los Angeles FC: O/U 3.5,lec-tol-laf-2026-08-08-more-markets,20776.23,24,0.39,0,0.16,2026-08-09T03:10:00Z
3144505,Deportivo Toluca FC vs. Los Angeles FC: O/U 3.5,lec-tol-laf-2026-08-08-more-markets,20776.23,1,0.395,0,0.16,2026-08-09T03:10:00Z
3144508,Deportivo Toluca FC vs. Los Angeles FC: Both Teams to Score,lec-tol-laf-2026-08-08-more-markets,26481.39,24,0.635,0,0.16,2026-08-09T03:10:00Z
3144508,Deportivo Toluca FC vs. Los Angeles FC: Both Teams to Score,lec-tol-laf-2026-08-08-more-markets,26481.39,1,0.645,0,0.16,2026-08-09T03:10:00Z
3144531,Spread: Real Salt Lake (-1.5),lec-rsl-atla-2026-08-08-more-markets,17376.35,24,0.34,1,0.0,2026-08-09T02:00:00Z
3144531,Spread: Real Salt Lake (-1.5),lec-rsl-atla-2026-08-08-more-markets,17376.35,1,0.355,1,0.01,2026-08-09T02:00:00Z
3144533,Spread: Real Salt Lake (-2.5),lec-rsl-atla-2026-08-08-more-markets,19928.39,24,0.165,1,0.0,2026-08-09T02:00:00Z
3144533,Spread: Real Salt Lake (-2.5),lec-rsl-atla-2026-08-08-more-markets,19928.39,1,0.175,1,0.01,2026-08-09T02:00:00Z
3144536,Real Salt Lake vs. Atlante FC: O/U 1.5,lec-rsl-atla-2026-08-08-more-markets,28172.03,24,0.815,1,0.0,2026-08-09T02:00:00Z
3144536,Real Salt Lake vs. Atlante FC: O/U 1.5,lec-rsl-atla-2026-08-08-more-markets,28172.03,1,0.825,1,0.01,2026-08-09T02:00:00Z
3144537,Real Salt Lake vs. Atlante FC: O/U 2.5,lec-rsl-atla-2026-08-08-more-markets,38255.9,24,0.6,1,0.0,2026-08-09T02:00:00Z
3144537,Real Salt Lake vs. Atlante FC: O/U 2.5,lec-rsl-atla-2026-08-08-more-markets,38255.9,1,0.615,1,0.01,2026-08-09T02:00:00Z
3144538,Real Salt Lake vs. Atlante FC: O/U 3.5,lec-rsl-atla-2026-08-08-more-markets,49963.84,24,0.38,1,0.0,2026-08-09T02:00:00Z
3144538,Real Salt Lake vs. Atlante FC: O/U 3.5,lec-rsl-atla-2026-08-08-more-markets,49963.84,1,0.395,1,0.01,2026-08-09T02:00:00Z
3144539,Real Salt Lake vs. Atlante FC: O/U 4.5,lec-rsl-atla-2026-08-08-more-markets,26131.53,24,0.21,0,0.0,2026-08-09T02:00:00Z
3144539,Real Salt Lake vs. Atlante FC: O/U 4.5,lec-rsl-atla-2026-08-08-more-markets,26131.53,1,0.21,0,0.01,2026-08-09T02:00:00Z
3144541,Real Salt Lake vs. Atlante FC: Both Teams to Score,lec-rsl-atla-2026-08-08-more-markets,25913.56,24,0.595,0,0.0,2026-08-09T02:00:00Z
3144541,Real Salt Lake vs. Atlante FC: Both Teams to Score,lec-rsl-atla-2026-08-08-more-markets,25913.56,1,0.585,0,0.01,2026-08-09T02:00:00Z
3144553,Real Salt Lake vs. Atlante FC: Atlante FC O/U 1.5,lec-rsl-atla-2026-08-08-more-markets,11636.9,24,0.295,0,0.0,2026-08-09T02:00:00Z
3144553,Real Salt Lake vs. Atlante FC: Atlante FC O/U 1.5,lec-rsl-atla-2026-08-08-more-markets,11636.9,1,0.3,0,0.01,2026-08-09T02:00:00Z
3144567,Spread: CD Guadalajara (-1.5),lec-gua-dal-2026-08-08-more-markets,15752.65,24,0.315,0,0.0,2026-08-09T01:00:00Z
3144567,Spread: CD Guadalajara (-1.5),lec-gua-dal-2026-08-08-more-markets,15752.65,1,0.385,0,0.01,2026-08-09T01:00:00Z
3144572,CD Guadalajara vs. FC Dallas: O/U 1.5,lec-gua-dal-2026-08-08-more-markets,44287.51,24,0.825,0,0.0,2026-08-09T01:00:00Z
3144572,CD Guadalajara vs. FC Dallas: O/U 1.5,lec-gua-dal-2026-08-08-more-markets,44287.51,1,0.84,0,0.01,2026-08-09T01:00:00Z
3144573,CD Guadalajara vs. FC Dallas: O/U 2.5,lec-gua-dal-2026-08-08-more-markets,30437.73,24,0.605,0,0.0,2026-08-09T01:00:00Z
3144573,CD Guadalajara vs. FC Dallas: O/U 2.5,lec-gua-dal-2026-08-08-more-markets,30437.73,1,0.635,0,0.01,2026-08-09T01:00:00Z
3144574,CD Guadalajara vs. FC Dallas: O/U 3.5,lec-gua-dal-2026-08-08-more-markets,22909.02,24,0.395,0,0.0,2026-08-09T01:00:00Z
3144574,CD Guadalajara vs. FC Dallas: O/U 3.5,lec-gua-dal-2026-08-08-more-markets,22909.02,1,0.405,0,0.01,2026-08-09T01:00:00Z
3144582,CD Guadalajara vs. FC Dallas: CD Guadalajara O/U 0.5,lec-gua-dal-2026-08-08-more-markets,10507.11,24,0.845,0,0.0,2026-08-09T01:00:00Z
3144582,CD Guadalajara vs. FC Dallas: CD Guadalajara O/U 0.5,lec-gua-dal-2026-08-08-more-markets,10507.11,1,0.885,0,0.01,2026-08-09T01:00:00Z
3144600,Spread: Inter Miami CF (-1.5),lec-mia-mon-2026-08-08-more-markets,42042.75,24,0.355,0,0.0,2026-08-09T00:00:00Z
3144600,Spread: Inter Miami CF (-1.5),lec-mia-mon-2026-08-08-more-markets,42042.75,1,0.315,0,0.0,2026-08-09T00:00:00Z
3144606,Inter Miami CF vs. CF Monterrey: O/U 2.5,lec-mia-mon-2026-08-08-more-markets,26731.44,24,0.715,1,0.0,2026-08-09T00:00:00Z
3144606,Inter Miami CF vs. CF Monterrey: O/U 2.5,lec-mia-mon-2026-08-08-more-markets,26731.44,1,0.725,1,0.0,2026-08-09T00:00:00Z
3144607,Inter Miami CF vs. CF Monterrey: O/U 3.5,lec-mia-mon-2026-08-08-more-markets,35629.91,24,0.515,0,0.01,2026-08-09T00:00:00Z
3144607,Inter Miami CF vs. CF Monterrey: O/U 3.5,lec-mia-mon-2026-08-08-more-markets,35629.91,1,0.515,0,0.0,2026-08-09T00:00:00Z
3144608,Inter Miami CF vs. CF Monterrey: O/U 4.5,lec-mia-mon-2026-08-08-more-markets,21108.91,24,0.315,0,0.01,2026-08-09T00:00:00Z
3144608,Inter Miami CF vs. CF Monterrey: O/U 4.5,lec-mia-mon-2026-08-08-more-markets,21108.91,1,0.315,0,0.0,2026-08-09T00:00:00Z
3144634,Spread: Club León FC (-1.5),lec-orl-leo-2026-08-08-more-markets,16299.95,24,0.095,0,0.5,2026-08-08T22:30:00Z
3144634,Spread: Club León FC (-1.5),lec-orl-leo-2026-08-08-more-markets,16299.95,1,0.115,0,0.5,2026-08-08T22:30:00Z
3144638,Orlando City SC vs. Club León FC: O/U 1.5,lec-orl-leo-2026-08-08-more-markets,12568.6,24,0.82,1,0.5,2026-08-08T22:30:00Z
3144638,Orlando City SC vs. Club León FC: O/U 1.5,lec-orl-leo-2026-08-08-more-markets,12568.6,1,0.855,1,0.5,2026-08-08T22:30:00Z
3144639,Orlando City SC vs. Club León FC: O/U 2.5,lec-orl-leo-2026-08-08-more-markets,49754.69,24,0.605,1,0.5,2026-08-08T22:30:00Z
3144639,Orlando City SC vs. Club León FC: O/U 2.5,lec-orl-leo-2026-08-08-more-markets,49754.69,1,0.655,1,0.5,2026-08-08T22:30:00Z
3144640,Orlando City SC vs. Club León FC: O/U 3.5,lec-orl-leo-2026-08-08-more-markets,38593.22,24,0.39,0,0.5,2026-08-08T22:30:00Z
3144640,Orlando City SC vs. Club León FC: O/U 3.5,lec-orl-leo-2026-08-08-more-markets,38593.22,1,0.435,0,0.5,2026-08-08T22:30:00Z
3144641,Orlando City SC vs. Club León FC: O/U 4.5,lec-orl-leo-2026-08-08-more-markets,21708.82,24,0.215,0,0.5,2026-08-08T22:30:00Z
3144641,Orlando City SC vs. Club León FC: O/U 4.5,lec-orl-leo-2026-08-08-more-markets,21708.82,1,0.245,0,0.5,2026-08-08T22:30:00Z
3144672,Will Real Salt Lake win on 2026-08-11?,lec-rsl-jua-2026-08-11,142685.89,24,0.6,1,0.5,2026-08-12T01:30:00Z
3144672,Will Real Salt Lake win on 2026-08-11?,lec-rsl-jua-2026-08-11,142685.89,1,0.605,1,0.5,2026-08-12T01:30:00Z
3144673,Will Real Salt Lake vs. FC Juárez end in a draw?,lec-rsl-jua-2026-08-11,28213.02,24,0.23,0,0.5,2026-08-12T01:30:00Z
3144673,Will Real Salt Lake vs. FC Juárez end in a draw?,lec-rsl-jua-2026-08-11,28213.02,1,0.215,0,0.5,2026-08-12T01:30:00Z
3144674,Will FC Juárez win on 2026-08-11?,lec-rsl-jua-2026-08-11,40537.96,24,0.18,0,0.5,2026-08-12T01:30:00Z
3144674,Will FC Juárez win on 2026-08-11?,lec-rsl-jua-2026-08-11,40537.96,1,0.195,0,0.5,2026-08-12T01:30:00Z
3144871,Exact Score: Real Salt Lake 3 - 3 FC Juárez?,lec-rsl-jua-2026-08-11-exact-score,22952.5,24,0.0165,0,0.5,2026-08-12T01:30:00Z
3144871,Exact Score: Real Salt Lake 3 - 3 FC Juárez?,lec-rsl-jua-2026-08-11-exact-score,22952.5,1,0.0175,0,0.5,2026-08-12T01:30:00Z
3144878,Spread: Real Salt Lake (-1.5),lec-rsl-jua-2026-08-11-more-markets,10500.98,24,0.36,1,0.5,2026-08-12T01:30:00Z
3144878,Spread: Real Salt Lake (-1.5),lec-rsl-jua-2026-08-11-more-markets,10500.98,1,0.365,1,0.5,2026-08-12T01:30:00Z
3144880,Spread: Real Salt Lake (-2.5),lec-rsl-jua-2026-08-11-more-markets,13613.6,24,0.19,1,0.5,2026-08-12T01:30:00Z
3144880,Spread: Real Salt Lake (-2.5),lec-rsl-jua-2026-08-11-more-markets,13613.6,1,0.185,1,0.5,2026-08-12T01:30:00Z
3144884,Real Salt Lake vs. FC Juárez: O/U 2.5,lec-rsl-jua-2026-08-11-more-markets,31206.29,24,0.635,1,0.5,2026-08-12T01:30:00Z
3144884,Real Salt Lake vs. FC Juárez: O/U 2.5,lec-rsl-jua-2026-08-11-more-markets,31206.29,1,0.645,1,0.5,2026-08-12T01:30:00Z
3144885,Real Salt Lake vs. FC Juárez: O/U 3.5,lec-rsl-jua-2026-08-11-more-markets,54143.41,24,0.41,0,0.5,2026-08-12T01:30:00Z
3144885,Real Salt Lake vs. FC Juárez: O/U 3.5,lec-rsl-jua-2026-08-11-more-markets,54143.41,1,0.425,0,0.5,2026-08-12T01:30:00Z
3144886,Real Salt Lake vs. FC Juárez: O/U 4.5,lec-rsl-jua-2026-08-11-more-markets,18320.36,24,0.24,0,0.5,2026-08-12T01:30:00Z
3144886,Real Salt Lake vs. FC Juárez: O/U 4.5,lec-rsl-jua-2026-08-11-more-markets,18320.36,1,0.235,0,0.5,2026-08-12T01:30:00Z
3144888,Real Salt Lake vs. FC Juárez: Both Teams to Score,lec-rsl-jua-2026-08-11-more-markets,14068.15,24,0.625,0,0.5,2026-08-12T01:30:00Z
3144888,Real Salt Lake vs. FC Juárez: Both Teams to Score,lec-rsl-jua-2026-08-11-more-markets,14068.15,1,0.615,0,0.5,2026-08-12T01:30:00Z
3145198,"Will Donald Trump publicly insult someone on August 11, 2026?",will-trump-publicly-insult-someone-onptptpt-20260724221849631,10862.87,24,0.905,0,0.02,2026-08-12T03:59:00Z
3145198,"Will Donald Trump publicly insult someone on August 11, 2026?",will-trump-publicly-insult-someone-onptptpt-20260724221849631,10862.87,1,0.7,0,0.02,2026-08-12T03:59:00Z
3145200,"Will Donald Trump publicly insult someone on August 13, 2026?",will-trump-publicly-insult-someone-onptptpt-20260724221849631,87209.48,168,0.88,1,12.02,2026-08-14T03:59:00Z
3145200,"Will Donald Trump publicly insult someone on August 13, 2026?",will-trump-publicly-insult-someone-onptptpt-20260724221849631,87209.48,24,0.9115,1,0.03,2026-08-14T03:59:00Z
3145210,"Will Donald Trump publicly insult someone on August 23, 2026?",will-trump-publicly-insult-someone-onptptpt-20260724221849631,826048.27,168,0.88,0,0.02,2026-08-24T03:59:00Z
3145210,"Will Donald Trump publicly insult someone on August 23, 2026?",will-trump-publicly-insult-someone-onptptpt-20260724221849631,826048.27,24,0.85,0,0.02,2026-08-24T03:59:00Z
3145210,"Will Donald Trump publicly insult someone on August 23, 2026?",will-trump-publicly-insult-someone-onptptpt-20260724221849631,826048.27,1,0.6895,0,0.02,2026-08-24T03:59:00Z
3145215,"Will Donald Trump publicly insult someone on August 28, 2026?",will-trump-publicly-insult-someone-onptptpt-20260724221849631,10403.65,168,0.91,1,0.02,2026-08-29T03:59:00Z
3145215,"Will Donald Trump publicly insult someone on August 28, 2026?",will-trump-publicly-insult-someone-onptptpt-20260724221849631,10403.65,24,0.88,1,0.02,2026-08-29T03:59:00Z
3145216,"Will Donald Trump publicly insult someone on August 29, 2026?",will-trump-publicly-insult-someone-onptptpt-20260724221849631,13880.74,168,0.905,1,0.02,2026-08-30T03:59:00Z
3145216,"Will Donald Trump publicly insult someone on August 29, 2026?",will-trump-publicly-insult-someone-onptptpt-20260724221849631,13880.74,24,0.85,1,0.02,2026-08-30T03:59:00Z
3145216,"Will Donald Trump publicly insult someone on August 29, 2026?",will-trump-publicly-insult-someone-onptptpt-20260724221849631,13880.74,1,0.71,1,0.02,2026-08-30T03:59:00Z
3145329,"Will Iran target Ukraine by August 31, 2026?",will-iran-target-ukraine-byptptpt-20260727234956916,339031.27,720,0.011,0,139.02,2026-08-31T20:59:00Z
3145329,"Will Iran target Ukraine by August 31, 2026?",will-iran-target-ukraine-byptptpt-20260727234956916,339031.27,168,0.0045,0,0.02,2026-08-31T20:59:00Z
3145329,"Will Iran target Ukraine by August 31, 2026?",will-iran-target-ukraine-byptptpt-20260727234956916,339031.27,24,0.0045,0,0.02,2026-08-31T20:59:00Z
3145329,"Will Iran target Ukraine by August 31, 2026?",will-iran-target-ukraine-byptptpt-20260727234956916,339031.27,1,0.003,0,0.02,2026-08-31T20:59:00Z
3145767,Toronto Tempo vs. Atlanta Dream,wnba-tor-atl-2026-08-10,224004.99,24,0.155,0,0.01,2026-08-11T00:00:00Z
3145767,Toronto Tempo vs. Atlanta Dream,wnba-tor-atl-2026-08-10,224004.99,1,0.105,0,0.0,2026-08-11T00:00:00Z
3145777,Will VfL Wolfsburg win on 2026-08-08?,bl2-wob-fck-2026-08-08,90594.16,24,0.595,0,0.5,2026-08-08T18:30:00Z
3145777,Will VfL Wolfsburg win on 2026-08-08?,bl2-wob-fck-2026-08-08,90594.16,1,0.605,0,0.5,2026-08-08T18:30:00Z
3145779,Will VfL Wolfsburg vs. 1. FC Kaiserslautern end in a draw?,bl2-wob-fck-2026-08-08,11163.25,24,0.21,1,0.5,2026-08-08T18:30:00Z
3145779,Will VfL Wolfsburg vs. 1. FC Kaiserslautern end in a draw?,bl2-wob-fck-2026-08-08,11163.25,1,0.205,1,0.5,2026-08-08T18:30:00Z
3145780,Will 1. FC Kaiserslautern win on 2026-08-08?,bl2-wob-fck-2026-08-08,28843.56,24,0.18,0,0.5,2026-08-08T18:30:00Z
3145780,Will 1. FC Kaiserslautern win on 2026-08-08?,bl2-wob-fck-2026-08-08,28843.56,1,0.185,0,0.5,2026-08-08T18:30:00Z
3145792,Chicago Sky vs. Seattle Storm,wnba-chi-sea-2026-08-10,449710.08,24,0.475,0,0.0,2026-08-11T02:00:00Z
3145792,Chicago Sky vs. Seattle Storm,wnba-chi-sea-2026-08-10,449710.08,1,0.555,0,0.0,2026-08-11T02:00:00Z
3145795,Will 1. FC Nürnberg win on 2026-08-09?,bl2-fcn-dyn-2026-08-09,63696.7,24,0.435,1,0.5,2026-08-09T11:30:00Z
3145795,Will 1. FC Nürnberg win on 2026-08-09?,bl2-fcn-dyn-2026-08-09,63696.7,1,0.415,1,0.5,2026-08-09T11:30:00Z
3145801,Will SG Dynamo Dresden win on 2026-08-09?,bl2-fcn-dyn-2026-08-09,78589.19,24,0.3,0,0.5,2026-08-09T11:30:00Z
3145801,Will SG Dynamo Dresden win on 2026-08-09?,bl2-fcn-dyn-2026-08-09,78589.19,1,0.315,0,0.5,2026-08-09T11:30:00Z
3145819,Will FC St. Pauli 1910 win on 2026-08-09?,bl2-stp-fur-2026-08-09,67820.7,24,0.515,0,0.5,2026-08-09T11:30:00Z
3145819,Will FC St. Pauli 1910 win on 2026-08-09?,bl2-stp-fur-2026-08-09,67820.7,1,0.525,0,0.5,2026-08-09T11:30:00Z
3145821,Will FC St. Pauli 1910 vs. SpVgg Greuther Fürth end in a draw?,bl2-stp-fur-2026-08-09,22903.55,24,0.24,1,0.5,2026-08-09T11:30:00Z
3145821,Will FC St. Pauli 1910 vs. SpVgg Greuther Fürth end in a draw?,bl2-stp-fur-2026-08-09,22903.55,1,0.245,1,0.5,2026-08-09T11:30:00Z
3145825,Will SpVgg Greuther Fürth win on 2026-08-09?,bl2-stp-fur-2026-08-09,15794.17,24,0.235,0,0.5,2026-08-09T11:30:00Z
3145825,Will SpVgg Greuther Fürth win on 2026-08-09?,bl2-stp-fur-2026-08-09,15794.17,1,0.225,0,0.5,2026-08-09T11:30:00Z
3145842,Will FC Energie Cottbus win on 2026-08-09?,bl2-fce-h96-2026-08-09,77450.2,24,0.29,1,0.5,2026-08-09T11:30:00Z
3145842,Will FC Energie Cottbus win on 2026-08-09?,bl2-fce-h96-2026-08-09,77450.2,1,0.295,1,0.5,2026-08-09T11:30:00Z
3145844,Will FC Energie Cottbus vs. Hannover 96 end in a draw?,bl2-fce-h96-2026-08-09,13109.15,24,0.255,0,0.5,2026-08-09T11:30:00Z
3145844,Will FC Energie Cottbus vs. Hannover 96 end in a draw?,bl2-fce-h96-2026-08-09,13109.15,1,0.255,0,0.5,2026-08-09T11:30:00Z
3145846,Will Hannover 96 win on 2026-08-09?,bl2-fce-h96-2026-08-09,177529.68,24,0.46,0,0.5,2026-08-09T11:30:00Z
3145846,Will Hannover 96 win on 2026-08-09?,bl2-fce-h96-2026-08-09,177529.68,1,0.445,0,0.5,2026-08-09T11:30:00Z
3146151,Will Southampton FC win on 2026-08-08?,efl-col-sot-2026-08-08,66059.22,24,0.73,1,0.5,2026-08-08T16:30:00Z
3146151,Will Southampton FC win on 2026-08-08?,efl-col-sot-2026-08-08,66059.22,1,0.745,1,0.49,2026-08-08T16:30:00Z
3146186,Exact Score: 1. FC Nürnberg 3 - 3 SG Dynamo Dresden?,bl2-fcn-dyn-2026-08-09-exact-score,19302.61,24,0.014,0,0.5,2026-08-09T11:30:00Z
3146186,Exact Score: 1. FC Nürnberg 3 - 3 SG Dynamo Dresden?,bl2-fcn-dyn-2026-08-09-exact-score,19302.61,1,0.0155,0,0.5,2026-08-09T11:30:00Z
3146202,Will Mansfield Town FC win on 2026-08-09?,efl-man-she-2026-08-09,17724.86,24,0.24,0,0.01,2026-08-09T15:00:00Z
3146202,Will Mansfield Town FC win on 2026-08-09?,efl-man-she-2026-08-09,17724.86,1,0.235,0,0.0,2026-08-09T15:00:00Z
3146205,Will Sheffield United FC win on 2026-08-09?,efl-man-she-2026-08-09,27598.54,24,0.51,1,0.01,2026-08-09T15:00:00Z
3146205,Will Sheffield United FC win on 2026-08-09?,efl-man-she-2026-08-09,27598.54,1,0.515,1,0.0,2026-08-09T15:00:00Z
3146211,Will Plymouth Argyle FC win on 2026-08-10?,efl-ply-exe-2026-08-10,88568.06,24,0.675,1,0.0,2026-08-10T19:00:00Z
3146211,Will Plymouth Argyle FC win on 2026-08-10?,efl-ply-exe-2026-08-10,88568.06,1,0.695,1,0.0,2026-08-10T19:00:00Z
3146216,Will Plymouth Argyle FC vs. Exeter City FC end in a draw?,efl-ply-exe-2026-08-10,23980.3,24,0.195,0,0.0,2026-08-10T19:00:00Z
3146216,Will Plymouth Argyle FC vs. Exeter City FC end in a draw?,efl-ply-exe-2026-08-10,23980.3,1,0.185,0,0.0,2026-08-10T19:00:00Z
3146221,Will Exeter City FC win on 2026-08-10?,efl-ply-exe-2026-08-10,38069.66,24,0.135,0,0.0,2026-08-10T19:00:00Z
3146221,Will Exeter City FC win on 2026-08-10?,efl-ply-exe-2026-08-10,38069.66,1,0.115,0,0.0,2026-08-10T19:00:00Z
3147189,Exact Score: Plymouth Argyle FC 3 - 1 Exeter City FC?,efl-ply-exe-2026-08-10-exact-score,15280.17,24,0.08,0,0.0,2026-08-10T19:00:00Z
3147189,Exact Score: Plymouth Argyle FC 3 - 1 Exeter City FC?,efl-ply-exe-2026-08-10-exact-score,15280.17,1,0.075,0,0.0,2026-08-10T19:00:00Z
3150168,Will LD Alajuelense win on 2026-08-09?,fpd-her-ala-2026-08-09,39631.24,24,0.31,1,0.01,2026-08-10T00:00:00Z
3150168,Will LD Alajuelense win on 2026-08-09?,fpd-her-ala-2026-08-09,39631.24,1,0.275,1,0.0,2026-08-10T00:00:00Z
3150717,Will Kilmarnock FC win on 2026-08-09?,scop-kil-cel-2026-08-09,30946.48,24,0.125,0,0.49,2026-08-09T12:30:00Z
3150717,Will Kilmarnock FC win on 2026-08-09?,scop-kil-cel-2026-08-09,30946.48,1,0.115,0,0.5,2026-08-09T12:30:00Z
3150718,Will FK Zorya Luhansk win on 2026-08-09?,ukr1-zor-kry-2026-08-09,31287.94,24,0.525,0,0.01,2026-08-09T10:00:00Z
3150718,Will FK Zorya Luhansk win on 2026-08-09?,ukr1-zor-kry-2026-08-09,31287.94,1,0.555,0,0.01,2026-08-09T10:00:00Z
3150721,Will Celtic FC win on 2026-08-09?,scop-kil-cel-2026-08-09,44287.57,24,0.705,1,0.49,2026-08-09T12:30:00Z
3150721,Will Celtic FC win on 2026-08-09?,scop-kil-cel-2026-08-09,44287.57,1,0.715,1,0.5,2026-08-09T12:30:00Z
3150724,Will Rangers FC win on 2026-08-09?,scop-ran-hib-2026-08-09,183757.2,24,0.625,0,0.01,2026-08-09T15:00:00Z
3150724,Will Rangers FC win on 2026-08-09?,scop-ran-hib-2026-08-09,183757.2,1,0.665,0,0.0,2026-08-09T15:00:00Z
3150725,Will Rangers FC vs. Hibernian FC end in a draw?,scop-ran-hib-2026-08-09,53652.37,24,0.215,0,0.01,2026-08-09T15:00:00Z
3150725,Will Rangers FC vs. Hibernian FC end in a draw?,scop-ran-hib-2026-08-09,53652.37,1,0.205,0,0.0,2026-08-09T15:00:00Z
3150727,Will Hibernian FC win on 2026-08-09?,scop-ran-hib-2026-08-09,203305.64,24,0.165,1,0.01,2026-08-09T15:00:00Z
3150727,Will Hibernian FC win on 2026-08-09?,scop-ran-hib-2026-08-09,203305.64,1,0.135,1,0.0,2026-08-09T15:00:00Z
3150731,Spread: FC Porto (-1.5),por-por-alv-2026-08-09-more-markets,14457.27,24,0.615,1,0.0,2026-08-09T17:00:00Z
3150731,Spread: FC Porto (-1.5),por-por-alv-2026-08-09-more-markets,14457.27,1,0.585,1,0.0,2026-08-09T17:00:00Z
3150733,Spread: FC Porto (-2.5),por-por-alv-2026-08-09-more-markets,17149.17,24,0.37,0,0.0,2026-08-09T17:00:00Z
3150733,Spread: FC Porto (-2.5),por-por-alv-2026-08-09-more-markets,17149.17,1,0.345,0,0.0,2026-08-09T17:00:00Z
3150735,FC Porto vs. FC Alverca: O/U 0.5,por-por-alv-2026-08-09-more-markets,181206.97,24,0.95,1,0.0,2026-08-09T17:00:00Z
3150735,FC Porto vs. FC Alverca: O/U 0.5,por-por-alv-2026-08-09-more-markets,181206.97,1,0.955,1,0.0,2026-08-09T17:00:00Z
3150737,FC Porto vs. FC Alverca: O/U 1.5,por-por-alv-2026-08-09-more-markets,13687.59,24,0.815,1,0.0,2026-08-09T17:00:00Z
3150737,FC Porto vs. FC Alverca: O/U 1.5,por-por-alv-2026-08-09-more-markets,13687.59,1,0.805,1,0.0,2026-08-09T17:00:00Z
3150738,FC Porto vs. FC Alverca: O/U 2.5,por-por-alv-2026-08-09-more-markets,92476.87,24,0.615,0,0.0,2026-08-09T17:00:00Z
3150738,FC Porto vs. FC Alverca: O/U 2.5,por-por-alv-2026-08-09-more-markets,92476.87,1,0.575,0,0.0,2026-08-09T17:00:00Z
3150740,FC Porto vs. FC Alverca: O/U 3.5,por-por-alv-2026-08-09-more-markets,24053.29,24,0.385,0,0.0,2026-08-09T17:00:00Z
3150740,FC Porto vs. FC Alverca: O/U 3.5,por-por-alv-2026-08-09-more-markets,24053.29,1,0.345,0,0.0,2026-08-09T17:00:00Z
3150742,Will FK Dynamo Kyiv win on 2026-08-09?,ukr1-ver-dyn-2026-08-09,10668.14,24,0.765,1,0.01,2026-08-09T15:00:00Z
3150742,Will FK Dynamo Kyiv win on 2026-08-09?,ukr1-ver-dyn-2026-08-09,10668.14,1,0.71,1,0.0,2026-08-09T15:00:00Z
3150743,FC Porto vs. FC Alverca: O/U 4.5,por-por-alv-2026-08-09-more-markets,16378.36,24,0.205,0,0.0,2026-08-09T17:00:00Z
3150743,FC Porto vs. FC Alverca: O/U 4.5,por-por-alv-2026-08-09-more-markets,16378.36,1,0.175,0,0.0,2026-08-09T17:00:00Z
3150745,FC Porto vs. FC Alverca: Both Teams to Score,por-por-alv-2026-08-09-more-markets,46892.57,24,0.38,0,0.0,2026-08-09T17:00:00Z
3150745,FC Porto vs. FC Alverca: Both Teams to Score,por-por-alv-2026-08-09-more-markets,46892.57,1,0.365,0,0.0,2026-08-09T17:00:00Z
3150748,FC Porto vs. FC Alverca: 1st Half O/U 1.5,por-por-alv-2026-08-09-more-markets,14027.62,24,0.4,1,0.0,2026-08-09T17:00:00Z
3150748,FC Porto vs. FC Alverca: 1st Half O/U 1.5,por-por-alv-2026-08-09-more-markets,14027.62,1,0.385,1,0.0,2026-08-09T17:00:00Z
3150749,Will FK Polissia win on 2026-08-10?,ukr1-pol-met-2026-08-10,40880.33,24,0.48,1,0.5,2026-08-10T12:30:00Z
3150749,Will FK Polissia win on 2026-08-10?,ukr1-pol-met-2026-08-10,40880.33,1,0.535,1,0.5,2026-08-10T12:30:00Z
3150754,Will FK Metalist 1925 Kharkiv win on 2026-08-10?,ukr1-pol-met-2026-08-10,11916.16,24,0.235,0,0.5,2026-08-10T12:30:00Z
3150754,Will FK Metalist 1925 Kharkiv win on 2026-08-10?,ukr1-pol-met-2026-08-10,11916.16,1,0.185,0,0.5,2026-08-10T12:30:00Z
3150767,Will FK Karpaty Lviv win on 2026-08-10?,ukr1-kar-che-2026-08-10,32414.73,24,0.3,1,0.0,2026-08-10T15:00:00Z
3150767,Will FK Karpaty Lviv win on 2026-08-10?,ukr1-kar-che-2026-08-10,32414.73,1,0.345,1,0.01,2026-08-10T15:00:00Z
3150770,Will FK Karpaty Lviv vs. FK LNZ Cherkasy end in a draw?,ukr1-kar-che-2026-08-10,11489.32,24,0.335,0,0.0,2026-08-10T15:00:00Z
3150770,Will FK Karpaty Lviv vs. FK LNZ Cherkasy end in a draw?,ukr1-kar-che-2026-08-10,11489.32,1,0.325,0,0.01,2026-08-10T15:00:00Z
3150801,Spread: Sporting CP (-1.5),por-ama-spo-2026-08-08-more-markets,39459.76,24,0.55,0,0.5,2026-08-08T19:30:00Z
3150801,Spread: Sporting CP (-1.5),por-ama-spo-2026-08-08-more-markets,39459.76,1,0.535,0,0.5,2026-08-08T19:30:00Z
3150803,Spread: Sporting CP (-2.5),por-ama-spo-2026-08-08-more-markets,12500.1,24,0.335,0,0.5,2026-08-08T19:30:00Z
3150803,Spread: Sporting CP (-2.5),por-ama-spo-2026-08-08-more-markets,12500.1,1,0.295,0,0.5,2026-08-08T19:30:00Z
3150808,CF Estrela da Amadora vs. Sporting CP: O/U 1.5,por-ama-spo-2026-08-08-more-markets,34163.64,24,0.825,1,0.5,2026-08-08T19:30:00Z
3150808,CF Estrela da Amadora vs. Sporting CP: O/U 1.5,por-ama-spo-2026-08-08-more-markets,34163.64,1,0.815,1,0.5,2026-08-08T19:30:00Z
3150809,CF Estrela da Amadora vs. Sporting CP: O/U 2.5,por-ama-spo-2026-08-08-more-markets,61080.58,24,0.615,1,0.5,2026-08-08T19:30:00Z
3150809,CF Estrela da Amadora vs. Sporting CP: O/U 2.5,por-ama-spo-2026-08-08-more-markets,61080.58,1,0.595,1,0.5,2026-08-08T19:30:00Z
3150810,CF Estrela da Amadora vs. Sporting CP: O/U 3.5,por-ama-spo-2026-08-08-more-markets,43684.08,24,0.39,1,0.5,2026-08-08T19:30:00Z
3150810,CF Estrela da Amadora vs. Sporting CP: O/U 3.5,por-ama-spo-2026-08-08-more-markets,43684.08,1,0.355,1,0.5,2026-08-08T19:30:00Z
3150811,CF Estrela da Amadora vs. Sporting CP: O/U 4.5,por-ama-spo-2026-08-08-more-markets,23846.79,24,0.205,0,0.5,2026-08-08T19:30:00Z
3150811,CF Estrela da Amadora vs. Sporting CP: O/U 4.5,por-ama-spo-2026-08-08-more-markets,23846.79,1,0.185,0,0.5,2026-08-08T19:30:00Z
3150817,CF Estrela da Amadora vs. Sporting CP: Both Teams to Score,por-ama-spo-2026-08-08-more-markets,11341.63,24,0.445,1,0.5,2026-08-08T19:30:00Z
3150817,CF Estrela da Amadora vs. Sporting CP: Both Teams to Score,por-ama-spo-2026-08-08-more-markets,11341.63,1,0.445,1,0.5,2026-08-08T19:30:00Z
3150821,CF Estrela da Amadora vs. Sporting CP: 1st Half O/U 0.5,por-ama-spo-2026-08-08-more-markets,11143.99,24,0.755,0,0.5,2026-08-08T19:30:00Z
3150821,CF Estrela da Amadora vs. Sporting CP: 1st Half O/U 0.5,por-ama-spo-2026-08-08-more-markets,11143.99,1,0.76,0,0.5,2026-08-08T19:30:00Z
3155225,Spread: Hannover 96 (-1.5),bl2-fce-h96-2026-08-09-more-markets,14909.23,24,0.23,0,0.5,2026-08-09T11:30:00Z
3155225,Spread: Hannover 96 (-1.5),bl2-fce-h96-2026-08-09-more-markets,14909.23,1,0.235,0,0.5,2026-08-09T11:30:00Z
3155238,FC Energie Cottbus vs. Hannover 96: O/U 3.5,bl2-fce-h96-2026-08-09-more-markets,25909.24,24,0.38,1,0.5,2026-08-09T11:30:00Z
3155238,FC Energie Cottbus vs. Hannover 96: O/U 3.5,bl2-fce-h96-2026-08-09-more-markets,25909.24,1,0.395,1,0.5,2026-08-09T11:30:00Z
3155240,FC Energie Cottbus vs. Hannover 96: O/U 4.5,bl2-fce-h96-2026-08-09-more-markets,25284.29,24,0.21,0,0.5,2026-08-09T11:30:00Z
3155240,FC Energie Cottbus vs. Hannover 96: O/U 4.5,bl2-fce-h96-2026-08-09-more-markets,25284.29,1,0.215,0,0.5,2026-08-09T11:30:00Z
3155277,Spread: FC St. Pauli 1910 (-1.5),bl2-stp-fur-2026-08-09-more-markets,10787.82,24,0.285,0,0.5,2026-08-09T11:30:00Z
3155277,Spread: FC St. Pauli 1910 (-1.5),bl2-stp-fur-2026-08-09-more-markets,10787.82,1,0.295,0,0.5,2026-08-09T11:30:00Z
3155283,FC St. Pauli 1910 vs. SpVgg Greuther Fürth: O/U 2.5,bl2-stp-fur-2026-08-09-more-markets,77384.87,24,0.59,0,0.5,2026-08-09T11:30:00Z
3155283,FC St. Pauli 1910 vs. SpVgg Greuther Fürth: O/U 2.5,bl2-stp-fur-2026-08-09-more-markets,77384.87,1,0.585,0,0.5,2026-08-09T11:30:00Z
3155284,FC St. Pauli 1910 vs. SpVgg Greuther Fürth: O/U 3.5,bl2-stp-fur-2026-08-09-more-markets,12339.8,24,0.36,0,0.5,2026-08-09T11:30:00Z
3155284,FC St. Pauli 1910 vs. SpVgg Greuther Fürth: O/U 3.5,bl2-stp-fur-2026-08-09-more-markets,12339.8,1,0.365,0,0.5,2026-08-09T11:30:00Z
3155287,FC St. Pauli 1910 vs. SpVgg Greuther Fürth: Both Teams to Score,bl2-stp-fur-2026-08-09-more-markets,14383.51,24,0.6,1,0.5,2026-08-09T11:30:00Z
3155287,FC St. Pauli 1910 vs. SpVgg Greuther Fürth: Both Teams to Score,bl2-stp-fur-2026-08-09-more-markets,14383.51,1,0.605,1,0.5,2026-08-09T11:30:00Z
3155315,1. FC Nürnberg vs. SG Dynamo Dresden: O/U 1.5,bl2-fcn-dyn-2026-08-09-more-markets,30463.89,24,0.79,1,0.5,2026-08-09T11:30:00Z
3155315,1. FC Nürnberg vs. SG Dynamo Dresden: O/U 1.5,bl2-fcn-dyn-2026-08-09-more-markets,30463.89,1,0.785,1,0.5,2026-08-09T11:30:00Z
3155316,1. FC Nürnberg vs. SG Dynamo Dresden: O/U 2.5,bl2-fcn-dyn-2026-08-09-more-markets,96760.98,24,0.56,1,0.5,2026-08-09T11:30:00Z
3155316,1. FC Nürnberg vs. SG Dynamo Dresden: O/U 2.5,bl2-fcn-dyn-2026-08-09-more-markets,96760.98,1,0.545,1,0.5,2026-08-09T11:30:00Z
3155317,1. FC Nürnberg vs. SG Dynamo Dresden: O/U 3.5,bl2-fcn-dyn-2026-08-09-more-markets,39867.61,24,0.335,0,0.5,2026-08-09T11:30:00Z
3155317,1. FC Nürnberg vs. SG Dynamo Dresden: O/U 3.5,bl2-fcn-dyn-2026-08-09-more-markets,39867.61,1,0.325,0,0.5,2026-08-09T11:30:00Z
3155318,1. FC Nürnberg vs. SG Dynamo Dresden: O/U 4.5,bl2-fcn-dyn-2026-08-09-more-markets,17184.53,24,0.175,0,0.5,2026-08-09T11:30:00Z
3155318,1. FC Nürnberg vs. SG Dynamo Dresden: O/U 4.5,bl2-fcn-dyn-2026-08-09-more-markets,17184.53,1,0.16,0,0.5,2026-08-09T11:30:00Z
3155320,1. FC Nürnberg vs. SG Dynamo Dresden: Both Teams to Score,bl2-fcn-dyn-2026-08-09-more-markets,11524.85,24,0.585,0,0.5,2026-08-09T11:30:00Z
3155320,1. FC Nürnberg vs. SG Dynamo Dresden: Both Teams to Score,bl2-fcn-dyn-2026-08-09-more-markets,11524.85,1,0.585,0,0.5,2026-08-09T11:30:00Z
3155347,VfL Wolfsburg vs. 1. FC Kaiserslautern: O/U 0.5,bl2-wob-fck-2026-08-08-more-markets,21498.87,24,0.965,0,0.5,2026-08-08T18:30:00Z
3155347,VfL Wolfsburg vs. 1. FC Kaiserslautern: O/U 0.5,bl2-wob-fck-2026-08-08-more-markets,21498.87,1,0.9645,0,0.5,2026-08-08T18:30:00Z
3155348,VfL Wolfsburg vs. 1. FC Kaiserslautern: O/U 1.5,bl2-wob-fck-2026-08-08-more-markets,15814.93,24,0.83,0,0.5,2026-08-08T18:30:00Z
3155348,VfL Wolfsburg vs. 1. FC Kaiserslautern: O/U 1.5,bl2-wob-fck-2026-08-08-more-markets,15814.93,1,0.855,0,0.5,2026-08-08T18:30:00Z
3155349,VfL Wolfsburg vs. 1. FC Kaiserslautern: O/U 2.5,bl2-wob-fck-2026-08-08-more-markets,18247.1,24,0.625,0,0.5,2026-08-08T18:30:00Z
3155349,VfL Wolfsburg vs. 1. FC Kaiserslautern: O/U 2.5,bl2-wob-fck-2026-08-08-more-markets,18247.1,1,0.655,0,0.5,2026-08-08T18:30:00Z
3155577,Will Washington Spirit win on 2026-08-08?,nwsl-spi-cou-2026-08-08,17499.81,24,0.545,0,0.5,2026-08-08T22:30:00Z
3155577,Will Washington Spirit win on 2026-08-08?,nwsl-spi-cou-2026-08-08,17499.81,1,0.445,0,0.5,2026-08-08T22:30:00Z
3155578,Will Washington Spirit vs. North Carolina Courage end in a draw?,nwsl-spi-cou-2026-08-08,11636.13,24,0.245,0,0.5,2026-08-08T22:30:00Z
3155578,Will Washington Spirit vs. North Carolina Courage end in a draw?,nwsl-spi-cou-2026-08-08,11636.13,1,0.28,0,0.5,2026-08-08T22:30:00Z
3155579,Will North Carolina Courage win on 2026-08-08?,nwsl-spi-cou-2026-08-08,27577.18,24,0.21,1,0.5,2026-08-08T22:30:00Z
3155579,Will North Carolina Courage win on 2026-08-08?,nwsl-spi-cou-2026-08-08,27577.18,1,0.275,1,0.5,2026-08-08T22:30:00Z
3155584,Will Kansas City Current win on 2026-08-08?,nwsl-das-kcc-2026-08-08,18353.44,24,0.555,0,0.25,2026-08-09T00:45:00Z
3155584,Will Kansas City Current win on 2026-08-08?,nwsl-das-kcc-2026-08-08,18353.44,1,0.565,0,0.26,2026-08-09T00:45:00Z
3155591,Will Portland Thorns FC win on 2026-08-09?,nwsl-bos-tho-2026-08-09,12850.9,24,0.31,1,0.01,2026-08-09T20:00:00Z
3155591,Will Portland Thorns FC win on 2026-08-09?,nwsl-bos-tho-2026-08-09,12850.9,1,0.315,1,0.0,2026-08-09T20:00:00Z
3156142,Denver Summit FC vs. Utah Royals FC: O/U 2.5,nwsl-den-roy-2026-08-08-more-markets,11338.24,24,0.58,1,0.0,2026-08-08T20:00:00Z
3156142,Denver Summit FC vs. Utah Royals FC: O/U 2.5,nwsl-den-roy-2026-08-08-more-markets,11338.24,1,0.58,1,0.0,2026-08-08T20:00:00Z
3156215,Will Go Ahead Eagles win on 2026-08-08?,ere-goa-wii-2026-08-08,44866.83,24,0.585,1,0.25,2026-08-08T16:45:00Z
3156215,Will Go Ahead Eagles win on 2026-08-08?,ere-goa-wii-2026-08-08,44866.83,1,0.625,1,0.25,2026-08-08T16:45:00Z
3156217,Will Willem II Tilburg win on 2026-08-08?,ere-goa-wii-2026-08-08,12807.41,24,0.185,0,0.25,2026-08-08T16:45:00Z
3156217,Will Willem II Tilburg win on 2026-08-08?,ere-goa-wii-2026-08-08,12807.41,1,0.155,0,0.25,2026-08-08T16:45:00Z
3156218,Will PSV win on 2026-08-08?,ere-psv-sit-2026-08-08,222769.15,24,0.815,0,0.0,2026-08-08T18:00:00Z
3156218,Will PSV win on 2026-08-08?,ere-psv-sit-2026-08-08,222769.15,1,0.845,0,0.0,2026-08-08T18:00:00Z
3156219,Will PSV vs. Fortuna Sittard end in a draw?,ere-psv-sit-2026-08-08,50712.52,24,0.105,1,0.0,2026-08-08T18:00:00Z
3156219,Will PSV vs. Fortuna Sittard end in a draw?,ere-psv-sit-2026-08-08,50712.52,1,0.105,1,0.0,2026-08-08T18:00:00Z
3156220,Will Fortuna Sittard win on 2026-08-08?,ere-psv-sit-2026-08-08,161516.61,24,0.065,0,0.0,2026-08-08T18:00:00Z
3156220,Will Fortuna Sittard win on 2026-08-08?,ere-psv-sit-2026-08-08,161516.61,1,0.055,0,0.0,2026-08-08T18:00:00Z
3156221,Will AZ win on 2026-08-08?,ere-az-ado-2026-08-08,29489.91,24,0.675,1,0.0,2026-08-08T19:00:00Z
3156221,Will AZ win on 2026-08-08?,ere-az-ado-2026-08-08,29489.91,1,0.705,1,0.0,2026-08-08T19:00:00Z
3156223,Will ADO Den Haag win on 2026-08-08?,ere-az-ado-2026-08-08,21233.0,24,0.135,0,0.0,2026-08-08T19:00:00Z
3156223,Will ADO Den Haag win on 2026-08-08?,ere-az-ado-2026-08-08,21233.0,1,0.115,0,0.0,2026-08-08T19:00:00Z
3156224,Will Sparta Rotterdam win on 2026-08-09?,ere-spa-fey-2026-08-09,99579.49,24,0.205,0,0.24,2026-08-09T10:15:00Z
3156224,Will Sparta Rotterdam win on 2026-08-09?,ere-spa-fey-2026-08-09,99579.49,1,0.185,0,0.24,2026-08-09T10:15:00Z
3156225,Will Sparta Rotterdam vs. Feyenoord Rotterdam end in a draw?,ere-spa-fey-2026-08-09,38730.31,24,0.225,0,0.24,2026-08-09T10:15:00Z
3156225,Will Sparta Rotterdam vs. Feyenoord Rotterdam end in a draw?,ere-spa-fey-2026-08-09,38730.31,1,0.225,0,0.24,2026-08-09T10:15:00Z
3156226,Will Feyenoord Rotterdam win on 2026-08-09?,ere-spa-fey-2026-08-09,159386.51,24,0.565,1,0.24,2026-08-09T10:15:00Z
3156226,Will Feyenoord Rotterdam win on 2026-08-09?,ere-spa-fey-2026-08-09,159386.51,1,0.595,1,0.24,2026-08-09T10:15:00Z
3156227,Will FC Groningen win on 2026-08-09?,ere-gro-utr-2026-08-09,221784.2,24,0.415,1,0.49,2026-08-09T12:30:00Z
3156227,Will FC Groningen win on 2026-08-09?,ere-gro-utr-2026-08-09,221784.2,1,0.415,1,0.5,2026-08-09T12:30:00Z
3156228,Will FC Groningen vs. FC Utrecht end in a draw?,ere-gro-utr-2026-08-09,19294.59,24,0.275,0,0.49,2026-08-09T12:30:00Z
3156228,Will FC Groningen vs. FC Utrecht end in a draw?,ere-gro-utr-2026-08-09,19294.59,1,0.275,0,0.5,2026-08-09T12:30:00Z
3156229,Will FC Utrecht win on 2026-08-09?,ere-gro-utr-2026-08-09,22573.54,24,0.315,0,0.49,2026-08-09T12:30:00Z
3156229,Will FC Utrecht win on 2026-08-09?,ere-gro-utr-2026-08-09,22573.54,1,0.315,0,0.5,2026-08-09T12:30:00Z
3156230,Will PEC Zwolle win on 2026-08-09?,ere-zwo-aja-2026-08-09,67982.25,24,0.145,0,0.49,2026-08-09T12:30:00Z
3156230,Will PEC Zwolle win on 2026-08-09?,ere-zwo-aja-2026-08-09,67982.25,1,0.155,0,0.5,2026-08-09T12:30:00Z
3156231,Will PEC Zwolle vs. AFC Ajax end in a draw?,ere-zwo-aja-2026-08-09,45180.29,24,0.205,0,0.49,2026-08-09T12:30:00Z
3156231,Will PEC Zwolle vs. AFC Ajax end in a draw?,ere-zwo-aja-2026-08-09,45180.29,1,0.195,0,0.5,2026-08-09T12:30:00Z
3156232,Will AFC Ajax win on 2026-08-09?,ere-zwo-aja-2026-08-09,166878.79,24,0.645,1,0.49,2026-08-09T12:30:00Z
3156232,Will AFC Ajax win on 2026-08-09?,ere-zwo-aja-2026-08-09,166878.79,1,0.655,1,0.5,2026-08-09T12:30:00Z
3156233,Will SC Heerenveen win on 2026-08-09?,ere-her1-twe-2026-08-09,28788.5,24,0.32,1,0.26,2026-08-09T14:45:00Z
3156233,Will SC Heerenveen win on 2026-08-09?,ere-her1-twe-2026-08-09,28788.5,1,0.305,1,0.25,2026-08-09T14:45:00Z
3156234,Will SC Heerenveen vs. FC Twente end in a draw?,ere-her1-twe-2026-08-09,12479.21,24,0.245,0,0.26,2026-08-09T14:45:00Z
3156234,Will SC Heerenveen vs. FC Twente end in a draw?,ere-her1-twe-2026-08-09,12479.21,1,0.245,0,0.25,2026-08-09T14:45:00Z
3156235,Will FC Twente win on 2026-08-09?,ere-her1-twe-2026-08-09,128539.07,24,0.435,0,0.26,2026-08-09T14:45:00Z
3156235,Will FC Twente win on 2026-08-09?,ere-her1-twe-2026-08-09,128539.07,1,0.445,0,0.25,2026-08-09T14:45:00Z
3156340,AZ leading at halftime?,ere-az-ado-2026-08-08-halftime-result,12416.62,24,0.505,0,0.0,2026-08-08T19:00:00Z
3156340,AZ leading at halftime?,ere-az-ado-2026-08-08-halftime-result,12416.62,1,0.545,0,0.0,2026-08-08T19:00:00Z
3156382,Exact Score: Sparta Rotterdam 1 - 3 Feyenoord Rotterdam?,ere-spa-fey-2026-08-09-exact-score,42124.09,24,0.045,0,0.24,2026-08-09T10:15:00Z
3156382,Exact Score: Sparta Rotterdam 1 - 3 Feyenoord Rotterdam?,ere-spa-fey-2026-08-09-exact-score,42124.09,1,0.065,0,0.24,2026-08-09T10:15:00Z
3156383,Exact Score: Sparta Rotterdam 2 - 2 Feyenoord Rotterdam?,ere-spa-fey-2026-08-09-exact-score,30586.03,24,0.0685,0,0.24,2026-08-09T10:15:00Z
3156383,Exact Score: Sparta Rotterdam 2 - 2 Feyenoord Rotterdam?,ere-spa-fey-2026-08-09-exact-score,30586.03,1,0.0635,0,0.24,2026-08-09T10:15:00Z
3156405,Exact Score: FC Groningen 1 - 2 FC Utrecht?,ere-gro-utr-2026-08-09-exact-score,12745.41,24,0.075,0,0.49,2026-08-09T12:30:00Z
3156405,Exact Score: FC Groningen 1 - 2 FC Utrecht?,ere-gro-utr-2026-08-09-exact-score,12745.41,1,0.08,0,0.5,2026-08-09T12:30:00Z
3156411,Exact Score: FC Groningen 2 - 3 FC Utrecht?,ere-gro-utr-2026-08-09-exact-score,15110.58,24,0.023,0,0.49,2026-08-09T12:30:00Z
3156411,Exact Score: FC Groningen 2 - 3 FC Utrecht?,ere-gro-utr-2026-08-09-exact-score,15110.58,1,0.025,0,0.5,2026-08-09T12:30:00Z
3156413,Exact Score: FC Groningen 3 - 3 FC Utrecht?,ere-gro-utr-2026-08-09-exact-score,14587.03,24,0.0135,0,0.49,2026-08-09T12:30:00Z
3156413,Exact Score: FC Groningen 3 - 3 FC Utrecht?,ere-gro-utr-2026-08-09-exact-score,14587.03,1,0.013,0,0.5,2026-08-09T12:30:00Z
3156434,Exact Score: PEC Zwolle 1 - 3 AFC Ajax?,ere-zwo-aja-2026-08-09-exact-score,21732.56,24,0.07,0,0.49,2026-08-09T12:30:00Z
3156434,Exact Score: PEC Zwolle 1 - 3 AFC Ajax?,ere-zwo-aja-2026-08-09-exact-score,21732.56,1,0.075,0,0.5,2026-08-09T12:30:00Z
3156435,Exact Score: PEC Zwolle 2 - 2 AFC Ajax?,ere-zwo-aja-2026-08-09-exact-score,17561.79,24,0.0445,0,0.49,2026-08-09T12:30:00Z
3156435,Exact Score: PEC Zwolle 2 - 2 AFC Ajax?,ere-zwo-aja-2026-08-09-exact-score,17561.79,1,0.0565,0,0.5,2026-08-09T12:30:00Z
3156592,V-Varen Nagasaki vs. Kyōto Sanga FC: O/U 2.5,jap-vva-kyo-2026-08-09-more-markets,31313.24,24,0.445,1,0.01,2026-08-09T10:00:00Z
3156592,V-Varen Nagasaki vs. Kyōto Sanga FC: O/U 2.5,jap-vva-kyo-2026-08-09-more-markets,31313.24,1,0.425,1,0.01,2026-08-09T10:00:00Z
3156593,V-Varen Nagasaki vs. Kyōto Sanga FC: O/U 3.5,jap-vva-kyo-2026-08-09-more-markets,25551.33,24,0.245,0,0.01,2026-08-09T10:00:00Z
3156593,V-Varen Nagasaki vs. Kyōto Sanga FC: O/U 3.5,jap-vva-kyo-2026-08-09-more-markets,25551.33,1,0.225,0,0.01,2026-08-09T10:00:00Z
3156594,V-Varen Nagasaki vs. Kyōto Sanga FC: O/U 4.5,jap-vva-kyo-2026-08-09-more-markets,18881.18,24,0.095,0,0.01,2026-08-09T10:00:00Z
3156594,V-Varen Nagasaki vs. Kyōto Sanga FC: O/U 4.5,jap-vva-kyo-2026-08-09-more-markets,18881.18,1,0.095,0,0.01,2026-08-09T10:00:00Z
3156626,Tōkyō Verdy vs. Kawasaki Frontale: O/U 0.5,jap-fct1-kaw-2026-08-09-more-markets,13226.89,24,0.9,1,0.01,2026-08-09T09:00:00Z
3156626,Tōkyō Verdy vs. Kawasaki Frontale: O/U 0.5,jap-fct1-kaw-2026-08-09-more-markets,13226.89,1,0.905,1,0.0,2026-08-09T09:00:00Z
3156627,Tōkyō Verdy vs. Kawasaki Frontale: O/U 1.5,jap-fct1-kaw-2026-08-09-more-markets,38802.94,24,0.695,1,0.01,2026-08-09T09:00:00Z
3156627,Tōkyō Verdy vs. Kawasaki Frontale: O/U 1.5,jap-fct1-kaw-2026-08-09-more-markets,38802.94,1,0.685,1,0.0,2026-08-09T09:00:00Z
3156628,Tōkyō Verdy vs. Kawasaki Frontale: O/U 2.5,jap-fct1-kaw-2026-08-09-more-markets,48281.86,24,0.425,0,0.01,2026-08-09T09:00:00Z
3156628,Tōkyō Verdy vs. Kawasaki Frontale: O/U 2.5,jap-fct1-kaw-2026-08-09-more-markets,48281.86,1,0.425,0,0.0,2026-08-09T09:00:00Z
3156629,Tōkyō Verdy vs. Kawasaki Frontale: O/U 3.5,jap-fct1-kaw-2026-08-09-more-markets,23756.9,24,0.225,0,0.01,2026-08-09T09:00:00Z
3156629,Tōkyō Verdy vs. Kawasaki Frontale: O/U 3.5,jap-fct1-kaw-2026-08-09-more-markets,23756.9,1,0.21,0,0.0,2026-08-09T09:00:00Z
3158476,Shandong Taishan FC vs. Tianjin Jinmen Hu FC: O/U 0.5,chi-sha-jin-2026-08-09-more-markets,18670.51,24,0.95,1,0.01,2026-08-09T12:00:00Z
3158476,Shandong Taishan FC vs. Tianjin Jinmen Hu FC: O/U 0.5,chi-sha-jin-2026-08-09-more-markets,18670.51,1,0.96,1,0.0,2026-08-09T12:00:00Z
3158502,Shandong Taishan FC vs. Tianjin Jinmen Hu FC: O/U 1.5,chi-sha-jin-2026-08-09-more-markets,45064.31,24,0.83,1,0.01,2026-08-09T12:00:00Z
3158502,Shandong Taishan FC vs. Tianjin Jinmen Hu FC: O/U 1.5,chi-sha-jin-2026-08-09-more-markets,45064.31,1,0.835,1,0.0,2026-08-09T12:00:00Z
3158522,Shandong Taishan FC vs. Tianjin Jinmen Hu FC: O/U 2.5,chi-sha-jin-2026-08-09-more-markets,47849.15,24,0.615,1,0.01,2026-08-09T12:00:00Z
3158522,Shandong Taishan FC vs. Tianjin Jinmen Hu FC: O/U 2.5,chi-sha-jin-2026-08-09-more-markets,47849.15,1,0.635,1,0.0,2026-08-09T12:00:00Z
3158535,Shandong Taishan FC vs. Tianjin Jinmen Hu FC: O/U 3.5,chi-sha-jin-2026-08-09-more-markets,15597.78,24,0.4,0,0.01,2026-08-09T12:00:00Z
3158535,Shandong Taishan FC vs. Tianjin Jinmen Hu FC: O/U 3.5,chi-sha-jin-2026-08-09-more-markets,15597.78,1,0.405,0,0.0,2026-08-09T12:00:00Z
3158543,Shandong Taishan FC vs. Tianjin Jinmen Hu FC: O/U 4.5,chi-sha-jin-2026-08-09-more-markets,17866.8,24,0.215,0,0.01,2026-08-09T12:00:00Z
3158543,Shandong Taishan FC vs. Tianjin Jinmen Hu FC: O/U 4.5,chi-sha-jin-2026-08-09-more-markets,17866.8,1,0.225,0,0.0,2026-08-09T12:00:00Z
3158555,Shandong Taishan FC vs. Tianjin Jinmen Hu FC: Both Teams to Score,chi-sha-jin-2026-08-09-more-markets,13965.21,24,0.615,1,0.01,2026-08-09T12:00:00Z
3158555,Shandong Taishan FC vs. Tianjin Jinmen Hu FC: Both Teams to Score,chi-sha-jin-2026-08-09-more-markets,13965.21,1,0.645,1,0.0,2026-08-09T12:00:00Z
3158933,Chongqing Tonglianglong FC vs. Shanghai Haigang FC: O/U 2.5,chi-ton-shp-2026-08-09-more-markets,25227.88,24,0.545,1,0.43,2026-08-09T11:35:00Z
3158933,Chongqing Tonglianglong FC vs. Shanghai Haigang FC: O/U 2.5,chi-ton-shp-2026-08-09-more-markets,25227.88,1,0.525,1,0.42,2026-08-09T11:35:00Z
3158938,Chongqing Tonglianglong FC vs. Shanghai Haigang FC: O/U 3.5,chi-ton-shp-2026-08-09-more-markets,12982.4,24,0.32,1,0.43,2026-08-09T11:35:00Z
3158938,Chongqing Tonglianglong FC vs. Shanghai Haigang FC: O/U 3.5,chi-ton-shp-2026-08-09-more-markets,12982.4,1,0.315,1,0.42,2026-08-09T11:35:00Z
3158947,Chongqing Tonglianglong FC vs. Shanghai Haigang FC: O/U 4.5,chi-ton-shp-2026-08-09-more-markets,11286.07,24,0.16,1,0.43,2026-08-09T11:35:00Z
3158947,Chongqing Tonglianglong FC vs. Shanghai Haigang FC: O/U 4.5,chi-ton-shp-2026-08-09-more-markets,11286.07,1,0.155,1,0.42,2026-08-09T11:35:00Z
3158958,Chongqing Tonglianglong FC vs. Shanghai Haigang FC: O/U 5.5,chi-ton-shp-2026-08-09-more-markets,23123.01,24,0.065,0,0.43,2026-08-09T11:35:00Z
3158958,Chongqing Tonglianglong FC vs. Shanghai Haigang FC: O/U 5.5,chi-ton-shp-2026-08-09-more-markets,23123.01,1,0.065,0,0.42,2026-08-09T11:35:00Z
3159352,Henan FC vs. Qingdao Xihaian FC: O/U 0.5,chi-hen-qin-2026-08-09-more-markets,16624.85,24,0.95,0,0.0,2026-08-09T11:00:00Z
3159352,Henan FC vs. Qingdao Xihaian FC: O/U 0.5,chi-hen-qin-2026-08-09-more-markets,16624.85,1,0.945,0,0.0,2026-08-09T11:00:00Z
3159360,Henan FC vs. Qingdao Xihaian FC: O/U 1.5,chi-hen-qin-2026-08-09-more-markets,26538.51,24,0.805,0,0.0,2026-08-09T11:00:00Z
3159360,Henan FC vs. Qingdao Xihaian FC: O/U 1.5,chi-hen-qin-2026-08-09-more-markets,26538.51,1,0.785,0,0.0,2026-08-09T11:00:00Z
3159373,Henan FC vs. Qingdao Xihaian FC: O/U 2.5,chi-hen-qin-2026-08-09-more-markets,25263.56,24,0.575,0,0.0,2026-08-09T11:00:00Z
3159373,Henan FC vs. Qingdao Xihaian FC: O/U 2.5,chi-hen-qin-2026-08-09-more-markets,25263.56,1,0.555,0,0.0,2026-08-09T11:00:00Z
3159383,Henan FC vs. Qingdao Xihaian FC: O/U 3.5,chi-hen-qin-2026-08-09-more-markets,25574.25,24,0.355,0,0.0,2026-08-09T11:00:00Z
3159383,Henan FC vs. Qingdao Xihaian FC: O/U 3.5,chi-hen-qin-2026-08-09-more-markets,25574.25,1,0.325,0,0.0,2026-08-09T11:00:00Z
3159420,Henan FC vs. Qingdao Xihaian FC: Both Teams to Score,chi-hen-qin-2026-08-09-more-markets,19766.01,24,0.55,0,0.0,2026-08-09T11:00:00Z
3159420,Henan FC vs. Qingdao Xihaian FC: Both Teams to Score,chi-hen-qin-2026-08-09-more-markets,19766.01,1,0.545,0,0.0,2026-08-09T11:00:00Z
3164612,AC Horsens vs. Brøndby IF: O/U 1.5,den-hor-bro-2026-08-09-more-markets,12690.88,24,0.75,1,0.0,2026-08-09T16:00:00Z
3164612,AC Horsens vs. Brøndby IF: O/U 1.5,den-hor-bro-2026-08-09-more-markets,12690.88,1,0.765,1,0.0,2026-08-09T16:00:00Z
3164632,AC Horsens vs. Brøndby IF: O/U 2.5,den-hor-bro-2026-08-09-more-markets,40088.3,24,0.505,0,0.0,2026-08-09T16:00:00Z
3164632,AC Horsens vs. Brøndby IF: O/U 2.5,den-hor-bro-2026-08-09-more-markets,40088.3,1,0.535,0,0.0,2026-08-09T16:00:00Z
3164655,AC Horsens vs. Brøndby IF: O/U 3.5,den-hor-bro-2026-08-09-more-markets,16936.66,24,0.285,0,0.0,2026-08-09T16:00:00Z
3164655,AC Horsens vs. Brøndby IF: O/U 3.5,den-hor-bro-2026-08-09-more-markets,16936.66,1,0.295,0,0.0,2026-08-09T16:00:00Z
3164706,AC Horsens vs. Brøndby IF: Both Teams to Score,den-hor-bro-2026-08-09-more-markets,20526.14,24,0.525,0,0.0,2026-08-09T16:00:00Z
3164706,AC Horsens vs. Brøndby IF: Both Teams to Score,den-hor-bro-2026-08-09-more-markets,20526.14,1,0.515,0,0.0,2026-08-09T16:00:00Z
3165134,Randers FC vs. Lyngby BK: O/U 2.5,den-ran-lyn-2026-08-09-more-markets,12925.93,24,0.54,0,0.0,2026-08-09T14:00:00Z
3165134,Randers FC vs. Lyngby BK: O/U 2.5,den-ran-lyn-2026-08-09-more-markets,12925.93,1,0.575,0,0.0,2026-08-09T14:00:00Z
3165148,Randers FC vs. Lyngby BK: O/U 3.5,den-ran-lyn-2026-08-09-more-markets,14689.68,24,0.325,0,0.0,2026-08-09T14:00:00Z
3165148,Randers FC vs. Lyngby BK: O/U 3.5,den-ran-lyn-2026-08-09-more-markets,14689.68,1,0.345,0,0.0,2026-08-09T14:00:00Z
3165191,Randers FC vs. Lyngby BK: Both Teams to Score,den-ran-lyn-2026-08-09-more-markets,11708.75,24,0.585,0,0.0,2026-08-09T14:00:00Z
3165191,Randers FC vs. Lyngby BK: Both Teams to Score,den-ran-lyn-2026-08-09-more-markets,11708.75,1,0.605,0,0.0,2026-08-09T14:00:00Z
3168932,Will Gil Vicente FC win on 2026-08-09?,por-gil-rio-2026-08-09,37724.56,24,0.485,1,0.5,2026-08-09T19:30:00Z
3168932,Will Gil Vicente FC win on 2026-08-09?,por-gil-rio-2026-08-09,37724.56,1,0.475,1,0.49,2026-08-09T19:30:00Z
3168933,Will Gil Vicente FC vs. Rio Ave FC end in a draw?,por-gil-rio-2026-08-09,11514.56,24,0.275,0,0.5,2026-08-09T19:30:00Z
3168933,Will Gil Vicente FC vs. Rio Ave FC end in a draw?,por-gil-rio-2026-08-09,11514.56,1,0.275,0,0.49,2026-08-09T19:30:00Z
3168934,Will FK Fakel Voronezh win on 2026-08-10?,rus-fak-ter-2026-08-10,11438.4,24,0.27,0,0.5,2026-08-10T16:30:00Z
3168934,Will FK Fakel Voronezh win on 2026-08-10?,rus-fak-ter-2026-08-10,11438.4,1,0.315,0,0.49,2026-08-10T16:30:00Z
3168935,Will Rio Ave FC win on 2026-08-09?,por-gil-rio-2026-08-09,12079.23,24,0.235,0,0.5,2026-08-09T19:30:00Z
3168935,Will Rio Ave FC win on 2026-08-09?,por-gil-rio-2026-08-09,12079.23,1,0.235,0,0.49,2026-08-09T19:30:00Z
3168938,Will CD Santa Clara win on 2026-08-10?,por-cds-nac-2026-08-10,550150.68,24,0.515,0,0.25,2026-08-10T19:15:00Z
3168938,Will CD Santa Clara win on 2026-08-10?,por-cds-nac-2026-08-10,550150.68,1,0.495,0,0.25,2026-08-10T19:15:00Z
3168939,Will CD Santa Clara vs. CD Nacional end in a draw?,por-cds-nac-2026-08-10,44595.8,24,0.275,1,0.25,2026-08-10T19:15:00Z
3168939,Will CD Santa Clara vs. CD Nacional end in a draw?,por-cds-nac-2026-08-10,44595.8,1,0.305,1,0.25,2026-08-10T19:15:00Z
3168940,Will CD Nacional win on 2026-08-10?,por-cds-nac-2026-08-10,126873.65,24,0.215,0,0.25,2026-08-10T19:15:00Z
3168940,Will CD Nacional win on 2026-08-10?,por-cds-nac-2026-08-10,126873.65,1,0.195,0,0.25,2026-08-10T19:15:00Z
3168994,Exact Score: CD Santa Clara 0 - 0 CD Nacional?,por-cds-nac-2026-08-10-exact-score,16264.2,24,0.085,0,0.25,2026-08-10T19:15:00Z
3168994,Exact Score: CD Santa Clara 0 - 0 CD Nacional?,por-cds-nac-2026-08-10-exact-score,16264.2,1,0.125,0,0.25,2026-08-10T19:15:00Z
3169004,Exact Score: CD Santa Clara 2 - 1 CD Nacional?,por-cds-nac-2026-08-10-exact-score,19689.85,24,0.085,0,0.25,2026-08-10T19:15:00Z
3169004,Exact Score: CD Santa Clara 2 - 1 CD Nacional?,por-cds-nac-2026-08-10-exact-score,19689.85,1,0.095,0,0.25,2026-08-10T19:15:00Z
3175659,Spread: Plymouth Argyle FC (-1.5),efl-ply-exe-2026-08-10-more-markets,42463.61,24,0.43,1,0.0,2026-08-10T19:00:00Z
3175659,Spread: Plymouth Argyle FC (-1.5),efl-ply-exe-2026-08-10-more-markets,42463.61,1,0.455,1,0.0,2026-08-10T19:00:00Z
3175663,Plymouth Argyle FC vs. Exeter City FC: O/U 0.5,efl-ply-exe-2026-08-10-more-markets,76134.35,24,0.9585,1,0.0,2026-08-10T19:00:00Z
3175663,Plymouth Argyle FC vs. Exeter City FC: O/U 0.5,efl-ply-exe-2026-08-10-more-markets,76134.35,1,0.957,1,0.0,2026-08-10T19:00:00Z
3175664,Plymouth Argyle FC vs. Exeter City FC: O/U 1.5,efl-ply-exe-2026-08-10-more-markets,71573.84,24,0.835,1,0.0,2026-08-10T19:00:00Z
3175664,Plymouth Argyle FC vs. Exeter City FC: O/U 1.5,efl-ply-exe-2026-08-10-more-markets,71573.84,1,0.825,1,0.0,2026-08-10T19:00:00Z
3175665,Plymouth Argyle FC vs. Exeter City FC: O/U 2.5,efl-ply-exe-2026-08-10-more-markets,60814.39,24,0.63,0,0.0,2026-08-10T19:00:00Z
3175665,Plymouth Argyle FC vs. Exeter City FC: O/U 2.5,efl-ply-exe-2026-08-10-more-markets,60814.39,1,0.615,0,0.0,2026-08-10T19:00:00Z
3175666,Plymouth Argyle FC vs. Exeter City FC: O/U 3.5,efl-ply-exe-2026-08-10-more-markets,26232.73,24,0.41,0,0.0,2026-08-10T19:00:00Z
3175666,Plymouth Argyle FC vs. Exeter City FC: O/U 3.5,efl-ply-exe-2026-08-10-more-markets,26232.73,1,0.395,0,0.0,2026-08-10T19:00:00Z
3175669,Plymouth Argyle FC vs. Exeter City FC: Both Teams to Score,efl-ply-exe-2026-08-10-more-markets,75943.85,24,0.565,0,0.0,2026-08-10T19:00:00Z
3175669,Plymouth Argyle FC vs. Exeter City FC: Both Teams to Score,efl-ply-exe-2026-08-10-more-markets,75943.85,1,0.535,0,0.0,2026-08-10T19:00:00Z
3175697,Mansfield Town FC vs. Sheffield United FC: O/U 1.5,efl-man-she-2026-08-09-more-markets,11867.28,24,0.745,1,0.01,2026-08-09T15:00:00Z
3175697,Mansfield Town FC vs. Sheffield United FC: O/U 1.5,efl-man-she-2026-08-09-more-markets,11867.28,1,0.765,1,0.0,2026-08-09T15:00:00Z
3175698,Mansfield Town FC vs. Sheffield United FC: O/U 2.5,efl-man-she-2026-08-09-more-markets,18223.59,24,0.505,1,0.01,2026-08-09T15:00:00Z
3175698,Mansfield Town FC vs. Sheffield United FC: O/U 2.5,efl-man-she-2026-08-09-more-markets,18223.59,1,0.525,1,0.0,2026-08-09T15:00:00Z
3175702,Mansfield Town FC vs. Sheffield United FC: Both Teams to Score,efl-man-she-2026-08-09-more-markets,21046.84,24,0.525,0,0.01,2026-08-09T15:00:00Z
3175702,Mansfield Town FC vs. Sheffield United FC: Both Teams to Score,efl-man-she-2026-08-09-more-markets,21046.84,1,0.555,0,0.0,2026-08-09T15:00:00Z
3175766,Rotherham United FC vs. West Bromwich Albion FC: O/U 4.5,efl-rot-wba-2026-08-08-more-markets,14226.34,24,0.17,1,0.5,2026-08-08T16:30:00Z
3175766,Rotherham United FC vs. West Bromwich Albion FC: O/U 4.5,efl-rot-wba-2026-08-08-more-markets,14226.34,1,0.165,1,0.49,2026-08-08T16:30:00Z
3175792,Spread: Southampton FC (-1.5),efl-col-sot-2026-08-08-more-markets,21082.59,24,0.5,1,0.5,2026-08-08T16:30:00Z
3175792,Spread: Southampton FC (-1.5),efl-col-sot-2026-08-08-more-markets,21082.59,1,0.505,1,0.49,2026-08-08T16:30:00Z
3175795,Colchester United FC vs. Southampton FC: O/U 0.5,efl-col-sot-2026-08-08-more-markets,10870.92,24,0.935,1,0.5,2026-08-08T16:30:00Z
3175795,Colchester United FC vs. Southampton FC: O/U 0.5,efl-col-sot-2026-08-08-more-markets,10870.92,1,0.9575,1,0.49,2026-08-08T16:30:00Z
3175796,Colchester United FC vs. Southampton FC: O/U 1.5,efl-col-sot-2026-08-08-more-markets,17729.89,24,0.825,1,0.5,2026-08-08T16:30:00Z
3175796,Colchester United FC vs. Southampton FC: O/U 1.5,efl-col-sot-2026-08-08-more-markets,17729.89,1,0.825,1,0.49,2026-08-08T16:30:00Z
3175797,Colchester United FC vs. Southampton FC: O/U 2.5,efl-col-sot-2026-08-08-more-markets,10904.4,24,0.63,0,0.5,2026-08-08T16:30:00Z
3175797,Colchester United FC vs. Southampton FC: O/U 2.5,efl-col-sot-2026-08-08-more-markets,10904.4,1,0.635,0,0.49,2026-08-08T16:30:00Z
3176814,Will Grêmio FBPA win on 2026-08-08?,bra-gre-sao-2026-08-08,162947.85,24,0.405,1,0.0,2026-08-08T19:00:00Z
3176814,Will Grêmio FBPA win on 2026-08-08?,bra-gre-sao-2026-08-08,162947.85,1,0.405,1,0.0,2026-08-08T19:00:00Z
3176821,Will Grêmio FBPA vs. São Paulo FC end in a draw?,bra-gre-sao-2026-08-08,18346.15,24,0.295,0,0.0,2026-08-08T19:00:00Z
3176821,Will Grêmio FBPA vs. São Paulo FC end in a draw?,bra-gre-sao-2026-08-08,18346.15,1,0.305,0,0.0,2026-08-08T19:00:00Z
3176825,Will São Paulo FC win on 2026-08-08?,bra-gre-sao-2026-08-08,80455.74,24,0.295,0,0.0,2026-08-08T19:00:00Z
3176825,Will São Paulo FC win on 2026-08-08?,bra-gre-sao-2026-08-08,80455.74,1,0.285,0,0.0,2026-08-08T19:00:00Z
3176829,Will Fortaleza CEIF win on 2026-08-08?,col1-foc-cdf-2026-08-08,63084.75,24,0.585,1,0.33,2026-08-08T21:20:00Z
3176829,Will Fortaleza CEIF win on 2026-08-08?,col1-foc-cdf-2026-08-08,63084.75,1,0.575,1,0.33,2026-08-08T21:20:00Z
3176831,Will Cúcuta Deportivo FC win on 2026-08-08?,col1-foc-cdf-2026-08-08,16957.62,24,0.15,0,0.33,2026-08-08T21:20:00Z
3176831,Will Cúcuta Deportivo FC win on 2026-08-08?,col1-foc-cdf-2026-08-08,16957.62,1,0.165,0,0.33,2026-08-08T21:20:00Z
3176840,Will Clube do Remo win on 2026-08-08?,bra-cre-cam-2026-08-08,145224.61,24,0.315,0,0.5,2026-08-08T21:30:00Z
3176840,Will Clube do Remo win on 2026-08-08?,bra-cre-cam-2026-08-08,145224.61,1,0.345,0,0.49,2026-08-08T21:30:00Z
3176845,Will Clube do Remo vs. CA Mineiro end in a draw?,bra-cre-cam-2026-08-08,118107.91,24,0.3,1,0.5,2026-08-08T21:30:00Z
3176845,Will Clube do Remo vs. CA Mineiro end in a draw?,bra-cre-cam-2026-08-08,118107.91,1,0.295,1,0.49,2026-08-08T21:30:00Z
3176848,Will CD Tolima win on 2026-08-08?,col1-cdt-cle-2026-08-08,32993.1,24,0.615,1,0.41,2026-08-08T23:25:00Z
3176848,Will CD Tolima win on 2026-08-08?,col1-cdt-cle-2026-08-08,32993.1,1,0.605,1,0.41,2026-08-08T23:25:00Z
3176851,Will CA Mineiro win on 2026-08-08?,bra-cre-cam-2026-08-08,441452.88,24,0.39,0,0.5,2026-08-08T21:30:00Z
3176851,Will CA Mineiro win on 2026-08-08?,bra-cre-cam-2026-08-08,441452.88,1,0.345,0,0.49,2026-08-08T21:30:00Z
3176856,Will SC Recife win on 2026-08-08?,bra2-vln-rec-2026-08-08,11592.84,24,0.265,1,0.0,2026-08-08T19:00:00Z
3176856,Will SC Recife win on 2026-08-08?,bra2-vln-rec-2026-08-08,11592.84,1,0.275,1,0.0,2026-08-08T19:00:00Z
3176861,Will CU Técnica de Cajamarca win on 2026-08-08?,per1-ctd-adt-2026-08-08,61441.53,24,0.455,0,0.0,2026-08-08T18:00:00Z
3176861,Will CU Técnica de Cajamarca win on 2026-08-08?,per1-ctd-adt-2026-08-08,61441.53,1,0.52,0,0.0,2026-08-08T18:00:00Z
3176863,Will CD Coquimbo Unido win on 2026-08-08?,chi1-ccu-cls-2026-08-08,10716.9,24,0.635,0,0.5,2026-08-08T21:30:00Z
3176863,Will CD Coquimbo Unido win on 2026-08-08?,chi1-ccu-cls-2026-08-08,10716.9,1,0.605,0,0.49,2026-08-08T21:30:00Z
3176864,Will Coritiba FBC win on 2026-08-08?,bra-cor-cha-2026-08-08,120356.22,24,0.595,1,0.49,2026-08-08T23:30:00Z
3176864,Will Coritiba FBC win on 2026-08-08?,bra-cor-cha-2026-08-08,120356.22,1,0.585,1,0.5,2026-08-08T23:30:00Z
3176865,Will CU Técnica de Cajamarca vs. AD Tarma end in a draw?,per1-ctd-adt-2026-08-08,13373.13,24,0.28,1,0.0,2026-08-08T18:00:00Z
3176865,Will CU Técnica de Cajamarca vs. AD Tarma end in a draw?,per1-ctd-adt-2026-08-08,13373.13,1,0.265,1,0.0,2026-08-08T18:00:00Z
3176866,Will CD Coquimbo Unido vs. CD La Serena end in a draw?,chi1-ccu-cls-2026-08-08,18836.76,24,0.23,1,0.5,2026-08-08T21:30:00Z
3176866,Will CD Coquimbo Unido vs. CD La Serena end in a draw?,chi1-ccu-cls-2026-08-08,18836.76,1,0.235,1,0.49,2026-08-08T21:30:00Z
3176868,Will Coritiba FBC vs. Associação Chapecoense de Futebol end in a draw?,bra-cor-cha-2026-08-08,10977.04,24,0.24,0,0.49,2026-08-08T23:30:00Z
3176868,Will Coritiba FBC vs. Associação Chapecoense de Futebol end in a draw?,bra-cor-cha-2026-08-08,10977.04,1,0.255,0,0.5,2026-08-08T23:30:00Z
3176869,Will AD Tarma win on 2026-08-08?,per1-ctd-adt-2026-08-08,11914.4,24,0.275,0,0.0,2026-08-08T18:00:00Z
3176869,Will AD Tarma win on 2026-08-08?,per1-ctd-adt-2026-08-08,11914.4,1,0.22,0,0.0,2026-08-08T18:00:00Z
3176870,Will América de Cali win on 2026-08-08?,col1-ad1-atn-2026-08-08,190829.58,24,0.395,1,0.24,2026-08-10T01:15:00Z
3176870,Will América de Cali win on 2026-08-08?,col1-ad1-atn-2026-08-08,190829.58,1,0.395,1,0.25,2026-08-10T01:15:00Z
3176871,Will CD La Serena win on 2026-08-08?,chi1-ccu-cls-2026-08-08,25711.01,24,0.15,0,0.5,2026-08-08T21:30:00Z
3176871,Will CD La Serena win on 2026-08-08?,chi1-ccu-cls-2026-08-08,25711.01,1,0.165,0,0.49,2026-08-08T21:30:00Z
3176872,Will AC Sparta Praha win on 2026-08-08?,cze1-fmb-asp-2026-08-08,14937.75,24,0.555,0,0.0,2026-08-08T18:00:00Z
3176872,Will AC Sparta Praha win on 2026-08-08?,cze1-fmb-asp-2026-08-08,14937.75,1,0.525,0,0.0,2026-08-08T18:00:00Z
3176873,Will Associação Chapecoense de Futebol win on 2026-08-08?,bra-cor-cha-2026-08-08,45784.65,24,0.165,0,0.49,2026-08-08T23:30:00Z
3176873,Will Associação Chapecoense de Futebol win on 2026-08-08?,bra-cor-cha-2026-08-08,45784.65,1,0.165,0,0.5,2026-08-08T23:30:00Z
3176874,Will Botafogo FC win on 2026-08-08?,bra2-bot-afc-2026-08-08,24125.32,24,0.51,1,0.5,2026-08-08T21:30:00Z
3176874,Will Botafogo FC win on 2026-08-08?,bra2-bot-afc-2026-08-08,24125.32,1,0.505,1,0.49,2026-08-08T21:30:00Z
3176875,Will América de Cali vs. Atlético Nacional end in a draw?,col1-ad1-atn-2026-08-08,55446.09,24,0.305,0,0.24,2026-08-10T01:15:00Z
3176875,Will América de Cali vs. Atlético Nacional end in a draw?,col1-ad1-atn-2026-08-08,55446.09,1,0.315,0,0.25,2026-08-10T01:15:00Z
3176876,Will Botafogo FC vs. América FC end in a draw?,bra2-bot-afc-2026-08-08,17221.01,24,0.29,0,0.5,2026-08-08T21:30:00Z
3176876,Will Botafogo FC vs. América FC end in a draw?,bra2-bot-afc-2026-08-08,17221.01,1,0.305,0,0.49,2026-08-08T21:30:00Z
3176877,Will Atlético Nacional win on 2026-08-08?,col1-ad1-atn-2026-08-08,19693.21,24,0.3,0,0.24,2026-08-10T01:15:00Z
3176877,Will Atlético Nacional win on 2026-08-08?,col1-ad1-atn-2026-08-08,19693.21,1,0.305,0,0.24,2026-08-10T01:15:00Z
3176881,Will Independiente Santa Fe win on 2026-08-09?,col1-isf-bcf-2026-08-09,101359.7,24,0.725,1,0.0,2026-08-09T19:00:00Z
3176882,Will ADC Juan Pablo II College win on 2026-08-08?,per1-ajp-cag-2026-08-08,14139.93,24,0.395,0,0.5,2026-08-08T20:30:00Z
3176882,Will ADC Juan Pablo II College win on 2026-08-08?,per1-ajp-cag-2026-08-08,14139.93,1,0.365,0,0.5,2026-08-08T20:30:00Z
3176884,Will Independiente Santa Fe vs. Boyacá Chicó FC end in a draw?,col1-isf-bcf-2026-08-09,16237.37,24,0.21,0,0.0,2026-08-09T19:00:00Z
3176885,Will CD Concepción win on 2026-08-09?,chi1-cd1-cu1-2026-08-09,46169.62,24,0.495,1,0.5,2026-08-09T16:30:00Z
3176885,Will CD Concepción win on 2026-08-09?,chi1-cd1-cu1-2026-08-09,46169.62,1,0.485,1,0.5,2026-08-09T16:30:00Z
3176887,Will Club Independiente Petrolero win on 2026-08-08?,bol1-str-idp-2026-08-08,16983.74,24,0.05,1,0.25,2026-08-08T21:15:00Z
3176887,Will Club Independiente Petrolero win on 2026-08-08?,bol1-str-idp-2026-08-08,16983.74,1,0.085,1,0.24,2026-08-08T21:15:00Z
3176888,Will Botafogo FR win on 2026-08-08?,bra-bot-flu-2026-08-08,474735.97,24,0.395,0,0.0,2026-08-09T00:00:00Z
3176888,Will Botafogo FR win on 2026-08-08?,bra-bot-flu-2026-08-08,474735.97,1,0.425,0,0.0,2026-08-09T00:00:00Z
3176889,Will SK Slavia Praha win on 2026-08-09?,cze1-ssp-fkp-2026-08-09,20186.99,24,0.81,1,0.0,2026-08-09T13:00:00Z
3176889,Will SK Slavia Praha win on 2026-08-09?,cze1-ssp-fkp-2026-08-09,20186.99,1,0.795,1,0.0,2026-08-09T13:00:00Z
3176890,Will Boyacá Chicó FC win on 2026-08-09?,col1-isf-bcf-2026-08-09,45175.73,24,0.075,0,0.0,2026-08-09T19:00:00Z
3176893,Will Botafogo FR vs. Fluminense FC end in a draw?,bra-bot-flu-2026-08-08,96181.23,24,0.295,1,0.01,2026-08-09T00:00:00Z
3176893,Will Botafogo FR vs. Fluminense FC end in a draw?,bra-bot-flu-2026-08-08,96181.23,1,0.305,1,0.0,2026-08-09T00:00:00Z
3176894,Will Athletic Club win on 2026-08-09?,bra2-ath-cri-2026-08-09,13115.28,24,0.31,1,0.0,2026-08-09T14:00:00Z
3176894,Will Athletic Club win on 2026-08-09?,bra2-ath-cri-2026-08-09,13115.28,1,0.305,1,0.0,2026-08-09T14:00:00Z
3176897,Will Fluminense FC win on 2026-08-08?,bra-bot-flu-2026-08-08,157968.63,24,0.305,0,0.0,2026-08-09T00:00:00Z
3176897,Will Fluminense FC win on 2026-08-08?,bra-bot-flu-2026-08-08,157968.63,1,0.275,0,0.0,2026-08-09T00:00:00Z
3176900,Will Criciúma EC win on 2026-08-09?,bra2-ath-cri-2026-08-09,10829.42,24,0.36,0,0.0,2026-08-09T14:00:00Z
3176900,Will Criciúma EC win on 2026-08-09?,bra2-ath-cri-2026-08-09,10829.42,1,0.365,0,0.0,2026-08-09T14:00:00Z
3176902,Will Águilas Doradas Rionegro win on 2026-08-09?,col1-gdr-llf-2026-08-09,32534.1,168,0.51,0,0.0,2026-08-19T21:00:00Z
3176902,Will Águilas Doradas Rionegro win on 2026-08-09?,col1-gdr-llf-2026-08-09,32534.1,24,0.495,0,0.01,2026-08-19T21:00:00Z
3176902,Will Águilas Doradas Rionegro win on 2026-08-09?,col1-gdr-llf-2026-08-09,32534.1,1,0.495,0,0.01,2026-08-19T21:00:00Z
3176903,Will Sport Boys Association win on 2026-08-08?,per1-sba-cal-2026-08-08,62239.85,24,0.225,0,0.0,2026-08-09T01:00:00Z
3176903,Will Sport Boys Association win on 2026-08-08?,per1-sba-cal-2026-08-08,62239.85,1,0.205,0,0.01,2026-08-09T01:00:00Z
3176907,Will Cruzeiro EC win on 2026-08-09?,bra-cru-mir-2026-08-09,398555.58,24,0.565,1,0.0,2026-08-09T14:00:00Z
3176907,Will Cruzeiro EC win on 2026-08-09?,bra-cru-mir-2026-08-09,398555.58,1,0.555,1,0.0,2026-08-09T14:00:00Z
3176908,Will FC Hradec Králové win on 2026-08-09?,cze1-fhk-fbo-2026-08-09,19795.47,24,0.405,1,0.01,2026-08-09T15:00:00Z
3176908,Will FC Hradec Králové win on 2026-08-09?,cze1-fhk-fbo-2026-08-09,19795.47,1,0.405,1,0.0,2026-08-09T15:00:00Z
3176909,Will Grêmio Novorizontino win on 2026-08-09?,bra2-nov-juv-2026-08-09,38300.95,24,0.47,0,0.0,2026-08-09T19:00:00Z
3176909,Will Grêmio Novorizontino win on 2026-08-09?,bra2-nov-juv-2026-08-09,38300.95,1,0.465,0,0.01,2026-08-09T19:00:00Z
3176911,Will Sport Boys Association vs. Club Alianza Lima end in a draw?,per1-sba-cal-2026-08-08,16636.93,24,0.305,1,0.0,2026-08-09T01:00:00Z
3176911,Will Sport Boys Association vs. Club Alianza Lima end in a draw?,per1-sba-cal-2026-08-08,16636.93,1,0.275,1,0.01,2026-08-09T01:00:00Z
3176913,Will Llaneros FC win on 2026-08-09?,col1-gdr-llf-2026-08-09,122407.77,168,0.295,0,0.0,2026-08-19T21:00:00Z
3176913,Will Llaneros FC win on 2026-08-09?,col1-gdr-llf-2026-08-09,122407.77,24,0.235,0,0.01,2026-08-19T21:00:00Z
3176913,Will Llaneros FC win on 2026-08-09?,col1-gdr-llf-2026-08-09,122407.77,1,0.205,0,0.01,2026-08-19T21:00:00Z
3176915,Will Cruzeiro EC vs. Mirassol FC end in a draw?,bra-cru-mir-2026-08-09,31113.85,24,0.255,0,0.0,2026-08-09T14:00:00Z
3176915,Will Cruzeiro EC vs. Mirassol FC end in a draw?,bra-cru-mir-2026-08-09,31113.85,1,0.265,0,0.0,2026-08-09T14:00:00Z
3176917,Will Club Alianza Lima win on 2026-08-08?,per1-sba-cal-2026-08-08,47523.77,24,0.48,0,0.0,2026-08-09T01:00:00Z
3176917,Will Club Alianza Lima win on 2026-08-08?,per1-sba-cal-2026-08-08,47523.77,1,0.505,0,0.01,2026-08-09T01:00:00Z
3176919,Will CD Limache win on 2026-08-09?,chi1-ohf-cdl-2026-08-09,37375.9,24,0.27,1,0.0,2026-08-09T19:00:00Z
3176919,Will CD Limache win on 2026-08-09?,chi1-ohf-cdl-2026-08-09,37375.9,1,0.275,1,0.01,2026-08-09T19:00:00Z
3176920,Will Mirassol FC win on 2026-08-09?,bra-cru-mir-2026-08-09,87062.93,24,0.175,0,0.0,2026-08-09T14:00:00Z
3176920,Will Mirassol FC win on 2026-08-09?,bra-cru-mir-2026-08-09,87062.93,1,0.185,0,0.0,2026-08-09T14:00:00Z
3176921,Will EC Juventude win on 2026-08-09?,bra2-nov-juv-2026-08-09,18626.95,24,0.215,1,0.0,2026-08-09T19:00:00Z
3176921,Will EC Juventude win on 2026-08-09?,bra2-nov-juv-2026-08-09,18626.95,1,0.215,1,0.01,2026-08-09T19:00:00Z
3176922,Will FC Baník Ostrava win on 2026-08-09?,cze1-fhk-fbo-2026-08-09,15144.0,24,0.295,0,0.01,2026-08-09T15:00:00Z
3176922,Will FC Baník Ostrava win on 2026-08-09?,cze1-fhk-fbo-2026-08-09,15144.0,1,0.295,0,0.0,2026-08-09T15:00:00Z
3176925,Will Jaguares de Córdoba FC win on 2026-08-09?,col1-jdc-onc-2026-08-09,18230.55,24,0.23,0,0.16,2026-08-09T23:10:00Z
3176925,Will Jaguares de Córdoba FC win on 2026-08-09?,col1-jdc-onc-2026-08-09,18230.55,1,0.225,0,0.16,2026-08-09T23:10:00Z
3176929,Will CD Unión La Calera win on 2026-08-09?,chi1-cul-csc-2026-08-09,31851.78,24,0.2,0,0.5,2026-08-09T21:30:00Z
3176929,Will CD Unión La Calera win on 2026-08-09?,chi1-cul-csc-2026-08-09,31851.78,1,0.195,0,0.5,2026-08-09T21:30:00Z
3176931,Will Once Caldas win on 2026-08-09?,col1-jdc-onc-2026-08-09,135430.82,24,0.49,0,0.16,2026-08-09T23:10:00Z
3176931,Will Once Caldas win on 2026-08-09?,col1-jdc-onc-2026-08-09,135430.82,1,0.495,0,0.16,2026-08-09T23:10:00Z
3176934,Will CD Unión La Calera vs. CSD Colo-Colo end in a draw?,chi1-cul-csc-2026-08-09,10145.87,24,0.265,0,0.5,2026-08-09T21:30:00Z
3176934,Will CD Unión La Calera vs. CSD Colo-Colo end in a draw?,chi1-cul-csc-2026-08-09,10145.87,1,0.255,0,0.5,2026-08-09T21:30:00Z
3176935,Will EC Bahia win on 2026-08-09?,bra-bah-vas-2026-08-09,102003.42,24,0.475,0,0.0,2026-08-09T19:00:00Z
3176935,Will EC Bahia win on 2026-08-09?,bra-bah-vas-2026-08-09,102003.42,1,0.475,0,0.01,2026-08-09T19:00:00Z
3176937,Will CSD Colo-Colo win on 2026-08-09?,chi1-cul-csc-2026-08-09,37541.19,24,0.535,1,0.5,2026-08-09T21:30:00Z
3176937,Will CSD Colo-Colo win on 2026-08-09?,chi1-cul-csc-2026-08-09,37541.19,1,0.545,1,0.5,2026-08-09T21:30:00Z
3176939,Will EC Bahia vs. CR Vasco da Gama end in a draw?,bra-bah-vas-2026-08-09,22579.18,24,0.275,1,0.0,2026-08-09T19:00:00Z
3176939,Will EC Bahia vs. CR Vasco da Gama end in a draw?,bra-bah-vas-2026-08-09,22579.18,1,0.275,1,0.01,2026-08-09T19:00:00Z
3176943,Will CR Vasco da Gama win on 2026-08-09?,bra-bah-vas-2026-08-09,87312.39,24,0.245,0,0.0,2026-08-09T19:00:00Z
3176943,Will CR Vasco da Gama win on 2026-08-09?,bra-bah-vas-2026-08-09,87312.39,1,0.255,0,0.01,2026-08-09T19:00:00Z
3176945,Will FBC Melgar win on 2026-08-09?,per1-fbm-fcc-2026-08-09,19394.63,24,0.735,0,0.49,2026-08-09T20:30:00Z
3176945,Will FBC Melgar win on 2026-08-09?,per1-fbm-fcc-2026-08-09,19394.63,1,0.755,0,0.5,2026-08-09T20:30:00Z
3176947,Will AD Pasto win on 2026-08-09?,col1-adp-adc-2026-08-09,25253.65,24,0.37,0,0.5,2026-08-09T01:30:00Z
3176947,Will AD Pasto win on 2026-08-09?,col1-adp-adc-2026-08-09,25253.65,1,0.305,0,0.49,2026-08-09T01:30:00Z
3176948,Will FC Cajamarca win on 2026-08-09?,per1-fbm-fcc-2026-08-09,60654.18,24,0.075,1,0.49,2026-08-09T20:30:00Z
3176948,Will FC Cajamarca win on 2026-08-09?,per1-fbm-fcc-2026-08-09,60654.18,1,0.085,1,0.5,2026-08-09T20:30:00Z
3176949,Will Bamin Real Potosí win on 2026-08-09?,bol1-pot-blo-2026-08-09,52958.59,24,0.565,1,0.25,2026-08-09T21:15:00Z
3176949,Will Bamin Real Potosí win on 2026-08-09?,bol1-pot-blo-2026-08-09,52958.59,1,0.615,1,0.25,2026-08-09T21:15:00Z
3176951,Will Cuiabá EC win on 2026-08-09?,bra2-cui-fec-2026-08-09,64674.17,24,0.41,0,0.0,2026-08-09T21:00:00Z
3176951,Will Cuiabá EC win on 2026-08-09?,bra2-cui-fec-2026-08-09,64674.17,1,0.395,0,0.0,2026-08-09T21:00:00Z
3176953,Will CF Universidad de Chile win on 2026-08-09?,chi1-cud-cdp-2026-08-09,12699.05,24,0.555,1,0.01,2026-08-10T00:00:00Z
3176953,Will CF Universidad de Chile win on 2026-08-09?,chi1-cud-cdp-2026-08-09,12699.05,1,0.605,1,0.0,2026-08-10T00:00:00Z
3176956,Will Cuiabá EC vs. Fortaleza EC end in a draw?,bra2-cui-fec-2026-08-09,12384.12,24,0.31,1,0.0,2026-08-09T21:00:00Z
3176956,Will Cuiabá EC vs. Fortaleza EC end in a draw?,bra2-cui-fec-2026-08-09,12384.12,1,0.325,1,0.0,2026-08-09T21:00:00Z
3176958,Will Fortaleza EC win on 2026-08-09?,bra2-cui-fec-2026-08-09,10525.31,24,0.27,0,0.0,2026-08-09T21:00:00Z
3176958,Will Fortaleza EC win on 2026-08-09?,bra2-cui-fec-2026-08-09,10525.31,1,0.275,0,0.0,2026-08-09T21:00:00Z
3176960,Will CD Palestino win on 2026-08-09?,chi1-cud-cdp-2026-08-09,18134.56,24,0.205,0,0.01,2026-08-10T00:00:00Z
3176960,Will CD Palestino win on 2026-08-09?,chi1-cud-cdp-2026-08-09,18134.56,1,0.165,0,0.0,2026-08-10T00:00:00Z
3176961,Will SE Palmeiras win on 2026-08-09?,bra-pal-int-2026-08-09,203702.41,24,0.615,0,0.0,2026-08-09T19:00:00Z
3176961,Will SE Palmeiras win on 2026-08-09?,bra-pal-int-2026-08-09,203702.41,1,0.615,0,0.01,2026-08-09T19:00:00Z
3176963,Will SK Sigma Olomouc win on 2026-08-09?,cze1-art-sso-2026-08-09,11258.93,24,0.55,1,0.0,2026-08-09T18:00:00Z
3176963,Will SK Sigma Olomouc win on 2026-08-09?,cze1-art-sso-2026-08-09,11258.93,1,0.545,1,0.0,2026-08-09T18:00:00Z
3176964,Will SE Palmeiras vs. SC Internacional end in a draw?,bra-pal-int-2026-08-09,48574.01,24,0.245,1,0.0,2026-08-09T19:00:00Z
3176964,Will SE Palmeiras vs. SC Internacional end in a draw?,bra-pal-int-2026-08-09,48574.01,1,0.235,1,0.01,2026-08-09T19:00:00Z
3176965,Will SC Internacional win on 2026-08-09?,bra-pal-int-2026-08-09,62336.76,24,0.145,0,0.0,2026-08-09T19:00:00Z
3176965,Will SC Internacional win on 2026-08-09?,bra-pal-int-2026-08-09,62336.76,1,0.145,0,0.01,2026-08-09T19:00:00Z
3176966,Will Alianza FC win on 2026-08-10?,col1-alf-cab-2026-08-10,10551.97,24,0.33,0,0.08,2026-08-09T21:05:00Z
3176966,Will Alianza FC win on 2026-08-10?,col1-alf-cab-2026-08-10,10551.97,1,0.295,0,0.08,2026-08-09T21:05:00Z
3176968,Will CA Bucaramanga win on 2026-08-10?,col1-alf-cab-2026-08-10,46132.08,24,0.365,1,0.08,2026-08-09T21:05:00Z
3176968,Will CA Bucaramanga win on 2026-08-10?,col1-alf-cab-2026-08-10,46132.08,1,0.385,1,0.08,2026-08-09T21:05:00Z
3176971,Will Audax CS Italiano win on 2026-08-10?,chi1-aci-cdu-2026-08-10,39770.22,24,0.4,0,0.01,2026-08-11T00:00:00Z
3176971,Will Audax CS Italiano win on 2026-08-10?,chi1-aci-cdu-2026-08-10,39770.22,1,0.405,0,0.0,2026-08-11T00:00:00Z
3176972,Will Goiás EC win on 2026-08-10?,bra2-goi-lon-2026-08-10,108621.18,24,0.56,1,0.5,2026-08-10T22:30:00Z
3176972,Will Goiás EC win on 2026-08-10?,bra2-goi-lon-2026-08-10,108621.18,1,0.545,1,0.5,2026-08-10T22:30:00Z
3176973,Will Goiás EC vs. Londrina EC end in a draw?,bra2-goi-lon-2026-08-10,12581.09,24,0.27,0,0.5,2026-08-10T22:30:00Z
3176973,Will Goiás EC vs. Londrina EC end in a draw?,bra2-goi-lon-2026-08-10,12581.09,1,0.275,0,0.5,2026-08-10T22:30:00Z
3176975,Will Audax CS Italiano vs. CD Ñublense end in a draw?,chi1-aci-cdu-2026-08-10,33346.85,24,0.29,1,0.01,2026-08-11T00:00:00Z
3176975,Will Audax CS Italiano vs. CD Ñublense end in a draw?,chi1-aci-cdu-2026-08-10,33346.85,1,0.285,1,0.0,2026-08-11T00:00:00Z
3176977,Will CD Ñublense win on 2026-08-10?,chi1-aci-cdu-2026-08-10,54573.2,24,0.31,0,0.0,2026-08-11T00:00:00Z
3176977,Will CD Ñublense win on 2026-08-10?,chi1-aci-cdu-2026-08-10,54573.2,1,0.305,0,0.0,2026-08-11T00:00:00Z
3176978,Will Red Bull Bragantino win on 2026-08-09?,bra-bra-cor1-2026-08-09,89347.67,24,0.445,0,0.5,2026-08-09T21:30:00Z
3176978,Will Red Bull Bragantino win on 2026-08-09?,bra-bra-cor1-2026-08-09,89347.67,1,0.425,0,0.5,2026-08-09T21:30:00Z
3176980,Will Red Bull Bragantino vs. SC Corinthians Paulista end in a draw?,bra-bra-cor1-2026-08-09,22525.22,24,0.3,0,0.5,2026-08-09T21:30:00Z
3176980,Will Red Bull Bragantino vs. SC Corinthians Paulista end in a draw?,bra-bra-cor1-2026-08-09,22525.22,1,0.305,0,0.5,2026-08-09T21:30:00Z
3176982,Will SC Corinthians Paulista win on 2026-08-09?,bra-bra-cor1-2026-08-09,117904.48,24,0.265,1,0.5,2026-08-09T21:30:00Z
3176982,Will SC Corinthians Paulista win on 2026-08-09?,bra-bra-cor1-2026-08-09,117904.48,1,0.275,1,0.5,2026-08-09T21:30:00Z
3176986,Will Santos FC win on 2026-08-09?,bra-san-cap-2026-08-09,121545.68,24,0.445,0,0.5,2026-08-09T21:30:00Z
3176986,Will Santos FC win on 2026-08-09?,bra-san-cap-2026-08-09,121545.68,1,0.455,0,0.5,2026-08-09T21:30:00Z
3176988,Will Santos FC vs. CA Paranaense end in a draw?,bra-san-cap-2026-08-09,25538.0,24,0.285,0,0.5,2026-08-09T21:30:00Z
3176988,Will Santos FC vs. CA Paranaense end in a draw?,bra-san-cap-2026-08-09,25538.0,1,0.285,0,0.5,2026-08-09T21:30:00Z
3176992,Will CA Paranaense win on 2026-08-09?,bra-san-cap-2026-08-09,123732.51,24,0.255,1,0.5,2026-08-09T21:30:00Z
3176992,Will CA Paranaense win on 2026-08-09?,bra-san-cap-2026-08-09,123732.51,1,0.255,1,0.5,2026-08-09T21:30:00Z
3177005,Will CR Flamengo win on 2026-08-09?,bra-fla-vit-2026-08-09,83459.07,24,0.785,1,0.5,2026-08-09T22:30:00Z
3177005,Will CR Flamengo win on 2026-08-09?,bra-fla-vit-2026-08-09,83459.07,1,0.775,1,0.5,2026-08-09T22:30:00Z
3177008,Will CR Flamengo vs. EC Vitória end in a draw?,bra-fla-vit-2026-08-09,10693.78,24,0.145,0,0.5,2026-08-09T22:30:00Z
3177008,Will CR Flamengo vs. EC Vitória end in a draw?,bra-fla-vit-2026-08-09,10693.78,1,0.155,0,0.5,2026-08-09T22:30:00Z
3177013,Will EC Vitória win on 2026-08-09?,bra-fla-vit-2026-08-09,140175.43,24,0.065,0,0.5,2026-08-09T22:30:00Z
3177013,Will EC Vitória win on 2026-08-09?,bra-fla-vit-2026-08-09,140175.43,1,0.065,0,0.5,2026-08-09T22:30:00Z
3177310,AC Sparta Praha leading at halftime?,cze1-fmb-asp-2026-08-08-halftime-result,23339.64,24,0.41,0,0.0,2026-08-08T18:00:00Z
3177310,AC Sparta Praha leading at halftime?,cze1-fmb-asp-2026-08-08-halftime-result,23339.64,1,0.4,0,0.0,2026-08-08T18:00:00Z
3177657,Botafogo FR leading at halftime?,bra-bot-flu-2026-08-08-halftime-result,13963.2,24,0.305,1,0.01,2026-08-09T00:00:00Z
3177657,Botafogo FR leading at halftime?,bra-bot-flu-2026-08-08-halftime-result,13963.2,1,0.325,1,0.0,2026-08-09T00:00:00Z
3177953,Exact Score: Cruzeiro EC 2 - 3 Mirassol FC?,bra-cru-mir-2026-08-09-exact-score,10578.43,24,0.0135,0,0.0,2026-08-09T14:00:00Z
3177953,Exact Score: Cruzeiro EC 2 - 3 Mirassol FC?,bra-cru-mir-2026-08-09-exact-score,10578.43,1,0.012,0,0.0,2026-08-09T14:00:00Z
3178210,Exact Score: CF Universidad de Chile 3 - 3 CD Palestino?,chi1-cud-cdp-2026-08-09-exact-score,39001.41,24,0.0125,0,0.01,2026-08-10T00:00:00Z
3178210,Exact Score: CF Universidad de Chile 3 - 3 CD Palestino?,chi1-cud-cdp-2026-08-09-exact-score,39001.41,1,0.011,0,0.0,2026-08-10T00:00:00Z
3178270,Exact Score: SE Palmeiras 0 - 0 SC Internacional?,bra-pal-int-2026-08-09-exact-score,10427.9,24,0.08,1,0.0,2026-08-09T19:00:00Z
3178270,Exact Score: SE Palmeiras 0 - 0 SC Internacional?,bra-pal-int-2026-08-09-exact-score,10427.9,1,0.07,1,0.01,2026-08-09T19:00:00Z
3181109,Santos FC vs. CA Paranaense: O/U 9.5 Total Corners,bra-san-cap-2026-08-09-total-corners,20521.4,24,0.515,1,0.5,2026-08-09T21:30:00Z
3181109,Santos FC vs. CA Paranaense: O/U 9.5 Total Corners,bra-san-cap-2026-08-09-total-corners,20521.4,1,0.515,1,0.5,2026-08-09T21:30:00Z
3181444,Coritiba FBC vs. Associação Chapecoense de Futebol: O/U 10.5 Total Corners,bra-cor-cha-2026-08-08-total-corners,10641.07,24,0.435,1,0.49,2026-08-08T23:30:00Z
3181444,Coritiba FBC vs. Associação Chapecoense de Futebol: O/U 10.5 Total Corners,bra-cor-cha-2026-08-08-total-corners,10641.07,1,0.44,1,0.5,2026-08-08T23:30:00Z
3187316,Will IK Start win on 2026-08-08?,nor-ik-ffk-2026-08-08,84104.87,24,0.415,0,0.0,2026-08-08T16:00:00Z
3187316,Will IK Start win on 2026-08-08?,nor-ik-ffk-2026-08-08,84104.87,1,0.475,0,0.01,2026-08-08T16:00:00Z
3187317,Will IK Start vs. Fredrikstad FK end in a draw?,nor-ik-ffk-2026-08-08,11940.44,24,0.27,0,0.0,2026-08-08T16:00:00Z
3187317,Will IK Start vs. Fredrikstad FK end in a draw?,nor-ik-ffk-2026-08-08,11940.44,1,0.265,0,0.01,2026-08-08T16:00:00Z
3187318,Will Fredrikstad FK win on 2026-08-08?,nor-ik-ffk-2026-08-08,49773.44,24,0.31,1,0.0,2026-08-08T16:00:00Z
3187318,Will Fredrikstad FK win on 2026-08-08?,nor-ik-ffk-2026-08-08,49773.44,1,0.265,1,0.01,2026-08-08T16:00:00Z
3187319,Will Lillestrøm SK win on 2026-08-09?,nor-lil-rbk-2026-08-09,30160.86,24,0.405,0,0.49,2026-08-09T12:30:00Z
3187319,Will Lillestrøm SK win on 2026-08-09?,nor-lil-rbk-2026-08-09,30160.86,1,0.395,0,0.5,2026-08-09T12:30:00Z
3187321,Will Rosenborg BK win on 2026-08-09?,nor-lil-rbk-2026-08-09,33631.14,24,0.335,1,0.49,2026-08-09T12:30:00Z
3187321,Will Rosenborg BK win on 2026-08-09?,nor-lil-rbk-2026-08-09,33631.14,1,0.355,1,0.5,2026-08-09T12:30:00Z
3187324,Will Hamarkameratene win on 2026-08-09?,nor-ham-aal-2026-08-09,65466.86,24,0.465,0,0.01,2026-08-09T15:00:00Z
3187324,Will Hamarkameratene win on 2026-08-09?,nor-ham-aal-2026-08-09,65466.86,1,0.465,0,0.0,2026-08-09T15:00:00Z
3187326,Will Hamarkameratene vs. Aalesunds FK end in a draw?,nor-ham-aal-2026-08-09,28950.6,24,0.245,1,0.01,2026-08-09T15:00:00Z
3187326,Will Hamarkameratene vs. Aalesunds FK end in a draw?,nor-ham-aal-2026-08-09,28950.6,1,0.245,1,0.0,2026-08-09T15:00:00Z
3187328,Will Aalesunds FK win on 2026-08-09?,nor-ham-aal-2026-08-09,10974.34,24,0.29,0,0.01,2026-08-09T15:00:00Z
3187328,Will Aalesunds FK win on 2026-08-09?,nor-ham-aal-2026-08-09,10974.34,1,0.295,0,0.0,2026-08-09T15:00:00Z
3187329,Will Kristiansund BK win on 2026-08-09?,nor-kbk-mol-2026-08-09,95087.61,24,0.195,1,0.25,2026-08-09T17:15:00Z
3187329,Will Kristiansund BK win on 2026-08-09?,nor-kbk-mol-2026-08-09,95087.61,1,0.185,1,0.25,2026-08-09T17:15:00Z
3187330,Will Kristiansund BK vs. Molde FK end in a draw?,nor-kbk-mol-2026-08-09,64948.27,24,0.235,0,0.25,2026-08-09T17:15:00Z
3187330,Will Kristiansund BK vs. Molde FK end in a draw?,nor-kbk-mol-2026-08-09,64948.27,1,0.235,0,0.25,2026-08-09T17:15:00Z
3187331,Will Molde FK win on 2026-08-09?,nor-kbk-mol-2026-08-09,58928.26,24,0.565,0,0.25,2026-08-09T17:15:00Z
3187331,Will Molde FK win on 2026-08-09?,nor-kbk-mol-2026-08-09,58928.26,1,0.575,0,0.25,2026-08-09T17:15:00Z
3187538,Will María Corina Machado enter Venezuela by August 31?,will-mara-corina-machado-enter-venezuela-by-january-31,10684.31,720,0.065,0,132.02,2026-09-01T03:59:00Z
3187538,Will María Corina Machado enter Venezuela by August 31?,will-mara-corina-machado-enter-venezuela-by-january-31,10684.31,168,0.0195,0,0.03,2026-09-01T03:59:00Z
3187538,Will María Corina Machado enter Venezuela by August 31?,will-mara-corina-machado-enter-venezuela-by-january-31,10684.31,24,0.003,0,0.02,2026-09-01T03:59:00Z
3187538,Will María Corina Machado enter Venezuela by August 31?,will-mara-corina-machado-enter-venezuela-by-january-31,10684.31,1,0.004,0,0.02,2026-09-01T03:59:00Z
3188010,Spread: Liverpool FC (-1.5),clf-lfc-asm-2026-08-09-more-markets,21170.93,24,0.38,0,0.5,2026-08-09T13:30:00Z
3188010,Spread: Liverpool FC (-1.5),clf-lfc-asm-2026-08-09-more-markets,21170.93,1,0.44,0,0.5,2026-08-09T13:30:00Z
3188017,Liverpool FC vs. AS Monaco: O/U 3.5,clf-lfc-asm-2026-08-09-more-markets,12211.52,24,0.455,1,0.5,2026-08-09T13:30:00Z
3188017,Liverpool FC vs. AS Monaco: O/U 3.5,clf-lfc-asm-2026-08-09-more-markets,12211.52,1,0.505,1,0.5,2026-08-09T13:30:00Z
3188018,Liverpool FC vs. AS Monaco: O/U 4.5,clf-lfc-asm-2026-08-09-more-markets,40452.88,24,0.27,1,0.5,2026-08-09T13:30:00Z
3188018,Liverpool FC vs. AS Monaco: O/U 4.5,clf-lfc-asm-2026-08-09-more-markets,40452.88,1,0.295,1,0.5,2026-08-09T13:30:00Z
3188019,Liverpool FC vs. AS Monaco: O/U 5.5,clf-lfc-asm-2026-08-09-more-markets,21680.94,24,0.145,0,0.5,2026-08-09T13:30:00Z
3188019,Liverpool FC vs. AS Monaco: O/U 5.5,clf-lfc-asm-2026-08-09-more-markets,21680.94,1,0.16,0,0.5,2026-08-09T13:30:00Z
3188043,Spread: Manchester City (-1.5),clf-mci-atm-2026-08-09-more-markets,14565.6,24,0.425,1,0.0,2026-08-09T11:00:00Z
3188043,Spread: Manchester City (-1.5),clf-mci-atm-2026-08-09-more-markets,14565.6,1,0.315,1,0.0,2026-08-09T11:00:00Z
3188049,Manchester City vs. Atletico Madrid: O/U 2.5,clf-mci-atm-2026-08-09-more-markets,23436.78,24,0.55,1,0.0,2026-08-09T11:00:00Z
3188049,Manchester City vs. Atletico Madrid: O/U 2.5,clf-mci-atm-2026-08-09-more-markets,23436.78,1,0.645,1,0.0,2026-08-09T11:00:00Z
3188050,Manchester City vs. Atletico Madrid: O/U 3.5,clf-mci-atm-2026-08-09-more-markets,32093.15,24,0.415,1,0.0,2026-08-09T11:00:00Z
3188050,Manchester City vs. Atletico Madrid: O/U 3.5,clf-mci-atm-2026-08-09-more-markets,32093.15,1,0.415,1,0.0,2026-08-09T11:00:00Z
3188051,Manchester City vs. Atletico Madrid: O/U 4.5,clf-mci-atm-2026-08-09-more-markets,12538.82,24,0.35,0,0.0,2026-08-09T11:00:00Z
3188051,Manchester City vs. Atletico Madrid: O/U 4.5,clf-mci-atm-2026-08-09-more-markets,12538.82,1,0.23,0,0.0,2026-08-09T11:00:00Z
3188053,Manchester City vs. Atletico Madrid: Both Teams to Score,clf-mci-atm-2026-08-09-more-markets,14193.74,24,0.555,1,0.0,2026-08-09T11:00:00Z
3188053,Manchester City vs. Atletico Madrid: Both Teams to Score,clf-mci-atm-2026-08-09-more-markets,14193.74,1,0.65,1,0.0,2026-08-09T11:00:00Z
3188146,Genoa CFC vs. RC Deportivo De La Coruna: O/U 0.5,clf-gc-dep-2026-08-08-more-markets,11239.17,24,0.705,1,0.0,2026-08-08T19:00:00Z
3188146,Genoa CFC vs. RC Deportivo De La Coruna: O/U 0.5,clf-gc-dep-2026-08-08-more-markets,11239.17,1,0.92,1,0.0,2026-08-08T19:00:00Z
3188147,Genoa CFC vs. RC Deportivo De La Coruna: O/U 1.5,clf-gc-dep-2026-08-08-more-markets,10734.84,24,0.605,0,0.0,2026-08-08T19:00:00Z
3188147,Genoa CFC vs. RC Deportivo De La Coruna: O/U 1.5,clf-gc-dep-2026-08-08-more-markets,10734.84,1,0.72,0,0.0,2026-08-08T19:00:00Z
3188148,Genoa CFC vs. RC Deportivo De La Coruna: O/U 2.5,clf-gc-dep-2026-08-08-more-markets,10862.15,24,0.475,0,0.0,2026-08-08T19:00:00Z
3188148,Genoa CFC vs. RC Deportivo De La Coruna: O/U 2.5,clf-gc-dep-2026-08-08-more-markets,10862.15,1,0.45,0,0.0,2026-08-08T19:00:00Z
3188180,Real Betis Seville vs. AFC Bournemouth: O/U 1.5,clf-rbb-bou-2026-08-08-more-markets,115397.1,24,0.835,1,0.5,2026-08-08T18:30:00Z
3188180,Real Betis Seville vs. AFC Bournemouth: O/U 1.5,clf-rbb-bou-2026-08-08-more-markets,115397.1,1,0.85,1,0.5,2026-08-08T18:30:00Z
3188182,Real Betis Seville vs. AFC Bournemouth: O/U 3.5,clf-rbb-bou-2026-08-08-more-markets,10599.36,24,0.41,1,0.5,2026-08-08T18:30:00Z
3188182,Real Betis Seville vs. AFC Bournemouth: O/U 3.5,clf-rbb-bou-2026-08-08-more-markets,10599.36,1,0.425,1,0.5,2026-08-08T18:30:00Z
3188322,AJ Auxerre vs. ESTAC Troyes: O/U 2.5,clf-aux-est-2026-08-08-more-markets,12815.14,24,0.52,0,0.0,2026-08-08T16:00:00Z
3188322,AJ Auxerre vs. ESTAC Troyes: O/U 2.5,clf-aux-est-2026-08-08-more-markets,12815.14,1,0.51,0,0.01,2026-08-08T16:00:00Z
3190237,"Andrew Tate released from custody by August 31, 2026?",andrew-tate-released-from-custody-byptptpt-20260719023459650,92191.05,720,0.038,0,132.02,2026-09-01T03:59:00Z
3190237,"Andrew Tate released from custody by August 31, 2026?",andrew-tate-released-from-custody-byptptpt-20260719023459650,92191.05,168,0.0865,0,0.03,2026-09-01T03:59:00Z
3190237,"Andrew Tate released from custody by August 31, 2026?",andrew-tate-released-from-custody-byptptpt-20260719023459650,92191.05,24,0.0055,0,0.02,2026-09-01T03:59:00Z
3190237,"Andrew Tate released from custody by August 31, 2026?",andrew-tate-released-from-custody-byptptpt-20260719023459650,92191.05,1,0.0035,0,0.02,2026-09-01T03:59:00Z
3192117,"Will Trump say ""Sucker"" in August?",what-will-trump-say-in-august-20260728181847522,11946.41,720,0.75,0,136.02,2026-08-31T23:59:00Z
3192117,"Will Trump say ""Sucker"" in August?",what-will-trump-say-in-august-20260728181847522,11946.41,168,0.26,0,0.02,2026-08-31T23:59:00Z
3192117,"Will Trump say ""Sucker"" in August?",what-will-trump-say-in-august-20260728181847522,11946.41,24,0.335,0,0.02,2026-08-31T23:59:00Z
3192117,"Will Trump say ""Sucker"" in August?",what-will-trump-say-in-august-20260728181847522,11946.41,1,0.147,0,0.02,2026-08-31T23:59:00Z
3192137,"Will Trump say ""Soaking Wet"" in August?",what-will-trump-say-in-august-20260728181847522,13330.2,720,0.51,0,136.02,2026-08-31T23:59:00Z
3192137,"Will Trump say ""Soaking Wet"" in August?",what-will-trump-say-in-august-20260728181847522,13330.2,168,0.12,0,0.02,2026-08-31T23:59:00Z
3192137,"Will Trump say ""Soaking Wet"" in August?",what-will-trump-say-in-august-20260728181847522,13330.2,24,0.12,0,0.02,2026-08-31T23:59:00Z
3192137,"Will Trump say ""Soaking Wet"" in August?",what-will-trump-say-in-august-20260728181847522,13330.2,1,0.0345,0,0.02,2026-08-31T23:59:00Z
3192266,FK Fakel Voronezh vs. RFK Akhmat Groznyi: O/U 0.5,rus-fak-ter-2026-08-10-more-markets,13474.68,24,0.895,0,0.5,2026-08-10T16:30:00Z
3192266,FK Fakel Voronezh vs. RFK Akhmat Groznyi: O/U 0.5,rus-fak-ter-2026-08-10-more-markets,13474.68,1,0.9,0,0.49,2026-08-10T16:30:00Z
3192268,FK Fakel Voronezh vs. RFK Akhmat Groznyi: O/U 1.5,rus-fak-ter-2026-08-10-more-markets,12947.91,24,0.685,0,0.5,2026-08-10T16:30:00Z
3192268,FK Fakel Voronezh vs. RFK Akhmat Groznyi: O/U 1.5,rus-fak-ter-2026-08-10-more-markets,12947.91,1,0.685,0,0.49,2026-08-10T16:30:00Z
3192360,"Will the next Claude Opus model be released by August 31, 2026?",next-claude-opus-released-byptptpt-20260727142323912,41514.74,720,0.07,0,132.02,2026-09-01T03:59:00Z
3192360,"Will the next Claude Opus model be released by August 31, 2026?",next-claude-opus-released-byptptpt-20260727142323912,41514.74,168,0.1075,0,0.03,2026-09-01T03:59:00Z
3192360,"Will the next Claude Opus model be released by August 31, 2026?",next-claude-opus-released-byptptpt-20260727142323912,41514.74,24,0.103,0,0.02,2026-09-01T03:59:00Z
3192360,"Will the next Claude Opus model be released by August 31, 2026?",next-claude-opus-released-byptptpt-20260727142323912,41514.74,1,0.0015,0,0.02,2026-09-01T03:59:00Z
3194984,Will Francesca Hong win the Wisconsin Democratic Governor primary by at least 30%?,wisconsin-governor-democratic-primary-margin-of-victory-20260727211906203,80403.64,24,0.09,0,0.02,2026-08-11T23:59:00Z
3194984,Will Francesca Hong win the Wisconsin Democratic Governor primary by at least 30%?,wisconsin-governor-democratic-primary-margin-of-victory-20260727211906203,80403.64,1,0.09,0,0.02,2026-08-11T23:59:00Z
3194985,Will Francesca Hong win the Wisconsin Democratic Governor primary by 25–30%?,wisconsin-governor-democratic-primary-margin-of-victory-20260727211906203,43716.27,24,0.105,0,0.02,2026-08-11T23:59:00Z
3194985,Will Francesca Hong win the Wisconsin Democratic Governor primary by 25–30%?,wisconsin-governor-democratic-primary-margin-of-victory-20260727211906203,43716.27,1,0.008,0,0.02,2026-08-11T23:59:00Z
3194989,Will Francesca Hong win the Wisconsin Democratic Governor primary by 5–10%?,wisconsin-governor-democratic-primary-margin-of-victory-20260727211906203,31881.3,24,0.1345,0,0.02,2026-08-11T23:59:00Z
3194989,Will Francesca Hong win the Wisconsin Democratic Governor primary by 5–10%?,wisconsin-governor-democratic-primary-margin-of-victory-20260727211906203,31881.3,1,0.2155,0,0.02,2026-08-11T23:59:00Z
3194990,Will Francesca Hong win the Wisconsin Democratic Governor primary by less than 5%?,wisconsin-governor-democratic-primary-margin-of-victory-20260727211906203,18889.81,24,0.096,0,0.02,2026-08-11T23:59:00Z
3194990,Will Francesca Hong win the Wisconsin Democratic Governor primary by less than 5%?,wisconsin-governor-democratic-primary-margin-of-victory-20260727211906203,18889.81,1,0.0805,0,0.02,2026-08-11T23:59:00Z
3194991,Will David Crowley win the Wisconsin Democratic Governor primary?,wisconsin-governor-democratic-primary-margin-of-victory-20260727211906203,19209.03,24,0.021,1,0.02,2026-08-11T23:59:00Z
3194991,Will David Crowley win the Wisconsin Democratic Governor primary?,wisconsin-governor-democratic-primary-margin-of-victory-20260727211906203,19209.03,1,0.032,1,0.02,2026-08-11T23:59:00Z
3195035,Will Max Miller drop out of the OH-07 race by August 9?,will-max-miller-drop-out-of-the-oh-07-race-by-august-9-20260728155313321,59015.03,24,0.0255,0,0.02,2026-08-09T23:59:00Z
3195035,Will Max Miller drop out of the OH-07 race by August 9?,will-max-miller-drop-out-of-the-oh-07-race-by-august-9-20260728155313321,59015.03,1,0.0045,0,0.02,2026-08-09T23:59:00Z
3196319,New York Liberty vs. Indiana Fever,wnba-nyl-ind-2026-08-11,165030.14,24,0.395,0,0.5,2026-08-11T23:30:00Z
3196319,New York Liberty vs. Indiana Fever,wnba-nyl-ind-2026-08-11,165030.14,1,0.425,0,0.5,2026-08-11T23:30:00Z
3196339,Washington Mystics vs. Las Vegas Aces,wnba-wsh-las-2026-08-11,239158.92,24,0.255,0,0.0,2026-08-12T02:00:00Z
3196339,Washington Mystics vs. Las Vegas Aces,wnba-wsh-las-2026-08-11,239158.92,1,0.285,0,0.0,2026-08-12T02:00:00Z
3196350,Phoenix Mercury vs. Los Angeles Sparks,wnba-phx-la-2026-08-11,270584.48,24,0.465,1,0.0,2026-08-12T02:00:00Z
3196350,Phoenix Mercury vs. Los Angeles Sparks,wnba-phx-la-2026-08-11,270584.48,1,0.475,1,0.0,2026-08-12T02:00:00Z
3198670,SC Heerenveen vs. FC Twente: O/U 0.5,ere-her1-twe-2026-08-09-more-markets,16206.43,24,0.9585,1,0.26,2026-08-09T14:45:00Z
3198670,SC Heerenveen vs. FC Twente: O/U 0.5,ere-her1-twe-2026-08-09-more-markets,16206.43,1,0.962,1,0.25,2026-08-09T14:45:00Z
3198672,SC Heerenveen vs. FC Twente: O/U 1.5,ere-her1-twe-2026-08-09-more-markets,37101.27,24,0.84,0,0.26,2026-08-09T14:45:00Z
3198672,SC Heerenveen vs. FC Twente: O/U 1.5,ere-her1-twe-2026-08-09-more-markets,37101.27,1,0.85,0,0.25,2026-08-09T14:45:00Z
3198674,SC Heerenveen vs. FC Twente: O/U 2.5,ere-her1-twe-2026-08-09-more-markets,126834.42,24,0.645,0,0.26,2026-08-09T14:45:00Z
3198674,SC Heerenveen vs. FC Twente: O/U 2.5,ere-her1-twe-2026-08-09-more-markets,126834.42,1,0.655,0,0.25,2026-08-09T14:45:00Z
3198676,SC Heerenveen vs. FC Twente: O/U 3.5,ere-her1-twe-2026-08-09-more-markets,12590.74,24,0.425,0,0.26,2026-08-09T14:45:00Z
3198676,SC Heerenveen vs. FC Twente: O/U 3.5,ere-her1-twe-2026-08-09-more-markets,12590.74,1,0.425,0,0.25,2026-08-09T14:45:00Z
3198683,SC Heerenveen vs. FC Twente: Both Teams to Score,ere-her1-twe-2026-08-09-more-markets,12976.8,24,0.645,0,0.26,2026-08-09T14:45:00Z
3198683,SC Heerenveen vs. FC Twente: Both Teams to Score,ere-her1-twe-2026-08-09-more-markets,12976.8,1,0.665,0,0.25,2026-08-09T14:45:00Z
3198735,Spread: AFC Ajax (-1.5),ere-zwo-aja-2026-08-09-more-markets,46089.88,24,0.425,1,0.49,2026-08-09T12:30:00Z
3198735,Spread: AFC Ajax (-1.5),ere-zwo-aja-2026-08-09-more-markets,46089.88,1,0.415,1,0.5,2026-08-09T12:30:00Z
3198738,PEC Zwolle vs. AFC Ajax: O/U 0.5,ere-zwo-aja-2026-08-09-more-markets,19224.91,24,0.965,1,0.49,2026-08-09T12:30:00Z
3198738,PEC Zwolle vs. AFC Ajax: O/U 0.5,ere-zwo-aja-2026-08-09-more-markets,19224.91,1,0.9665,1,0.5,2026-08-09T12:30:00Z
3198739,PEC Zwolle vs. AFC Ajax: O/U 1.5,ere-zwo-aja-2026-08-09-more-markets,250538.01,24,0.85,1,0.49,2026-08-09T12:30:00Z
3198739,PEC Zwolle vs. AFC Ajax: O/U 1.5,ere-zwo-aja-2026-08-09-more-markets,250538.01,1,0.855,1,0.5,2026-08-09T12:30:00Z
3198740,PEC Zwolle vs. AFC Ajax: O/U 2.5,ere-zwo-aja-2026-08-09-more-markets,51175.12,24,0.655,0,0.49,2026-08-09T12:30:00Z
3198740,PEC Zwolle vs. AFC Ajax: O/U 2.5,ere-zwo-aja-2026-08-09-more-markets,51175.12,1,0.655,0,0.5,2026-08-09T12:30:00Z
3198741,PEC Zwolle vs. AFC Ajax: O/U 3.5,ere-zwo-aja-2026-08-09-more-markets,19936.4,24,0.43,0,0.49,2026-08-09T12:30:00Z
3198741,PEC Zwolle vs. AFC Ajax: O/U 3.5,ere-zwo-aja-2026-08-09-more-markets,19936.4,1,0.425,0,0.5,2026-08-09T12:30:00Z
3198744,PEC Zwolle vs. AFC Ajax: Both Teams to Score,ere-zwo-aja-2026-08-09-more-markets,14543.36,24,0.595,0,0.49,2026-08-09T12:30:00Z
3198744,PEC Zwolle vs. AFC Ajax: Both Teams to Score,ere-zwo-aja-2026-08-09-more-markets,14543.36,1,0.595,0,0.5,2026-08-09T12:30:00Z
3198759,FK Polissia vs. FK Metalist 1925 Kharkiv: O/U 2.5,ukr1-pol-met-2026-08-10-more-markets,10235.67,24,0.405,1,0.5,2026-08-10T12:30:00Z
3198759,FK Polissia vs. FK Metalist 1925 Kharkiv: O/U 2.5,ukr1-pol-met-2026-08-10-more-markets,10235.67,1,0.41,1,0.5,2026-08-10T12:30:00Z
3198767,FK Polissia vs. FK Metalist 1925 Kharkiv: Both Teams to Score,ukr1-pol-met-2026-08-10-more-markets,12601.07,24,0.46,1,0.5,2026-08-10T12:30:00Z
3198767,FK Polissia vs. FK Metalist 1925 Kharkiv: Both Teams to Score,ukr1-pol-met-2026-08-10-more-markets,12601.07,1,0.455,1,0.5,2026-08-10T12:30:00Z
3198806,FC Groningen vs. FC Utrecht: O/U 2.5,ere-gro-utr-2026-08-09-more-markets,34975.69,24,0.53,1,0.49,2026-08-09T12:30:00Z
3198806,FC Groningen vs. FC Utrecht: O/U 2.5,ere-gro-utr-2026-08-09-more-markets,34975.69,1,0.535,1,0.5,2026-08-09T12:30:00Z
3198807,FC Groningen vs. FC Utrecht: O/U 3.5,ere-gro-utr-2026-08-09-more-markets,14191.65,24,0.315,0,0.49,2026-08-09T12:30:00Z
3198807,FC Groningen vs. FC Utrecht: O/U 3.5,ere-gro-utr-2026-08-09-more-markets,14191.65,1,0.315,0,0.5,2026-08-09T12:30:00Z
3198810,FC Groningen vs. FC Utrecht: Both Teams to Score,ere-gro-utr-2026-08-09-more-markets,18825.28,24,0.575,1,0.49,2026-08-09T12:30:00Z
3198810,FC Groningen vs. FC Utrecht: Both Teams to Score,ere-gro-utr-2026-08-09-more-markets,18825.28,1,0.585,1,0.5,2026-08-09T12:30:00Z
3198863,Spread: Feyenoord Rotterdam (-1.5),ere-spa-fey-2026-08-09-more-markets,19431.75,24,0.34,0,0.24,2026-08-09T10:15:00Z
3198863,Spread: Feyenoord Rotterdam (-1.5),ere-spa-fey-2026-08-09-more-markets,19431.75,1,0.355,0,0.24,2026-08-09T10:15:00Z
3198870,Sparta Rotterdam vs. Feyenoord Rotterdam: O/U 1.5,ere-spa-fey-2026-08-09-more-markets,38625.55,24,0.835,0,0.24,2026-08-09T10:15:00Z
3198870,Sparta Rotterdam vs. Feyenoord Rotterdam: O/U 1.5,ere-spa-fey-2026-08-09-more-markets,38625.55,1,0.835,0,0.24,2026-08-09T10:15:00Z
3198872,Sparta Rotterdam vs. Feyenoord Rotterdam: O/U 2.5,ere-spa-fey-2026-08-09-more-markets,48491.87,24,0.62,0,0.24,2026-08-09T10:15:00Z
3198872,Sparta Rotterdam vs. Feyenoord Rotterdam: O/U 2.5,ere-spa-fey-2026-08-09-more-markets,48491.87,1,0.625,0,0.24,2026-08-09T10:15:00Z
3198873,Sparta Rotterdam vs. Feyenoord Rotterdam: O/U 3.5,ere-spa-fey-2026-08-09-more-markets,28155.82,24,0.4,0,0.24,2026-08-09T10:15:00Z
3198873,Sparta Rotterdam vs. Feyenoord Rotterdam: O/U 3.5,ere-spa-fey-2026-08-09-more-markets,28155.82,1,0.395,0,0.24,2026-08-09T10:15:00Z
3198874,Sparta Rotterdam vs. Feyenoord Rotterdam: O/U 4.5,ere-spa-fey-2026-08-09-more-markets,18116.99,24,0.225,0,0.24,2026-08-09T10:15:00Z
3198874,Sparta Rotterdam vs. Feyenoord Rotterdam: O/U 4.5,ere-spa-fey-2026-08-09-more-markets,18116.99,1,0.215,0,0.24,2026-08-09T10:15:00Z
3198876,Sparta Rotterdam vs. Feyenoord Rotterdam: Both Teams to Score,ere-spa-fey-2026-08-09-more-markets,34477.02,24,0.605,0,0.24,2026-08-09T10:15:00Z
3198876,Sparta Rotterdam vs. Feyenoord Rotterdam: Both Teams to Score,ere-spa-fey-2026-08-09-more-markets,34477.02,1,0.605,0,0.24,2026-08-09T10:15:00Z
3198935,AZ vs. ADO Den Haag: O/U 0.5,ere-az-ado-2026-08-08-more-markets,36142.83,24,0.9595,1,0.0,2026-08-08T19:00:00Z
3198935,AZ vs. ADO Den Haag: O/U 0.5,ere-az-ado-2026-08-08-more-markets,36142.83,1,0.968,1,0.0,2026-08-08T19:00:00Z
3198937,AZ vs. ADO Den Haag: O/U 1.5,ere-az-ado-2026-08-08-more-markets,17845.31,24,0.84,1,0.0,2026-08-08T19:00:00Z
3198937,AZ vs. ADO Den Haag: O/U 1.5,ere-az-ado-2026-08-08-more-markets,17845.31,1,0.855,1,0.0,2026-08-08T19:00:00Z
3198938,AZ vs. ADO Den Haag: O/U 2.5,ere-az-ado-2026-08-08-more-markets,43128.45,24,0.635,0,0.0,2026-08-08T19:00:00Z
3198938,AZ vs. ADO Den Haag: O/U 2.5,ere-az-ado-2026-08-08-more-markets,43128.45,1,0.665,0,0.0,2026-08-08T19:00:00Z
3198993,Spread: PSV (-1.5),ere-psv-sit-2026-08-08-more-markets,15913.0,24,0.64,0,0.0,2026-08-08T18:00:00Z
3198993,Spread: PSV (-1.5),ere-psv-sit-2026-08-08-more-markets,15913.0,1,0.675,0,0.0,2026-08-08T18:00:00Z
3198997,Spread: PSV (-2.5),ere-psv-sit-2026-08-08-more-markets,19629.58,24,0.435,0,0.0,2026-08-08T18:00:00Z
3198997,Spread: PSV (-2.5),ere-psv-sit-2026-08-08-more-markets,19629.58,1,0.475,0,0.0,2026-08-08T18:00:00Z
3199001,PSV vs. Fortuna Sittard: O/U 0.5,ere-psv-sit-2026-08-08-more-markets,15116.89,24,0.9825,1,0.0,2026-08-08T18:00:00Z
3199001,PSV vs. Fortuna Sittard: O/U 0.5,ere-psv-sit-2026-08-08-more-markets,15116.89,1,0.9855,1,0.0,2026-08-08T18:00:00Z
3199003,PSV vs. Fortuna Sittard: O/U 1.5,ere-psv-sit-2026-08-08-more-markets,41982.85,24,0.915,1,0.0,2026-08-08T18:00:00Z
3199003,PSV vs. Fortuna Sittard: O/U 1.5,ere-psv-sit-2026-08-08-more-markets,41982.85,1,0.925,1,0.0,2026-08-08T18:00:00Z
3199004,PSV vs. Fortuna Sittard: O/U 2.5,ere-psv-sit-2026-08-08-more-markets,23844.45,24,0.795,1,0.0,2026-08-08T18:00:00Z
3199004,PSV vs. Fortuna Sittard: O/U 2.5,ere-psv-sit-2026-08-08-more-markets,23844.45,1,0.795,1,0.0,2026-08-08T18:00:00Z
3199005,PSV vs. Fortuna Sittard: O/U 3.5,ere-psv-sit-2026-08-08-more-markets,51445.22,24,0.61,1,0.0,2026-08-08T18:00:00Z
3199005,PSV vs. Fortuna Sittard: O/U 3.5,ere-psv-sit-2026-08-08-more-markets,51445.22,1,0.605,1,0.0,2026-08-08T18:00:00Z
3199006,PSV vs. Fortuna Sittard: O/U 4.5,ere-psv-sit-2026-08-08-more-markets,50866.55,24,0.405,0,0.0,2026-08-08T18:00:00Z
3199006,PSV vs. Fortuna Sittard: O/U 4.5,ere-psv-sit-2026-08-08-more-markets,50866.55,1,0.405,0,0.0,2026-08-08T18:00:00Z
3199036,Go Ahead Eagles vs. Willem II Tilburg: O/U 1.5,ere-goa-wii-2026-08-08-more-markets,15279.89,24,0.82,1,0.25,2026-08-08T16:45:00Z
3199036,Go Ahead Eagles vs. Willem II Tilburg: O/U 1.5,ere-goa-wii-2026-08-08-more-markets,15279.89,1,0.825,1,0.25,2026-08-08T16:45:00Z
3199037,Go Ahead Eagles vs. Willem II Tilburg: O/U 2.5,ere-goa-wii-2026-08-08-more-markets,16099.36,24,0.6,1,0.25,2026-08-08T16:45:00Z
3199037,Go Ahead Eagles vs. Willem II Tilburg: O/U 2.5,ere-goa-wii-2026-08-08-more-markets,16099.36,1,0.615,1,0.25,2026-08-08T16:45:00Z
3199038,Go Ahead Eagles vs. Willem II Tilburg: O/U 3.5,ere-goa-wii-2026-08-08-more-markets,15188.26,24,0.385,1,0.25,2026-08-08T16:45:00Z
3199038,Go Ahead Eagles vs. Willem II Tilburg: O/U 3.5,ere-goa-wii-2026-08-08-more-markets,15188.26,1,0.395,1,0.25,2026-08-08T16:45:00Z
3199039,Go Ahead Eagles vs. Willem II Tilburg: O/U 4.5,ere-goa-wii-2026-08-08-more-markets,15075.58,24,0.21,1,0.25,2026-08-08T16:45:00Z
3199039,Go Ahead Eagles vs. Willem II Tilburg: O/U 4.5,ere-goa-wii-2026-08-08-more-markets,15075.58,1,0.215,1,0.25,2026-08-08T16:45:00Z
3199040,Go Ahead Eagles vs. Willem II Tilburg: O/U 5.5,ere-goa-wii-2026-08-08-more-markets,27315.43,24,0.085,0,0.25,2026-08-08T16:45:00Z
3199040,Go Ahead Eagles vs. Willem II Tilburg: O/U 5.5,ere-goa-wii-2026-08-08-more-markets,27315.43,1,0.095,0,0.25,2026-08-08T16:45:00Z
3199767,LoL: Kits Esports vs SDM Tigres - Game 1 Winner,lol-kits-sdm-2026-08-11,34783.29,24,0.485,0,0.0,2026-08-12T05:00:00Z
3199767,LoL: Kits Esports vs SDM Tigres - Game 1 Winner,lol-kits-sdm-2026-08-11,34783.29,1,0.0005,0,1.99,2026-08-12T05:00:00Z
3199768,LoL: Kits Esports vs SDM Tigres - Game 2 Winner,lol-kits-sdm-2026-08-11,33816.42,24,0.49,0,0.0,2026-08-12T05:00:00Z
3199768,LoL: Kits Esports vs SDM Tigres - Game 2 Winner,lol-kits-sdm-2026-08-11,33816.42,1,0.0005,0,1.0,2026-08-12T05:00:00Z
3199769,LoL: Kits Esports vs SDM Tigres - Game 3 Winner,lol-kits-sdm-2026-08-11,28847.26,24,0.485,1,0.01,2026-08-12T05:00:00Z
3199769,LoL: Kits Esports vs SDM Tigres - Game 3 Winner,lol-kits-sdm-2026-08-11,28847.26,1,0.9995,1,0.0,2026-08-12T05:00:00Z
3199770,LoL: Kits Esports vs SDM Tigres - Game 4 Winner,lol-kits-sdm-2026-08-11,42436.47,24,0.5,1,0.01,2026-08-12T05:00:00Z
3199770,LoL: Kits Esports vs SDM Tigres - Game 4 Winner,lol-kits-sdm-2026-08-11,42436.47,1,0.9995,1,0.0,2026-08-12T05:00:00Z
3199787,LoL: Kits Esports vs SDM Tigres (BO5) - LRN Playoffs,lol-kits-sdm-2026-08-11,132061.71,24,0.475,1,0.01,2026-08-12T05:00:00Z
3199787,LoL: Kits Esports vs SDM Tigres (BO5) - LRN Playoffs,lol-kits-sdm-2026-08-11,132061.71,1,0.9995,1,0.0,2026-08-12T05:00:00Z
3199991,CD Santa Clara vs. CD Nacional: O/U 1.5,por-cds-nac-2026-08-10-more-markets,11481.49,24,0.705,1,0.25,2026-08-10T19:15:00Z
3199991,CD Santa Clara vs. CD Nacional: O/U 1.5,por-cds-nac-2026-08-10-more-markets,11481.49,1,0.635,1,0.25,2026-08-10T19:15:00Z
3199992,CD Santa Clara vs. CD Nacional: O/U 2.5,por-cds-nac-2026-08-10-more-markets,85942.01,24,0.43,1,0.25,2026-08-10T19:15:00Z
3199992,CD Santa Clara vs. CD Nacional: O/U 2.5,por-cds-nac-2026-08-10-more-markets,85942.01,1,0.365,1,0.25,2026-08-10T19:15:00Z
3199993,CD Santa Clara vs. CD Nacional: O/U 3.5,por-cds-nac-2026-08-10-more-markets,42353.56,24,0.23,1,0.25,2026-08-10T19:15:00Z
3199993,CD Santa Clara vs. CD Nacional: O/U 3.5,por-cds-nac-2026-08-10-more-markets,42353.56,1,0.175,1,0.25,2026-08-10T19:15:00Z
3199994,CD Santa Clara vs. CD Nacional: O/U 4.5,por-cds-nac-2026-08-10-more-markets,59026.37,24,0.085,0,0.25,2026-08-10T19:15:00Z
3199994,CD Santa Clara vs. CD Nacional: O/U 4.5,por-cds-nac-2026-08-10-more-markets,59026.37,1,0.065,0,0.25,2026-08-10T19:15:00Z
3199995,CD Santa Clara vs. CD Nacional: O/U 5.5,por-cds-nac-2026-08-10-more-markets,22055.44,24,0.0345,0,0.25,2026-08-10T19:15:00Z
3199995,CD Santa Clara vs. CD Nacional: O/U 5.5,por-cds-nac-2026-08-10-more-markets,22055.44,1,0.0245,0,0.25,2026-08-10T19:15:00Z
3199996,CD Santa Clara vs. CD Nacional: Both Teams to Score,por-cds-nac-2026-08-10-more-markets,20583.48,24,0.475,1,0.25,2026-08-10T19:15:00Z
3199996,CD Santa Clara vs. CD Nacional: Both Teams to Score,por-cds-nac-2026-08-10-more-markets,20583.48,1,0.425,1,0.25,2026-08-10T19:15:00Z
3200027,Gil Vicente FC vs. Rio Ave FC: O/U 0.5,por-gil-rio-2026-08-09-more-markets,37243.83,24,0.915,1,0.5,2026-08-09T19:30:00Z
3200027,Gil Vicente FC vs. Rio Ave FC: O/U 0.5,por-gil-rio-2026-08-09-more-markets,37243.83,1,0.91,1,0.49,2026-08-09T19:30:00Z
3200028,Gil Vicente FC vs. Rio Ave FC: O/U 1.5,por-gil-rio-2026-08-09-more-markets,11375.32,24,0.73,0,0.5,2026-08-09T19:30:00Z
3200028,Gil Vicente FC vs. Rio Ave FC: O/U 1.5,por-gil-rio-2026-08-09-more-markets,11375.32,1,0.715,0,0.49,2026-08-09T19:30:00Z
3200029,Gil Vicente FC vs. Rio Ave FC: O/U 2.5,por-gil-rio-2026-08-09-more-markets,20352.3,24,0.48,0,0.5,2026-08-09T19:30:00Z
3200029,Gil Vicente FC vs. Rio Ave FC: O/U 2.5,por-gil-rio-2026-08-09-more-markets,20352.3,1,0.435,0,0.49,2026-08-09T19:30:00Z
3202573,Kristiansund BK vs. Molde FK: O/U 1.5,nor-kbk-mol-2026-08-09-more-markets,28341.19,24,0.845,1,0.25,2026-08-09T17:15:00Z
3202573,Kristiansund BK vs. Molde FK: O/U 1.5,nor-kbk-mol-2026-08-09-more-markets,28341.19,1,0.845,1,0.25,2026-08-09T17:15:00Z
3202590,Kristiansund BK vs. Molde FK: O/U 2.5,nor-kbk-mol-2026-08-09-more-markets,55918.24,24,0.645,1,0.25,2026-08-09T17:15:00Z
3202590,Kristiansund BK vs. Molde FK: O/U 2.5,nor-kbk-mol-2026-08-09-more-markets,55918.24,1,0.645,1,0.25,2026-08-09T17:15:00Z
3202607,Kristiansund BK vs. Molde FK: O/U 3.5,nor-kbk-mol-2026-08-09-more-markets,30748.88,24,0.43,0,0.25,2026-08-09T17:15:00Z
3202607,Kristiansund BK vs. Molde FK: O/U 3.5,nor-kbk-mol-2026-08-09-more-markets,30748.88,1,0.425,0,0.25,2026-08-09T17:15:00Z
3202615,Kristiansund BK vs. Molde FK: O/U 4.5,nor-kbk-mol-2026-08-09-more-markets,10863.27,24,0.24,0,0.25,2026-08-09T17:15:00Z
3202615,Kristiansund BK vs. Molde FK: O/U 4.5,nor-kbk-mol-2026-08-09-more-markets,10863.27,1,0.235,0,0.25,2026-08-09T17:15:00Z
3202634,Kristiansund BK vs. Molde FK: Both Teams to Score,nor-kbk-mol-2026-08-09-more-markets,22819.43,24,0.63,1,0.25,2026-08-09T17:15:00Z
3202634,Kristiansund BK vs. Molde FK: Both Teams to Score,nor-kbk-mol-2026-08-09-more-markets,22819.43,1,0.615,1,0.25,2026-08-09T17:15:00Z
3202967,Hamarkameratene vs. Aalesunds FK: O/U 2.5,nor-ham-aal-2026-08-09-more-markets,24065.13,24,0.625,0,0.01,2026-08-09T15:00:00Z
3202967,Hamarkameratene vs. Aalesunds FK: O/U 2.5,nor-ham-aal-2026-08-09-more-markets,24065.13,1,0.645,0,0.0,2026-08-09T15:00:00Z
3202975,Hamarkameratene vs. Aalesunds FK: O/U 3.5,nor-ham-aal-2026-08-09-more-markets,20936.68,24,0.4,0,0.01,2026-08-09T15:00:00Z
3202975,Hamarkameratene vs. Aalesunds FK: O/U 3.5,nor-ham-aal-2026-08-09-more-markets,20936.68,1,0.425,0,0.0,2026-08-09T15:00:00Z
3203184,Spread: Lillestrøm SK (-1.5),nor-lil-rbk-2026-08-09-more-markets,11937.28,24,0.19,0,0.49,2026-08-09T12:30:00Z
3203184,Spread: Lillestrøm SK (-1.5),nor-lil-rbk-2026-08-09-more-markets,11937.28,1,0.195,0,0.5,2026-08-09T12:30:00Z
3203206,Lillestrøm SK vs. Rosenborg BK: O/U 1.5,nor-lil-rbk-2026-08-09-more-markets,24697.69,24,0.825,1,0.49,2026-08-09T12:30:00Z
3203206,Lillestrøm SK vs. Rosenborg BK: O/U 1.5,nor-lil-rbk-2026-08-09-more-markets,24697.69,1,0.815,1,0.5,2026-08-09T12:30:00Z
3203211,Lillestrøm SK vs. Rosenborg BK: O/U 2.5,nor-lil-rbk-2026-08-09-more-markets,22451.59,24,0.6,0,0.49,2026-08-09T12:30:00Z
3203211,Lillestrøm SK vs. Rosenborg BK: O/U 2.5,nor-lil-rbk-2026-08-09-more-markets,22451.59,1,0.595,0,0.5,2026-08-09T12:30:00Z
3203212,Lillestrøm SK vs. Rosenborg BK: O/U 3.5,nor-lil-rbk-2026-08-09-more-markets,16617.03,24,0.37,0,0.49,2026-08-09T12:30:00Z
3203212,Lillestrøm SK vs. Rosenborg BK: O/U 3.5,nor-lil-rbk-2026-08-09-more-markets,16617.03,1,0.365,0,0.5,2026-08-09T12:30:00Z
3203219,Lillestrøm SK vs. Rosenborg BK: Both Teams to Score,nor-lil-rbk-2026-08-09-more-markets,11230.57,24,0.625,0,0.49,2026-08-09T12:30:00Z
3203219,Lillestrøm SK vs. Rosenborg BK: Both Teams to Score,nor-lil-rbk-2026-08-09-more-markets,11230.57,1,0.625,0,0.5,2026-08-09T12:30:00Z
3203337,IK Start vs. Fredrikstad FK: O/U 1.5,nor-ik-ffk-2026-08-08-more-markets,30689.75,24,0.775,0,0.0,2026-08-08T16:00:00Z
3203337,IK Start vs. Fredrikstad FK: O/U 1.5,nor-ik-ffk-2026-08-08-more-markets,30689.75,1,0.775,0,0.01,2026-08-08T16:00:00Z
3203342,IK Start vs. Fredrikstad FK: O/U 2.5,nor-ik-ffk-2026-08-08-more-markets,43283.8,24,0.555,0,0.0,2026-08-08T16:00:00Z
3203342,IK Start vs. Fredrikstad FK: O/U 2.5,nor-ik-ffk-2026-08-08-more-markets,43283.8,1,0.545,0,0.01,2026-08-08T16:00:00Z
3203345,IK Start vs. Fredrikstad FK: O/U 3.5,nor-ik-ffk-2026-08-08-more-markets,27702.07,24,0.315,0,0.0,2026-08-08T16:00:00Z
3203345,IK Start vs. Fredrikstad FK: O/U 3.5,nor-ik-ffk-2026-08-08-more-markets,27702.07,1,0.315,0,0.01,2026-08-08T16:00:00Z
3203348,IK Start vs. Fredrikstad FK: O/U 4.5,nor-ik-ffk-2026-08-08-more-markets,17007.72,24,0.165,0,0.0,2026-08-08T16:00:00Z
3203348,IK Start vs. Fredrikstad FK: O/U 4.5,nor-ik-ffk-2026-08-08-more-markets,17007.72,1,0.155,0,0.01,2026-08-08T16:00:00Z
3203354,IK Start vs. Fredrikstad FK: Both Teams to Score,nor-ik-ffk-2026-08-08-more-markets,27373.27,24,0.575,0,0.0,2026-08-08T16:00:00Z
3203354,IK Start vs. Fredrikstad FK: Both Teams to Score,nor-ik-ffk-2026-08-08-more-markets,27373.27,1,0.585,0,0.01,2026-08-08T16:00:00Z
3203590,"Will Israel launch a ground operation in Iran by August 31, 2026?",israel-ground-operation-in-iran-confirmed-by,56683.27,720,0.013,0,132.02,2026-09-01T03:59:00Z
3203590,"Will Israel launch a ground operation in Iran by August 31, 2026?",israel-ground-operation-in-iran-confirmed-by,56683.27,168,0.0025,0,0.03,2026-09-01T03:59:00Z
3203590,"Will Israel launch a ground operation in Iran by August 31, 2026?",israel-ground-operation-in-iran-confirmed-by,56683.27,24,0.0005,0,0.02,2026-09-01T03:59:00Z
3203590,"Will Israel launch a ground operation in Iran by August 31, 2026?",israel-ground-operation-in-iran-confirmed-by,56683.27,1,0.0015,0,0.02,2026-09-01T03:59:00Z
3203595,US obtains Iranian enriched uranium by August 31?,us-obtains-iranian-enriched-uranium-by,65752.66,720,0.0145,0,132.02,2026-09-01T03:59:00Z
3203595,US obtains Iranian enriched uranium by August 31?,us-obtains-iranian-enriched-uranium-by,65752.66,168,0.0035,0,0.03,2026-09-01T03:59:00Z
3203595,US obtains Iranian enriched uranium by August 31?,us-obtains-iranian-enriched-uranium-by,65752.66,24,0.0005,0,0.02,2026-09-01T03:59:00Z
3203595,US obtains Iranian enriched uranium by August 31?,us-obtains-iranian-enriched-uranium-by,65752.66,1,0.0005,0,0.02,2026-09-01T03:59:00Z
3205507,"Gemini 4.0 released by August 31, 2026?",gemini-4pt0-released-by-june-30-2026,61740.93,720,0.11,0,132.02,2026-09-01T03:59:00Z
3205507,"Gemini 4.0 released by August 31, 2026?",gemini-4pt0-released-by-june-30-2026,61740.93,168,0.0165,0,0.03,2026-09-01T03:59:00Z
3205507,"Gemini 4.0 released by August 31, 2026?",gemini-4pt0-released-by-june-30-2026,61740.93,24,0.0015,0,0.02,2026-09-01T03:59:00Z
3205507,"Gemini 4.0 released by August 31, 2026?",gemini-4pt0-released-by-june-30-2026,61740.93,1,0.0005,0,0.02,2026-09-01T03:59:00Z
3206142,"Will the next Google Gemini Pro model be released by August 14, 2026?",next-google-gemini-pro-model-released-byptptpt,245974.65,168,0.095,0,0.02,2026-08-15T03:59:00Z
3206142,"Will the next Google Gemini Pro model be released by August 14, 2026?",next-google-gemini-pro-model-released-byptptpt,245974.65,24,0.012,0,0.02,2026-08-15T03:59:00Z
3206142,"Will the next Google Gemini Pro model be released by August 14, 2026?",next-google-gemini-pro-model-released-byptptpt,245974.65,1,0.029,0,0.02,2026-08-15T03:59:00Z
3206143,"Will the next Google Gemini Pro model be released by August 21, 2026?",next-google-gemini-pro-model-released-byptptpt,127354.01,168,0.0365,0,0.02,2026-08-22T03:59:00Z
3206143,"Will the next Google Gemini Pro model be released by August 21, 2026?",next-google-gemini-pro-model-released-byptptpt,127354.01,24,0.0065,0,0.02,2026-08-22T03:59:00Z
3206143,"Will the next Google Gemini Pro model be released by August 21, 2026?",next-google-gemini-pro-model-released-byptptpt,127354.01,1,0.0045,0,0.02,2026-08-22T03:59:00Z
3206649,LoL: ⁠Hooligans vs MAGAZA (BO3) - EBL Regular Season,lol-hool-mgz-2026-08-12,18541.29,168,0.495,0,40.0,2026-08-13T00:00:00Z
3206649,LoL: ⁠Hooligans vs MAGAZA (BO3) - EBL Regular Season,lol-hool-mgz-2026-08-12,18541.29,24,0.145,0,0.0,2026-08-13T00:00:00Z
3206649,LoL: ⁠Hooligans vs MAGAZA (BO3) - EBL Regular Season,lol-hool-mgz-2026-08-12,18541.29,1,0.0005,0,1.0,2026-08-13T00:00:00Z
3207261,Will Avaí FC win on 2026-08-11?,bra2-ava-crb-2026-08-11,19128.59,24,0.345,0,0.5,2026-08-11T22:30:00Z
3207261,Will Avaí FC win on 2026-08-11?,bra2-ava-crb-2026-08-11,19128.59,1,0.335,0,0.5,2026-08-11T22:30:00Z
3207265,Will CR Brasil win on 2026-08-11?,bra2-ava-crb-2026-08-11,22571.17,24,0.355,1,0.5,2026-08-11T22:30:00Z
3207265,Will CR Brasil win on 2026-08-11?,bra2-ava-crb-2026-08-11,22571.17,1,0.355,1,0.5,2026-08-11T22:30:00Z
3207289,Will FC Argeș Pitești win on 2026-08-08?,rou1-ucc-fap-2026-08-08,16731.61,24,0.165,1,0.5,2026-08-09T18:30:00Z
3207289,Will FC Argeș Pitești win on 2026-08-08?,rou1-ucc-fap-2026-08-08,16731.61,1,0.145,1,0.5,2026-08-09T18:30:00Z
3207299,Will Dinamo 1948 win on 2026-08-09?,rou1-din-vol-2026-08-09,13226.34,24,0.625,1,0.5,2026-08-08T18:30:00Z
3207299,Will Dinamo 1948 win on 2026-08-09?,rou1-din-vol-2026-08-09,13226.34,1,0.635,1,0.5,2026-08-08T18:30:00Z
3207305,Will FC Voluntari win on 2026-08-09?,rou1-din-vol-2026-08-09,87863.14,24,0.16,0,0.5,2026-08-08T18:30:00Z
3207305,Will FC Voluntari win on 2026-08-09?,rou1-din-vol-2026-08-09,87863.14,1,0.155,0,0.5,2026-08-08T18:30:00Z
3207312,Will Sepsi OSK win on 2026-08-09?,rou1-sep-fcs-2026-08-09,21659.16,24,0.25,0,0.49,2026-08-10T18:30:00Z
3207312,Will Sepsi OSK win on 2026-08-09?,rou1-sep-fcs-2026-08-09,21659.16,1,0.215,0,0.49,2026-08-10T18:30:00Z
3207315,Will Sepsi OSK vs. FCSB end in a draw?,rou1-sep-fcs-2026-08-09,25885.6,24,0.275,1,0.49,2026-08-10T18:30:00Z
3207315,Will Sepsi OSK vs. FCSB end in a draw?,rou1-sep-fcs-2026-08-09,25885.6,1,0.265,1,0.49,2026-08-10T18:30:00Z
3207317,Will FCSB win on 2026-08-09?,rou1-sep-fcs-2026-08-09,45148.46,24,0.485,0,0.49,2026-08-10T18:30:00Z
3207317,Will FCSB win on 2026-08-09?,rou1-sep-fcs-2026-08-09,45148.46,1,0.515,0,0.49,2026-08-10T18:30:00Z
3207320,Will FC Botoşani win on 2026-08-10?,rou1-fcb-cor-2026-08-10,29554.72,24,0.435,0,0.5,2026-08-10T15:30:00Z
3207320,Will FC Botoşani win on 2026-08-10?,rou1-fcb-cor-2026-08-10,29554.72,1,0.405,0,0.49,2026-08-10T15:30:00Z
3207322,Will FC Botoşani vs. FC Corvinul 1921 Hunedoara end in a draw?,rou1-fcb-cor-2026-08-10,11922.43,24,0.275,1,0.5,2026-08-10T15:30:00Z
3207322,Will FC Botoşani vs. FC Corvinul 1921 Hunedoara end in a draw?,rou1-fcb-cor-2026-08-10,11922.43,1,0.285,1,0.49,2026-08-10T15:30:00Z
3207323,Will FC Corvinul 1921 Hunedoara win on 2026-08-10?,rou1-fcb-cor-2026-08-10,25822.96,24,0.295,0,0.5,2026-08-10T15:30:00Z
3207323,Will FC Corvinul 1921 Hunedoara win on 2026-08-10?,rou1-fcb-cor-2026-08-10,25822.96,1,0.305,0,0.49,2026-08-10T15:30:00Z
3207774,"Will the next Google Gemini Pro model be released on August 10, 2026?",next-google-gemini-pro-model-released-onptptpt-20260729182045875,66670.27,24,0.055,0,0.02,2026-08-11T03:59:00Z
3207774,"Will the next Google Gemini Pro model be released on August 10, 2026?",next-google-gemini-pro-model-released-onptptpt-20260729182045875,66670.27,1,0.001,0,0.02,2026-08-11T03:59:00Z
3207776,"Will the next Google Gemini Pro model be released on August 12, 2026?",next-google-gemini-pro-model-released-onptptpt-20260729182045875,10662.29,168,0.0145,0,36.02,2026-08-13T03:59:00Z
3207776,"Will the next Google Gemini Pro model be released on August 12, 2026?",next-google-gemini-pro-model-released-onptptpt-20260729182045875,10662.29,24,0.007,0,0.02,2026-08-13T03:59:00Z
3207776,"Will the next Google Gemini Pro model be released on August 12, 2026?",next-google-gemini-pro-model-released-onptptpt-20260729182045875,10662.29,1,0.0005,0,0.02,2026-08-13T03:59:00Z
3207791,"Will the next Google Gemini Pro model be released on August 27, 2026?",next-google-gemini-pro-model-released-onptptpt-20260729182045875,10503.62,168,0.012,0,0.02,2026-08-28T03:59:00Z
3207791,"Will the next Google Gemini Pro model be released on August 27, 2026?",next-google-gemini-pro-model-released-onptptpt-20260729182045875,10503.62,24,0.0195,0,0.02,2026-08-28T03:59:00Z
3207791,"Will the next Google Gemini Pro model be released on August 27, 2026?",next-google-gemini-pro-model-released-onptptpt-20260729182045875,10503.62,1,0.0025,0,0.02,2026-08-28T03:59:00Z
3207795,"Will the next Google Gemini Pro model be released on August 31, 2026?",next-google-gemini-pro-model-released-onptptpt-20260729182045875,10195.94,720,0.0645,0,132.02,2026-09-01T03:59:00Z
3207795,"Will the next Google Gemini Pro model be released on August 31, 2026?",next-google-gemini-pro-model-released-onptptpt-20260729182045875,10195.94,168,0.0065,0,0.03,2026-09-01T03:59:00Z
3207795,"Will the next Google Gemini Pro model be released on August 31, 2026?",next-google-gemini-pro-model-released-onptptpt-20260729182045875,10195.94,24,0.006,0,0.02,2026-09-01T03:59:00Z
3207795,"Will the next Google Gemini Pro model be released on August 31, 2026?",next-google-gemini-pro-model-released-onptptpt-20260729182045875,10195.94,1,0.0025,0,0.02,2026-09-01T03:59:00Z
3207796,"Will there be no next Google Gemini Pro model release by August 31, 2026?",next-google-gemini-pro-model-released-onptptpt-20260729182045875,89986.97,720,0.4665,1,132.02,2026-09-01T03:59:00Z
3207796,"Will there be no next Google Gemini Pro model release by August 31, 2026?",next-google-gemini-pro-model-released-onptptpt-20260729182045875,89986.97,168,0.933,1,0.03,2026-09-01T03:59:00Z
3207796,"Will there be no next Google Gemini Pro model release by August 31, 2026?",next-google-gemini-pro-model-released-onptptpt-20260729182045875,89986.97,24,0.992,1,0.02,2026-09-01T03:59:00Z
3207796,"Will there be no next Google Gemini Pro model release by August 31, 2026?",next-google-gemini-pro-model-released-onptptpt-20260729182045875,89986.97,1,0.995,1,0.02,2026-09-01T03:59:00Z
3207806,"Iran successfully targets shipping on August 8, 2026?",iran-successfully-targets-shipping-onptptpt-20260729163314520,33689.74,24,0.075,0,0.02,2026-08-08T23:59:00Z
3207806,"Iran successfully targets shipping on August 8, 2026?",iran-successfully-targets-shipping-onptptpt-20260729163314520,33689.74,1,0.515,0,0.02,2026-08-08T23:59:00Z
3207811,"Iran successfully targets shipping on August 13, 2026?",iran-successfully-targets-shipping-onptptpt-20260729163314520,13778.14,168,0.13,1,16.02,2026-08-13T23:59:00Z
3207811,"Iran successfully targets shipping on August 13, 2026?",iran-successfully-targets-shipping-onptptpt-20260729163314520,13778.14,24,0.205,1,0.02,2026-08-13T23:59:00Z
3207811,"Iran successfully targets shipping on August 13, 2026?",iran-successfully-targets-shipping-onptptpt-20260729163314520,13778.14,1,0.2,1,0.02,2026-08-13T23:59:00Z
3207812,"Iran successfully targets shipping on August 14, 2026?",iran-successfully-targets-shipping-onptptpt-20260729163314520,30221.41,168,0.085,1,0.02,2026-08-14T23:59:00Z
3207812,"Iran successfully targets shipping on August 14, 2026?",iran-successfully-targets-shipping-onptptpt-20260729163314520,30221.41,24,0.09,1,0.02,2026-08-14T23:59:00Z
3207812,"Iran successfully targets shipping on August 14, 2026?",iran-successfully-targets-shipping-onptptpt-20260729163314520,30221.41,1,0.225,1,0.02,2026-08-14T23:59:00Z
3207813,"Iran successfully targets shipping on August 15, 2026?",iran-successfully-targets-shipping-onptptpt-20260729163314520,11030.19,168,0.11,0,0.02,2026-08-15T23:59:00Z
3207813,"Iran successfully targets shipping on August 15, 2026?",iran-successfully-targets-shipping-onptptpt-20260729163314520,11030.19,24,0.22,0,0.02,2026-08-15T23:59:00Z
3207813,"Iran successfully targets shipping on August 15, 2026?",iran-successfully-targets-shipping-onptptpt-20260729163314520,11030.19,1,0.26,0,0.02,2026-08-15T23:59:00Z
3207822,"Iran successfully targets shipping on August 24, 2026?",iran-successfully-targets-shipping-onptptpt-20260729163314520,11933.2,168,0.15,0,0.03,2026-08-24T23:59:00Z
3207822,"Iran successfully targets shipping on August 24, 2026?",iran-successfully-targets-shipping-onptptpt-20260729163314520,11933.2,24,0.135,0,0.02,2026-08-24T23:59:00Z
3207822,"Iran successfully targets shipping on August 24, 2026?",iran-successfully-targets-shipping-onptptpt-20260729163314520,11933.2,1,0.5,0,0.02,2026-08-24T23:59:00Z
3207829,"Iran successfully targets shipping on August 31, 2026?",iran-successfully-targets-shipping-onptptpt-20260729163314520,47558.73,720,0.095,1,139.52,2026-08-31T20:29:00Z
3207829,"Iran successfully targets shipping on August 31, 2026?",iran-successfully-targets-shipping-onptptpt-20260729163314520,47558.73,168,0.11,1,0.48,2026-08-31T20:29:00Z
3207829,"Iran successfully targets shipping on August 31, 2026?",iran-successfully-targets-shipping-onptptpt-20260729163314520,47558.73,24,0.125,1,0.48,2026-08-31T20:29:00Z
3207829,"Iran successfully targets shipping on August 31, 2026?",iran-successfully-targets-shipping-onptptpt-20260729163314520,47558.73,1,0.34,1,0.48,2026-08-31T20:29:00Z
3207982,Will Palermo FC win on 2026-08-11?,clf-pal-juv-2026-08-11,26522.21,24,0.12,0,0.0,2026-08-11T10:00:00Z
3207982,Will Palermo FC win on 2026-08-11?,clf-pal-juv-2026-08-11,26522.21,1,0.135,0,0.0,2026-08-11T10:00:00Z
3207985,Will Juventus Turin win on 2026-08-11?,clf-pal-juv-2026-08-11,51649.7,24,0.745,1,0.0,2026-08-11T10:00:00Z
3207985,Will Juventus Turin win on 2026-08-11?,clf-pal-juv-2026-08-11,51649.7,1,0.69,1,0.0,2026-08-11T10:00:00Z
3207987,Will SSC Napoli win on 2026-08-12?,clf-nap-aris-2026-08-12,16243.79,24,0.665,1,0.01,2026-08-12T19:00:00Z
3207987,Will SSC Napoli win on 2026-08-12?,clf-nap-aris-2026-08-12,16243.79,1,0.715,1,0.0,2026-08-12T19:00:00Z
3207991,Will FSV Frankfurt 1899 win on 2026-08-12?,clf-fsv-sge-2026-08-12,16635.15,24,0.105,0,0.5,2026-08-12T16:30:00Z
3207991,Will FSV Frankfurt 1899 win on 2026-08-12?,clf-fsv-sge-2026-08-12,16635.15,1,0.065,0,0.49,2026-08-12T16:30:00Z
3207994,Will Eintracht Frankfurt win on 2026-08-12?,clf-fsv-sge-2026-08-12,11384.78,24,0.84,1,0.5,2026-08-12T16:30:00Z
3207994,Will Eintracht Frankfurt win on 2026-08-12?,clf-fsv-sge-2026-08-12,11384.78,1,0.845,1,0.49,2026-08-12T16:30:00Z
3207998,Will Arsenal FC win on 2026-08-12?,clf-ars-com-2026-08-12,145676.78,24,0.665,0,0.5,2026-08-12T18:30:00Z
3207998,Will Arsenal FC win on 2026-08-12?,clf-ars-com-2026-08-12,145676.78,1,0.655,0,0.5,2026-08-12T18:30:00Z
3208000,Will Arsenal FC vs. Como 1907 end in a draw?,clf-ars-com-2026-08-12,38950.25,24,0.185,1,0.5,2026-08-12T18:30:00Z
3208000,Will Arsenal FC vs. Como 1907 end in a draw?,clf-ars-com-2026-08-12,38950.25,1,0.195,1,0.5,2026-08-12T18:30:00Z
3208002,Will Como 1907 win on 2026-08-12?,clf-ars-com-2026-08-12,49504.28,24,0.15,0,0.5,2026-08-12T18:30:00Z
3208002,Will Como 1907 win on 2026-08-12?,clf-ars-com-2026-08-12,49504.28,1,0.155,0,0.5,2026-08-12T18:30:00Z
3208008,Will Nottingham Forest win on 2026-08-12?,clf-nfo-lev-2026-08-12,29670.57,24,0.385,1,0.26,2026-08-12T18:45:00Z
3208008,Will Nottingham Forest win on 2026-08-12?,clf-nfo-lev-2026-08-12,29670.57,1,0.395,1,0.25,2026-08-12T18:45:00Z
3208012,Will Bayer Leverkusen win on 2026-08-12?,clf-nfo-lev-2026-08-12,17383.66,24,0.335,0,0.26,2026-08-12T18:45:00Z
3208012,Will Bayer Leverkusen win on 2026-08-12?,clf-nfo-lev-2026-08-12,17383.66,1,0.365,0,0.25,2026-08-12T18:45:00Z
3208427,Arsenal FC leading at halftime?,clf-ars-com-2026-08-12-halftime-result,30481.99,24,0.505,0,0.5,2026-08-12T18:30:00Z
3208427,Arsenal FC leading at halftime?,clf-ars-com-2026-08-12-halftime-result,30481.99,1,0.485,0,0.5,2026-08-12T18:30:00Z
3209651,Nottingham Forest vs. Bayer Leverkusen: O/U 3.5,clf-nfo-lev-2026-08-12-more-markets,10369.87,24,0.35,0,0.26,2026-08-12T18:45:00Z
3209651,Nottingham Forest vs. Bayer Leverkusen: O/U 3.5,clf-nfo-lev-2026-08-12-more-markets,10369.87,1,0.37,0,0.25,2026-08-12T18:45:00Z
3209677,Spread: Arsenal FC (-1.5),clf-ars-com-2026-08-12-more-markets,14581.95,24,0.44,0,0.5,2026-08-12T18:30:00Z
3209677,Spread: Arsenal FC (-1.5),clf-ars-com-2026-08-12-more-markets,14581.95,1,0.415,0,0.5,2026-08-12T18:30:00Z
3209682,Arsenal FC vs. Como 1907: O/U 1.5,clf-ars-com-2026-08-12-more-markets,10215.13,24,0.855,1,0.5,2026-08-12T18:30:00Z
3209682,Arsenal FC vs. Como 1907: O/U 1.5,clf-ars-com-2026-08-12-more-markets,10215.13,1,0.865,1,0.5,2026-08-12T18:30:00Z
3209683,Arsenal FC vs. Como 1907: O/U 2.5,clf-ars-com-2026-08-12-more-markets,28326.42,24,0.67,0,0.5,2026-08-12T18:30:00Z
3209683,Arsenal FC vs. Como 1907: O/U 2.5,clf-ars-com-2026-08-12-more-markets,28326.42,1,0.665,0,0.5,2026-08-12T18:30:00Z
3209684,Arsenal FC vs. Como 1907: O/U 3.5,clf-ars-com-2026-08-12-more-markets,21789.95,24,0.44,0,0.5,2026-08-12T18:30:00Z
3209684,Arsenal FC vs. Como 1907: O/U 3.5,clf-ars-com-2026-08-12-more-markets,21789.95,1,0.445,0,0.5,2026-08-12T18:30:00Z
3209687,Arsenal FC vs. Como 1907: Both Teams to Score,clf-ars-com-2026-08-12-more-markets,13236.71,24,0.595,1,0.5,2026-08-12T18:30:00Z
3209687,Arsenal FC vs. Como 1907: Both Teams to Score,clf-ars-com-2026-08-12-more-markets,13236.71,1,0.615,1,0.5,2026-08-12T18:30:00Z
3209781,Palermo FC vs. Juventus Turin: O/U 1.5,clf-pal-juv-2026-08-11-more-markets,25453.82,24,0.56,1,0.0,2026-08-11T10:00:00Z
3209781,Palermo FC vs. Juventus Turin: O/U 1.5,clf-pal-juv-2026-08-11-more-markets,25453.82,1,0.835,1,0.0,2026-08-11T10:00:00Z
3209782,Palermo FC vs. Juventus Turin: O/U 2.5,clf-pal-juv-2026-08-11-more-markets,40852.64,24,0.57,0,0.0,2026-08-11T10:00:00Z
3209782,Palermo FC vs. Juventus Turin: O/U 2.5,clf-pal-juv-2026-08-11-more-markets,40852.64,1,0.615,0,0.0,2026-08-11T10:00:00Z
3210140,Will Claude go down 5-7 times in August?,will-claude-go-down-on-days-in-august-20260728182414700,18068.22,720,0.475,1,136.02,2026-08-31T23:59:00Z
3210140,Will Claude go down 5-7 times in August?,will-claude-go-down-on-days-in-august-20260728182414700,18068.22,168,0.0605,1,0.02,2026-08-31T23:59:00Z
3210140,Will Claude go down 5-7 times in August?,will-claude-go-down-on-days-in-august-20260728182414700,18068.22,24,0.7945,1,0.02,2026-08-31T23:59:00Z
3210140,Will Claude go down 5-7 times in August?,will-claude-go-down-on-days-in-august-20260728182414700,18068.22,1,0.919,1,0.02,2026-08-31T23:59:00Z
3210141,Will Claude go down 8-10 times in August?,will-claude-go-down-on-days-in-august-20260728182414700,15374.73,720,0.245,0,136.02,2026-08-31T23:59:00Z
3210141,Will Claude go down 8-10 times in August?,will-claude-go-down-on-days-in-august-20260728182414700,15374.73,168,0.835,0,0.02,2026-08-31T23:59:00Z
3210141,Will Claude go down 8-10 times in August?,will-claude-go-down-on-days-in-august-20260728182414700,15374.73,24,0.195,0,0.02,2026-08-31T23:59:00Z
3210141,Will Claude go down 8-10 times in August?,will-claude-go-down-on-days-in-august-20260728182414700,15374.73,1,0.08,0,0.02,2026-08-31T23:59:00Z
3210160,Will USD be less than 1.7M Iranian rials on August 31?,usd-x-iranian-rials-end-of-august-20260728205517245,15535.56,720,0.055,0,136.02,2026-08-31T23:59:00Z
3210160,Will USD be less than 1.7M Iranian rials on August 31?,usd-x-iranian-rials-end-of-august-20260728205517245,15535.56,168,0.0055,0,0.02,2026-08-31T23:59:00Z
3210160,Will USD be less than 1.7M Iranian rials on August 31?,usd-x-iranian-rials-end-of-august-20260728205517245,15535.56,24,0.0005,0,0.02,2026-08-31T23:59:00Z
3210160,Will USD be less than 1.7M Iranian rials on August 31?,usd-x-iranian-rials-end-of-august-20260728205517245,15535.56,1,0.0005,0,0.02,2026-08-31T23:59:00Z
3210162,Will USD be between 1.8M and 1.9M Iranian rials on August 31?,usd-x-iranian-rials-end-of-august-20260728205517245,23601.33,720,0.285,0,136.02,2026-08-31T23:59:00Z
3210162,Will USD be between 1.8M and 1.9M Iranian rials on August 31?,usd-x-iranian-rials-end-of-august-20260728205517245,23601.33,168,0.033,0,0.02,2026-08-31T23:59:00Z
3210162,Will USD be between 1.8M and 1.9M Iranian rials on August 31?,usd-x-iranian-rials-end-of-august-20260728205517245,23601.33,24,0.0035,0,0.02,2026-08-31T23:59:00Z
3210162,Will USD be between 1.8M and 1.9M Iranian rials on August 31?,usd-x-iranian-rials-end-of-august-20260728205517245,23601.33,1,0.0005,0,0.02,2026-08-31T23:59:00Z
3210163,Will USD be between 1.9M and 2.0M Iranian rials on August 31?,usd-x-iranian-rials-end-of-august-20260728205517245,39040.14,720,0.225,0,136.02,2026-08-31T23:59:00Z
3210163,Will USD be between 1.9M and 2.0M Iranian rials on August 31?,usd-x-iranian-rials-end-of-august-20260728205517245,39040.14,168,0.11,0,0.02,2026-08-31T23:59:00Z
3210163,Will USD be between 1.9M and 2.0M Iranian rials on August 31?,usd-x-iranian-rials-end-of-august-20260728205517245,39040.14,24,0.0265,0,0.02,2026-08-31T23:59:00Z
3210163,Will USD be between 1.9M and 2.0M Iranian rials on August 31?,usd-x-iranian-rials-end-of-august-20260728205517245,39040.14,1,0.0015,0,0.02,2026-08-31T23:59:00Z
3210164,Will USD be between 2.0M and 2.1M Iranian rials on August 31?,usd-x-iranian-rials-end-of-august-20260728205517245,42378.53,720,0.222,0,136.02,2026-08-31T23:59:00Z
3210164,Will USD be between 2.0M and 2.1M Iranian rials on August 31?,usd-x-iranian-rials-end-of-august-20260728205517245,42378.53,168,0.492,0,0.02,2026-08-31T23:59:00Z
3210164,Will USD be between 2.0M and 2.1M Iranian rials on August 31?,usd-x-iranian-rials-end-of-august-20260728205517245,42378.53,24,0.173,0,0.02,2026-08-31T23:59:00Z
3210164,Will USD be between 2.0M and 2.1M Iranian rials on August 31?,usd-x-iranian-rials-end-of-august-20260728205517245,42378.53,1,0.0095,0,0.02,2026-08-31T23:59:00Z
3210165,Will USD be between 2.1M and 2.2M Iranian rials on August 31?,usd-x-iranian-rials-end-of-august-20260728205517245,45875.27,720,0.08,1,136.02,2026-08-31T23:59:00Z
3210165,Will USD be between 2.1M and 2.2M Iranian rials on August 31?,usd-x-iranian-rials-end-of-august-20260728205517245,45875.27,168,0.271,1,0.02,2026-08-31T23:59:00Z
3210165,Will USD be between 2.1M and 2.2M Iranian rials on August 31?,usd-x-iranian-rials-end-of-august-20260728205517245,45875.27,24,0.754,1,0.02,2026-08-31T23:59:00Z
3210165,Will USD be between 2.1M and 2.2M Iranian rials on August 31?,usd-x-iranian-rials-end-of-august-20260728205517245,45875.27,1,0.9895,1,0.02,2026-08-31T23:59:00Z
3210166,Will USD be at least 2.2M Iranian rials on August 31?,usd-x-iranian-rials-end-of-august-20260728205517245,26205.53,720,0.101,0,136.02,2026-08-31T23:59:00Z
3210166,Will USD be at least 2.2M Iranian rials on August 31?,usd-x-iranian-rials-end-of-august-20260728205517245,26205.53,168,0.123,0,0.02,2026-08-31T23:59:00Z
3210166,Will USD be at least 2.2M Iranian rials on August 31?,usd-x-iranian-rials-end-of-august-20260728205517245,26205.53,24,0.082,0,0.02,2026-08-31T23:59:00Z
3210166,Will USD be at least 2.2M Iranian rials on August 31?,usd-x-iranian-rials-end-of-august-20260728205517245,26205.53,1,0.0015,0,0.02,2026-08-31T23:59:00Z
3210168,Will Silkeborg IF win on 2026-08-10?,den-sif-ode-2026-08-10,125311.73,24,0.375,1,0.0,2026-08-10T17:00:00Z
3210168,Will Silkeborg IF win on 2026-08-10?,den-sif-ode-2026-08-10,125311.73,1,0.335,1,0.01,2026-08-10T17:00:00Z
3210169,Will Silkeborg IF vs. Odense BK end in a draw?,den-sif-ode-2026-08-10,17815.81,24,0.245,0,0.0,2026-08-10T17:00:00Z
3210169,Will Silkeborg IF vs. Odense BK end in a draw?,den-sif-ode-2026-08-10,17815.81,1,0.255,0,0.01,2026-08-10T17:00:00Z
3210170,Will Odense BK win on 2026-08-10?,den-sif-ode-2026-08-10,32291.95,24,0.385,0,0.0,2026-08-10T17:00:00Z
3210170,Will Odense BK win on 2026-08-10?,den-sif-ode-2026-08-10,32291.95,1,0.415,0,0.01,2026-08-10T17:00:00Z
3210190,Exact Score: Silkeborg IF 2 - 1 Odense BK?,den-sif-ode-2026-08-10-exact-score,39150.84,24,0.08,0,0.0,2026-08-10T17:00:00Z
3210190,Exact Score: Silkeborg IF 2 - 1 Odense BK?,den-sif-ode-2026-08-10-exact-score,39150.84,1,0.085,0,0.01,2026-08-10T17:00:00Z
3211908,Will Anthropic have the best AI model on LiveBench (Overall) at the end of August 2026?,which-company-has-the-best-ai-model-on-livebench-overall-end-of-august-20260728170525237,10463.54,720,0.595,1,132.02,2026-09-01T03:59:00Z
3211908,Will Anthropic have the best AI model on LiveBench (Overall) at the end of August 2026?,which-company-has-the-best-ai-model-on-livebench-overall-end-of-august-20260728170525237,10463.54,168,0.9395,1,0.03,2026-09-01T03:59:00Z
3211908,Will Anthropic have the best AI model on LiveBench (Overall) at the end of August 2026?,which-company-has-the-best-ai-model-on-livebench-overall-end-of-august-20260728170525237,10463.54,24,0.9845,1,0.02,2026-09-01T03:59:00Z
3211992,Will Anthropic have the best AI model on LiveBench (Coding) at the end of August 2026?,which-company-has-the-best-ai-model-on-livebench-coding-end-of-august-20260728170949210,24798.2,720,0.825,1,132.02,2026-09-01T03:59:00Z
3211992,Will Anthropic have the best AI model on LiveBench (Coding) at the end of August 2026?,which-company-has-the-best-ai-model-on-livebench-coding-end-of-august-20260728170949210,24798.2,168,0.92,1,0.03,2026-09-01T03:59:00Z
3211992,Will Anthropic have the best AI model on LiveBench (Coding) at the end of August 2026?,which-company-has-the-best-ai-model-on-livebench-coding-end-of-august-20260728170949210,24798.2,24,0.9805,1,0.02,2026-09-01T03:59:00Z
3212408,Will Régis Gaudreault win the 2026 Chicoutimi—Le Fjord by-election?,chicoutimile-fjord-by-election-winner-20260729185915437,26970.69,720,0.0185,0,136.02,2026-08-31T23:59:00Z
3212408,Will Régis Gaudreault win the 2026 Chicoutimi—Le Fjord by-election?,chicoutimile-fjord-by-election-winner-20260729185915437,26970.69,168,0.0225,0,0.02,2026-08-31T23:59:00Z
3212408,Will Régis Gaudreault win the 2026 Chicoutimi—Le Fjord by-election?,chicoutimile-fjord-by-election-winner-20260729185915437,26970.69,24,0.0005,0,0.02,2026-08-31T23:59:00Z
3212408,Will Régis Gaudreault win the 2026 Chicoutimi—Le Fjord by-election?,chicoutimile-fjord-by-election-winner-20260729185915437,26970.69,1,0.0025,0,0.02,2026-08-31T23:59:00Z
3212409,Will Caroline Dubé win the 2026 Chicoutimi—Le Fjord by-election?,chicoutimile-fjord-by-election-winner-20260729185915437,53424.32,720,0.565,0,136.02,2026-08-31T23:59:00Z
3212409,Will Caroline Dubé win the 2026 Chicoutimi—Le Fjord by-election?,chicoutimile-fjord-by-election-winner-20260729185915437,53424.32,168,0.19,0,0.02,2026-08-31T23:59:00Z
3212409,Will Caroline Dubé win the 2026 Chicoutimi—Le Fjord by-election?,chicoutimile-fjord-by-election-winner-20260729185915437,53424.32,24,0.265,0,0.02,2026-08-31T23:59:00Z
3212409,Will Caroline Dubé win the 2026 Chicoutimi—Le Fjord by-election?,chicoutimile-fjord-by-election-winner-20260729185915437,53424.32,1,0.175,0,0.02,2026-08-31T23:59:00Z
3212410,Will Daniel Gobeil win the 2026 Chicoutimi—Le Fjord by-election?,chicoutimile-fjord-by-election-winner-20260729185915437,58169.97,720,0.435,1,136.02,2026-08-31T23:59:00Z
3212410,Will Daniel Gobeil win the 2026 Chicoutimi—Le Fjord by-election?,chicoutimile-fjord-by-election-winner-20260729185915437,58169.97,168,0.795,1,0.02,2026-08-31T23:59:00Z
3212410,Will Daniel Gobeil win the 2026 Chicoutimi—Le Fjord by-election?,chicoutimile-fjord-by-election-winner-20260729185915437,58169.97,24,0.725,1,0.02,2026-08-31T23:59:00Z
3212410,Will Daniel Gobeil win the 2026 Chicoutimi—Le Fjord by-election?,chicoutimile-fjord-by-election-winner-20260729185915437,58169.97,1,0.82,1,0.02,2026-08-31T23:59:00Z
3213957,Will Elon Musk’s net worth be between $600B and $700B on August 31?,elon-musk-net-worth-on-august-31-20260729193358764,12771.04,720,0.245,0,136.02,2026-08-31T23:59:00Z
3213957,Will Elon Musk’s net worth be between $600B and $700B on August 31?,elon-musk-net-worth-on-august-31-20260729193358764,12771.04,168,0.027,0,0.02,2026-08-31T23:59:00Z
3213957,Will Elon Musk’s net worth be between $600B and $700B on August 31?,elon-musk-net-worth-on-august-31-20260729193358764,12771.04,24,0.003,0,0.02,2026-08-31T23:59:00Z
3213957,Will Elon Musk’s net worth be between $600B and $700B on August 31?,elon-musk-net-worth-on-august-31-20260729193358764,12771.04,1,0.0005,0,0.02,2026-08-31T23:59:00Z
3213958,Will Elon Musk’s net worth be between $700B and $800B on August 31?,elon-musk-net-worth-on-august-31-20260729193358764,16850.31,720,0.455,0,136.02,2026-08-31T23:59:00Z
3213958,Will Elon Musk’s net worth be between $700B and $800B on August 31?,elon-musk-net-worth-on-august-31-20260729193358764,16850.31,168,0.205,0,0.02,2026-08-31T23:59:00Z
3213958,Will Elon Musk’s net worth be between $700B and $800B on August 31?,elon-musk-net-worth-on-august-31-20260729193358764,16850.31,24,0.011,0,0.02,2026-08-31T23:59:00Z
3213958,Will Elon Musk’s net worth be between $700B and $800B on August 31?,elon-musk-net-worth-on-august-31-20260729193358764,16850.31,1,0.0015,0,0.02,2026-08-31T23:59:00Z
3213959,Will Elon Musk’s net worth be between $800B and $900B on August 31?,elon-musk-net-worth-on-august-31-20260729193358764,24909.02,720,0.23,1,136.02,2026-08-31T23:59:00Z
3213959,Will Elon Musk’s net worth be between $800B and $900B on August 31?,elon-musk-net-worth-on-august-31-20260729193358764,24909.02,168,0.65,1,0.02,2026-08-31T23:59:00Z
3213959,Will Elon Musk’s net worth be between $800B and $900B on August 31?,elon-musk-net-worth-on-august-31-20260729193358764,24909.02,24,0.93,1,0.02,2026-08-31T23:59:00Z
3213959,Will Elon Musk’s net worth be between $800B and $900B on August 31?,elon-musk-net-worth-on-august-31-20260729193358764,24909.02,1,0.976,1,0.02,2026-08-31T23:59:00Z
3213960,Will Elon Musk’s net worth be between $900B and $1.00T on August 31?,elon-musk-net-worth-on-august-31-20260729193358764,15460.52,720,0.0455,0,136.02,2026-08-31T23:59:00Z
3213960,Will Elon Musk’s net worth be between $900B and $1.00T on August 31?,elon-musk-net-worth-on-august-31-20260729193358764,15460.52,168,0.0975,0,0.02,2026-08-31T23:59:00Z
3213960,Will Elon Musk’s net worth be between $900B and $1.00T on August 31?,elon-musk-net-worth-on-august-31-20260729193358764,15460.52,24,0.054,0,0.02,2026-08-31T23:59:00Z
3213960,Will Elon Musk’s net worth be between $900B and $1.00T on August 31?,elon-musk-net-worth-on-august-31-20260729193358764,15460.52,1,0.025,0,0.02,2026-08-31T23:59:00Z
3213961,Will Elon Musk’s net worth be between $1.00T and $1.10T on August 31?,elon-musk-net-worth-on-august-31-20260729193358764,11434.54,720,0.0335,0,136.02,2026-08-31T23:59:00Z
3213961,Will Elon Musk’s net worth be between $1.00T and $1.10T on August 31?,elon-musk-net-worth-on-august-31-20260729193358764,11434.54,168,0.014,0,0.02,2026-08-31T23:59:00Z
3213961,Will Elon Musk’s net worth be between $1.00T and $1.10T on August 31?,elon-musk-net-worth-on-august-31-20260729193358764,11434.54,24,0.0035,0,0.02,2026-08-31T23:59:00Z
3213961,Will Elon Musk’s net worth be between $1.00T and $1.10T on August 31?,elon-musk-net-worth-on-august-31-20260729193358764,11434.54,1,0.002,0,0.02,2026-08-31T23:59:00Z
3213962,Will Elon Musk’s net worth be at least $1.10T on August 31?,elon-musk-net-worth-on-august-31-20260729193358764,13489.15,720,0.0095,0,136.02,2026-08-31T23:59:00Z
3213962,Will Elon Musk’s net worth be at least $1.10T on August 31?,elon-musk-net-worth-on-august-31-20260729193358764,13489.15,168,0.0255,0,0.02,2026-08-31T23:59:00Z
3213962,Will Elon Musk’s net worth be at least $1.10T on August 31?,elon-musk-net-worth-on-august-31-20260729193358764,13489.15,24,0.0025,0,0.02,2026-08-31T23:59:00Z
3213962,Will Elon Musk’s net worth be at least $1.10T on August 31?,elon-musk-net-worth-on-august-31-20260729193358764,13489.15,1,0.0015,0,0.02,2026-08-31T23:59:00Z
3214154,Spread: Rangers FC (-1.5),scop-ran-hib-2026-08-09-more-markets,12785.96,24,0.385,0,0.01,2026-08-09T15:00:00Z
3214154,Spread: Rangers FC (-1.5),scop-ran-hib-2026-08-09-more-markets,12785.96,1,0.425,0,0.0,2026-08-09T15:00:00Z
3214164,Rangers FC vs. Hibernian FC: O/U 1.5,scop-ran-hib-2026-08-09-more-markets,50291.36,24,0.82,1,0.01,2026-08-09T15:00:00Z
3214164,Rangers FC vs. Hibernian FC: O/U 1.5,scop-ran-hib-2026-08-09-more-markets,50291.36,1,0.825,1,0.0,2026-08-09T15:00:00Z
3214166,Rangers FC vs. Hibernian FC: O/U 2.5,scop-ran-hib-2026-08-09-more-markets,30715.72,24,0.62,1,0.01,2026-08-09T15:00:00Z
3214166,Rangers FC vs. Hibernian FC: O/U 2.5,scop-ran-hib-2026-08-09-more-markets,30715.72,1,0.615,1,0.0,2026-08-09T15:00:00Z
3214168,Rangers FC vs. Hibernian FC: O/U 3.5,scop-ran-hib-2026-08-09-more-markets,15667.06,24,0.385,0,0.01,2026-08-09T15:00:00Z
3214168,Rangers FC vs. Hibernian FC: O/U 3.5,scop-ran-hib-2026-08-09-more-markets,15667.06,1,0.395,0,0.0,2026-08-09T15:00:00Z
3214175,Rangers FC vs. Hibernian FC: Both Teams to Score,scop-ran-hib-2026-08-09-more-markets,31447.89,24,0.57,1,0.01,2026-08-09T15:00:00Z
3214175,Rangers FC vs. Hibernian FC: Both Teams to Score,scop-ran-hib-2026-08-09-more-markets,31447.89,1,0.555,1,0.0,2026-08-09T15:00:00Z
3214225,Kilmarnock FC vs. Celtic FC: O/U 3.5,scop-kil-cel-2026-08-09-more-markets,11366.28,24,0.45,1,0.49,2026-08-09T12:30:00Z
3214225,Kilmarnock FC vs. Celtic FC: O/U 3.5,scop-kil-cel-2026-08-09-more-markets,11366.28,1,0.445,1,0.5,2026-08-09T12:30:00Z
3214226,Kilmarnock FC vs. Celtic FC: O/U 4.5,scop-kil-cel-2026-08-09-more-markets,17559.49,24,0.255,1,0.49,2026-08-09T12:30:00Z
3214226,Kilmarnock FC vs. Celtic FC: O/U 4.5,scop-kil-cel-2026-08-09-more-markets,17559.49,1,0.255,1,0.5,2026-08-09T12:30:00Z
3214890,"Will MrBeast say ""Feastables"" during his next YouTube video?",what-will-mrbeast-say-during-his-next-youtube-video-20260729175811859,24203.95,720,0.895,1,136.02,2026-08-31T23:59:00Z
3214891,"Will MrBeast say ""Chandler"" during his next YouTube video?",what-will-mrbeast-say-during-his-next-youtube-video-20260729175811859,17164.39,720,0.11,0,136.02,2026-08-31T23:59:00Z
3214893,"Will MrBeast say ""Subscribe"" or ""Subscribed"" during his next YouTube video?",what-will-mrbeast-say-during-his-next-youtube-video-20260729175811859,53689.19,720,0.11,0,136.02,2026-08-31T23:59:00Z
3214898,Will Bruno Mars have the greatest number of monthly Spotify listeners this month?,top-spotify-artist-in-august-20260730002431090,16788.81,720,0.94,1,136.02,2026-08-31T23:59:00Z
3214898,Will Bruno Mars have the greatest number of monthly Spotify listeners this month?,top-spotify-artist-in-august-20260730002431090,16788.81,168,0.986,1,0.02,2026-08-31T23:59:00Z
3214898,Will Bruno Mars have the greatest number of monthly Spotify listeners this month?,top-spotify-artist-in-august-20260730002431090,16788.81,24,0.9975,1,0.02,2026-08-31T23:59:00Z
3216275,Toronto Tempo vs. Dallas Wings,wnba-tor-dal-2026-08-12,177776.35,168,0.26,0,40.0,2026-08-13T00:00:00Z
3216275,Toronto Tempo vs. Dallas Wings,wnba-tor-dal-2026-08-12,177776.35,24,0.205,0,0.0,2026-08-13T00:00:00Z
3216275,Toronto Tempo vs. Dallas Wings,wnba-tor-dal-2026-08-12,177776.35,1,0.205,0,0.0,2026-08-13T00:00:00Z
3216289,Chicago Sky vs. Golden State Valkyries,wnba-chi-gsv-2026-08-12,187081.66,168,0.285,0,38.0,2026-08-13T02:00:00Z
3216289,Chicago Sky vs. Golden State Valkyries,wnba-chi-gsv-2026-08-12,187081.66,24,0.205,0,0.01,2026-08-13T02:00:00Z
3216289,Chicago Sky vs. Golden State Valkyries,wnba-chi-gsv-2026-08-12,187081.66,1,0.215,0,0.0,2026-08-13T02:00:00Z
3216294,Minnesota Lynx vs. PortlandFire,wnba-min-por-2026-08-12,149725.52,168,0.745,1,38.0,2026-08-13T02:00:00Z
3216294,Minnesota Lynx vs. PortlandFire,wnba-min-por-2026-08-12,149725.52,24,0.865,1,0.01,2026-08-13T02:00:00Z
3216294,Minnesota Lynx vs. PortlandFire,wnba-min-por-2026-08-12,149725.52,1,0.855,1,0.0,2026-08-13T02:00:00Z
3220773,Spread: CR Flamengo (-1.5),bra-fla-vit-2026-08-09-more-markets,27839.87,24,0.565,1,0.5,2026-08-09T22:30:00Z
3220773,Spread: CR Flamengo (-1.5),bra-fla-vit-2026-08-09-more-markets,27839.87,1,0.545,1,0.5,2026-08-09T22:30:00Z
3220783,CR Flamengo vs. EC Vitória: O/U 1.5,bra-fla-vit-2026-08-09-more-markets,25223.86,24,0.825,1,0.5,2026-08-09T22:30:00Z
3220783,CR Flamengo vs. EC Vitória: O/U 1.5,bra-fla-vit-2026-08-09-more-markets,25223.86,1,0.815,1,0.5,2026-08-09T22:30:00Z
3220786,CR Flamengo vs. EC Vitória: O/U 2.5,bra-fla-vit-2026-08-09-more-markets,100489.72,24,0.605,0,0.5,2026-08-09T22:30:00Z
3220786,CR Flamengo vs. EC Vitória: O/U 2.5,bra-fla-vit-2026-08-09-more-markets,100489.72,1,0.595,0,0.5,2026-08-09T22:30:00Z
3220789,CR Flamengo vs. EC Vitória: O/U 3.5,bra-fla-vit-2026-08-09-more-markets,22818.9,24,0.375,0,0.5,2026-08-09T22:30:00Z
3220789,CR Flamengo vs. EC Vitória: O/U 3.5,bra-fla-vit-2026-08-09-more-markets,22818.9,1,0.365,0,0.5,2026-08-09T22:30:00Z
3220795,CR Flamengo vs. EC Vitória: Both Teams to Score,bra-fla-vit-2026-08-09-more-markets,27937.09,24,0.415,0,0.5,2026-08-09T22:30:00Z
3220795,CR Flamengo vs. EC Vitória: Both Teams to Score,bra-fla-vit-2026-08-09-more-markets,27937.09,1,0.435,0,0.5,2026-08-09T22:30:00Z
3220840,Santos FC vs. CA Paranaense: O/U 1.5,bra-san-cap-2026-08-09-more-markets,16165.95,24,0.71,1,0.5,2026-08-09T21:30:00Z
3220840,Santos FC vs. CA Paranaense: O/U 1.5,bra-san-cap-2026-08-09-more-markets,16165.95,1,0.715,1,0.5,2026-08-09T21:30:00Z
3220841,Santos FC vs. CA Paranaense: O/U 2.5,bra-san-cap-2026-08-09-more-markets,77324.44,24,0.445,0,0.5,2026-08-09T21:30:00Z
3220841,Santos FC vs. CA Paranaense: O/U 2.5,bra-san-cap-2026-08-09-more-markets,77324.44,1,0.445,0,0.5,2026-08-09T21:30:00Z
3220842,Santos FC vs. CA Paranaense: O/U 3.5,bra-san-cap-2026-08-09-more-markets,23088.38,24,0.235,0,0.5,2026-08-09T21:30:00Z
3220842,Santos FC vs. CA Paranaense: O/U 3.5,bra-san-cap-2026-08-09-more-markets,23088.38,1,0.235,0,0.5,2026-08-09T21:30:00Z
3220849,Santos FC vs. CA Paranaense: Both Teams to Score,bra-san-cap-2026-08-09-more-markets,38568.75,24,0.51,0,0.5,2026-08-09T21:30:00Z
3220849,Santos FC vs. CA Paranaense: Both Teams to Score,bra-san-cap-2026-08-09-more-markets,38568.75,1,0.515,0,0.5,2026-08-09T21:30:00Z
3220854,Santos FC vs. CA Paranaense: 1st Half O/U 1.5,bra-san-cap-2026-08-09-more-markets,12324.4,24,0.28,1,0.5,2026-08-09T21:30:00Z
3220854,Santos FC vs. CA Paranaense: 1st Half O/U 1.5,bra-san-cap-2026-08-09-more-markets,12324.4,1,0.3,1,0.5,2026-08-09T21:30:00Z
3220881,Red Bull Bragantino vs. SC Corinthians Paulista: O/U 0.5,bra-bra-cor1-2026-08-09-more-markets,12523.67,24,0.91,1,0.5,2026-08-09T21:30:00Z
3220881,Red Bull Bragantino vs. SC Corinthians Paulista: O/U 0.5,bra-bra-cor1-2026-08-09-more-markets,12523.67,1,0.885,1,0.5,2026-08-09T21:30:00Z
3220882,Red Bull Bragantino vs. SC Corinthians Paulista: O/U 1.5,bra-bra-cor1-2026-08-09-more-markets,76652.45,24,0.695,1,0.5,2026-08-09T21:30:00Z
3220882,Red Bull Bragantino vs. SC Corinthians Paulista: O/U 1.5,bra-bra-cor1-2026-08-09-more-markets,76652.45,1,0.655,1,0.5,2026-08-09T21:30:00Z
3220884,Red Bull Bragantino vs. SC Corinthians Paulista: O/U 2.5,bra-bra-cor1-2026-08-09-more-markets,17260.47,24,0.415,0,0.5,2026-08-09T21:30:00Z
3220884,Red Bull Bragantino vs. SC Corinthians Paulista: O/U 2.5,bra-bra-cor1-2026-08-09-more-markets,17260.47,1,0.385,0,0.5,2026-08-09T21:30:00Z
3220888,Red Bull Bragantino vs. SC Corinthians Paulista: Both Teams to Score,bra-bra-cor1-2026-08-09-more-markets,28381.95,24,0.485,0,0.5,2026-08-09T21:30:00Z
3220888,Red Bull Bragantino vs. SC Corinthians Paulista: Both Teams to Score,bra-bra-cor1-2026-08-09-more-markets,28381.95,1,0.465,0,0.5,2026-08-09T21:30:00Z
3220914,Spread: SE Palmeiras (-1.5),bra-pal-int-2026-08-09-more-markets,13207.76,24,0.34,0,0.0,2026-08-09T19:00:00Z
3220914,Spread: SE Palmeiras (-1.5),bra-pal-int-2026-08-09-more-markets,13207.76,1,0.355,0,0.01,2026-08-09T19:00:00Z
3220918,SE Palmeiras vs. SC Internacional: O/U 0.5,bra-pal-int-2026-08-09-more-markets,126383.44,24,0.92,0,0.0,2026-08-09T19:00:00Z
3220918,SE Palmeiras vs. SC Internacional: O/U 0.5,bra-pal-int-2026-08-09-more-markets,126383.44,1,0.935,0,0.01,2026-08-09T19:00:00Z
3220919,SE Palmeiras vs. SC Internacional: O/U 1.5,bra-pal-int-2026-08-09-more-markets,23297.42,24,0.73,0,0.0,2026-08-09T19:00:00Z
3220919,SE Palmeiras vs. SC Internacional: O/U 1.5,bra-pal-int-2026-08-09-more-markets,23297.42,1,0.765,0,0.01,2026-08-09T19:00:00Z
3220921,SE Palmeiras vs. SC Internacional: O/U 2.5,bra-pal-int-2026-08-09-more-markets,61619.36,24,0.485,0,0.0,2026-08-09T19:00:00Z
3220921,SE Palmeiras vs. SC Internacional: O/U 2.5,bra-pal-int-2026-08-09-more-markets,61619.36,1,0.515,0,0.01,2026-08-09T19:00:00Z
3220922,SE Palmeiras vs. SC Internacional: O/U 3.5,bra-pal-int-2026-08-09-more-markets,14043.53,24,0.265,0,0.0,2026-08-09T19:00:00Z
3220922,SE Palmeiras vs. SC Internacional: O/U 3.5,bra-pal-int-2026-08-09-more-markets,14043.53,1,0.295,0,0.01,2026-08-09T19:00:00Z
3220925,SE Palmeiras vs. SC Internacional: Both Teams to Score,bra-pal-int-2026-08-09-more-markets,12620.06,24,0.475,0,0.0,2026-08-09T19:00:00Z
3220925,SE Palmeiras vs. SC Internacional: Both Teams to Score,bra-pal-int-2026-08-09-more-markets,12620.06,1,0.495,0,0.01,2026-08-09T19:00:00Z
3220956,EC Bahia vs. CR Vasco da Gama: O/U 0.5,bra-bah-vas-2026-08-09-more-markets,57365.48,24,0.93,0,0.0,2026-08-09T19:00:00Z
3220956,EC Bahia vs. CR Vasco da Gama: O/U 0.5,bra-bah-vas-2026-08-09-more-markets,57365.48,1,0.925,0,0.01,2026-08-09T19:00:00Z
3220957,EC Bahia vs. CR Vasco da Gama: O/U 1.5,bra-bah-vas-2026-08-09-more-markets,13147.71,24,0.755,0,0.0,2026-08-09T19:00:00Z
3220957,EC Bahia vs. CR Vasco da Gama: O/U 1.5,bra-bah-vas-2026-08-09-more-markets,13147.71,1,0.755,0,0.01,2026-08-09T19:00:00Z
3220958,EC Bahia vs. CR Vasco da Gama: O/U 2.5,bra-bah-vas-2026-08-09-more-markets,23020.87,24,0.505,0,0.0,2026-08-09T19:00:00Z
3220958,EC Bahia vs. CR Vasco da Gama: O/U 2.5,bra-bah-vas-2026-08-09-more-markets,23020.87,1,0.505,0,0.01,2026-08-09T19:00:00Z
3220963,EC Bahia vs. CR Vasco da Gama: Both Teams to Score,bra-bah-vas-2026-08-09-more-markets,38950.32,24,0.55,0,0.0,2026-08-09T19:00:00Z
3220963,EC Bahia vs. CR Vasco da Gama: Both Teams to Score,bra-bah-vas-2026-08-09-more-markets,38950.32,1,0.545,0,0.01,2026-08-09T19:00:00Z
3220965,EC Bahia vs. CR Vasco da Gama: 1st Half O/U 0.5,bra-bah-vas-2026-08-09-more-markets,10465.98,24,0.705,0,0.0,2026-08-09T19:00:00Z
3220965,EC Bahia vs. CR Vasco da Gama: 1st Half O/U 0.5,bra-bah-vas-2026-08-09-more-markets,10465.98,1,0.705,0,0.01,2026-08-09T19:00:00Z
3220993,Spread: Mirassol FC (-2.5),bra-cru-mir-2026-08-09-more-markets,23237.0,24,0.02,0,0.0,2026-08-09T14:00:00Z
3220993,Spread: Mirassol FC (-2.5),bra-cru-mir-2026-08-09-more-markets,23237.0,1,0.014,0,0.0,2026-08-09T14:00:00Z
3220995,Cruzeiro EC vs. Mirassol FC: O/U 1.5,bra-cru-mir-2026-08-09-more-markets,18828.18,24,0.735,1,0.0,2026-08-09T14:00:00Z
3220995,Cruzeiro EC vs. Mirassol FC: O/U 1.5,bra-cru-mir-2026-08-09-more-markets,18828.18,1,0.735,1,0.0,2026-08-09T14:00:00Z
3220996,Cruzeiro EC vs. Mirassol FC: O/U 2.5,bra-cru-mir-2026-08-09-more-markets,258550.61,24,0.475,1,0.0,2026-08-09T14:00:00Z
3220996,Cruzeiro EC vs. Mirassol FC: O/U 2.5,bra-cru-mir-2026-08-09-more-markets,258550.61,1,0.485,1,0.0,2026-08-09T14:00:00Z
3220997,Cruzeiro EC vs. Mirassol FC: O/U 3.5,bra-cru-mir-2026-08-09-more-markets,58703.57,24,0.27,1,0.0,2026-08-09T14:00:00Z
3220997,Cruzeiro EC vs. Mirassol FC: O/U 3.5,bra-cru-mir-2026-08-09-more-markets,58703.57,1,0.265,1,0.0,2026-08-09T14:00:00Z
3220998,Cruzeiro EC vs. Mirassol FC: O/U 4.5,bra-cru-mir-2026-08-09-more-markets,32794.23,24,0.12,0,0.0,2026-08-09T14:00:00Z
3220998,Cruzeiro EC vs. Mirassol FC: O/U 4.5,bra-cru-mir-2026-08-09-more-markets,32794.23,1,0.115,0,0.0,2026-08-09T14:00:00Z
3220999,Cruzeiro EC vs. Mirassol FC: O/U 5.5,bra-cru-mir-2026-08-09-more-markets,26719.75,24,0.055,0,0.0,2026-08-09T14:00:00Z
3220999,Cruzeiro EC vs. Mirassol FC: O/U 5.5,bra-cru-mir-2026-08-09-more-markets,26719.75,1,0.045,0,0.0,2026-08-09T14:00:00Z
3221004,Cruzeiro EC vs. Mirassol FC: 1st Half O/U 1.5,bra-cru-mir-2026-08-09-more-markets,22310.13,24,0.31,1,0.0,2026-08-09T14:00:00Z
3221004,Cruzeiro EC vs. Mirassol FC: 1st Half O/U 1.5,bra-cru-mir-2026-08-09-more-markets,22310.13,1,0.315,1,0.0,2026-08-09T14:00:00Z
3221005,Cruzeiro EC vs. Mirassol FC: 1st Half O/U 2.5,bra-cru-mir-2026-08-09-more-markets,10009.93,24,0.115,0,0.0,2026-08-09T14:00:00Z
3221005,Cruzeiro EC vs. Mirassol FC: 1st Half O/U 2.5,bra-cru-mir-2026-08-09-more-markets,10009.93,1,0.105,0,0.0,2026-08-09T14:00:00Z
3221027,Spread: Botafogo FR (-1.5),bra-bot-flu-2026-08-08-more-markets,12409.41,24,0.175,0,0.01,2026-08-09T00:00:00Z
3221027,Spread: Botafogo FR (-1.5),bra-bot-flu-2026-08-08-more-markets,12409.41,1,0.195,0,0.0,2026-08-09T00:00:00Z
3221031,Botafogo FR vs. Fluminense FC: O/U 0.5,bra-bot-flu-2026-08-08-more-markets,131054.94,24,0.915,1,0.0,2026-08-09T00:00:00Z
3221031,Botafogo FR vs. Fluminense FC: O/U 0.5,bra-bot-flu-2026-08-08-more-markets,131054.94,1,0.915,1,0.0,2026-08-09T00:00:00Z
3221032,Botafogo FR vs. Fluminense FC: O/U 1.5,bra-bot-flu-2026-08-08-more-markets,28901.77,24,0.735,1,0.0,2026-08-09T00:00:00Z
3221032,Botafogo FR vs. Fluminense FC: O/U 1.5,bra-bot-flu-2026-08-08-more-markets,28901.77,1,0.735,1,0.0,2026-08-09T00:00:00Z
3221034,Botafogo FR vs. Fluminense FC: O/U 2.5,bra-bot-flu-2026-08-08-more-markets,49703.54,24,0.475,0,0.0,2026-08-09T00:00:00Z
3221034,Botafogo FR vs. Fluminense FC: O/U 2.5,bra-bot-flu-2026-08-08-more-markets,49703.54,1,0.475,0,0.0,2026-08-09T00:00:00Z
3221035,Botafogo FR vs. Fluminense FC: O/U 3.5,bra-bot-flu-2026-08-08-more-markets,24830.67,24,0.265,0,0.01,2026-08-09T00:00:00Z
3221035,Botafogo FR vs. Fluminense FC: O/U 3.5,bra-bot-flu-2026-08-08-more-markets,24830.67,1,0.265,0,0.0,2026-08-09T00:00:00Z
3221038,Botafogo FR vs. Fluminense FC: Both Teams to Score,bra-bot-flu-2026-08-08-more-markets,16150.05,24,0.56,1,0.0,2026-08-09T00:00:00Z
3221038,Botafogo FR vs. Fluminense FC: Both Teams to Score,bra-bot-flu-2026-08-08-more-markets,16150.05,1,0.535,1,0.0,2026-08-09T00:00:00Z
3221062,Spread: Coritiba FBC (-1.5),bra-cor-cha-2026-08-08-more-markets,16210.48,24,0.325,0,0.49,2026-08-08T23:30:00Z
3221062,Spread: Coritiba FBC (-1.5),bra-cor-cha-2026-08-08-more-markets,16210.48,1,0.315,0,0.5,2026-08-08T23:30:00Z
3221067,Spread: Associação Chapecoense de Futebol (-2.5),bra-cor-cha-2026-08-08-more-markets,20880.96,24,0.02,0,0.49,2026-08-08T23:30:00Z
3221067,Spread: Associação Chapecoense de Futebol (-2.5),bra-cor-cha-2026-08-08-more-markets,20880.96,1,0.0135,0,0.5,2026-08-08T23:30:00Z
3221069,Coritiba FBC vs. Associação Chapecoense de Futebol: O/U 1.5,bra-cor-cha-2026-08-08-more-markets,36550.76,24,0.735,1,0.49,2026-08-08T23:30:00Z
3221069,Coritiba FBC vs. Associação Chapecoense de Futebol: O/U 1.5,bra-cor-cha-2026-08-08-more-markets,36550.76,1,0.735,1,0.5,2026-08-08T23:30:00Z
3221071,Coritiba FBC vs. Associação Chapecoense de Futebol: O/U 2.5,bra-cor-cha-2026-08-08-more-markets,48839.81,24,0.485,1,0.49,2026-08-08T23:30:00Z
3221071,Coritiba FBC vs. Associação Chapecoense de Futebol: O/U 2.5,bra-cor-cha-2026-08-08-more-markets,48839.81,1,0.465,1,0.5,2026-08-08T23:30:00Z
3221076,Coritiba FBC vs. Associação Chapecoense de Futebol: Both Teams to Score,bra-cor-cha-2026-08-08-more-markets,37635.38,24,0.485,1,0.49,2026-08-08T23:30:00Z
3221076,Coritiba FBC vs. Associação Chapecoense de Futebol: Both Teams to Score,bra-cor-cha-2026-08-08-more-markets,37635.38,1,0.485,1,0.5,2026-08-08T23:30:00Z
3221079,Coritiba FBC vs. Associação Chapecoense de Futebol: 1st Half O/U 1.5,bra-cor-cha-2026-08-08-more-markets,19415.95,24,0.305,0,0.49,2026-08-08T23:30:00Z
3221079,Coritiba FBC vs. Associação Chapecoense de Futebol: 1st Half O/U 1.5,bra-cor-cha-2026-08-08-more-markets,19415.95,1,0.305,0,0.5,2026-08-08T23:30:00Z
3221110,Clube do Remo vs. CA Mineiro: O/U 2.5,bra-cre-cam-2026-08-08-more-markets,11526.84,24,0.44,1,0.5,2026-08-08T21:30:00Z
3221110,Clube do Remo vs. CA Mineiro: O/U 2.5,bra-cre-cam-2026-08-08-more-markets,11526.84,1,0.435,1,0.49,2026-08-08T21:30:00Z
3221111,Clube do Remo vs. CA Mineiro: O/U 3.5,bra-cre-cam-2026-08-08-more-markets,35061.22,24,0.23,1,0.5,2026-08-08T21:30:00Z
3221111,Clube do Remo vs. CA Mineiro: O/U 3.5,bra-cre-cam-2026-08-08-more-markets,35061.22,1,0.225,1,0.49,2026-08-08T21:30:00Z
3221112,Clube do Remo vs. CA Mineiro: O/U 4.5,bra-cre-cam-2026-08-08-more-markets,16349.81,24,0.105,0,0.5,2026-08-08T21:30:00Z
3221112,Clube do Remo vs. CA Mineiro: O/U 4.5,bra-cre-cam-2026-08-08-more-markets,16349.81,1,0.095,0,0.49,2026-08-08T21:30:00Z
3221141,Grêmio FBPA vs. São Paulo FC: O/U 0.5,bra-gre-sao-2026-08-08-more-markets,10470.82,24,0.91,1,0.0,2026-08-08T19:00:00Z
3221141,Grêmio FBPA vs. São Paulo FC: O/U 0.5,bra-gre-sao-2026-08-08-more-markets,10470.82,1,0.895,1,0.0,2026-08-08T19:00:00Z
3221142,Grêmio FBPA vs. São Paulo FC: O/U 1.5,bra-gre-sao-2026-08-08-more-markets,29902.68,24,0.7,1,0.0,2026-08-08T19:00:00Z
3221142,Grêmio FBPA vs. São Paulo FC: O/U 1.5,bra-gre-sao-2026-08-08-more-markets,29902.68,1,0.685,1,0.0,2026-08-08T19:00:00Z
3221143,Grêmio FBPA vs. São Paulo FC: O/U 2.5,bra-gre-sao-2026-08-08-more-markets,52934.45,24,0.44,1,0.0,2026-08-08T19:00:00Z
3221143,Grêmio FBPA vs. São Paulo FC: O/U 2.5,bra-gre-sao-2026-08-08-more-markets,52934.45,1,0.405,1,0.0,2026-08-08T19:00:00Z
3221144,Grêmio FBPA vs. São Paulo FC: O/U 3.5,bra-gre-sao-2026-08-08-more-markets,36370.36,24,0.225,0,0.0,2026-08-08T19:00:00Z
3221144,Grêmio FBPA vs. São Paulo FC: O/U 3.5,bra-gre-sao-2026-08-08-more-markets,36370.36,1,0.205,0,0.0,2026-08-08T19:00:00Z
3221147,Grêmio FBPA vs. São Paulo FC: Both Teams to Score,bra-gre-sao-2026-08-08-more-markets,27600.52,24,0.515,1,0.0,2026-08-08T19:00:00Z
3221147,Grêmio FBPA vs. São Paulo FC: Both Teams to Score,bra-gre-sao-2026-08-08-more-markets,27600.52,1,0.495,1,0.0,2026-08-08T19:00:00Z
3221514,Will Levante UD win on 2026-08-08?,clf-cas-lu-2026-08-08,12445.33,24,0.5,1,0.0,2026-08-08T17:00:00Z
3221514,Will Levante UD win on 2026-08-08?,clf-cas-lu-2026-08-08,12445.33,1,0.375,1,0.0,2026-08-08T17:00:00Z
3221515,Will SSVg Velbert win on 2026-08-12?,clf-vel-bmg-2026-08-12,16524.79,24,0.165,0,0.0,2026-08-12T16:00:00Z
3221515,Will SSVg Velbert win on 2026-08-12?,clf-vel-bmg-2026-08-12,16524.79,1,0.0245,0,0.01,2026-08-12T16:00:00Z
3221517,Will Borussia Monchengladbach win on 2026-08-12?,clf-vel-bmg-2026-08-12,25828.09,24,0.72,1,0.0,2026-08-12T16:00:00Z
3221517,Will Borussia Monchengladbach win on 2026-08-12?,clf-vel-bmg-2026-08-12,25828.09,1,0.94,1,0.01,2026-08-12T16:00:00Z
3221518,Will RC Deportivo De La Coruna win on 2026-08-12?,clf-dep-rma-2026-08-12,22999.25,24,0.165,0,0.01,2026-08-12T19:00:00Z
3221518,Will RC Deportivo De La Coruna win on 2026-08-12?,clf-dep-rma-2026-08-12,22999.25,1,0.115,0,0.01,2026-08-12T19:00:00Z
3221519,Will RC Deportivo De La Coruna vs. Real Madrid end in a draw?,clf-dep-rma-2026-08-12,12304.52,24,0.195,0,0.01,2026-08-12T19:00:00Z
3221519,Will RC Deportivo De La Coruna vs. Real Madrid end in a draw?,clf-dep-rma-2026-08-12,12304.52,1,0.165,0,0.01,2026-08-12T19:00:00Z
3221521,Will Real Madrid win on 2026-08-12?,clf-dep-rma-2026-08-12,138208.52,24,0.665,1,0.01,2026-08-12T19:00:00Z
3221521,Will Real Madrid win on 2026-08-12?,clf-dep-rma-2026-08-12,138208.52,1,0.725,1,0.0,2026-08-12T19:00:00Z
3221706,Real Madrid leading at halftime?,clf-dep-rma-2026-08-12-halftime-result,17739.6,24,0.49,1,0.01,2026-08-12T19:00:00Z
3221706,Real Madrid leading at halftime?,clf-dep-rma-2026-08-12-halftime-result,17739.6,1,0.545,1,0.0,2026-08-12T19:00:00Z
3221819,Spread: Real Madrid (-1.5),clf-dep-rma-2026-08-12-more-markets,63333.15,24,0.43,0,0.01,2026-08-12T19:00:00Z
3221819,Spread: Real Madrid (-1.5),clf-dep-rma-2026-08-12-more-markets,63333.15,1,0.485,0,0.0,2026-08-12T19:00:00Z
3221822,RC Deportivo De La Coruna vs. Real Madrid: O/U 0.5,clf-dep-rma-2026-08-12-more-markets,12206.98,24,0.966,1,0.01,2026-08-12T19:00:00Z
3221822,RC Deportivo De La Coruna vs. Real Madrid: O/U 0.5,clf-dep-rma-2026-08-12-more-markets,12206.98,1,0.9675,1,0.0,2026-08-12T19:00:00Z
3221823,RC Deportivo De La Coruna vs. Real Madrid: O/U 1.5,clf-dep-rma-2026-08-12-more-markets,36192.9,24,0.845,0,0.01,2026-08-12T19:00:00Z
3221823,RC Deportivo De La Coruna vs. Real Madrid: O/U 1.5,clf-dep-rma-2026-08-12-more-markets,36192.9,1,0.855,0,0.0,2026-08-12T19:00:00Z
3221824,RC Deportivo De La Coruna vs. Real Madrid: O/U 2.5,clf-dep-rma-2026-08-12-more-markets,20519.4,24,0.66,0,0.01,2026-08-12T19:00:00Z
3221824,RC Deportivo De La Coruna vs. Real Madrid: O/U 2.5,clf-dep-rma-2026-08-12-more-markets,20519.4,1,0.655,0,0.0,2026-08-12T19:00:00Z
3221825,RC Deportivo De La Coruna vs. Real Madrid: O/U 3.5,clf-dep-rma-2026-08-12-more-markets,20464.91,24,0.43,0,0.01,2026-08-12T19:00:00Z
3221825,RC Deportivo De La Coruna vs. Real Madrid: O/U 3.5,clf-dep-rma-2026-08-12-more-markets,20464.91,1,0.435,0,0.01,2026-08-12T19:00:00Z
3221828,RC Deportivo De La Coruna vs. Real Madrid: Both Teams to Score,clf-dep-rma-2026-08-12-more-markets,12228.59,24,0.58,0,0.01,2026-08-12T19:00:00Z
3221828,RC Deportivo De La Coruna vs. Real Madrid: Both Teams to Score,clf-dep-rma-2026-08-12-more-markets,12228.59,1,0.545,0,0.0,2026-08-12T19:00:00Z
3222536,Will Fluminense FC win on 2026-08-11?,lib-flu-cir-2026-08-11,107188.72,24,0.57,0,0.0,2026-08-11T22:00:00Z
3222536,Will Fluminense FC win on 2026-08-11?,lib-flu-cir-2026-08-11,107188.72,1,0.575,0,0.0,2026-08-11T22:00:00Z
3222537,Will Fluminense FC vs. CS Independiente Rivadavia end in a draw?,lib-flu-cir-2026-08-11,35398.76,24,0.255,1,0.0,2026-08-11T22:00:00Z
3222537,Will Fluminense FC vs. CS Independiente Rivadavia end in a draw?,lib-flu-cir-2026-08-11,35398.76,1,0.275,1,0.0,2026-08-11T22:00:00Z
3222538,Will CS Independiente Rivadavia win on 2026-08-11?,lib-flu-cir-2026-08-11,89040.7,24,0.175,0,0.0,2026-08-11T22:00:00Z
3222538,Will CS Independiente Rivadavia win on 2026-08-11?,lib-flu-cir-2026-08-11,89040.7,1,0.155,0,0.0,2026-08-11T22:00:00Z
3222543,Will Independiente del Valle win on 2026-08-11?,lib-tol-ind1-2026-08-11,79752.22,168,0.455,1,0.5,2026-08-19T00:30:00Z
3222543,Will Independiente del Valle win on 2026-08-11?,lib-tol-ind1-2026-08-11,79752.22,24,0.365,1,0.49,2026-08-19T00:30:00Z
3222543,Will Independiente del Valle win on 2026-08-11?,lib-tol-ind1-2026-08-11,79752.22,1,0.385,1,0.5,2026-08-19T00:30:00Z
3222544,Will Estudiantes de La Plata win on 2026-08-11?,lib-est-cat1-2026-08-11,21106.01,24,0.59,0,0.49,2026-08-12T00:30:00Z
3222544,Will Estudiantes de La Plata win on 2026-08-11?,lib-est-cat1-2026-08-11,21106.01,1,0.565,0,0.5,2026-08-12T00:30:00Z
3222546,Will CD Universidad Católica win on 2026-08-11?,lib-est-cat1-2026-08-11,32757.16,24,0.15,0,0.49,2026-08-12T00:30:00Z
3222546,Will CD Universidad Católica win on 2026-08-11?,lib-est-cat1-2026-08-11,32757.16,1,0.155,0,0.5,2026-08-12T00:30:00Z
3222548,Will SE Palmeiras win on 2026-08-12?,lib-pal-cep-2026-08-12,499492.65,24,0.755,0,0.01,2026-08-12T22:00:00Z
3222548,Will SE Palmeiras win on 2026-08-12?,lib-pal-cep-2026-08-12,499492.65,1,0.745,0,0.01,2026-08-12T22:00:00Z
3222549,Will SE Palmeiras vs. Club Cerro Porteño end in a draw?,lib-pal-cep-2026-08-12,82466.4,24,0.18,1,0.0,2026-08-12T22:00:00Z
3222549,Will SE Palmeiras vs. Club Cerro Porteño end in a draw?,lib-pal-cep-2026-08-12,82466.4,1,0.185,1,0.0,2026-08-12T22:00:00Z
3222550,Will Club Cerro Porteño win on 2026-08-12?,lib-pal-cep-2026-08-12,127337.76,24,0.065,0,0.0,2026-08-12T22:00:00Z
3222550,Will Club Cerro Porteño win on 2026-08-12?,lib-pal-cep-2026-08-12,127337.76,1,0.065,0,0.0,2026-08-12T22:00:00Z
3222552,Will CA Platense win on 2026-08-12?,lib-cp-coq-2026-08-12,158410.02,24,0.495,0,0.0,2026-08-12T22:00:00Z
3222552,Will CA Platense win on 2026-08-12?,lib-cp-coq-2026-08-12,158410.02,1,0.445,0,0.0,2026-08-12T22:00:00Z
3222553,Will CA Platense vs. CD Coquimbo Unido end in a draw?,lib-cp-coq-2026-08-12,24460.14,24,0.3,1,0.0,2026-08-12T22:00:00Z
3222553,Will CA Platense vs. CD Coquimbo Unido end in a draw?,lib-cp-coq-2026-08-12,24460.14,1,0.335,1,0.0,2026-08-12T22:00:00Z
3222554,Will CD Coquimbo Unido win on 2026-08-12?,lib-cp-coq-2026-08-12,39548.74,24,0.195,0,0.01,2026-08-12T22:00:00Z
3222554,Will CD Coquimbo Unido win on 2026-08-12?,lib-cp-coq-2026-08-12,39548.74,1,0.215,0,0.01,2026-08-12T22:00:00Z
3222556,Will Cruzeiro EC win on 2026-08-12?,lib-cru-fla-2026-08-12,157409.49,168,0.305,0,39.5,2026-08-13T00:30:00Z
3222556,Will Cruzeiro EC win on 2026-08-12?,lib-cru-fla-2026-08-12,157409.49,24,0.31,0,0.5,2026-08-13T00:30:00Z
3222556,Will Cruzeiro EC win on 2026-08-12?,lib-cru-fla-2026-08-12,157409.49,1,0.315,0,0.5,2026-08-13T00:30:00Z
3222557,Will Cruzeiro EC vs. CR Flamengo end in a draw?,lib-cru-fla-2026-08-12,39365.16,168,0.325,1,39.5,2026-08-13T00:30:00Z
3222557,Will Cruzeiro EC vs. CR Flamengo end in a draw?,lib-cru-fla-2026-08-12,39365.16,24,0.305,1,0.5,2026-08-13T00:30:00Z
3222557,Will Cruzeiro EC vs. CR Flamengo end in a draw?,lib-cru-fla-2026-08-12,39365.16,1,0.315,1,0.5,2026-08-13T00:30:00Z
3222558,Will CR Flamengo win on 2026-08-12?,lib-cru-fla-2026-08-12,263787.19,168,0.385,0,39.5,2026-08-13T00:30:00Z
3222558,Will CR Flamengo win on 2026-08-12?,lib-cru-fla-2026-08-12,263787.19,24,0.385,0,0.5,2026-08-13T00:30:00Z
3222558,Will CR Flamengo win on 2026-08-12?,lib-cru-fla-2026-08-12,263787.19,1,0.365,0,0.5,2026-08-13T00:30:00Z
3222566,Exact Score: Fluminense FC 0 - 0 CS Independiente Rivadavia?,lib-flu-cir-2026-08-11-exact-score,13045.0,24,0.09,1,0.0,2026-08-11T22:00:00Z
3222566,Exact Score: Fluminense FC 0 - 0 CS Independiente Rivadavia?,lib-flu-cir-2026-08-11-exact-score,13045.0,1,0.115,1,0.0,2026-08-11T22:00:00Z
3222951,"Will the Ornn H100 Index be between $2.25 and $2.50 on August 31, 2026?",gpu-rental-prices-h100-end-of-august-1785423806191,10603.28,720,0.27,0,136.02,2026-08-31T23:59:00Z
3222951,"Will the Ornn H100 Index be between $2.25 and $2.50 on August 31, 2026?",gpu-rental-prices-h100-end-of-august-1785423806191,10603.28,168,0.065,0,0.02,2026-08-31T23:59:00Z
3222951,"Will the Ornn H100 Index be between $2.25 and $2.50 on August 31, 2026?",gpu-rental-prices-h100-end-of-august-1785423806191,10603.28,24,0.0025,0,0.02,2026-08-31T23:59:00Z
3222951,"Will the Ornn H100 Index be between $2.25 and $2.50 on August 31, 2026?",gpu-rental-prices-h100-end-of-august-1785423806191,10603.28,1,0.0025,0,0.02,2026-08-31T23:59:00Z
3222953,"Will the Ornn H100 Index be between $2.75 and $3.00 on August 31, 2026?",gpu-rental-prices-h100-end-of-august-1785423806191,11135.8,720,0.305,1,136.02,2026-08-31T23:59:00Z
3222953,"Will the Ornn H100 Index be between $2.75 and $3.00 on August 31, 2026?",gpu-rental-prices-h100-end-of-august-1785423806191,11135.8,168,0.39,1,0.02,2026-08-31T23:59:00Z
3222953,"Will the Ornn H100 Index be between $2.75 and $3.00 on August 31, 2026?",gpu-rental-prices-h100-end-of-august-1785423806191,11135.8,24,0.39,1,0.02,2026-08-31T23:59:00Z
3222953,"Will the Ornn H100 Index be between $2.75 and $3.00 on August 31, 2026?",gpu-rental-prices-h100-end-of-august-1785423806191,11135.8,1,0.62,1,0.02,2026-08-31T23:59:00Z
3222979,"Will the Ornn H200 Index be between $4.00 and $4.50 on August 31, 2026?",gpu-rental-prices-h200-end-of-august-1785423806391,18578.54,720,0.19,1,136.02,2026-08-31T23:59:00Z
3222979,"Will the Ornn H200 Index be between $4.00 and $4.50 on August 31, 2026?",gpu-rental-prices-h200-end-of-august-1785423806391,18578.54,168,0.195,1,0.02,2026-08-31T23:59:00Z
3222979,"Will the Ornn H200 Index be between $4.00 and $4.50 on August 31, 2026?",gpu-rental-prices-h200-end-of-august-1785423806391,18578.54,24,0.39,1,0.02,2026-08-31T23:59:00Z
3222979,"Will the Ornn H200 Index be between $4.00 and $4.50 on August 31, 2026?",gpu-rental-prices-h200-end-of-august-1785423806391,18578.54,1,0.495,1,0.02,2026-08-31T23:59:00Z
3222980,"Will the Ornn H200 Index be between $4.50 and $5.00 on August 31, 2026?",gpu-rental-prices-h200-end-of-august-1785423806391,12459.13,720,0.245,0,136.02,2026-08-31T23:59:00Z
3222980,"Will the Ornn H200 Index be between $4.50 and $5.00 on August 31, 2026?",gpu-rental-prices-h200-end-of-august-1785423806391,12459.13,168,0.355,0,0.02,2026-08-31T23:59:00Z
3222980,"Will the Ornn H200 Index be between $4.50 and $5.00 on August 31, 2026?",gpu-rental-prices-h200-end-of-august-1785423806391,12459.13,24,0.635,0,0.02,2026-08-31T23:59:00Z
3222980,"Will the Ornn H200 Index be between $4.50 and $5.00 on August 31, 2026?",gpu-rental-prices-h200-end-of-august-1785423806391,12459.13,1,0.42,0,0.02,2026-08-31T23:59:00Z
3223003,"Will the Ornn B200 Index be between $5.50 and $6.00 on August 31, 2026?",gpu-rental-prices-b200-end-of-august-1785423806591,12194.46,720,0.15,0,136.02,2026-08-31T23:59:00Z
3223003,"Will the Ornn B200 Index be between $5.50 and $6.00 on August 31, 2026?",gpu-rental-prices-b200-end-of-august-1785423806591,12194.46,168,0.115,0,0.02,2026-08-31T23:59:00Z
3223003,"Will the Ornn B200 Index be between $5.50 and $6.00 on August 31, 2026?",gpu-rental-prices-b200-end-of-august-1785423806591,12194.46,24,0.285,0,0.02,2026-08-31T23:59:00Z
3223003,"Will the Ornn B200 Index be between $5.50 and $6.00 on August 31, 2026?",gpu-rental-prices-b200-end-of-august-1785423806591,12194.46,1,0.205,0,0.02,2026-08-31T23:59:00Z
3223004,"Will the Ornn B200 Index be between $6.00 and $6.50 on August 31, 2026?",gpu-rental-prices-b200-end-of-august-1785423806591,28124.34,720,0.255,1,136.02,2026-08-31T23:59:00Z
3223004,"Will the Ornn B200 Index be between $6.00 and $6.50 on August 31, 2026?",gpu-rental-prices-b200-end-of-august-1785423806591,28124.34,168,0.245,1,0.02,2026-08-31T23:59:00Z
3223004,"Will the Ornn B200 Index be between $6.00 and $6.50 on August 31, 2026?",gpu-rental-prices-b200-end-of-august-1785423806591,28124.34,24,0.695,1,0.02,2026-08-31T23:59:00Z
3223004,"Will the Ornn B200 Index be between $6.00 and $6.50 on August 31, 2026?",gpu-rental-prices-b200-end-of-august-1785423806591,28124.34,1,0.79,1,0.02,2026-08-31T23:59:00Z
3223005,"Will the Ornn B200 Index be between $6.50 and $7.00 on August 31, 2026?",gpu-rental-prices-b200-end-of-august-1785423806591,13022.51,720,0.16,0,136.02,2026-08-31T23:59:00Z
3223005,"Will the Ornn B200 Index be between $6.50 and $7.00 on August 31, 2026?",gpu-rental-prices-b200-end-of-august-1785423806591,13022.51,168,0.38,0,0.02,2026-08-31T23:59:00Z
3223005,"Will the Ornn B200 Index be between $6.50 and $7.00 on August 31, 2026?",gpu-rental-prices-b200-end-of-august-1785423806591,13022.51,24,0.161,0,0.02,2026-08-31T23:59:00Z
3223005,"Will the Ornn B200 Index be between $6.50 and $7.00 on August 31, 2026?",gpu-rental-prices-b200-end-of-august-1785423806591,13022.51,1,0.1005,0,0.02,2026-08-31T23:59:00Z
3223019,"Will the Ornn A100 Index be between $1.00 and $1.25 on August 31, 2026?",gpu-rental-prices-a100-end-of-august-1785423806791,33257.43,720,0.645,1,136.02,2026-08-31T23:59:00Z
3223019,"Will the Ornn A100 Index be between $1.00 and $1.25 on August 31, 2026?",gpu-rental-prices-a100-end-of-august-1785423806791,33257.43,168,0.93,1,0.02,2026-08-31T23:59:00Z
3223019,"Will the Ornn A100 Index be between $1.00 and $1.25 on August 31, 2026?",gpu-rental-prices-a100-end-of-august-1785423806791,33257.43,24,0.934,1,0.02,2026-08-31T23:59:00Z
3223019,"Will the Ornn A100 Index be between $1.00 and $1.25 on August 31, 2026?",gpu-rental-prices-a100-end-of-august-1785423806791,33257.43,1,0.9935,1,0.02,2026-08-31T23:59:00Z
3223044,"Will the Ornn RTX 5090 Index be between $0.45 and $0.50 on August 31, 2026?",gpu-rental-prices-rtx-5090-end-of-august-1785423806991,20136.89,720,0.555,0,136.02,2026-08-31T23:59:00Z
3223044,"Will the Ornn RTX 5090 Index be between $0.45 and $0.50 on August 31, 2026?",gpu-rental-prices-rtx-5090-end-of-august-1785423806991,20136.89,168,0.33,0,0.02,2026-08-31T23:59:00Z
3223044,"Will the Ornn RTX 5090 Index be between $0.45 and $0.50 on August 31, 2026?",gpu-rental-prices-rtx-5090-end-of-august-1785423806991,20136.89,24,0.011,0,0.02,2026-08-31T23:59:00Z
3223044,"Will the Ornn RTX 5090 Index be between $0.45 and $0.50 on August 31, 2026?",gpu-rental-prices-rtx-5090-end-of-august-1785423806991,20136.89,1,0.003,0,0.02,2026-08-31T23:59:00Z
3223045,"Will the Ornn RTX 5090 Index be between $0.50 and $0.55 on August 31, 2026?",gpu-rental-prices-rtx-5090-end-of-august-1785423806991,13117.17,720,0.245,1,136.02,2026-08-31T23:59:00Z
3223045,"Will the Ornn RTX 5090 Index be between $0.50 and $0.55 on August 31, 2026?",gpu-rental-prices-rtx-5090-end-of-august-1785423806991,13117.17,168,0.58,1,0.02,2026-08-31T23:59:00Z
3223045,"Will the Ornn RTX 5090 Index be between $0.50 and $0.55 on August 31, 2026?",gpu-rental-prices-rtx-5090-end-of-august-1785423806991,13117.17,24,0.951,1,0.02,2026-08-31T23:59:00Z
3223045,"Will the Ornn RTX 5090 Index be between $0.50 and $0.55 on August 31, 2026?",gpu-rental-prices-rtx-5090-end-of-august-1785423806991,13117.17,1,0.9705,1,0.02,2026-08-31T23:59:00Z
3225080,Silkeborg IF vs. Odense BK: O/U 1.5,den-sif-ode-2026-08-10-more-markets,53275.08,24,0.84,0,0.0,2026-08-10T17:00:00Z
3225080,Silkeborg IF vs. Odense BK: O/U 1.5,den-sif-ode-2026-08-10-more-markets,53275.08,1,0.845,0,0.01,2026-08-10T17:00:00Z
3225091,Silkeborg IF vs. Odense BK: O/U 2.5,den-sif-ode-2026-08-10-more-markets,39415.08,24,0.635,0,0.0,2026-08-10T17:00:00Z
3225091,Silkeborg IF vs. Odense BK: O/U 2.5,den-sif-ode-2026-08-10-more-markets,39415.08,1,0.645,0,0.01,2026-08-10T17:00:00Z
3225102,Silkeborg IF vs. Odense BK: O/U 3.5,den-sif-ode-2026-08-10-more-markets,17216.57,24,0.41,0,0.0,2026-08-10T17:00:00Z
3225102,Silkeborg IF vs. Odense BK: O/U 3.5,den-sif-ode-2026-08-10-more-markets,17216.57,1,0.415,0,0.01,2026-08-10T17:00:00Z
3225137,Silkeborg IF vs. Odense BK: Both Teams to Score,den-sif-ode-2026-08-10-more-markets,10130.42,24,0.66,0,0.0,2026-08-10T17:00:00Z
3225137,Silkeborg IF vs. Odense BK: Both Teams to Score,den-sif-ode-2026-08-10-more-markets,10130.42,1,0.665,0,0.01,2026-08-10T17:00:00Z
3226756,Will Qairat FK win on 2026-08-11?,ucl-kai-pls-2026-08-11,101470.02,24,0.375,0,0.01,2026-08-11T15:00:00Z
3226756,Will Qairat FK win on 2026-08-11?,ucl-kai-pls-2026-08-11,101470.02,1,0.345,0,0.0,2026-08-11T15:00:00Z
3226757,Will Qairat FK vs. PFK Levski Sofia end in a draw?,ucl-kai-pls-2026-08-11,38054.72,24,0.295,0,0.01,2026-08-11T15:00:00Z
3226757,Will Qairat FK vs. PFK Levski Sofia end in a draw?,ucl-kai-pls-2026-08-11,38054.72,1,0.305,0,0.0,2026-08-11T15:00:00Z
3226758,Will PFK Levski Sofia win on 2026-08-11?,ucl-kai-pls-2026-08-11,159685.07,24,0.335,1,0.01,2026-08-11T15:00:00Z
3226758,Will PFK Levski Sofia win on 2026-08-11?,ucl-kai-pls-2026-08-11,159685.07,1,0.355,1,0.0,2026-08-11T15:00:00Z
3226759,Will Sabah FK win on 2026-08-11?,ucl-sf-agf-2026-08-11,133566.31,24,0.465,1,0.01,2026-08-11T16:00:00Z
3226759,Will Sabah FK win on 2026-08-11?,ucl-sf-agf-2026-08-11,133566.31,1,0.495,1,0.0,2026-08-11T16:00:00Z
3226760,Will Sabah FK vs. Aarhus GF end in a draw?,ucl-sf-agf-2026-08-11,23023.87,24,0.275,0,0.01,2026-08-11T16:00:00Z
3226760,Will Sabah FK vs. Aarhus GF end in a draw?,ucl-sf-agf-2026-08-11,23023.87,1,0.255,0,0.0,2026-08-11T16:00:00Z
3226761,Will Aarhus GF win on 2026-08-11?,ucl-sf-agf-2026-08-11,37877.55,24,0.265,0,0.01,2026-08-11T16:00:00Z
3226761,Will Aarhus GF win on 2026-08-11?,ucl-sf-agf-2026-08-11,37877.55,1,0.245,0,0.0,2026-08-11T16:00:00Z
3226762,Will FK Bodø/Glimt win on 2026-08-11?,ucl-bog-usg-2026-08-11,459071.49,24,0.595,0,0.01,2026-08-11T16:00:00Z
3226762,Will FK Bodø/Glimt win on 2026-08-11?,ucl-bog-usg-2026-08-11,459071.49,1,0.595,0,0.0,2026-08-11T16:00:00Z
3226763,Will FK Bodø/Glimt vs. RU Saint-Gilloise end in a draw?,ucl-bog-usg-2026-08-11,61237.24,24,0.195,1,0.01,2026-08-11T16:00:00Z
3226763,Will FK Bodø/Glimt vs. RU Saint-Gilloise end in a draw?,ucl-bog-usg-2026-08-11,61237.24,1,0.215,1,0.0,2026-08-11T16:00:00Z
3226764,Will RU Saint-Gilloise win on 2026-08-11?,ucl-bog-usg-2026-08-11,84875.08,24,0.205,0,0.01,2026-08-11T16:00:00Z
3226764,Will RU Saint-Gilloise win on 2026-08-11?,ucl-bog-usg-2026-08-11,84875.08,1,0.185,0,0.0,2026-08-11T16:00:00Z
3226765,Will FK Kauno Žalgiris win on 2026-08-11?,ucl-kau-din-2026-08-11,60413.62,24,0.115,0,0.01,2026-08-11T17:00:00Z
3226765,Will FK Kauno Žalgiris win on 2026-08-11?,ucl-kau-din-2026-08-11,60413.62,1,0.135,0,0.0,2026-08-11T17:00:00Z
3226766,Will FK Kauno Žalgiris vs. GNK Dinamo Zagreb end in a draw?,ucl-kau-din-2026-08-11,42126.98,24,0.185,0,0.01,2026-08-11T17:00:00Z
3226766,Will FK Kauno Žalgiris vs. GNK Dinamo Zagreb end in a draw?,ucl-kau-din-2026-08-11,42126.98,1,0.215,0,0.0,2026-08-11T17:00:00Z
3226767,Will GNK Dinamo Zagreb win on 2026-08-11?,ucl-kau-din-2026-08-11,126525.41,24,0.685,1,0.01,2026-08-11T17:00:00Z
3226767,Will GNK Dinamo Zagreb win on 2026-08-11?,ucl-kau-din-2026-08-11,126525.41,1,0.655,1,0.0,2026-08-11T17:00:00Z
3226768,Will NEC win on 2026-08-11?,ucl-nec-oly-2026-08-11,121893.92,24,0.355,0,0.49,2026-08-11T17:30:00Z
3226768,Will NEC win on 2026-08-11?,ucl-nec-oly-2026-08-11,121893.92,1,0.345,0,0.5,2026-08-11T17:30:00Z
3226769,Will NEC vs. Olympiakós SFP end in a draw?,ucl-nec-oly-2026-08-11,42882.76,24,0.285,1,0.49,2026-08-11T17:30:00Z
3226769,Will NEC vs. Olympiakós SFP end in a draw?,ucl-nec-oly-2026-08-11,42882.76,1,0.285,1,0.5,2026-08-11T17:30:00Z
3226770,Will Olympiakós SFP win on 2026-08-11?,ucl-nec-oly-2026-08-11,81302.46,24,0.365,0,0.49,2026-08-11T17:30:00Z
3226770,Will Olympiakós SFP win on 2026-08-11?,ucl-nec-oly-2026-08-11,81302.46,1,0.375,0,0.5,2026-08-11T17:30:00Z
3226771,Will FK Crvena zvezda win on 2026-08-11?,ucl-crv-hbs-2026-08-11,171722.17,24,0.755,0,0.0,2026-08-11T18:00:00Z
3226771,Will FK Crvena zvezda win on 2026-08-11?,ucl-crv-hbs-2026-08-11,171722.17,1,0.785,0,0.0,2026-08-11T18:00:00Z
3226772,Will FK Crvena zvezda vs. MH Hapoel Be'er Sheva end in a draw?,ucl-crv-hbs-2026-08-11,49085.97,24,0.155,0,0.0,2026-08-11T18:00:00Z
3226772,Will FK Crvena zvezda vs. MH Hapoel Be'er Sheva end in a draw?,ucl-crv-hbs-2026-08-11,49085.97,1,0.135,0,0.0,2026-08-11T18:00:00Z
3226773,Will MH Hapoel Be'er Sheva win on 2026-08-11?,ucl-crv-hbs-2026-08-11,199255.35,24,0.095,1,0.0,2026-08-11T18:00:00Z
3226773,Will MH Hapoel Be'er Sheva win on 2026-08-11?,ucl-crv-hbs-2026-08-11,199255.35,1,0.075,1,0.0,2026-08-11T18:00:00Z
3226774,Will NK Celje win on 2026-08-11?,ucl-cel1-aa-2026-08-11,69256.86,24,0.665,1,0.25,2026-08-11T18:15:00Z
3226774,Will NK Celje win on 2026-08-11?,ucl-cel1-aa-2026-08-11,69256.86,1,0.695,1,0.25,2026-08-11T18:15:00Z
3226775,Will NK Celje vs. Ararat-Armenia FA end in a draw?,ucl-cel1-aa-2026-08-11,16032.43,24,0.195,0,0.25,2026-08-11T18:15:00Z
3226775,Will NK Celje vs. Ararat-Armenia FA end in a draw?,ucl-cel1-aa-2026-08-11,16032.43,1,0.185,0,0.25,2026-08-11T18:15:00Z
3226776,Will Ararat-Armenia FA win on 2026-08-11?,ucl-cel1-aa-2026-08-11,32163.36,24,0.125,0,0.25,2026-08-11T18:15:00Z
3226776,Will Ararat-Armenia FA win on 2026-08-11?,ucl-cel1-aa-2026-08-11,32163.36,1,0.115,0,0.25,2026-08-11T18:15:00Z
3226779,Will SK Puntigamer Sturm Graz win on 2026-08-11?,ucl-stu1-fen-2026-08-11,90453.88,24,0.245,0,0.5,2026-08-11T18:30:00Z
3226779,Will SK Puntigamer Sturm Graz win on 2026-08-11?,ucl-stu1-fen-2026-08-11,90453.88,1,0.225,0,0.5,2026-08-11T18:30:00Z
3226780,Will SK Puntigamer Sturm Graz vs. Fenerbahçe SK end in a draw?,ucl-stu1-fen-2026-08-11,41877.7,24,0.235,0,0.5,2026-08-11T18:30:00Z
3226780,Will SK Puntigamer Sturm Graz vs. Fenerbahçe SK end in a draw?,ucl-stu1-fen-2026-08-11,41877.7,1,0.235,0,0.5,2026-08-11T18:30:00Z
3226782,Will Fenerbahçe SK win on 2026-08-11?,ucl-stu1-fen-2026-08-11,206272.62,24,0.515,1,0.5,2026-08-11T18:30:00Z
3226782,Will Fenerbahçe SK win on 2026-08-11?,ucl-stu1-fen-2026-08-11,206272.62,1,0.545,1,0.5,2026-08-11T18:30:00Z
3226787,Will Olympique Lyonnais win on 2026-08-11?,ucl-lyo-spp-2026-08-11,196467.15,24,0.685,1,0.0,2026-08-11T19:00:00Z
3226787,Will Olympique Lyonnais win on 2026-08-11?,ucl-lyo-spp-2026-08-11,196467.15,1,0.715,1,0.0,2026-08-11T19:00:00Z
3226789,Will Olympique Lyonnais vs. AC Sparta Praha end in a draw?,ucl-lyo-spp-2026-08-11,20443.89,24,0.185,0,0.0,2026-08-11T19:00:00Z
3226789,Will Olympique Lyonnais vs. AC Sparta Praha end in a draw?,ucl-lyo-spp-2026-08-11,20443.89,1,0.165,0,0.0,2026-08-11T19:00:00Z
3226790,Will AC Sparta Praha win on 2026-08-11?,ucl-lyo-spp-2026-08-11,46035.86,24,0.125,0,0.0,2026-08-11T19:00:00Z
3226790,Will AC Sparta Praha win on 2026-08-11?,ucl-lyo-spp-2026-08-11,46035.86,1,0.115,0,0.0,2026-08-11T19:00:00Z
3227046,Exact Score: Qairat FK 0 - 1 PFK Levski Sofia?,ucl-kai-pls-2026-08-11-exact-score,28980.99,24,0.115,1,0.01,2026-08-11T15:00:00Z
3227046,Exact Score: Qairat FK 0 - 1 PFK Levski Sofia?,ucl-kai-pls-2026-08-11-exact-score,28980.99,1,0.125,1,0.0,2026-08-11T15:00:00Z
3227054,Exact Score: Qairat FK 3 - 0 PFK Levski Sofia?,ucl-kai-pls-2026-08-11-exact-score,11754.68,24,0.027,0,0.01,2026-08-11T15:00:00Z
3227054,Exact Score: Qairat FK 3 - 0 PFK Levski Sofia?,ucl-kai-pls-2026-08-11-exact-score,11754.68,1,0.0215,0,0.0,2026-08-11T15:00:00Z
3227079,Exact Score: Sabah FK 2 - 1 Aarhus GF?,ucl-sf-agf-2026-08-11-exact-score,27456.97,24,0.105,0,0.01,2026-08-11T16:00:00Z
3227079,Exact Score: Sabah FK 2 - 1 Aarhus GF?,ucl-sf-agf-2026-08-11-exact-score,27456.97,1,0.105,0,0.0,2026-08-11T16:00:00Z
3227158,Exact Score: NEC 3 - 0 Olympiakós SFP?,ucl-nec-oly-2026-08-11-exact-score,10983.34,24,0.025,0,0.49,2026-08-11T17:30:00Z
3227158,Exact Score: NEC 3 - 0 Olympiakós SFP?,ucl-nec-oly-2026-08-11-exact-score,10983.34,1,0.025,0,0.5,2026-08-11T17:30:00Z
3227242,Exact Score: SK Puntigamer Sturm Graz 0 - 3 Fenerbahçe SK?,ucl-stu1-fen-2026-08-11-exact-score,17361.51,24,0.056,0,0.5,2026-08-11T18:30:00Z
3227242,Exact Score: SK Puntigamer Sturm Graz 0 - 3 Fenerbahçe SK?,ucl-stu1-fen-2026-08-11-exact-score,17361.51,1,0.053,0,0.5,2026-08-11T18:30:00Z
3227246,Exact Score: SK Puntigamer Sturm Graz 1 - 3 Fenerbahçe SK?,ucl-stu1-fen-2026-08-11-exact-score,13083.8,24,0.065,0,0.5,2026-08-11T18:30:00Z
3227246,Exact Score: SK Puntigamer Sturm Graz 1 - 3 Fenerbahçe SK?,ucl-stu1-fen-2026-08-11-exact-score,13083.8,1,0.065,0,0.5,2026-08-11T18:30:00Z
3227270,Exact Score: Olympique Lyonnais 2 - 1 AC Sparta Praha?,ucl-lyo-spp-2026-08-11-exact-score,38519.38,24,0.105,0,0.0,2026-08-11T19:00:00Z
3227270,Exact Score: Olympique Lyonnais 2 - 1 AC Sparta Praha?,ucl-lyo-spp-2026-08-11-exact-score,38519.38,1,0.095,0,0.0,2026-08-11T19:00:00Z
3227346,Spread: Olympique Lyonnais (-1.5),ucl-lyo-spp-2026-08-11-more-markets,64900.37,24,0.435,1,0.0,2026-08-11T19:00:00Z
3227346,Spread: Olympique Lyonnais (-1.5),ucl-lyo-spp-2026-08-11-more-markets,64900.37,1,0.485,1,0.0,2026-08-11T19:00:00Z
3227347,Spread: AC Sparta Praha (-1.5),ucl-lyo-spp-2026-08-11-more-markets,14300.69,24,0.035,0,0.0,2026-08-11T19:00:00Z
3227347,Spread: AC Sparta Praha (-1.5),ucl-lyo-spp-2026-08-11-more-markets,14300.69,1,0.0365,0,0.0,2026-08-11T19:00:00Z
3227348,Spread: Olympique Lyonnais (-2.5),ucl-lyo-spp-2026-08-11-more-markets,16339.18,24,0.24,1,0.0,2026-08-11T19:00:00Z
3227348,Spread: Olympique Lyonnais (-2.5),ucl-lyo-spp-2026-08-11-more-markets,16339.18,1,0.275,1,0.0,2026-08-11T19:00:00Z
3227349,Spread: AC Sparta Praha (-2.5),ucl-lyo-spp-2026-08-11-more-markets,10064.74,24,0.004,0,0.0,2026-08-11T19:00:00Z
3227349,Spread: AC Sparta Praha (-2.5),ucl-lyo-spp-2026-08-11-more-markets,10064.74,1,0.0105,0,0.0,2026-08-11T19:00:00Z
3227350,Olympique Lyonnais vs. AC Sparta Praha: O/U 0.5,ucl-lyo-spp-2026-08-11-more-markets,22208.42,24,0.955,1,0.0,2026-08-11T19:00:00Z
3227350,Olympique Lyonnais vs. AC Sparta Praha: O/U 0.5,ucl-lyo-spp-2026-08-11-more-markets,22208.42,1,0.9695,1,0.0,2026-08-11T19:00:00Z
3227352,Olympique Lyonnais vs. AC Sparta Praha: O/U 1.5,ucl-lyo-spp-2026-08-11-more-markets,24378.11,24,0.815,1,0.0,2026-08-11T19:00:00Z
3227352,Olympique Lyonnais vs. AC Sparta Praha: O/U 1.5,ucl-lyo-spp-2026-08-11-more-markets,24378.11,1,0.855,1,0.0,2026-08-11T19:00:00Z
3227354,Olympique Lyonnais vs. AC Sparta Praha: O/U 2.5,ucl-lyo-spp-2026-08-11-more-markets,76911.22,24,0.6,1,0.0,2026-08-11T19:00:00Z
3227354,Olympique Lyonnais vs. AC Sparta Praha: O/U 2.5,ucl-lyo-spp-2026-08-11-more-markets,76911.22,1,0.655,1,0.0,2026-08-11T19:00:00Z
3227356,Olympique Lyonnais vs. AC Sparta Praha: O/U 3.5,ucl-lyo-spp-2026-08-11-more-markets,181486.74,24,0.375,0,0.0,2026-08-11T19:00:00Z
3227356,Olympique Lyonnais vs. AC Sparta Praha: O/U 3.5,ucl-lyo-spp-2026-08-11-more-markets,181486.74,1,0.435,0,0.0,2026-08-11T19:00:00Z
3227358,Olympique Lyonnais vs. AC Sparta Praha: O/U 4.5,ucl-lyo-spp-2026-08-11-more-markets,23328.31,24,0.195,0,0.0,2026-08-11T19:00:00Z
3227358,Olympique Lyonnais vs. AC Sparta Praha: O/U 4.5,ucl-lyo-spp-2026-08-11-more-markets,23328.31,1,0.235,0,0.0,2026-08-11T19:00:00Z
3227360,Olympique Lyonnais vs. AC Sparta Praha: O/U 5.5,ucl-lyo-spp-2026-08-11-more-markets,12783.98,24,0.09,0,0.0,2026-08-11T19:00:00Z
3227360,Olympique Lyonnais vs. AC Sparta Praha: O/U 5.5,ucl-lyo-spp-2026-08-11-more-markets,12783.98,1,0.115,0,0.0,2026-08-11T19:00:00Z
3227362,Olympique Lyonnais vs. AC Sparta Praha: Both Teams to Score,ucl-lyo-spp-2026-08-11-more-markets,34948.08,24,0.53,0,0.0,2026-08-11T19:00:00Z
3227362,Olympique Lyonnais vs. AC Sparta Praha: Both Teams to Score,ucl-lyo-spp-2026-08-11-more-markets,34948.08,1,0.545,0,0.0,2026-08-11T19:00:00Z
3227411,Spread: Fenerbahçe SK (-1.5),ucl-stu1-fen-2026-08-11-more-markets,16388.69,24,0.295,0,0.5,2026-08-11T18:30:00Z
3227411,Spread: Fenerbahçe SK (-1.5),ucl-stu1-fen-2026-08-11-more-markets,16388.69,1,0.325,0,0.5,2026-08-11T18:30:00Z
3227417,SK Puntigamer Sturm Graz vs. Fenerbahçe SK: O/U 0.5,ucl-stu1-fen-2026-08-11-more-markets,20949.59,24,0.945,1,0.5,2026-08-11T18:30:00Z
3227417,SK Puntigamer Sturm Graz vs. Fenerbahçe SK: O/U 0.5,ucl-stu1-fen-2026-08-11-more-markets,20949.59,1,0.955,1,0.5,2026-08-11T18:30:00Z
3227419,SK Puntigamer Sturm Graz vs. Fenerbahçe SK: O/U 1.5,ucl-stu1-fen-2026-08-11-more-markets,62478.0,24,0.805,0,0.5,2026-08-11T18:30:00Z
3227419,SK Puntigamer Sturm Graz vs. Fenerbahçe SK: O/U 1.5,ucl-stu1-fen-2026-08-11-more-markets,62478.0,1,0.835,0,0.5,2026-08-11T18:30:00Z
3227421,SK Puntigamer Sturm Graz vs. Fenerbahçe SK: O/U 2.5,ucl-stu1-fen-2026-08-11-more-markets,47836.06,24,0.575,0,0.5,2026-08-11T18:30:00Z
3227421,SK Puntigamer Sturm Graz vs. Fenerbahçe SK: O/U 2.5,ucl-stu1-fen-2026-08-11-more-markets,47836.06,1,0.615,0,0.5,2026-08-11T18:30:00Z
3227423,SK Puntigamer Sturm Graz vs. Fenerbahçe SK: O/U 3.5,ucl-stu1-fen-2026-08-11-more-markets,20333.88,24,0.345,0,0.5,2026-08-11T18:30:00Z
3227423,SK Puntigamer Sturm Graz vs. Fenerbahçe SK: O/U 3.5,ucl-stu1-fen-2026-08-11-more-markets,20333.88,1,0.385,0,0.5,2026-08-11T18:30:00Z
3227425,SK Puntigamer Sturm Graz vs. Fenerbahçe SK: O/U 4.5,ucl-stu1-fen-2026-08-11-more-markets,11871.22,24,0.165,0,0.5,2026-08-11T18:30:00Z
3227425,SK Puntigamer Sturm Graz vs. Fenerbahçe SK: O/U 4.5,ucl-stu1-fen-2026-08-11-more-markets,11871.22,1,0.205,0,0.5,2026-08-11T18:30:00Z
3227429,SK Puntigamer Sturm Graz vs. Fenerbahçe SK: Both Teams to Score,ucl-stu1-fen-2026-08-11-more-markets,36554.39,24,0.575,0,0.5,2026-08-11T18:30:00Z
3227429,SK Puntigamer Sturm Graz vs. Fenerbahçe SK: Both Teams to Score,ucl-stu1-fen-2026-08-11-more-markets,36554.39,1,0.605,0,0.5,2026-08-11T18:30:00Z
3227481,Spread: NK Celje (-1.5),ucl-cel1-aa-2026-08-11-more-markets,25774.1,24,0.425,1,0.25,2026-08-11T18:15:00Z
3227481,Spread: NK Celje (-1.5),ucl-cel1-aa-2026-08-11-more-markets,25774.1,1,0.455,1,0.25,2026-08-11T18:15:00Z
3227489,NK Celje vs. Ararat-Armenia FA: O/U 0.5,ucl-cel1-aa-2026-08-11-more-markets,18282.65,24,0.945,1,0.25,2026-08-11T18:15:00Z
3227489,NK Celje vs. Ararat-Armenia FA: O/U 0.5,ucl-cel1-aa-2026-08-11-more-markets,18282.65,1,0.957,1,0.25,2026-08-11T18:15:00Z
3227491,NK Celje vs. Ararat-Armenia FA: O/U 1.5,ucl-cel1-aa-2026-08-11-more-markets,22850.51,24,0.795,1,0.25,2026-08-11T18:15:00Z
3227491,NK Celje vs. Ararat-Armenia FA: O/U 1.5,ucl-cel1-aa-2026-08-11-more-markets,22850.51,1,0.825,1,0.25,2026-08-11T18:15:00Z
3227492,NK Celje vs. Ararat-Armenia FA: O/U 2.5,ucl-cel1-aa-2026-08-11-more-markets,29523.82,24,0.565,0,0.25,2026-08-11T18:15:00Z
3227492,NK Celje vs. Ararat-Armenia FA: O/U 2.5,ucl-cel1-aa-2026-08-11-more-markets,29523.82,1,0.605,0,0.25,2026-08-11T18:15:00Z
3227493,NK Celje vs. Ararat-Armenia FA: O/U 3.5,ucl-cel1-aa-2026-08-11-more-markets,20310.32,24,0.335,0,0.25,2026-08-11T18:15:00Z
3227493,NK Celje vs. Ararat-Armenia FA: O/U 3.5,ucl-cel1-aa-2026-08-11-more-markets,20310.32,1,0.38,0,0.25,2026-08-11T18:15:00Z
3227496,NK Celje vs. Ararat-Armenia FA: Both Teams to Score,ucl-cel1-aa-2026-08-11-more-markets,26808.42,24,0.495,0,0.25,2026-08-11T18:15:00Z
3227496,NK Celje vs. Ararat-Armenia FA: Both Teams to Score,ucl-cel1-aa-2026-08-11-more-markets,26808.42,1,0.525,0,0.25,2026-08-11T18:15:00Z
3227542,Spread: FK Crvena zvezda (-1.5),ucl-crv-hbs-2026-08-11-more-markets,28079.4,24,0.545,0,0.0,2026-08-11T18:00:00Z
3227542,Spread: FK Crvena zvezda (-1.5),ucl-crv-hbs-2026-08-11-more-markets,28079.4,1,0.575,0,0.0,2026-08-11T18:00:00Z
3227544,Spread: MH Hapoel Be'er Sheva (-1.5),ucl-crv-hbs-2026-08-11-more-markets,12560.87,24,0.0335,1,0.0,2026-08-11T18:00:00Z
3227544,Spread: MH Hapoel Be'er Sheva (-1.5),ucl-crv-hbs-2026-08-11-more-markets,12560.87,1,0.021,1,0.0,2026-08-11T18:00:00Z
3227546,Spread: FK Crvena zvezda (-2.5),ucl-crv-hbs-2026-08-11-more-markets,18830.1,24,0.325,0,0.0,2026-08-11T18:00:00Z
3227546,Spread: FK Crvena zvezda (-2.5),ucl-crv-hbs-2026-08-11-more-markets,18830.1,1,0.345,0,0.0,2026-08-11T18:00:00Z
3227550,FK Crvena zvezda vs. MH Hapoel Be'er Sheva: O/U 0.5,ucl-crv-hbs-2026-08-11-more-markets,20045.42,24,0.9565,1,0.0,2026-08-11T18:00:00Z
3227550,FK Crvena zvezda vs. MH Hapoel Be'er Sheva: O/U 0.5,ucl-crv-hbs-2026-08-11-more-markets,20045.42,1,0.973,1,0.0,2026-08-11T18:00:00Z
3227552,FK Crvena zvezda vs. MH Hapoel Be'er Sheva: O/U 1.5,ucl-crv-hbs-2026-08-11-more-markets,40557.13,24,0.855,1,0.0,2026-08-11T18:00:00Z
3227552,FK Crvena zvezda vs. MH Hapoel Be'er Sheva: O/U 1.5,ucl-crv-hbs-2026-08-11-more-markets,40557.13,1,0.865,1,0.0,2026-08-11T18:00:00Z
3227554,FK Crvena zvezda vs. MH Hapoel Be'er Sheva: O/U 2.5,ucl-crv-hbs-2026-08-11-more-markets,117586.04,24,0.665,0,0.0,2026-08-11T18:00:00Z
3227554,FK Crvena zvezda vs. MH Hapoel Be'er Sheva: O/U 2.5,ucl-crv-hbs-2026-08-11-more-markets,117586.04,1,0.685,0,0.0,2026-08-11T18:00:00Z
3227556,FK Crvena zvezda vs. MH Hapoel Be'er Sheva: O/U 3.5,ucl-crv-hbs-2026-08-11-more-markets,46479.73,24,0.445,0,0.0,2026-08-11T18:00:00Z
3227556,FK Crvena zvezda vs. MH Hapoel Be'er Sheva: O/U 3.5,ucl-crv-hbs-2026-08-11-more-markets,46479.73,1,0.475,0,0.0,2026-08-11T18:00:00Z
3227558,FK Crvena zvezda vs. MH Hapoel Be'er Sheva: O/U 4.5,ucl-crv-hbs-2026-08-11-more-markets,12900.29,24,0.255,0,0.0,2026-08-11T18:00:00Z
3227558,FK Crvena zvezda vs. MH Hapoel Be'er Sheva: O/U 4.5,ucl-crv-hbs-2026-08-11-more-markets,12900.29,1,0.265,0,0.0,2026-08-11T18:00:00Z
3227562,FK Crvena zvezda vs. MH Hapoel Be'er Sheva: Both Teams to Score,ucl-crv-hbs-2026-08-11-more-markets,35940.35,24,0.535,0,0.0,2026-08-11T18:00:00Z
3227562,FK Crvena zvezda vs. MH Hapoel Be'er Sheva: Both Teams to Score,ucl-crv-hbs-2026-08-11-more-markets,35940.35,1,0.495,0,0.0,2026-08-11T18:00:00Z
3227618,NEC vs. Olympiakós SFP: O/U 0.5,ucl-nec-oly-2026-08-11-more-markets,19217.17,24,0.915,1,0.49,2026-08-11T17:30:00Z
3227618,NEC vs. Olympiakós SFP: O/U 0.5,ucl-nec-oly-2026-08-11-more-markets,19217.17,1,0.935,1,0.5,2026-08-11T17:30:00Z
3227620,NEC vs. Olympiakós SFP: O/U 1.5,ucl-nec-oly-2026-08-11-more-markets,25654.42,24,0.725,1,0.49,2026-08-11T17:30:00Z
3227620,NEC vs. Olympiakós SFP: O/U 1.5,ucl-nec-oly-2026-08-11-more-markets,25654.42,1,0.765,1,0.5,2026-08-11T17:30:00Z
3227622,NEC vs. Olympiakós SFP: O/U 2.5,ucl-nec-oly-2026-08-11-more-markets,169285.71,24,0.455,0,0.49,2026-08-11T17:30:00Z
3227622,NEC vs. Olympiakós SFP: O/U 2.5,ucl-nec-oly-2026-08-11-more-markets,169285.71,1,0.525,0,0.5,2026-08-11T17:30:00Z
3227624,NEC vs. Olympiakós SFP: O/U 3.5,ucl-nec-oly-2026-08-11-more-markets,35497.61,24,0.265,0,0.49,2026-08-11T17:30:00Z
3227624,NEC vs. Olympiakós SFP: O/U 3.5,ucl-nec-oly-2026-08-11-more-markets,35497.61,1,0.305,0,0.5,2026-08-11T17:30:00Z
3227630,NEC vs. Olympiakós SFP: Both Teams to Score,ucl-nec-oly-2026-08-11-more-markets,15910.07,24,0.53,1,0.49,2026-08-11T17:30:00Z
3227630,NEC vs. Olympiakós SFP: Both Teams to Score,ucl-nec-oly-2026-08-11-more-markets,15910.07,1,0.585,1,0.5,2026-08-11T17:30:00Z
3227678,Spread: GNK Dinamo Zagreb (-1.5),ucl-kau-din-2026-08-11-more-markets,44232.76,24,0.455,0,0.01,2026-08-11T17:00:00Z
3227678,Spread: GNK Dinamo Zagreb (-1.5),ucl-kau-din-2026-08-11-more-markets,44232.76,1,0.395,0,0.0,2026-08-11T17:00:00Z
3227680,Spread: GNK Dinamo Zagreb (-2.5),ucl-kau-din-2026-08-11-more-markets,18805.16,24,0.25,0,0.01,2026-08-11T17:00:00Z
3227680,Spread: GNK Dinamo Zagreb (-2.5),ucl-kau-din-2026-08-11-more-markets,18805.16,1,0.195,0,0.0,2026-08-11T17:00:00Z
3227684,FK Kauno Žalgiris vs. GNK Dinamo Zagreb: O/U 2.5,ucl-kau-din-2026-08-11-more-markets,53515.86,24,0.605,1,0.01,2026-08-11T17:00:00Z
3227684,FK Kauno Žalgiris vs. GNK Dinamo Zagreb: O/U 2.5,ucl-kau-din-2026-08-11-more-markets,53515.86,1,0.535,1,0.0,2026-08-11T17:00:00Z
3227686,FK Kauno Žalgiris vs. GNK Dinamo Zagreb: O/U 3.5,ucl-kau-din-2026-08-11-more-markets,42498.41,24,0.385,0,0.01,2026-08-11T17:00:00Z
3227686,FK Kauno Žalgiris vs. GNK Dinamo Zagreb: O/U 3.5,ucl-kau-din-2026-08-11-more-markets,42498.41,1,0.315,0,0.0,2026-08-11T17:00:00Z
3227688,FK Kauno Žalgiris vs. GNK Dinamo Zagreb: O/U 4.5,ucl-kau-din-2026-08-11-more-markets,13849.95,24,0.205,0,0.01,2026-08-11T17:00:00Z
3227688,FK Kauno Žalgiris vs. GNK Dinamo Zagreb: O/U 4.5,ucl-kau-din-2026-08-11-more-markets,13849.95,1,0.155,0,0.0,2026-08-11T17:00:00Z
3227692,FK Kauno Žalgiris vs. GNK Dinamo Zagreb: Both Teams to Score,ucl-kau-din-2026-08-11-more-markets,13251.59,24,0.515,1,0.01,2026-08-11T17:00:00Z
3227692,FK Kauno Žalgiris vs. GNK Dinamo Zagreb: Both Teams to Score,ucl-kau-din-2026-08-11-more-markets,13251.59,1,0.495,1,0.0,2026-08-11T17:00:00Z
3227741,Spread: FK Bodø/Glimt (-1.5),ucl-bog-usg-2026-08-11-more-markets,22958.22,24,0.375,0,0.01,2026-08-11T16:00:00Z
3227741,Spread: FK Bodø/Glimt (-1.5),ucl-bog-usg-2026-08-11-more-markets,22958.22,1,0.355,0,0.0,2026-08-11T16:00:00Z
3227743,Spread: RU Saint-Gilloise (-1.5),ucl-bog-usg-2026-08-11-more-markets,14215.0,24,0.08,0,0.01,2026-08-11T16:00:00Z
3227743,Spread: RU Saint-Gilloise (-1.5),ucl-bog-usg-2026-08-11-more-markets,14215.0,1,0.065,0,0.0,2026-08-11T16:00:00Z
3227749,FK Bodø/Glimt vs. RU Saint-Gilloise: O/U 0.5,ucl-bog-usg-2026-08-11-more-markets,35805.29,24,0.9605,1,0.01,2026-08-11T16:00:00Z
3227749,FK Bodø/Glimt vs. RU Saint-Gilloise: O/U 0.5,ucl-bog-usg-2026-08-11-more-markets,35805.29,1,0.9635,1,0.0,2026-08-11T16:00:00Z
3227751,FK Bodø/Glimt vs. RU Saint-Gilloise: O/U 1.5,ucl-bog-usg-2026-08-11-more-markets,61185.92,24,0.845,1,0.01,2026-08-11T16:00:00Z
3227751,FK Bodø/Glimt vs. RU Saint-Gilloise: O/U 1.5,ucl-bog-usg-2026-08-11-more-markets,61185.92,1,0.845,1,0.0,2026-08-11T16:00:00Z
3227753,FK Bodø/Glimt vs. RU Saint-Gilloise: O/U 2.5,ucl-bog-usg-2026-08-11-more-markets,100354.75,24,0.665,1,0.01,2026-08-11T16:00:00Z
3227753,FK Bodø/Glimt vs. RU Saint-Gilloise: O/U 2.5,ucl-bog-usg-2026-08-11-more-markets,100354.75,1,0.615,1,0.0,2026-08-11T16:00:00Z
3227755,FK Bodø/Glimt vs. RU Saint-Gilloise: O/U 3.5,ucl-bog-usg-2026-08-11-more-markets,112392.28,24,0.435,1,0.01,2026-08-11T16:00:00Z
3227755,FK Bodø/Glimt vs. RU Saint-Gilloise: O/U 3.5,ucl-bog-usg-2026-08-11-more-markets,112392.28,1,0.395,1,0.0,2026-08-11T16:00:00Z
3227757,FK Bodø/Glimt vs. RU Saint-Gilloise: O/U 4.5,ucl-bog-usg-2026-08-11-more-markets,18382.53,24,0.245,0,0.01,2026-08-11T16:00:00Z
3227757,FK Bodø/Glimt vs. RU Saint-Gilloise: O/U 4.5,ucl-bog-usg-2026-08-11-more-markets,18382.53,1,0.215,0,0.0,2026-08-11T16:00:00Z
3227761,FK Bodø/Glimt vs. RU Saint-Gilloise: Both Teams to Score,ucl-bog-usg-2026-08-11-more-markets,75153.24,24,0.625,1,0.01,2026-08-11T16:00:00Z
3227761,FK Bodø/Glimt vs. RU Saint-Gilloise: Both Teams to Score,ucl-bog-usg-2026-08-11-more-markets,75153.24,1,0.615,1,0.0,2026-08-11T16:00:00Z
3227808,Spread: Sabah FK (-1.5),ucl-sf-agf-2026-08-11-more-markets,16253.36,24,0.235,1,0.01,2026-08-11T16:00:00Z
3227808,Spread: Sabah FK (-1.5),ucl-sf-agf-2026-08-11-more-markets,16253.36,1,0.265,1,0.0,2026-08-11T16:00:00Z
3227816,Sabah FK vs. Aarhus GF: O/U 0.5,ucl-sf-agf-2026-08-11-more-markets,14446.13,24,0.945,1,0.01,2026-08-11T16:00:00Z
3227816,Sabah FK vs. Aarhus GF: O/U 0.5,ucl-sf-agf-2026-08-11-more-markets,14446.13,1,0.955,1,0.0,2026-08-11T16:00:00Z
3227817,Sabah FK vs. Aarhus GF: O/U 1.5,ucl-sf-agf-2026-08-11-more-markets,25514.89,24,0.775,1,0.01,2026-08-11T16:00:00Z
3227817,Sabah FK vs. Aarhus GF: O/U 1.5,ucl-sf-agf-2026-08-11-more-markets,25514.89,1,0.815,1,0.0,2026-08-11T16:00:00Z
3227818,Sabah FK vs. Aarhus GF: O/U 2.5,ucl-sf-agf-2026-08-11-more-markets,70709.8,24,0.545,1,0.01,2026-08-11T16:00:00Z
3227818,Sabah FK vs. Aarhus GF: O/U 2.5,ucl-sf-agf-2026-08-11-more-markets,70709.8,1,0.595,1,0.0,2026-08-11T16:00:00Z
3227819,Sabah FK vs. Aarhus GF: O/U 3.5,ucl-sf-agf-2026-08-11-more-markets,71157.33,24,0.315,1,0.01,2026-08-11T16:00:00Z
3227819,Sabah FK vs. Aarhus GF: O/U 3.5,ucl-sf-agf-2026-08-11-more-markets,71157.33,1,0.365,1,0.0,2026-08-11T16:00:00Z
3227820,Sabah FK vs. Aarhus GF: O/U 4.5,ucl-sf-agf-2026-08-11-more-markets,16477.41,24,0.145,0,0.01,2026-08-11T16:00:00Z
3227820,Sabah FK vs. Aarhus GF: O/U 4.5,ucl-sf-agf-2026-08-11-more-markets,16477.41,1,0.185,0,0.0,2026-08-11T16:00:00Z
3227823,Sabah FK vs. Aarhus GF: Both Teams to Score,ucl-sf-agf-2026-08-11-more-markets,40820.15,24,0.585,0,0.01,2026-08-11T16:00:00Z
3227823,Sabah FK vs. Aarhus GF: Both Teams to Score,ucl-sf-agf-2026-08-11-more-markets,40820.15,1,0.615,0,0.0,2026-08-11T16:00:00Z
3227872,Spread: Qairat FK (-1.5),ucl-kai-pls-2026-08-11-more-markets,11212.65,24,0.15,0,0.01,2026-08-11T15:00:00Z
3227872,Spread: Qairat FK (-1.5),ucl-kai-pls-2026-08-11-more-markets,11212.65,1,0.125,0,0.0,2026-08-11T15:00:00Z
3227874,Spread: PFK Levski Sofia (-1.5),ucl-kai-pls-2026-08-11-more-markets,14281.37,24,0.13,0,0.01,2026-08-11T15:00:00Z
3227874,Spread: PFK Levski Sofia (-1.5),ucl-kai-pls-2026-08-11-more-markets,14281.37,1,0.135,0,0.0,2026-08-11T15:00:00Z
3227880,Qairat FK vs. PFK Levski Sofia: O/U 0.5,ucl-kai-pls-2026-08-11-more-markets,20083.59,24,0.895,1,0.01,2026-08-11T15:00:00Z
3227880,Qairat FK vs. PFK Levski Sofia: O/U 0.5,ucl-kai-pls-2026-08-11-more-markets,20083.59,1,0.885,1,0.0,2026-08-11T15:00:00Z
3227882,Qairat FK vs. PFK Levski Sofia: O/U 1.5,ucl-kai-pls-2026-08-11-more-markets,126555.94,24,0.655,0,0.01,2026-08-11T15:00:00Z
3227882,Qairat FK vs. PFK Levski Sofia: O/U 1.5,ucl-kai-pls-2026-08-11-more-markets,126555.94,1,0.645,0,0.0,2026-08-11T15:00:00Z
3227883,Qairat FK vs. PFK Levski Sofia: O/U 2.5,ucl-kai-pls-2026-08-11-more-markets,78524.54,24,0.405,0,0.01,2026-08-11T15:00:00Z
3227883,Qairat FK vs. PFK Levski Sofia: O/U 2.5,ucl-kai-pls-2026-08-11-more-markets,78524.54,1,0.375,0,0.0,2026-08-11T15:00:00Z
3227886,Qairat FK vs. PFK Levski Sofia: O/U 3.5,ucl-kai-pls-2026-08-11-more-markets,41737.29,24,0.195,0,0.01,2026-08-11T15:00:00Z
3227886,Qairat FK vs. PFK Levski Sofia: O/U 3.5,ucl-kai-pls-2026-08-11-more-markets,41737.29,1,0.175,0,0.0,2026-08-11T15:00:00Z
3227888,Qairat FK vs. PFK Levski Sofia: O/U 4.5,ucl-kai-pls-2026-08-11-more-markets,15355.87,24,0.075,0,0.01,2026-08-11T15:00:00Z
3227888,Qairat FK vs. PFK Levski Sofia: O/U 4.5,ucl-kai-pls-2026-08-11-more-markets,15355.87,1,0.065,0,0.0,2026-08-11T15:00:00Z
3227891,Qairat FK vs. PFK Levski Sofia: Both Teams to Score,ucl-kai-pls-2026-08-11-more-markets,52902.17,24,0.475,0,0.01,2026-08-11T15:00:00Z
3227891,Qairat FK vs. PFK Levski Sofia: Both Teams to Score,ucl-kai-pls-2026-08-11-more-markets,52902.17,1,0.465,0,0.0,2026-08-11T15:00:00Z
3227898,Qairat FK vs. PFK Levski Sofia: 1st Half O/U 1.5,ucl-kai-pls-2026-08-11-more-markets,17386.3,24,0.27,0,0.01,2026-08-11T15:00:00Z
3227898,Qairat FK vs. PFK Levski Sofia: 1st Half O/U 1.5,ucl-kai-pls-2026-08-11-more-markets,17386.3,1,0.245,0,0.0,2026-08-11T15:00:00Z
3228343,Qairat FK vs. PFK Levski Sofia: Team to Advance,ucl-kai-pls-2026-08-11-more-markets,47588.48,24,0.27,0,0.01,2026-08-11T15:00:00Z
3228343,Qairat FK vs. PFK Levski Sofia: Team to Advance,ucl-kai-pls-2026-08-11-more-markets,47588.48,1,0.27,0,0.0,2026-08-11T15:00:00Z
3228344,FK Crvena zvezda vs. MH Hapoel Be'er Sheva: Team to Advance,ucl-crv-hbs-2026-08-11-more-markets,20653.01,24,0.705,0,0.0,2026-08-11T18:00:00Z
3228344,FK Crvena zvezda vs. MH Hapoel Be'er Sheva: Team to Advance,ucl-crv-hbs-2026-08-11-more-markets,20653.01,1,0.715,0,0.0,2026-08-11T18:00:00Z
3228345,NEC vs. Olympiakós SFP: Team to Advance,ucl-nec-oly-2026-08-11-more-markets,28834.19,24,0.485,1,0.49,2026-08-11T17:30:00Z
3228345,NEC vs. Olympiakós SFP: Team to Advance,ucl-nec-oly-2026-08-11-more-markets,28834.19,1,0.455,1,0.5,2026-08-11T17:30:00Z
3228346,FK Bodø/Glimt vs. RU Saint-Gilloise: Team to Advance,ucl-bog-usg-2026-08-11-more-markets,103586.95,24,0.715,1,0.01,2026-08-11T16:00:00Z
3228346,FK Bodø/Glimt vs. RU Saint-Gilloise: Team to Advance,ucl-bog-usg-2026-08-11-more-markets,103586.95,1,0.745,1,0.0,2026-08-11T16:00:00Z
3228347,FK Kauno Žalgiris vs. GNK Dinamo Zagreb: Team to Advance,ucl-kau-din-2026-08-11-more-markets,70778.02,24,0.0135,0,0.01,2026-08-11T17:00:00Z
3228347,FK Kauno Žalgiris vs. GNK Dinamo Zagreb: Team to Advance,ucl-kau-din-2026-08-11-more-markets,70778.02,1,0.0095,0,0.0,2026-08-11T17:00:00Z
3228348,Olympique Lyonnais vs. AC Sparta Praha: Team to Advance,ucl-lyo-spp-2026-08-11-more-markets,34070.42,24,0.62,1,0.0,2026-08-11T19:00:00Z
3228348,Olympique Lyonnais vs. AC Sparta Praha: Team to Advance,ucl-lyo-spp-2026-08-11-more-markets,34070.42,1,0.645,1,0.0,2026-08-11T19:00:00Z
3228350,SK Puntigamer Sturm Graz vs. Fenerbahçe SK: Team to Advance,ucl-stu1-fen-2026-08-11-more-markets,108136.38,24,0.08,0,0.5,2026-08-11T18:30:00Z
3228350,SK Puntigamer Sturm Graz vs. Fenerbahçe SK: Team to Advance,ucl-stu1-fen-2026-08-11-more-markets,108136.38,1,0.065,0,0.5,2026-08-11T18:30:00Z
3228928,Will Paris Saint-Germain win on 2026-08-12?,usc-psg-av-2026-08-12,5047261.53,24,0.555,1,0.01,2026-08-12T19:00:00Z
3228928,Will Paris Saint-Germain win on 2026-08-12?,usc-psg-av-2026-08-12,5047261.53,1,0.585,1,0.01,2026-08-12T19:00:00Z
3228929,Will Paris Saint-Germain vs. Aston Villa end in a draw?,usc-psg-av-2026-08-12,335519.94,24,0.245,0,0.01,2026-08-12T19:00:00Z
3228929,Will Paris Saint-Germain vs. Aston Villa end in a draw?,usc-psg-av-2026-08-12,335519.94,1,0.245,0,0.01,2026-08-12T19:00:00Z
3228930,Will Aston Villa win on 2026-08-12?,usc-psg-av-2026-08-12,505556.1,24,0.205,0,0.01,2026-08-12T19:00:00Z
3228930,Will Aston Villa win on 2026-08-12?,usc-psg-av-2026-08-12,505556.1,1,0.175,0,0.01,2026-08-12T19:00:00Z
3228947,Exact Score: Paris Saint-Germain 0 - 0 Aston Villa?,usc-psg-av-2026-08-12-exact-score,88386.5,24,0.07,0,0.01,2026-08-12T19:00:00Z
3228947,Exact Score: Paris Saint-Germain 0 - 0 Aston Villa?,usc-psg-av-2026-08-12-exact-score,88386.5,1,0.055,0,0.0,2026-08-12T19:00:00Z
3228950,Exact Score: Paris Saint-Germain 1 - 0 Aston Villa?,usc-psg-av-2026-08-12-exact-score,12661.03,24,0.105,0,0.01,2026-08-12T19:00:00Z
3228950,Exact Score: Paris Saint-Germain 1 - 0 Aston Villa?,usc-psg-av-2026-08-12-exact-score,12661.03,1,0.095,0,0.01,2026-08-12T19:00:00Z
3228953,Exact Score: Paris Saint-Germain 1 - 1 Aston Villa?,usc-psg-av-2026-08-12-exact-score,24434.79,24,0.11,0,0.01,2026-08-12T19:00:00Z
3228953,Exact Score: Paris Saint-Germain 1 - 1 Aston Villa?,usc-psg-av-2026-08-12-exact-score,24434.79,1,0.105,0,0.0,2026-08-12T19:00:00Z
